<?xml version="1.0" encoding="UTF-8"?>
<gpx xmlns="http://www.topografix.com/GPX/1/1" xmlns:gpxtpx="http://www.garmin.com/xmlschemas/TrackPointExtension/v1" xmlns:xsi="http://www.w3.org/2001/XMLSchema-instance" xsi:schemaLocation="http://www.topografix.com/GPX/1/1 http://www.topografix.com/GPX/1/1/gpx.xsd" version="1.1" creator="gpx.py -- https://github.com/tkrajina/gpxpy">
  <trk>
    <name>gpx from keep</name>
    <type>Run</type>
    <trkseg>
      <trkpt lat="31.242322993226345" lon="121.62262322167196">
        <ele>4.943657269701362</ele>
        <time>7638-02-25T22:57:33.399994Z</time>
      </trkpt>
      <trkpt lat="31.24232147452573" lon="121.62262336979286">
        <ele>4.996976688504219</ele>
        <time>1970-01-01T00:00:01Z</time>
        <extensions>
          <gpxtpx:TrackPointExtension>
            <gpxtpx:hr>74</gpxtpx:hr>
          </gpxtpx:TrackPointExtension>
        </extensions>
      </trkpt>
      <trkpt lat="31.24231935879469" lon="121.62262350854371">
        <ele>5.054076702333987</ele>
        <time>1970-01-01T00:00:02Z</time>
        <extensions>
          <gpxtpx:TrackPointExtension>
            <gpxtpx:hr>74</gpxtpx:hr>
          </gpxtpx:TrackPointExtension>
        </extensions>
      </trkpt>
      <trkpt lat="31.242316980793955" lon="121.62262352998125">
        <ele>5.115651430562139</ele>
        <time>1970-01-01T00:00:03Z</time>
        <extensions>
          <gpxtpx:TrackPointExtension>
            <gpxtpx:hr>74</gpxtpx:hr>
          </gpxtpx:TrackPointExtension>
        </extensions>
      </trkpt>
      <trkpt lat="31.24231450083513" lon="121.62262341620678">
        <ele>5.180419262498617</ele>
        <time>1970-01-01T00:00:04Z</time>
        <extensions>
          <gpxtpx:TrackPointExtension>
            <gpxtpx:hr>74</gpxtpx:hr>
          </gpxtpx:TrackPointExtension>
        </extensions>
      </trkpt>
      <trkpt lat="31.242312056144712" lon="121.62262315596617">
        <ele>5.244446543045342</ele>
        <time>1970-01-01T00:00:05Z</time>
        <extensions>
          <gpxtpx:TrackPointExtension>
            <gpxtpx:hr>74</gpxtpx:hr>
          </gpxtpx:TrackPointExtension>
        </extensions>
      </trkpt>
      <trkpt lat="31.242309854200176" lon="121.62262275044549">
        <ele>5.302294553257525</ele>
        <time>1970-01-01T00:00:06Z</time>
        <extensions>
          <gpxtpx:TrackPointExtension>
            <gpxtpx:hr>74</gpxtpx:hr>
          </gpxtpx:TrackPointExtension>
        </extensions>
      </trkpt>
      <trkpt lat="31.24230793989376" lon="121.62262218548528">
        <ele>5.35021233279258</ele>
        <time>1970-01-01T00:00:07Z</time>
        <extensions>
          <gpxtpx:TrackPointExtension>
            <gpxtpx:hr>74</gpxtpx:hr>
          </gpxtpx:TrackPointExtension>
        </extensions>
      </trkpt>
      <trkpt lat="31.24230626785419" lon="121.62262147462404">
        <ele>5.387130529619753</ele>
        <time>1970-01-01T00:00:08Z</time>
        <extensions>
          <gpxtpx:TrackPointExtension>
            <gpxtpx:hr>74</gpxtpx:hr>
          </gpxtpx:TrackPointExtension>
        </extensions>
      </trkpt>
      <trkpt lat="31.24230485329803" lon="121.62262070962252">
        <ele>5.41362354811281</ele>
        <time>1970-01-01T00:00:09Z</time>
        <extensions>
          <gpxtpx:TrackPointExtension>
            <gpxtpx:hr>74</gpxtpx:hr>
          </gpxtpx:TrackPointExtension>
        </extensions>
      </trkpt>
      <trkpt lat="31.242303728882735" lon="121.62261999964264">
        <ele>5.431167428381741</ele>
        <time>1970-01-01T00:00:10Z</time>
        <extensions>
          <gpxtpx:TrackPointExtension>
            <gpxtpx:hr>74</gpxtpx:hr>
          </gpxtpx:TrackPointExtension>
        </extensions>
      </trkpt>
      <trkpt lat="31.242302857744782" lon="121.62261931066725">
        <ele>5.441618007607758</ele>
        <time>1970-01-01T00:00:11Z</time>
        <extensions>
          <gpxtpx:TrackPointExtension>
            <gpxtpx:hr>75</gpxtpx:hr>
          </gpxtpx:TrackPointExtension>
        </extensions>
      </trkpt>
      <trkpt lat="31.242302285338805" lon="121.62261865430824">
        <ele>5.446801993995905</ele>
        <time>1970-01-01T00:00:12Z</time>
        <extensions>
          <gpxtpx:TrackPointExtension>
            <gpxtpx:hr>75</gpxtpx:hr>
          </gpxtpx:TrackPointExtension>
        </extensions>
      </trkpt>
      <trkpt lat="31.242302356594003" lon="121.62261830531452">
        <ele>5.448184449225664</ele>
        <time>1970-01-01T00:00:13Z</time>
        <extensions>
          <gpxtpx:TrackPointExtension>
            <gpxtpx:hr>75</gpxtpx:hr>
          </gpxtpx:TrackPointExtension>
        </extensions>
      </trkpt>
      <trkpt lat="31.24230300067478" lon="121.62261848542576">
        <ele>5.44666797388345</ele>
        <time>1970-01-01T00:00:14Z</time>
        <extensions>
          <gpxtpx:TrackPointExtension>
            <gpxtpx:hr>75</gpxtpx:hr>
          </gpxtpx:TrackPointExtension>
        </extensions>
      </trkpt>
      <trkpt lat="31.242303704026547" lon="121.622619302404">
        <ele>5.4425342520698905</ele>
        <time>1970-01-01T00:00:15Z</time>
        <extensions>
          <gpxtpx:TrackPointExtension>
            <gpxtpx:hr>75</gpxtpx:hr>
          </gpxtpx:TrackPointExtension>
        </extensions>
      </trkpt>
      <trkpt lat="31.242304090919312" lon="121.62262084573773">
        <ele>5.435496856458485</ele>
        <time>1970-01-01T00:00:16Z</time>
        <extensions>
          <gpxtpx:TrackPointExtension>
            <gpxtpx:hr>75</gpxtpx:hr>
          </gpxtpx:TrackPointExtension>
        </extensions>
      </trkpt>
      <trkpt lat="31.242304032739913" lon="121.6226231967841">
        <ele>5.42489523999393</ele>
        <time>1970-01-01T00:00:17Z</time>
        <extensions>
          <gpxtpx:TrackPointExtension>
            <gpxtpx:hr>75</gpxtpx:hr>
          </gpxtpx:TrackPointExtension>
        </extensions>
      </trkpt>
      <trkpt lat="31.24230354283659" lon="121.62262656932488">
        <ele>5.4100381238386035</ele>
        <time>1970-01-01T00:00:18Z</time>
        <extensions>
          <gpxtpx:TrackPointExtension>
            <gpxtpx:hr>75</gpxtpx:hr>
          </gpxtpx:TrackPointExtension>
        </extensions>
      </trkpt>
      <trkpt lat="31.242302805983403" lon="121.62263164016882">
        <ele>5.390568026341498</ele>
        <time>1970-01-01T00:00:19Z</time>
        <extensions>
          <gpxtpx:TrackPointExtension>
            <gpxtpx:hr>75</gpxtpx:hr>
          </gpxtpx:TrackPointExtension>
        </extensions>
      </trkpt>
      <trkpt lat="31.242302128059944" lon="121.62263993634575">
        <ele>5.366756172850728</ele>
        <time>1970-01-01T00:00:20Z</time>
        <extensions>
          <gpxtpx:TrackPointExtension>
            <gpxtpx:hr>75</gpxtpx:hr>
          </gpxtpx:TrackPointExtension>
        </extensions>
      </trkpt>
      <trkpt lat="31.242301752911505" lon="121.62265409516512">
        <ele>5.339728192426264</ele>
        <time>1970-01-01T00:00:21Z</time>
        <extensions>
          <gpxtpx:TrackPointExtension>
            <gpxtpx:hr>75</gpxtpx:hr>
          </gpxtpx:TrackPointExtension>
        </extensions>
      </trkpt>
      <trkpt lat="31.242301925229025" lon="121.62267485700944">
        <ele>5.31143213249743</ele>
        <time>1970-01-01T00:00:22Z</time>
        <extensions>
          <gpxtpx:TrackPointExtension>
            <gpxtpx:hr>75</gpxtpx:hr>
          </gpxtpx:TrackPointExtension>
        </extensions>
      </trkpt>
      <trkpt lat="31.242303214982492" lon="121.62269985366382">
        <ele>5.284268795512617</ele>
        <time>1970-01-01T00:00:23Z</time>
        <extensions>
          <gpxtpx:TrackPointExtension>
            <gpxtpx:hr>75</gpxtpx:hr>
          </gpxtpx:TrackPointExtension>
        </extensions>
      </trkpt>
      <trkpt lat="31.242306304248288" lon="121.62272684808414">
        <ele>5.260658654384315</ele>
        <time>1970-01-01T00:00:24Z</time>
        <extensions>
          <gpxtpx:TrackPointExtension>
            <gpxtpx:hr>75</gpxtpx:hr>
          </gpxtpx:TrackPointExtension>
        </extensions>
      </trkpt>
      <trkpt lat="31.2423110644368" lon="121.62275478908325">
        <ele>5.242696829140186</ele>
        <time>1970-01-01T00:00:25Z</time>
        <extensions>
          <gpxtpx:TrackPointExtension>
            <gpxtpx:hr>75</gpxtpx:hr>
          </gpxtpx:TrackPointExtension>
        </extensions>
      </trkpt>
      <trkpt lat="31.242317017271688" lon="121.62278324535252">
        <ele>5.231833464466035</ele>
        <time>1970-01-01T00:00:26Z</time>
        <extensions>
          <gpxtpx:TrackPointExtension>
            <gpxtpx:hr>75</gpxtpx:hr>
          </gpxtpx:TrackPointExtension>
        </extensions>
      </trkpt>
      <trkpt lat="31.24232066582807" lon="121.62279915498345">
        <ele>5.228586980141699</ele>
        <time>1970-01-01T00:00:26.500000Z</time>
        <extensions>
          <gpxtpx:TrackPointExtension>
            <gpxtpx:hr>75</gpxtpx:hr>
          </gpxtpx:TrackPointExtension>
        </extensions>
      </trkpt>
      <trkpt lat="31.242327380351718" lon="121.62282814321516">
        <ele>5.2274323385208845</ele>
        <time>1970-01-01T00:00:27.500000Z</time>
        <extensions>
          <gpxtpx:TrackPointExtension>
            <gpxtpx:hr>75</gpxtpx:hr>
          </gpxtpx:TrackPointExtension>
        </extensions>
      </trkpt>
      <trkpt lat="31.242333568203524" lon="121.62285749588021">
        <ele>5.2327105747535825</ele>
        <time>1970-01-01T00:00:28.500000Z</time>
        <extensions>
          <gpxtpx:TrackPointExtension>
            <gpxtpx:hr>75</gpxtpx:hr>
          </gpxtpx:TrackPointExtension>
        </extensions>
      </trkpt>
      <trkpt lat="31.242338299992532" lon="121.6228872567497">
        <ele>5.2430911641567945</ele>
        <time>1970-01-01T00:00:29.500000Z</time>
        <extensions>
          <gpxtpx:TrackPointExtension>
            <gpxtpx:hr>98</gpxtpx:hr>
          </gpxtpx:TrackPointExtension>
        </extensions>
      </trkpt>
      <trkpt lat="31.242341186674576" lon="121.62291740891234">
        <ele>5.2569966074079275</ele>
        <time>1970-01-01T00:00:30.500000Z</time>
        <extensions>
          <gpxtpx:TrackPointExtension>
            <gpxtpx:hr>98</gpxtpx:hr>
          </gpxtpx:TrackPointExtension>
        </extensions>
      </trkpt>
      <trkpt lat="31.242342058711284" lon="121.62294796699321">
        <ele>5.272538395598531</ele>
        <time>1970-01-01T00:00:31.500000Z</time>
        <extensions>
          <gpxtpx:TrackPointExtension>
            <gpxtpx:hr>98</gpxtpx:hr>
          </gpxtpx:TrackPointExtension>
        </extensions>
      </trkpt>
      <trkpt lat="31.242340621998856" lon="121.62297861164936">
        <ele>5.287483509629965</ele>
        <time>1970-01-01T00:00:32.500000Z</time>
        <extensions>
          <gpxtpx:TrackPointExtension>
            <gpxtpx:hr>98</gpxtpx:hr>
          </gpxtpx:TrackPointExtension>
        </extensions>
      </trkpt>
      <trkpt lat="31.242336886169582" lon="121.62300868356917">
        <ele>5.299307920970023</ele>
        <time>1970-01-01T00:00:33.500000Z</time>
        <extensions>
          <gpxtpx:TrackPointExtension>
            <gpxtpx:hr>98</gpxtpx:hr>
          </gpxtpx:TrackPointExtension>
        </extensions>
      </trkpt>
      <trkpt lat="31.24233074059037" lon="121.62303748727481">
        <ele>5.3059219075366855</ele>
        <time>1970-01-01T00:00:34.500000Z</time>
        <extensions>
          <gpxtpx:TrackPointExtension>
            <gpxtpx:hr>98</gpxtpx:hr>
          </gpxtpx:TrackPointExtension>
        </extensions>
      </trkpt>
      <trkpt lat="31.24232160032193" lon="121.6230642037167">
        <ele>5.307087566703558</ele>
        <time>1970-01-01T00:00:35.500000Z</time>
        <extensions>
          <gpxtpx:TrackPointExtension>
            <gpxtpx:hr>103</gpxtpx:hr>
          </gpxtpx:TrackPointExtension>
        </extensions>
      </trkpt>
      <trkpt lat="31.24230910854719" lon="121.62308814460656">
        <ele>5.304220071993768</ele>
        <time>1970-01-01T00:00:36.500000Z</time>
        <extensions>
          <gpxtpx:TrackPointExtension>
            <gpxtpx:hr>103</gpxtpx:hr>
          </gpxtpx:TrackPointExtension>
        </extensions>
      </trkpt>
      <trkpt lat="31.24229323601333" lon="121.6231086891171">
        <ele>5.299429512582719</ele>
        <time>1970-01-01T00:00:37.500000Z</time>
        <extensions>
          <gpxtpx:TrackPointExtension>
            <gpxtpx:hr>103</gpxtpx:hr>
          </gpxtpx:TrackPointExtension>
        </extensions>
      </trkpt>
      <trkpt lat="31.242274200368083" lon="121.62312520605228">
        <ele>5.295524423010647</ele>
        <time>1970-01-01T00:00:38.500000Z</time>
        <extensions>
          <gpxtpx:TrackPointExtension>
            <gpxtpx:hr>103</gpxtpx:hr>
          </gpxtpx:TrackPointExtension>
        </extensions>
      </trkpt>
      <trkpt lat="31.242252442520126" lon="121.62313752736337">
        <ele>5.294578158296645</ele>
        <time>1970-01-01T00:00:39.500000Z</time>
        <extensions>
          <gpxtpx:TrackPointExtension>
            <gpxtpx:hr>103</gpxtpx:hr>
          </gpxtpx:TrackPointExtension>
        </extensions>
      </trkpt>
      <trkpt lat="31.24222839463246" lon="121.6231462099225">
        <ele>5.296564187854528</ele>
        <time>1970-01-01T00:00:40.500000Z</time>
        <extensions>
          <gpxtpx:TrackPointExtension>
            <gpxtpx:hr>114</gpxtpx:hr>
          </gpxtpx:TrackPointExtension>
        </extensions>
      </trkpt>
      <trkpt lat="31.242202418040954" lon="121.62315202786999">
        <ele>5.300382263027132</ele>
        <time>1970-01-01T00:00:41.500000Z</time>
        <extensions>
          <gpxtpx:TrackPointExtension>
            <gpxtpx:hr>114</gpxtpx:hr>
          </gpxtpx:TrackPointExtension>
        </extensions>
      </trkpt>
      <trkpt lat="31.242175055890538" lon="121.62315575701783">
        <ele>5.30502078589052</ele>
        <time>1970-01-01T00:00:42.600000Z</time>
        <extensions>
          <gpxtpx:TrackPointExtension>
            <gpxtpx:hr>114</gpxtpx:hr>
          </gpxtpx:TrackPointExtension>
        </extensions>
      </trkpt>
      <trkpt lat="31.242146936683085" lon="121.62315833586862">
        <ele>5.309504981152713</ele>
        <time>1970-01-01T00:00:43.600000Z</time>
        <extensions>
          <gpxtpx:TrackPointExtension>
            <gpxtpx:hr>114</gpxtpx:hr>
          </gpxtpx:TrackPointExtension>
        </extensions>
      </trkpt>
      <trkpt lat="31.24211854007313" lon="121.62316046098562">
        <ele>5.312354897148907</ele>
        <time>1970-01-01T00:00:44.600000Z</time>
        <extensions>
          <gpxtpx:TrackPointExtension>
            <gpxtpx:hr>114</gpxtpx:hr>
          </gpxtpx:TrackPointExtension>
        </extensions>
      </trkpt>
      <trkpt lat="31.24209028175147" lon="121.62316255799608">
        <ele>5.311842414550483</ele>
        <time>1970-01-01T00:00:45.600000Z</time>
        <extensions>
          <gpxtpx:TrackPointExtension>
            <gpxtpx:hr>122</gpxtpx:hr>
          </gpxtpx:TrackPointExtension>
        </extensions>
      </trkpt>
      <trkpt lat="31.242062674519833" lon="121.62316495273049">
        <ele>5.3069719057530165</ele>
        <time>1970-01-01T00:00:46.600000Z</time>
        <extensions>
          <gpxtpx:TrackPointExtension>
            <gpxtpx:hr>122</gpxtpx:hr>
          </gpxtpx:TrackPointExtension>
        </extensions>
      </trkpt>
      <trkpt lat="31.24203612828812" lon="121.62316743368677">
        <ele>5.29902227409184</ele>
        <time>1970-01-01T00:00:47.600000Z</time>
        <extensions>
          <gpxtpx:TrackPointExtension>
            <gpxtpx:hr>122</gpxtpx:hr>
          </gpxtpx:TrackPointExtension>
        </extensions>
      </trkpt>
      <trkpt lat="31.242010696894972" lon="121.62316953877753">
        <ele>5.2918633269146085</ele>
        <time>1970-01-01T00:00:48.600000Z</time>
        <extensions>
          <gpxtpx:TrackPointExtension>
            <gpxtpx:hr>122</gpxtpx:hr>
          </gpxtpx:TrackPointExtension>
        </extensions>
      </trkpt>
      <trkpt lat="31.241985889723505" lon="121.62317105707359">
        <ele>5.289323196746409</ele>
        <time>1970-01-01T00:00:49.600000Z</time>
        <extensions>
          <gpxtpx:TrackPointExtension>
            <gpxtpx:hr>124</gpxtpx:hr>
          </gpxtpx:TrackPointExtension>
        </extensions>
      </trkpt>
      <trkpt lat="31.24196118165517" lon="121.62317188196307">
        <ele>5.292780653573573</ele>
        <time>1970-01-01T00:00:50.600000Z</time>
        <extensions>
          <gpxtpx:TrackPointExtension>
            <gpxtpx:hr>124</gpxtpx:hr>
          </gpxtpx:TrackPointExtension>
        </extensions>
      </trkpt>
      <trkpt lat="31.24193633548557" lon="121.62317171917377">
        <ele>5.301655466668308</ele>
        <time>1970-01-01T00:00:51.600000Z</time>
        <extensions>
          <gpxtpx:TrackPointExtension>
            <gpxtpx:hr>124</gpxtpx:hr>
          </gpxtpx:TrackPointExtension>
        </extensions>
      </trkpt>
      <trkpt lat="31.2419112692965" lon="121.62317028321111">
        <ele>5.31461716722697</ele>
        <time>1970-01-01T00:00:52.600000Z</time>
        <extensions>
          <gpxtpx:TrackPointExtension>
            <gpxtpx:hr>124</gpxtpx:hr>
          </gpxtpx:TrackPointExtension>
        </extensions>
      </trkpt>
      <trkpt lat="31.241886065234752" lon="121.62316763917936">
        <ele>5.329360660165548</ele>
        <time>1970-01-01T00:00:53.600000Z</time>
        <extensions>
          <gpxtpx:TrackPointExtension>
            <gpxtpx:hr>126</gpxtpx:hr>
          </gpxtpx:TrackPointExtension>
        </extensions>
      </trkpt>
      <trkpt lat="31.24186060856116" lon="121.62316394371598">
        <ele>5.343088851310313</ele>
        <time>1970-01-01T00:00:54.600000Z</time>
        <extensions>
          <gpxtpx:TrackPointExtension>
            <gpxtpx:hr>126</gpxtpx:hr>
          </gpxtpx:TrackPointExtension>
        </extensions>
      </trkpt>
      <trkpt lat="31.241834756816356" lon="121.62315944916493">
        <ele>5.353703602217138</ele>
        <time>1970-01-01T00:00:55.600000Z</time>
        <extensions>
          <gpxtpx:TrackPointExtension>
            <gpxtpx:hr>126</gpxtpx:hr>
          </gpxtpx:TrackPointExtension>
        </extensions>
      </trkpt>
      <trkpt lat="31.241808715128624" lon="121.62315492172728">
        <ele>5.360231765545905</ele>
        <time>1970-01-01T00:00:56.600000Z</time>
        <extensions>
          <gpxtpx:TrackPointExtension>
            <gpxtpx:hr>126</gpxtpx:hr>
          </gpxtpx:TrackPointExtension>
        </extensions>
      </trkpt>
      <trkpt lat="31.241782731354878" lon="121.62315122018141">
        <ele>5.363246971741319</ele>
        <time>1970-01-01T00:00:57.600000Z</time>
        <extensions>
          <gpxtpx:TrackPointExtension>
            <gpxtpx:hr>126</gpxtpx:hr>
          </gpxtpx:TrackPointExtension>
        </extensions>
      </trkpt>
      <trkpt lat="31.241756888540554" lon="121.62314890219321">
        <ele>5.364155862480402</ele>
        <time>1970-01-01T00:00:58.600000Z</time>
        <extensions>
          <gpxtpx:TrackPointExtension>
            <gpxtpx:hr>130</gpxtpx:hr>
          </gpxtpx:TrackPointExtension>
        </extensions>
      </trkpt>
      <trkpt lat="31.241731402205332" lon="121.62314825340948">
        <ele>5.364321352913976</ele>
        <time>1970-01-01T00:00:59.600000Z</time>
        <extensions>
          <gpxtpx:TrackPointExtension>
            <gpxtpx:hr>130</gpxtpx:hr>
          </gpxtpx:TrackPointExtension>
        </extensions>
      </trkpt>
      <trkpt lat="31.24170629772868" lon="121.62314903659703">
        <ele>5.365173636935651</ele>
        <time>1970-01-01T00:01:00.600000Z</time>
        <extensions>
          <gpxtpx:TrackPointExtension>
            <gpxtpx:hr>130</gpxtpx:hr>
          </gpxtpx:TrackPointExtension>
        </extensions>
      </trkpt>
      <trkpt lat="31.2416811959405" lon="121.62315082395202">
        <ele>5.367892382666469</ele>
        <time>1970-01-01T00:01:01.600000Z</time>
        <extensions>
          <gpxtpx:TrackPointExtension>
            <gpxtpx:hr>130</gpxtpx:hr>
          </gpxtpx:TrackPointExtension>
        </extensions>
      </trkpt>
      <trkpt lat="31.241656003295077" lon="121.62315320942767">
        <ele>5.373209380544722</ele>
        <time>1970-01-01T00:01:02.600000Z</time>
        <extensions>
          <gpxtpx:TrackPointExtension>
            <gpxtpx:hr>130</gpxtpx:hr>
          </gpxtpx:TrackPointExtension>
        </extensions>
      </trkpt>
      <trkpt lat="31.241630870907475" lon="121.62315576773166">
        <ele>5.381143806502223</ele>
        <time>1970-01-01T00:01:03.600000Z</time>
        <extensions>
          <gpxtpx:TrackPointExtension>
            <gpxtpx:hr>130</gpxtpx:hr>
          </gpxtpx:TrackPointExtension>
        </extensions>
      </trkpt>
      <trkpt lat="31.241605747244133" lon="121.62315813990017">
        <ele>5.390637289732695</ele>
        <time>1970-01-01T00:01:04.600000Z</time>
        <extensions>
          <gpxtpx:TrackPointExtension>
            <gpxtpx:hr>135</gpxtpx:hr>
          </gpxtpx:TrackPointExtension>
        </extensions>
      </trkpt>
      <trkpt lat="31.241580554825912" lon="121.62316018836268">
        <ele>5.399778481572866</ele>
        <time>1970-01-01T00:01:05.600000Z</time>
        <extensions>
          <gpxtpx:TrackPointExtension>
            <gpxtpx:hr>135</gpxtpx:hr>
          </gpxtpx:TrackPointExtension>
        </extensions>
      </trkpt>
      <trkpt lat="31.241555226897994" lon="121.62316181989817">
        <ele>5.406113535165787</ele>
        <time>1970-01-01T00:01:06.600000Z</time>
        <extensions>
          <gpxtpx:TrackPointExtension>
            <gpxtpx:hr>135</gpxtpx:hr>
          </gpxtpx:TrackPointExtension>
        </extensions>
      </trkpt>
      <trkpt lat="31.2415298169125" lon="121.6231625823181">
        <ele>5.407508932985365</ele>
        <time>1970-01-01T00:01:07.600000Z</time>
        <extensions>
          <gpxtpx:TrackPointExtension>
            <gpxtpx:hr>135</gpxtpx:hr>
          </gpxtpx:TrackPointExtension>
        </extensions>
      </trkpt>
      <trkpt lat="31.241504679427738" lon="121.6231621901752">
        <ele>5.403016590513289</ele>
        <time>1970-01-01T00:01:08.600000Z</time>
        <extensions>
          <gpxtpx:TrackPointExtension>
            <gpxtpx:hr>135</gpxtpx:hr>
          </gpxtpx:TrackPointExtension>
        </extensions>
      </trkpt>
      <trkpt lat="31.24148057300481" lon="121.6231605564471">
        <ele>5.392460502684116</ele>
        <time>1970-01-01T00:01:09.600000Z</time>
        <extensions>
          <gpxtpx:TrackPointExtension>
            <gpxtpx:hr>135</gpxtpx:hr>
          </gpxtpx:TrackPointExtension>
        </extensions>
      </trkpt>
      <trkpt lat="31.24145822011681" lon="121.6231565473454">
        <ele>5.376003375276923</ele>
        <time>1970-01-01T00:01:10.600000Z</time>
        <extensions>
          <gpxtpx:TrackPointExtension>
            <gpxtpx:hr>135</gpxtpx:hr>
          </gpxtpx:TrackPointExtension>
        </extensions>
      </trkpt>
      <trkpt lat="31.241438121939677" lon="121.62314826214349">
        <ele>5.354309670627117</ele>
        <time>1970-01-01T00:01:11.600000Z</time>
        <extensions>
          <gpxtpx:TrackPointExtension>
            <gpxtpx:hr>139</gpxtpx:hr>
          </gpxtpx:TrackPointExtension>
        </extensions>
      </trkpt>
      <trkpt lat="31.24142147838586" lon="121.62313442362944">
        <ele>5.32810247503221</ele>
        <time>1970-01-01T00:01:12.600000Z</time>
        <extensions>
          <gpxtpx:TrackPointExtension>
            <gpxtpx:hr>139</gpxtpx:hr>
          </gpxtpx:TrackPointExtension>
        </extensions>
      </trkpt>
      <trkpt lat="31.24140931262317" lon="121.62311561498406">
        <ele>5.2978390753269196</ele>
        <time>1970-01-01T00:01:13.600000Z</time>
        <extensions>
          <gpxtpx:TrackPointExtension>
            <gpxtpx:hr>139</gpxtpx:hr>
          </gpxtpx:TrackPointExtension>
        </extensions>
      </trkpt>
      <trkpt lat="31.24140109700391" lon="121.62309349784576">
        <ele>5.264075470156968</ele>
        <time>1970-01-01T00:01:14.600000Z</time>
        <extensions>
          <gpxtpx:TrackPointExtension>
            <gpxtpx:hr>140</gpxtpx:hr>
          </gpxtpx:TrackPointExtension>
        </extensions>
      </trkpt>
      <trkpt lat="31.24139563905972" lon="121.62306898948327">
        <ele>5.22783087939024</ele>
        <time>1970-01-01T00:01:15.600000Z</time>
        <extensions>
          <gpxtpx:TrackPointExtension>
            <gpxtpx:hr>140</gpxtpx:hr>
          </gpxtpx:TrackPointExtension>
        </extensions>
      </trkpt>
      <trkpt lat="31.241391984584105" lon="121.62304285622253">
        <ele>5.1907008327543736</ele>
        <time>1970-01-01T00:01:16.700000Z</time>
        <extensions>
          <gpxtpx:TrackPointExtension>
            <gpxtpx:hr>140</gpxtpx:hr>
          </gpxtpx:TrackPointExtension>
        </extensions>
      </trkpt>
      <trkpt lat="31.24138968584204" lon="121.62301586375592">
        <ele>5.154372246004641</ele>
        <time>1970-01-01T00:01:17.700000Z</time>
        <extensions>
          <gpxtpx:TrackPointExtension>
            <gpxtpx:hr>142</gpxtpx:hr>
          </gpxtpx:TrackPointExtension>
        </extensions>
      </trkpt>
      <trkpt lat="31.241388369645822" lon="121.62298851929334">
        <ele>5.1202173652127385</ele>
        <time>1970-01-01T00:01:18.700000Z</time>
        <extensions>
          <gpxtpx:TrackPointExtension>
            <gpxtpx:hr>142</gpxtpx:hr>
          </gpxtpx:TrackPointExtension>
        </extensions>
      </trkpt>
      <trkpt lat="31.241387535001735" lon="121.62296125130372">
        <ele>5.089204231277108</ele>
        <time>1970-01-01T00:01:19.700000Z</time>
        <extensions>
          <gpxtpx:TrackPointExtension>
            <gpxtpx:hr>142</gpxtpx:hr>
          </gpxtpx:TrackPointExtension>
        </extensions>
      </trkpt>
      <trkpt lat="31.24138710849486" lon="121.62293413516299">
        <ele>5.061541500501335</ele>
        <time>1970-01-01T00:01:20.700000Z</time>
        <extensions>
          <gpxtpx:TrackPointExtension>
            <gpxtpx:hr>142</gpxtpx:hr>
          </gpxtpx:TrackPointExtension>
        </extensions>
      </trkpt>
      <trkpt lat="31.24138757513096" lon="121.62290680346226">
        <ele>5.03690239507705</ele>
        <time>1970-01-01T00:01:21.700000Z</time>
        <extensions>
          <gpxtpx:TrackPointExtension>
            <gpxtpx:hr>142</gpxtpx:hr>
          </gpxtpx:TrackPointExtension>
        </extensions>
      </trkpt>
      <trkpt lat="31.24138915565494" lon="121.62287884779775">
        <ele>5.015178462490439</ele>
        <time>1970-01-01T00:01:22.700000Z</time>
        <extensions>
          <gpxtpx:TrackPointExtension>
            <gpxtpx:hr>142</gpxtpx:hr>
          </gpxtpx:TrackPointExtension>
        </extensions>
      </trkpt>
      <trkpt lat="31.24139091488387" lon="121.62285023729672">
        <ele>4.996724679134786</ele>
        <time>1970-01-01T00:01:23.700000Z</time>
        <extensions>
          <gpxtpx:TrackPointExtension>
            <gpxtpx:hr>142</gpxtpx:hr>
          </gpxtpx:TrackPointExtension>
        </extensions>
      </trkpt>
      <trkpt lat="31.241392015209446" lon="121.6228212284125">
        <ele>4.981846391223371</ele>
        <time>1970-01-01T00:01:24.700000Z</time>
        <extensions>
          <gpxtpx:TrackPointExtension>
            <gpxtpx:hr>141</gpxtpx:hr>
          </gpxtpx:TrackPointExtension>
        </extensions>
      </trkpt>
      <trkpt lat="31.24139241443953" lon="121.62279214879007">
        <ele>4.970342257991433</ele>
        <time>1970-01-01T00:01:25.700000Z</time>
        <extensions>
          <gpxtpx:TrackPointExtension>
            <gpxtpx:hr>141</gpxtpx:hr>
          </gpxtpx:TrackPointExtension>
        </extensions>
      </trkpt>
      <trkpt lat="31.241392209435002" lon="121.62276320269883">
        <ele>4.961544533260167</ele>
        <time>1970-01-01T00:01:26.700000Z</time>
        <extensions>
          <gpxtpx:TrackPointExtension>
            <gpxtpx:hr>141</gpxtpx:hr>
          </gpxtpx:TrackPointExtension>
        </extensions>
      </trkpt>
      <trkpt lat="31.241391752529463" lon="121.62273443267017">
        <ele>4.954335927963257</ele>
        <time>1970-01-01T00:01:27.700000Z</time>
        <extensions>
          <gpxtpx:TrackPointExtension>
            <gpxtpx:hr>141</gpxtpx:hr>
          </gpxtpx:TrackPointExtension>
        </extensions>
      </trkpt>
      <trkpt lat="31.24139132329509" lon="121.62270576783935">
        <ele>4.9476674580946565</ele>
        <time>1970-01-01T00:01:28.700000Z</time>
        <extensions>
          <gpxtpx:TrackPointExtension>
            <gpxtpx:hr>141</gpxtpx:hr>
          </gpxtpx:TrackPointExtension>
        </extensions>
      </trkpt>
      <trkpt lat="31.24139074969608" lon="121.62267717510223">
        <ele>4.941174106672406</ele>
        <time>1970-01-01T00:01:29.700000Z</time>
        <extensions>
          <gpxtpx:TrackPointExtension>
            <gpxtpx:hr>141</gpxtpx:hr>
          </gpxtpx:TrackPointExtension>
        </extensions>
      </trkpt>
      <trkpt lat="31.24138984566036" lon="121.62264867944754">
        <ele>4.934957856312394</ele>
        <time>1970-01-01T00:01:30.700000Z</time>
        <extensions>
          <gpxtpx:TrackPointExtension>
            <gpxtpx:hr>142</gpxtpx:hr>
          </gpxtpx:TrackPointExtension>
        </extensions>
      </trkpt>
      <trkpt lat="31.241388624896544" lon="121.62262016125891">
        <ele>4.928861932829022</ele>
        <time>1970-01-01T00:01:31.700000Z</time>
        <extensions>
          <gpxtpx:TrackPointExtension>
            <gpxtpx:hr>142</gpxtpx:hr>
          </gpxtpx:TrackPointExtension>
        </extensions>
      </trkpt>
      <trkpt lat="31.241387263284828" lon="121.6225917679542">
        <ele>4.922264867462218</ele>
        <time>1970-01-01T00:01:32.700000Z</time>
        <extensions>
          <gpxtpx:TrackPointExtension>
            <gpxtpx:hr>142</gpxtpx:hr>
          </gpxtpx:TrackPointExtension>
        </extensions>
      </trkpt>
      <trkpt lat="31.241385945676477" lon="121.62256387106588">
        <ele>4.914409679360688</ele>
        <time>1970-01-01T00:01:33.700000Z</time>
        <extensions>
          <gpxtpx:TrackPointExtension>
            <gpxtpx:hr>142</gpxtpx:hr>
          </gpxtpx:TrackPointExtension>
        </extensions>
      </trkpt>
      <trkpt lat="31.241384973612604" lon="121.6225363549875">
        <ele>4.904393242672086</ele>
        <time>1970-01-01T00:01:34.700000Z</time>
        <extensions>
          <gpxtpx:TrackPointExtension>
            <gpxtpx:hr>142</gpxtpx:hr>
          </gpxtpx:TrackPointExtension>
        </extensions>
      </trkpt>
      <trkpt lat="31.241384722514717" lon="121.62250882997391">
        <ele>4.891269291751087</ele>
        <time>1970-01-01T00:01:35.700000Z</time>
        <extensions>
          <gpxtpx:TrackPointExtension>
            <gpxtpx:hr>145</gpxtpx:hr>
          </gpxtpx:TrackPointExtension>
        </extensions>
      </trkpt>
      <trkpt lat="31.241385116023118" lon="121.62248123074954">
        <ele>4.874286918900907</ele>
        <time>1970-01-01T00:01:36.700000Z</time>
        <extensions>
          <gpxtpx:TrackPointExtension>
            <gpxtpx:hr>145</gpxtpx:hr>
          </gpxtpx:TrackPointExtension>
        </extensions>
      </trkpt>
      <trkpt lat="31.24138596107382" lon="121.62245354337566">
        <ele>4.853109823539853</ele>
        <time>1970-01-01T00:01:37.700000Z</time>
        <extensions>
          <gpxtpx:TrackPointExtension>
            <gpxtpx:hr>145</gpxtpx:hr>
          </gpxtpx:TrackPointExtension>
        </extensions>
      </trkpt>
      <trkpt lat="31.241386865114954" lon="121.62242578973441">
        <ele>4.828056912869215</ele>
        <time>1970-01-01T00:01:38.700000Z</time>
        <extensions>
          <gpxtpx:TrackPointExtension>
            <gpxtpx:hr>145</gpxtpx:hr>
          </gpxtpx:TrackPointExtension>
        </extensions>
      </trkpt>
      <trkpt lat="31.241387332109113" lon="121.62239810242599">
        <ele>4.799803378991783</ele>
        <time>1970-01-01T00:01:39.700000Z</time>
        <extensions>
          <gpxtpx:TrackPointExtension>
            <gpxtpx:hr>146</gpxtpx:hr>
          </gpxtpx:TrackPointExtension>
        </extensions>
      </trkpt>
      <trkpt lat="31.241387509520095" lon="121.62237025790023">
        <ele>4.76884604524821</ele>
        <time>1970-01-01T00:01:40.700000Z</time>
        <extensions>
          <gpxtpx:TrackPointExtension>
            <gpxtpx:hr>146</gpxtpx:hr>
          </gpxtpx:TrackPointExtension>
        </extensions>
      </trkpt>
      <trkpt lat="31.241387716177346" lon="121.62234213333363">
        <ele>4.735458979383111</ele>
        <time>1970-01-01T00:01:41.700000Z</time>
        <extensions>
          <gpxtpx:TrackPointExtension>
            <gpxtpx:hr>146</gpxtpx:hr>
          </gpxtpx:TrackPointExtension>
        </extensions>
      </trkpt>
      <trkpt lat="31.241387887649896" lon="121.62231396514771">
        <ele>4.699851348996162</ele>
        <time>1970-01-01T00:01:42.700000Z</time>
        <extensions>
          <gpxtpx:TrackPointExtension>
            <gpxtpx:hr>146</gpxtpx:hr>
          </gpxtpx:TrackPointExtension>
        </extensions>
      </trkpt>
      <trkpt lat="31.2413879803177" lon="121.62228586595803">
        <ele>4.662270491942763</ele>
        <time>1970-01-01T00:01:43.700000Z</time>
        <extensions>
          <gpxtpx:TrackPointExtension>
            <gpxtpx:hr>146</gpxtpx:hr>
          </gpxtpx:TrackPointExtension>
        </extensions>
      </trkpt>
      <trkpt lat="31.24138815325519" lon="121.62225749734688">
        <ele>4.62307128123939</ele>
        <time>1970-01-01T00:01:44.700000Z</time>
        <extensions>
          <gpxtpx:TrackPointExtension>
            <gpxtpx:hr>148</gpxtpx:hr>
          </gpxtpx:TrackPointExtension>
        </extensions>
      </trkpt>
      <trkpt lat="31.241388405323402" lon="121.62222883133879">
        <ele>4.582378139719367</ele>
        <time>1970-01-01T00:01:45.700000Z</time>
        <extensions>
          <gpxtpx:TrackPointExtension>
            <gpxtpx:hr>148</gpxtpx:hr>
          </gpxtpx:TrackPointExtension>
        </extensions>
      </trkpt>
      <trkpt lat="31.24138874879758" lon="121.62220035785735">
        <ele>4.539826376363635</ele>
        <time>1970-01-01T00:01:46.700000Z</time>
        <extensions>
          <gpxtpx:TrackPointExtension>
            <gpxtpx:hr>148</gpxtpx:hr>
          </gpxtpx:TrackPointExtension>
        </extensions>
      </trkpt>
      <trkpt lat="31.241389399885044" lon="121.62217202503346">
        <ele>4.49468539096415</ele>
        <time>1970-01-01T00:01:47.700000Z</time>
        <extensions>
          <gpxtpx:TrackPointExtension>
            <gpxtpx:hr>148</gpxtpx:hr>
          </gpxtpx:TrackPointExtension>
        </extensions>
      </trkpt>
      <trkpt lat="31.2413903175303" lon="121.62214342476189">
        <ele>4.44606296159327</ele>
        <time>1970-01-01T00:01:48.700000Z</time>
        <extensions>
          <gpxtpx:TrackPointExtension>
            <gpxtpx:hr>148</gpxtpx:hr>
          </gpxtpx:TrackPointExtension>
        </extensions>
      </trkpt>
      <trkpt lat="31.24139118581326" lon="121.62211446435943">
        <ele>4.39342955686152</ele>
        <time>1970-01-01T00:01:49.700000Z</time>
        <extensions>
          <gpxtpx:TrackPointExtension>
            <gpxtpx:hr>148</gpxtpx:hr>
          </gpxtpx:TrackPointExtension>
        </extensions>
      </trkpt>
      <trkpt lat="31.241391899721926" lon="121.62208502969739">
        <ele>4.336857126094401</ele>
        <time>1970-01-01T00:01:50.700000Z</time>
        <extensions>
          <gpxtpx:TrackPointExtension>
            <gpxtpx:hr>148</gpxtpx:hr>
          </gpxtpx:TrackPointExtension>
        </extensions>
      </trkpt>
      <trkpt lat="31.241392515537534" lon="121.62205522188806">
        <ele>4.276835588738322</ele>
        <time>1970-01-01T00:01:51.800000Z</time>
        <extensions>
          <gpxtpx:TrackPointExtension>
            <gpxtpx:hr>148</gpxtpx:hr>
          </gpxtpx:TrackPointExtension>
        </extensions>
      </trkpt>
      <trkpt lat="31.24139287969698" lon="121.6220257677251">
        <ele>4.214374501258135</ele>
        <time>1970-01-01T00:01:52.800000Z</time>
        <extensions>
          <gpxtpx:TrackPointExtension>
            <gpxtpx:hr>150</gpxtpx:hr>
          </gpxtpx:TrackPointExtension>
        </extensions>
      </trkpt>
      <trkpt lat="31.2413929729568" lon="121.62199701357643">
        <ele>4.151176641695201</ele>
        <time>1970-01-01T00:01:53.800000Z</time>
        <extensions>
          <gpxtpx:TrackPointExtension>
            <gpxtpx:hr>150</gpxtpx:hr>
          </gpxtpx:TrackPointExtension>
        </extensions>
      </trkpt>
      <trkpt lat="31.24139285643277" lon="121.6219686530358">
        <ele>4.089430502615869</ele>
        <time>1970-01-01T00:01:54.800000Z</time>
        <extensions>
          <gpxtpx:TrackPointExtension>
            <gpxtpx:hr>150</gpxtpx:hr>
          </gpxtpx:TrackPointExtension>
        </extensions>
      </trkpt>
      <trkpt lat="31.24139253927253" lon="121.62194040724087">
        <ele>4.031229824759066</ele>
        <time>1970-01-01T00:01:55.800000Z</time>
        <extensions>
          <gpxtpx:TrackPointExtension>
            <gpxtpx:hr>150</gpxtpx:hr>
          </gpxtpx:TrackPointExtension>
        </extensions>
      </trkpt>
      <trkpt lat="31.241392233889854" lon="121.62191207489492">
        <ele>3.978024948388338</ele>
        <time>1970-01-01T00:01:56.800000Z</time>
        <extensions>
          <gpxtpx:TrackPointExtension>
            <gpxtpx:hr>150</gpxtpx:hr>
          </gpxtpx:TrackPointExtension>
        </extensions>
      </trkpt>
      <trkpt lat="31.241392016909757" lon="121.62188329724961">
        <ele>3.930783581919968</ele>
        <time>1970-01-01T00:01:57.800000Z</time>
        <extensions>
          <gpxtpx:TrackPointExtension>
            <gpxtpx:hr>151</gpxtpx:hr>
          </gpxtpx:TrackPointExtension>
        </extensions>
      </trkpt>
      <trkpt lat="31.24139170439301" lon="121.62185414463924">
        <ele>3.889986490830779</ele>
        <time>1970-01-01T00:01:58.800000Z</time>
        <extensions>
          <gpxtpx:TrackPointExtension>
            <gpxtpx:hr>151</gpxtpx:hr>
          </gpxtpx:TrackPointExtension>
        </extensions>
      </trkpt>
      <trkpt lat="31.241391207532587" lon="121.62182504468875">
        <ele>3.854844007641077</ele>
        <time>1970-01-01T00:01:59.800000Z</time>
        <extensions>
          <gpxtpx:TrackPointExtension>
            <gpxtpx:hr>151</gpxtpx:hr>
          </gpxtpx:TrackPointExtension>
        </extensions>
      </trkpt>
      <trkpt lat="31.241390607914138" lon="121.62179592011795">
        <ele>3.8236839855089784</ele>
        <time>1970-01-01T00:02:00.800000Z</time>
        <extensions>
          <gpxtpx:TrackPointExtension>
            <gpxtpx:hr>151</gpxtpx:hr>
          </gpxtpx:TrackPointExtension>
        </extensions>
      </trkpt>
      <trkpt lat="31.241389725198886" lon="121.62176652977759">
        <ele>3.79502388369292</ele>
        <time>1970-01-01T00:02:01.800000Z</time>
        <extensions>
          <gpxtpx:TrackPointExtension>
            <gpxtpx:hr>151</gpxtpx:hr>
          </gpxtpx:TrackPointExtension>
        </extensions>
      </trkpt>
      <trkpt lat="31.241388395027343" lon="121.62173683323431">
        <ele>3.767862499691546</ele>
        <time>1970-01-01T00:02:02.800000Z</time>
        <extensions>
          <gpxtpx:TrackPointExtension>
            <gpxtpx:hr>152</gpxtpx:hr>
          </gpxtpx:TrackPointExtension>
        </extensions>
      </trkpt>
      <trkpt lat="31.241386704190976" lon="121.62170692947349">
        <ele>3.7415292467921972</ele>
        <time>1970-01-01T00:02:03.800000Z</time>
        <extensions>
          <gpxtpx:TrackPointExtension>
            <gpxtpx:hr>152</gpxtpx:hr>
          </gpxtpx:TrackPointExtension>
        </extensions>
      </trkpt>
      <trkpt lat="31.241384463596972" lon="121.62167717959349">
        <ele>3.7150803077965975</ele>
        <time>1970-01-01T00:02:04.800000Z</time>
        <extensions>
          <gpxtpx:TrackPointExtension>
            <gpxtpx:hr>152</gpxtpx:hr>
          </gpxtpx:TrackPointExtension>
        </extensions>
      </trkpt>
      <trkpt lat="31.24138147822382" lon="121.62164798665074">
        <ele>3.6873861206695437</ele>
        <time>1970-01-01T00:02:05.800000Z</time>
        <extensions>
          <gpxtpx:TrackPointExtension>
            <gpxtpx:hr>152</gpxtpx:hr>
          </gpxtpx:TrackPointExtension>
        </extensions>
      </trkpt>
      <trkpt lat="31.24137803959511" lon="121.62161917641498">
        <ele>3.657858297228813</ele>
        <time>1970-01-01T00:02:06.800000Z</time>
        <extensions>
          <gpxtpx:TrackPointExtension>
            <gpxtpx:hr>152</gpxtpx:hr>
          </gpxtpx:TrackPointExtension>
        </extensions>
      </trkpt>
      <trkpt lat="31.24137447361626" lon="121.62159033248797">
        <ele>3.6266600815579295</ele>
        <time>1970-01-01T00:02:07.800000Z</time>
        <extensions>
          <gpxtpx:TrackPointExtension>
            <gpxtpx:hr>152</gpxtpx:hr>
          </gpxtpx:TrackPointExtension>
        </extensions>
      </trkpt>
      <trkpt lat="31.24137105868872" lon="121.6215615126202">
        <ele>3.5945573775097728</ele>
        <time>1970-01-01T00:02:08.800000Z</time>
        <extensions>
          <gpxtpx:TrackPointExtension>
            <gpxtpx:hr>152</gpxtpx:hr>
          </gpxtpx:TrackPointExtension>
        </extensions>
      </trkpt>
      <trkpt lat="31.241367976587263" lon="121.62153287766903">
        <ele>3.5624256003648043</ele>
        <time>1970-01-01T00:02:09.800000Z</time>
        <extensions>
          <gpxtpx:TrackPointExtension>
            <gpxtpx:hr>152</gpxtpx:hr>
          </gpxtpx:TrackPointExtension>
        </extensions>
      </trkpt>
      <trkpt lat="31.24136503039137" lon="121.62150438232945">
        <ele>3.530925840139389</ele>
        <time>1970-01-01T00:02:10.800000Z</time>
        <extensions>
          <gpxtpx:TrackPointExtension>
            <gpxtpx:hr>152</gpxtpx:hr>
          </gpxtpx:TrackPointExtension>
        </extensions>
      </trkpt>
      <trkpt lat="31.241361762113844" lon="121.62147626687592">
        <ele>3.50074215605855</ele>
        <time>1970-01-01T00:02:11.800000Z</time>
        <extensions>
          <gpxtpx:TrackPointExtension>
            <gpxtpx:hr>152</gpxtpx:hr>
          </gpxtpx:TrackPointExtension>
        </extensions>
      </trkpt>
      <trkpt lat="31.241357703498295" lon="121.62144870405969">
        <ele>3.4728331342339516</ele>
        <time>1970-01-01T00:02:12.800000Z</time>
        <extensions>
          <gpxtpx:TrackPointExtension>
            <gpxtpx:hr>152</gpxtpx:hr>
          </gpxtpx:TrackPointExtension>
        </extensions>
      </trkpt>
      <trkpt lat="31.241352574853398" lon="121.62142164807477">
        <ele>3.4486825270578265</ele>
        <time>1970-01-01T00:02:13.800000Z</time>
        <extensions>
          <gpxtpx:TrackPointExtension>
            <gpxtpx:hr>152</gpxtpx:hr>
          </gpxtpx:TrackPointExtension>
        </extensions>
      </trkpt>
      <trkpt lat="31.241345834497327" lon="121.6213956421635">
        <ele>3.4303615503013134</ele>
        <time>1970-01-01T00:02:14.800000Z</time>
        <extensions>
          <gpxtpx:TrackPointExtension>
            <gpxtpx:hr>154</gpxtpx:hr>
          </gpxtpx:TrackPointExtension>
        </extensions>
      </trkpt>
      <trkpt lat="31.24133680380531" lon="121.62137196752825">
        <ele>3.4199048299342394</ele>
        <time>1970-01-01T00:02:15.800000Z</time>
        <extensions>
          <gpxtpx:TrackPointExtension>
            <gpxtpx:hr>154</gpxtpx:hr>
          </gpxtpx:TrackPointExtension>
        </extensions>
      </trkpt>
      <trkpt lat="31.241325011685188" lon="121.62135183533013">
        <ele>3.4186644246801734</ele>
        <time>1970-01-01T00:02:16.800000Z</time>
        <extensions>
          <gpxtpx:TrackPointExtension>
            <gpxtpx:hr>154</gpxtpx:hr>
          </gpxtpx:TrackPointExtension>
        </extensions>
      </trkpt>
      <trkpt lat="31.241310023762413" lon="121.62133601987698">
        <ele>3.4268009113147855</ele>
        <time>1970-01-01T00:02:17.800000Z</time>
        <extensions>
          <gpxtpx:TrackPointExtension>
            <gpxtpx:hr>154</gpxtpx:hr>
          </gpxtpx:TrackPointExtension>
        </extensions>
      </trkpt>
      <trkpt lat="31.241291728642825" lon="121.62132465499377">
        <ele>3.442973144352436</ele>
        <time>1970-01-01T00:02:18.800000Z</time>
        <extensions>
          <gpxtpx:TrackPointExtension>
            <gpxtpx:hr>154</gpxtpx:hr>
          </gpxtpx:TrackPointExtension>
        </extensions>
      </trkpt>
      <trkpt lat="31.241270438838935" lon="121.621317534595">
        <ele>3.465302225202322</ele>
        <time>1970-01-01T00:02:19.800000Z</time>
        <extensions>
          <gpxtpx:TrackPointExtension>
            <gpxtpx:hr>154</gpxtpx:hr>
          </gpxtpx:TrackPointExtension>
        </extensions>
      </trkpt>
      <trkpt lat="31.241246498743777" lon="121.62131414102903">
        <ele>3.492336998693645</ele>
        <time>1970-01-01T00:02:20.800000Z</time>
        <extensions>
          <gpxtpx:TrackPointExtension>
            <gpxtpx:hr>153</gpxtpx:hr>
          </gpxtpx:TrackPointExtension>
        </extensions>
      </trkpt>
      <trkpt lat="31.24122038893356" lon="121.62131367866635">
        <ele>3.522892533801496</ele>
        <time>1970-01-01T00:02:21.800000Z</time>
        <extensions>
          <gpxtpx:TrackPointExtension>
            <gpxtpx:hr>153</gpxtpx:hr>
          </gpxtpx:TrackPointExtension>
        </extensions>
      </trkpt>
      <trkpt lat="31.241192939451484" lon="121.62131498171308">
        <ele>3.556065340526402</ele>
        <time>1970-01-01T00:02:22.800000Z</time>
        <extensions>
          <gpxtpx:TrackPointExtension>
            <gpxtpx:hr>153</gpxtpx:hr>
          </gpxtpx:TrackPointExtension>
        </extensions>
      </trkpt>
      <trkpt lat="31.241164884562238" lon="121.62131698168436">
        <ele>3.5911901919171214</ele>
        <time>1970-01-01T00:02:23.800000Z</time>
        <extensions>
          <gpxtpx:TrackPointExtension>
            <gpxtpx:hr>153</gpxtpx:hr>
          </gpxtpx:TrackPointExtension>
        </extensions>
      </trkpt>
      <trkpt lat="31.24113668906845" lon="121.62131942358873">
        <ele>3.6275829896330833</ele>
        <time>1970-01-01T00:02:24.800000Z</time>
        <extensions>
          <gpxtpx:TrackPointExtension>
            <gpxtpx:hr>154</gpxtpx:hr>
          </gpxtpx:TrackPointExtension>
        </extensions>
      </trkpt>
      <trkpt lat="31.241108727280633" lon="121.62132211223023">
        <ele>3.6647044057026505</ele>
        <time>1970-01-01T00:02:25.900000Z</time>
        <extensions>
          <gpxtpx:TrackPointExtension>
            <gpxtpx:hr>154</gpxtpx:hr>
          </gpxtpx:TrackPointExtension>
        </extensions>
      </trkpt>
      <trkpt lat="31.2410812663106" lon="121.62132486462374">
        <ele>3.7020135149359703</ele>
        <time>1970-01-01T00:02:26.900000Z</time>
        <extensions>
          <gpxtpx:TrackPointExtension>
            <gpxtpx:hr>154</gpxtpx:hr>
          </gpxtpx:TrackPointExtension>
        </extensions>
      </trkpt>
      <trkpt lat="31.241054298662256" lon="121.62132780565018">
        <ele>3.7386284256353974</ele>
        <time>1970-01-01T00:02:27.900000Z</time>
        <extensions>
          <gpxtpx:TrackPointExtension>
            <gpxtpx:hr>154</gpxtpx:hr>
          </gpxtpx:TrackPointExtension>
        </extensions>
      </trkpt>
      <trkpt lat="31.241027808829436" lon="121.62133106052696">
        <ele>3.773136260919273</ele>
        <time>1970-01-01T00:02:28.900000Z</time>
        <extensions>
          <gpxtpx:TrackPointExtension>
            <gpxtpx:hr>154</gpxtpx:hr>
          </gpxtpx:TrackPointExtension>
        </extensions>
      </trkpt>
      <trkpt lat="31.241001911449768" lon="121.62133456819761">
        <ele>3.803673706948757</ele>
        <time>1970-01-01T00:02:29.900000Z</time>
        <extensions>
          <gpxtpx:TrackPointExtension>
            <gpxtpx:hr>154</gpxtpx:hr>
          </gpxtpx:TrackPointExtension>
        </extensions>
      </trkpt>
      <trkpt lat="31.24097661715418" lon="121.62133823019819">
        <ele>3.8290250543504953</ele>
        <time>1970-01-01T00:02:30.900000Z</time>
        <extensions>
          <gpxtpx:TrackPointExtension>
            <gpxtpx:hr>154</gpxtpx:hr>
          </gpxtpx:TrackPointExtension>
        </extensions>
      </trkpt>
      <trkpt lat="31.24095184233262" lon="121.62134193870828">
        <ele>3.8492446690797806</ele>
        <time>1970-01-01T00:02:31.900000Z</time>
        <extensions>
          <gpxtpx:TrackPointExtension>
            <gpxtpx:hr>154</gpxtpx:hr>
          </gpxtpx:TrackPointExtension>
        </extensions>
      </trkpt>
      <trkpt lat="31.240927795788192" lon="121.62134535557576">
        <ele>3.864842250943184</ele>
        <time>1970-01-01T00:02:32.900000Z</time>
        <extensions>
          <gpxtpx:TrackPointExtension>
            <gpxtpx:hr>153</gpxtpx:hr>
          </gpxtpx:TrackPointExtension>
        </extensions>
      </trkpt>
      <trkpt lat="31.24090472220405" lon="121.62134815173563">
        <ele>3.876386597752571</ele>
        <time>1970-01-01T00:02:33.900000Z</time>
        <extensions>
          <gpxtpx:TrackPointExtension>
            <gpxtpx:hr>153</gpxtpx:hr>
          </gpxtpx:TrackPointExtension>
        </extensions>
      </trkpt>
      <trkpt lat="31.240882759437444" lon="121.62135048193454">
        <ele>3.884699114598334</ele>
        <time>1970-01-01T00:02:34.900000Z</time>
        <extensions>
          <gpxtpx:TrackPointExtension>
            <gpxtpx:hr>153</gpxtpx:hr>
          </gpxtpx:TrackPointExtension>
        </extensions>
      </trkpt>
      <trkpt lat="31.240861256772554" lon="121.62135257306832">
        <ele>3.890533246099949</ele>
        <time>1970-01-01T00:02:35.900000Z</time>
        <extensions>
          <gpxtpx:TrackPointExtension>
            <gpxtpx:hr>153</gpxtpx:hr>
          </gpxtpx:TrackPointExtension>
        </extensions>
      </trkpt>
      <trkpt lat="31.240838953948156" lon="121.62135444176536">
        <ele>3.894531862810254</ele>
        <time>1970-01-01T00:02:36.900000Z</time>
        <extensions>
          <gpxtpx:TrackPointExtension>
            <gpxtpx:hr>153</gpxtpx:hr>
          </gpxtpx:TrackPointExtension>
        </extensions>
      </trkpt>
      <trkpt lat="31.24081517308301" lon="121.62135614872511">
        <ele>3.8971304455772042</ele>
        <time>1970-01-01T00:02:37.900000Z</time>
        <extensions>
          <gpxtpx:TrackPointExtension>
            <gpxtpx:hr>153</gpxtpx:hr>
          </gpxtpx:TrackPointExtension>
        </extensions>
      </trkpt>
      <trkpt lat="31.240790151948723" lon="121.62135776549992">
        <ele>3.8984977239742875</ele>
        <time>1970-01-01T00:02:38.900000Z</time>
        <extensions>
          <gpxtpx:TrackPointExtension>
            <gpxtpx:hr>153</gpxtpx:hr>
          </gpxtpx:TrackPointExtension>
        </extensions>
      </trkpt>
      <trkpt lat="31.24076463986715" lon="121.62135900719012">
        <ele>3.8990750210359693</ele>
        <time>1970-01-01T00:02:39.900000Z</time>
        <extensions>
          <gpxtpx:TrackPointExtension>
            <gpxtpx:hr>153</gpxtpx:hr>
          </gpxtpx:TrackPointExtension>
        </extensions>
      </trkpt>
      <trkpt lat="31.240739010470282" lon="121.62135974486223">
        <ele>3.8990450920537114</ele>
        <time>1970-01-01T00:02:40.900000Z</time>
        <extensions>
          <gpxtpx:TrackPointExtension>
            <gpxtpx:hr>153</gpxtpx:hr>
          </gpxtpx:TrackPointExtension>
        </extensions>
      </trkpt>
      <trkpt lat="31.240713399995077" lon="121.62136062815351">
        <ele>3.8974963957443833</ele>
        <time>1970-01-01T00:02:41.900000Z</time>
        <extensions>
          <gpxtpx:TrackPointExtension>
            <gpxtpx:hr>153</gpxtpx:hr>
          </gpxtpx:TrackPointExtension>
        </extensions>
      </trkpt>
      <trkpt lat="31.240687996701567" lon="121.62136172745763">
        <ele>3.8929607151076198</ele>
        <time>1970-01-01T00:02:42.900000Z</time>
        <extensions>
          <gpxtpx:TrackPointExtension>
            <gpxtpx:hr>153</gpxtpx:hr>
          </gpxtpx:TrackPointExtension>
        </extensions>
      </trkpt>
      <trkpt lat="31.24066306417284" lon="121.62136263871888">
        <ele>3.8847066946327686</ele>
        <time>1970-01-01T00:02:43.900000Z</time>
        <extensions>
          <gpxtpx:TrackPointExtension>
            <gpxtpx:hr>153</gpxtpx:hr>
          </gpxtpx:TrackPointExtension>
        </extensions>
      </trkpt>
      <trkpt lat="31.24063870636408" lon="121.62136352265809">
        <ele>3.8736920952796936</ele>
        <time>1970-01-01T00:02:44.900000Z</time>
        <extensions>
          <gpxtpx:TrackPointExtension>
            <gpxtpx:hr>153</gpxtpx:hr>
          </gpxtpx:TrackPointExtension>
        </extensions>
      </trkpt>
      <trkpt lat="31.24061468216929" lon="121.62136409585331">
        <ele>3.8621459221467376</ele>
        <time>1970-01-01T00:02:45.900000Z</time>
        <extensions>
          <gpxtpx:TrackPointExtension>
            <gpxtpx:hr>153</gpxtpx:hr>
          </gpxtpx:TrackPointExtension>
        </extensions>
      </trkpt>
      <trkpt lat="31.240590686031144" lon="121.62136364780552">
        <ele>3.8521082447841763</ele>
        <time>1970-01-01T00:02:46.900000Z</time>
        <extensions>
          <gpxtpx:TrackPointExtension>
            <gpxtpx:hr>153</gpxtpx:hr>
          </gpxtpx:TrackPointExtension>
        </extensions>
      </trkpt>
      <trkpt lat="31.24056659807431" lon="121.62136162669294">
        <ele>3.845053601078689</ele>
        <time>1970-01-01T00:02:47.900000Z</time>
        <extensions>
          <gpxtpx:TrackPointExtension>
            <gpxtpx:hr>153</gpxtpx:hr>
          </gpxtpx:TrackPointExtension>
        </extensions>
      </trkpt>
      <trkpt lat="31.2405426576033" lon="121.62135713533148">
        <ele>3.842047884128988</ele>
        <time>1970-01-01T00:02:48.900000Z</time>
        <extensions>
          <gpxtpx:TrackPointExtension>
            <gpxtpx:hr>153</gpxtpx:hr>
          </gpxtpx:TrackPointExtension>
        </extensions>
      </trkpt>
      <trkpt lat="31.240519603210274" lon="121.62134877983652">
        <ele>3.8426881348714232</ele>
        <time>1970-01-01T00:02:49.900000Z</time>
        <extensions>
          <gpxtpx:TrackPointExtension>
            <gpxtpx:hr>154</gpxtpx:hr>
          </gpxtpx:TrackPointExtension>
        </extensions>
      </trkpt>
      <trkpt lat="31.240498098055813" lon="121.62133663564359">
        <ele>3.8457177812233567</ele>
        <time>1970-01-01T00:02:50.900000Z</time>
        <extensions>
          <gpxtpx:TrackPointExtension>
            <gpxtpx:hr>154</gpxtpx:hr>
          </gpxtpx:TrackPointExtension>
        </extensions>
      </trkpt>
      <trkpt lat="31.240478271834135" lon="121.62132232145127">
        <ele>3.850720578804612</ele>
        <time>1970-01-01T00:02:51.900000Z</time>
        <extensions>
          <gpxtpx:TrackPointExtension>
            <gpxtpx:hr>154</gpxtpx:hr>
          </gpxtpx:TrackPointExtension>
        </extensions>
      </trkpt>
      <trkpt lat="31.24045987925038" lon="121.62130719923562">
        <ele>3.8578250240534544</ele>
        <time>1970-01-01T00:02:52.900000Z</time>
        <extensions>
          <gpxtpx:TrackPointExtension>
            <gpxtpx:hr>154</gpxtpx:hr>
          </gpxtpx:TrackPointExtension>
        </extensions>
      </trkpt>
      <trkpt lat="31.240442497091625" lon="121.62129199527335">
        <ele>3.8675530599430203</ele>
        <time>1970-01-01T00:02:53.900000Z</time>
        <extensions>
          <gpxtpx:TrackPointExtension>
            <gpxtpx:hr>154</gpxtpx:hr>
          </gpxtpx:TrackPointExtension>
        </extensions>
      </trkpt>
      <trkpt lat="31.240425510813235" lon="121.62127671292718">
        <ele>3.8813393134623766</ele>
        <time>1970-01-01T00:02:54.900000Z</time>
        <extensions>
          <gpxtpx:TrackPointExtension>
            <gpxtpx:hr>154</gpxtpx:hr>
          </gpxtpx:TrackPointExtension>
        </extensions>
      </trkpt>
      <trkpt lat="31.240408334322296" lon="121.62126121774297">
        <ele>3.90061273612082</ele>
        <time>1970-01-01T00:02:55.900000Z</time>
        <extensions>
          <gpxtpx:TrackPointExtension>
            <gpxtpx:hr>154</gpxtpx:hr>
          </gpxtpx:TrackPointExtension>
        </extensions>
      </trkpt>
      <trkpt lat="31.24039052855949" lon="121.62124575203185">
        <ele>3.925430255010724</ele>
        <time>1970-01-01T00:02:56.900000Z</time>
        <extensions>
          <gpxtpx:TrackPointExtension>
            <gpxtpx:hr>154</gpxtpx:hr>
          </gpxtpx:TrackPointExtension>
        </extensions>
      </trkpt>
      <trkpt lat="31.24037181803324" lon="121.62123076007151">
        <ele>3.9540416030213237</ele>
        <time>1970-01-01T00:02:57.900000Z</time>
        <extensions>
          <gpxtpx:TrackPointExtension>
            <gpxtpx:hr>154</gpxtpx:hr>
          </gpxtpx:TrackPointExtension>
        </extensions>
      </trkpt>
      <trkpt lat="31.24035218609599" lon="121.62121735778891">
        <ele>3.9832643596455455</ele>
        <time>1970-01-01T00:02:58.900000Z</time>
        <extensions>
          <gpxtpx:TrackPointExtension>
            <gpxtpx:hr>154</gpxtpx:hr>
          </gpxtpx:TrackPointExtension>
        </extensions>
      </trkpt>
      <trkpt lat="31.240332048261337" lon="121.62120712972435">
        <ele>4.009177594445646</ele>
        <time>1970-01-01T00:02:59.900000Z</time>
        <extensions>
          <gpxtpx:TrackPointExtension>
            <gpxtpx:hr>154</gpxtpx:hr>
          </gpxtpx:TrackPointExtension>
        </extensions>
      </trkpt>
      <trkpt lat="31.240311332097907" lon="121.62120211858056">
        <ele>4.026676885783672</ele>
        <time>1970-01-01T00:03:00.900000Z</time>
        <extensions>
          <gpxtpx:TrackPointExtension>
            <gpxtpx:hr>154</gpxtpx:hr>
          </gpxtpx:TrackPointExtension>
        </extensions>
      </trkpt>
      <trkpt lat="31.24029096981698" lon="121.62120392762398">
        <ele>4.031819774769247</ele>
        <time>1970-01-01T00:03:02Z</time>
        <extensions>
          <gpxtpx:TrackPointExtension>
            <gpxtpx:hr>154</gpxtpx:hr>
          </gpxtpx:TrackPointExtension>
        </extensions>
      </trkpt>
      <trkpt lat="31.2402729287922" lon="121.62121277372688">
        <ele>4.024716537445784</ele>
        <time>1970-01-01T00:03:03Z</time>
        <extensions>
          <gpxtpx:TrackPointExtension>
            <gpxtpx:hr>154</gpxtpx:hr>
          </gpxtpx:TrackPointExtension>
        </extensions>
      </trkpt>
      <trkpt lat="31.240257493288187" lon="121.62122690807203">
        <ele>4.00677293818444</ele>
        <time>1970-01-01T00:03:04Z</time>
        <extensions>
          <gpxtpx:TrackPointExtension>
            <gpxtpx:hr>154</gpxtpx:hr>
          </gpxtpx:TrackPointExtension>
        </extensions>
      </trkpt>
      <trkpt lat="31.240242747019572" lon="121.62124296926062">
        <ele>3.9800672437995672</ele>
        <time>1970-01-01T00:03:05Z</time>
        <extensions>
          <gpxtpx:TrackPointExtension>
            <gpxtpx:hr>154</gpxtpx:hr>
          </gpxtpx:TrackPointExtension>
        </extensions>
      </trkpt>
      <trkpt lat="31.240226064274946" lon="121.62125775942">
        <ele>3.9488227060064673</ele>
        <time>1970-01-01T00:03:06Z</time>
        <extensions>
          <gpxtpx:TrackPointExtension>
            <gpxtpx:hr>154</gpxtpx:hr>
          </gpxtpx:TrackPointExtension>
        </extensions>
      </trkpt>
      <trkpt lat="31.240206861297935" lon="121.62126853770702">
        <ele>3.918203285895288</ele>
        <time>1970-01-01T00:03:07Z</time>
        <extensions>
          <gpxtpx:TrackPointExtension>
            <gpxtpx:hr>154</gpxtpx:hr>
          </gpxtpx:TrackPointExtension>
        </extensions>
      </trkpt>
      <trkpt lat="31.24018525457744" lon="121.62127453494566">
        <ele>3.8927979469299316</ele>
        <time>1970-01-01T00:03:08Z</time>
        <extensions>
          <gpxtpx:TrackPointExtension>
            <gpxtpx:hr>155</gpxtpx:hr>
          </gpxtpx:TrackPointExtension>
        </extensions>
      </trkpt>
      <trkpt lat="31.240162448633424" lon="121.6212773024902">
        <ele>3.8746354188770056</ele>
        <time>1970-01-01T00:03:09Z</time>
        <extensions>
          <gpxtpx:TrackPointExtension>
            <gpxtpx:hr>155</gpxtpx:hr>
          </gpxtpx:TrackPointExtension>
        </extensions>
      </trkpt>
      <trkpt lat="31.24013912699052" lon="121.62127799810942">
        <ele>3.8630635859444737</ele>
        <time>1970-01-01T00:03:10Z</time>
        <extensions>
          <gpxtpx:TrackPointExtension>
            <gpxtpx:hr>155</gpxtpx:hr>
          </gpxtpx:TrackPointExtension>
        </extensions>
      </trkpt>
      <trkpt lat="31.240115196340877" lon="121.62127748526534">
        <ele>3.855719994753599</ele>
        <time>1970-01-01T00:03:11Z</time>
        <extensions>
          <gpxtpx:TrackPointExtension>
            <gpxtpx:hr>155</gpxtpx:hr>
          </gpxtpx:TrackPointExtension>
        </extensions>
      </trkpt>
      <trkpt lat="31.24009048148967" lon="121.62127599982594">
        <ele>3.8496086690574884</ele>
        <time>1970-01-01T00:03:12Z</time>
        <extensions>
          <gpxtpx:TrackPointExtension>
            <gpxtpx:hr>155</gpxtpx:hr>
          </gpxtpx:TrackPointExtension>
        </extensions>
      </trkpt>
      <trkpt lat="31.240065094183194" lon="121.62127354885787">
        <ele>3.8435972975566983</ele>
        <time>1970-01-01T00:03:13Z</time>
        <extensions>
          <gpxtpx:TrackPointExtension>
            <gpxtpx:hr>155</gpxtpx:hr>
          </gpxtpx:TrackPointExtension>
        </extensions>
      </trkpt>
      <trkpt lat="31.24003952127376" lon="121.62127055064961">
        <ele>3.837812777608633</ele>
        <time>1970-01-01T00:03:14Z</time>
        <extensions>
          <gpxtpx:TrackPointExtension>
            <gpxtpx:hr>155</gpxtpx:hr>
          </gpxtpx:TrackPointExtension>
        </extensions>
      </trkpt>
      <trkpt lat="31.24001397921319" lon="121.62126761003954">
        <ele>3.8316403487697244</ele>
        <time>1970-01-01T00:03:15Z</time>
        <extensions>
          <gpxtpx:TrackPointExtension>
            <gpxtpx:hr>156</gpxtpx:hr>
          </gpxtpx:TrackPointExtension>
        </extensions>
      </trkpt>
      <trkpt lat="31.239988523083326" lon="121.6212649068922">
        <ele>3.8245733371004462</ele>
        <time>1970-01-01T00:03:16Z</time>
        <extensions>
          <gpxtpx:TrackPointExtension>
            <gpxtpx:hr>156</gpxtpx:hr>
          </gpxtpx:TrackPointExtension>
        </extensions>
      </trkpt>
      <trkpt lat="31.239963162815066" lon="121.62126252767291">
        <ele>3.817097257822752</ele>
        <time>1970-01-01T00:03:17Z</time>
        <extensions>
          <gpxtpx:TrackPointExtension>
            <gpxtpx:hr>156</gpxtpx:hr>
          </gpxtpx:TrackPointExtension>
        </extensions>
      </trkpt>
      <trkpt lat="31.239937746182324" lon="121.621260716565">
        <ele>3.810805356130004</ele>
        <time>1970-01-01T00:03:18Z</time>
        <extensions>
          <gpxtpx:TrackPointExtension>
            <gpxtpx:hr>156</gpxtpx:hr>
          </gpxtpx:TrackPointExtension>
        </extensions>
      </trkpt>
      <trkpt lat="31.23991219566453" lon="121.62125929957338">
        <ele>3.807820682413876</ele>
        <time>1970-01-01T00:03:19Z</time>
        <extensions>
          <gpxtpx:TrackPointExtension>
            <gpxtpx:hr>156</gpxtpx:hr>
          </gpxtpx:TrackPointExtension>
        </extensions>
      </trkpt>
      <trkpt lat="31.239886594025748" lon="121.62125808205484">
        <ele>3.8097227243706584</ele>
        <time>1970-01-01T00:03:20Z</time>
        <extensions>
          <gpxtpx:TrackPointExtension>
            <gpxtpx:hr>156</gpxtpx:hr>
          </gpxtpx:TrackPointExtension>
        </extensions>
      </trkpt>
      <trkpt lat="31.239860979707686" lon="121.62125707909362">
        <ele>3.8173512117937207</ele>
        <time>1970-01-01T00:03:21Z</time>
        <extensions>
          <gpxtpx:TrackPointExtension>
            <gpxtpx:hr>156</gpxtpx:hr>
          </gpxtpx:TrackPointExtension>
        </extensions>
      </trkpt>
      <trkpt lat="31.23983540274432" lon="121.62125615222351">
        <ele>3.8312183544039726</ele>
        <time>1970-01-01T00:03:22Z</time>
        <extensions>
          <gpxtpx:TrackPointExtension>
            <gpxtpx:hr>156</gpxtpx:hr>
          </gpxtpx:TrackPointExtension>
        </extensions>
      </trkpt>
      <trkpt lat="31.239809927424897" lon="121.62125514641843">
        <ele>3.851600739173591</ele>
        <time>1970-01-01T00:03:23Z</time>
        <extensions>
          <gpxtpx:TrackPointExtension>
            <gpxtpx:hr>156</gpxtpx:hr>
          </gpxtpx:TrackPointExtension>
        </extensions>
      </trkpt>
      <trkpt lat="31.23978446812403" lon="121.62125426443345">
        <ele>3.8782990323379636</ele>
        <time>1970-01-01T00:03:24Z</time>
        <extensions>
          <gpxtpx:TrackPointExtension>
            <gpxtpx:hr>156</gpxtpx:hr>
          </gpxtpx:TrackPointExtension>
        </extensions>
      </trkpt>
      <trkpt lat="31.23975887776628" lon="121.62125355662035">
        <ele>3.9106651451438665</ele>
        <time>1970-01-01T00:03:25Z</time>
        <extensions>
          <gpxtpx:TrackPointExtension>
            <gpxtpx:hr>156</gpxtpx:hr>
          </gpxtpx:TrackPointExtension>
        </extensions>
      </trkpt>
      <trkpt lat="31.239732965722897" lon="121.62125283766709">
        <ele>3.9481597431004047</ele>
        <time>1970-01-01T00:03:26Z</time>
        <extensions>
          <gpxtpx:TrackPointExtension>
            <gpxtpx:hr>157</gpxtpx:hr>
          </gpxtpx:TrackPointExtension>
        </extensions>
      </trkpt>
      <trkpt lat="31.239706658801197" lon="121.62125223363351">
        <ele>3.990535761229694</ele>
        <time>1970-01-01T00:03:27Z</time>
        <extensions>
          <gpxtpx:TrackPointExtension>
            <gpxtpx:hr>157</gpxtpx:hr>
          </gpxtpx:TrackPointExtension>
        </extensions>
      </trkpt>
      <trkpt lat="31.239680029941113" lon="121.62125185078948">
        <ele>4.036442223004997</ele>
        <time>1970-01-01T00:03:28Z</time>
        <extensions>
          <gpxtpx:TrackPointExtension>
            <gpxtpx:hr>157</gpxtpx:hr>
          </gpxtpx:TrackPointExtension>
        </extensions>
      </trkpt>
      <trkpt lat="31.239653344009017" lon="121.62125130127905">
        <ele>4.083298387937248</ele>
        <time>1970-01-01T00:03:29Z</time>
        <extensions>
          <gpxtpx:TrackPointExtension>
            <gpxtpx:hr>157</gpxtpx:hr>
          </gpxtpx:TrackPointExtension>
        </extensions>
      </trkpt>
      <trkpt lat="31.239626810976674" lon="121.62125047790204">
        <ele>4.128581101074815</ele>
        <time>1970-01-01T00:03:30Z</time>
        <extensions>
          <gpxtpx:TrackPointExtension>
            <gpxtpx:hr>157</gpxtpx:hr>
          </gpxtpx:TrackPointExtension>
        </extensions>
      </trkpt>
      <trkpt lat="31.239600267953403" lon="121.62124971663852">
        <ele>4.170438420027494</ele>
        <time>1970-01-01T00:03:31Z</time>
        <extensions>
          <gpxtpx:TrackPointExtension>
            <gpxtpx:hr>157</gpxtpx:hr>
          </gpxtpx:TrackPointExtension>
        </extensions>
      </trkpt>
      <trkpt lat="31.239573548585152" lon="121.62124905556198">
        <ele>4.207943991757929</ele>
        <time>1970-01-01T00:03:32Z</time>
        <extensions>
          <gpxtpx:TrackPointExtension>
            <gpxtpx:hr>157</gpxtpx:hr>
          </gpxtpx:TrackPointExtension>
        </extensions>
      </trkpt>
      <trkpt lat="31.239546623651467" lon="121.62124842554496">
        <ele>4.240189901553094</ele>
        <time>1970-01-01T00:03:33Z</time>
        <extensions>
          <gpxtpx:TrackPointExtension>
            <gpxtpx:hr>157</gpxtpx:hr>
          </gpxtpx:TrackPointExtension>
        </extensions>
      </trkpt>
      <trkpt lat="31.23951958367916" lon="121.62124789926267">
        <ele>4.265807526186109</ele>
        <time>1970-01-01T00:03:34Z</time>
        <extensions>
          <gpxtpx:TrackPointExtension>
            <gpxtpx:hr>157</gpxtpx:hr>
          </gpxtpx:TrackPointExtension>
        </extensions>
      </trkpt>
      <trkpt lat="31.239492518885513" lon="121.62124736941334">
        <ele>4.283489730209112</ele>
        <time>1970-01-01T00:03:35Z</time>
        <extensions>
          <gpxtpx:TrackPointExtension>
            <gpxtpx:hr>157</gpxtpx:hr>
          </gpxtpx:TrackPointExtension>
        </extensions>
      </trkpt>
      <trkpt lat="31.23946552615219" lon="121.62124681066439">
        <ele>4.2924350975081325</ele>
        <time>1970-01-01T00:03:36Z</time>
        <extensions>
          <gpxtpx:TrackPointExtension>
            <gpxtpx:hr>157</gpxtpx:hr>
          </gpxtpx:TrackPointExtension>
        </extensions>
      </trkpt>
      <trkpt lat="31.23943870089475" lon="121.62124639114688">
        <ele>4.29372444935143</ele>
        <time>1970-01-01T00:03:37.100000Z</time>
        <extensions>
          <gpxtpx:TrackPointExtension>
            <gpxtpx:hr>157</gpxtpx:hr>
          </gpxtpx:TrackPointExtension>
        </extensions>
      </trkpt>
      <trkpt lat="31.23941216845363" lon="121.62124584638313">
        <ele>4.291239705868065</ele>
        <time>1970-01-01T00:03:38.100000Z</time>
        <extensions>
          <gpxtpx:TrackPointExtension>
            <gpxtpx:hr>157</gpxtpx:hr>
          </gpxtpx:TrackPointExtension>
        </extensions>
      </trkpt>
      <trkpt lat="31.239386086094846" lon="121.6212449530824">
        <ele>4.2890968304127455</ele>
        <time>1970-01-01T00:03:39.100000Z</time>
        <extensions>
          <gpxtpx:TrackPointExtension>
            <gpxtpx:hr>157</gpxtpx:hr>
          </gpxtpx:TrackPointExtension>
        </extensions>
      </trkpt>
      <trkpt lat="31.239360455071868" lon="121.62124403534366">
        <ele>4.288853051140904</ele>
        <time>1970-01-01T00:03:40.100000Z</time>
        <extensions>
          <gpxtpx:TrackPointExtension>
            <gpxtpx:hr>157</gpxtpx:hr>
          </gpxtpx:TrackPointExtension>
        </extensions>
      </trkpt>
      <trkpt lat="31.23933531406286" lon="121.62124324754089">
        <ele>4.289882468990982</ele>
        <time>1970-01-01T00:03:41.100000Z</time>
        <extensions>
          <gpxtpx:TrackPointExtension>
            <gpxtpx:hr>157</gpxtpx:hr>
          </gpxtpx:TrackPointExtension>
        </extensions>
      </trkpt>
      <trkpt lat="31.239310589934792" lon="121.62124257372953">
        <ele>4.291455198079348</ele>
        <time>1970-01-01T00:03:42.100000Z</time>
        <extensions>
          <gpxtpx:TrackPointExtension>
            <gpxtpx:hr>157</gpxtpx:hr>
          </gpxtpx:TrackPointExtension>
        </extensions>
      </trkpt>
      <trkpt lat="31.239286109428186" lon="121.62124249377241">
        <ele>4.294451010413468</ele>
        <time>1970-01-01T00:03:43.100000Z</time>
        <extensions>
          <gpxtpx:TrackPointExtension>
            <gpxtpx:hr>157</gpxtpx:hr>
          </gpxtpx:TrackPointExtension>
        </extensions>
      </trkpt>
      <trkpt lat="31.23926197229032" lon="121.62124337867422">
        <ele>4.299789798446</ele>
        <time>1970-01-01T00:03:44.100000Z</time>
        <extensions>
          <gpxtpx:TrackPointExtension>
            <gpxtpx:hr>157</gpxtpx:hr>
          </gpxtpx:TrackPointExtension>
        </extensions>
      </trkpt>
      <trkpt lat="31.239238564129845" lon="121.6212453225316">
        <ele>4.30695257615298</ele>
        <time>1970-01-01T00:03:45.100000Z</time>
        <extensions>
          <gpxtpx:TrackPointExtension>
            <gpxtpx:hr>157</gpxtpx:hr>
          </gpxtpx:TrackPointExtension>
        </extensions>
      </trkpt>
      <trkpt lat="31.23921635738396" lon="121.62124900048404">
        <ele>4.314197561703622</ele>
        <time>1970-01-01T00:03:46.100000Z</time>
        <extensions>
          <gpxtpx:TrackPointExtension>
            <gpxtpx:hr>157</gpxtpx:hr>
          </gpxtpx:TrackPointExtension>
        </extensions>
      </trkpt>
      <trkpt lat="31.239195894873493" lon="121.62125534952074">
        <ele>4.318696868605912</ele>
        <time>1970-01-01T00:03:47.100000Z</time>
        <extensions>
          <gpxtpx:TrackPointExtension>
            <gpxtpx:hr>157</gpxtpx:hr>
          </gpxtpx:TrackPointExtension>
        </extensions>
      </trkpt>
      <trkpt lat="31.23917831274748" lon="121.62126566757838">
        <ele>4.317600171081722</ele>
        <time>1970-01-01T00:03:48.100000Z</time>
        <extensions>
          <gpxtpx:TrackPointExtension>
            <gpxtpx:hr>157</gpxtpx:hr>
          </gpxtpx:TrackPointExtension>
        </extensions>
      </trkpt>
      <trkpt lat="31.23916456757577" lon="121.62128008688649">
        <ele>4.308598042465746</ele>
        <time>1970-01-01T00:03:49.100000Z</time>
        <extensions>
          <gpxtpx:TrackPointExtension>
            <gpxtpx:hr>157</gpxtpx:hr>
          </gpxtpx:TrackPointExtension>
        </extensions>
      </trkpt>
      <trkpt lat="31.23915403327623" lon="121.62129686891369">
        <ele>4.290247019380331</ele>
        <time>1970-01-01T00:03:50.100000Z</time>
        <extensions>
          <gpxtpx:TrackPointExtension>
            <gpxtpx:hr>157</gpxtpx:hr>
          </gpxtpx:TrackPointExtension>
        </extensions>
      </trkpt>
      <trkpt lat="31.23914662861635" lon="121.62131496026039">
        <ele>4.262359459884465</ele>
        <time>1970-01-01T00:03:51.100000Z</time>
        <extensions>
          <gpxtpx:TrackPointExtension>
            <gpxtpx:hr>157</gpxtpx:hr>
          </gpxtpx:TrackPointExtension>
        </extensions>
      </trkpt>
      <trkpt lat="31.239141961258348" lon="121.6213332575238">
        <ele>4.225724151358008</ele>
        <time>1970-01-01T00:03:52.100000Z</time>
        <extensions>
          <gpxtpx:TrackPointExtension>
            <gpxtpx:hr>157</gpxtpx:hr>
          </gpxtpx:TrackPointExtension>
        </extensions>
      </trkpt>
      <trkpt lat="31.239138180746256" lon="121.62135037205044">
        <ele>4.181540166027844</ele>
        <time>1970-01-01T00:03:53.100000Z</time>
        <extensions>
          <gpxtpx:TrackPointExtension>
            <gpxtpx:hr>157</gpxtpx:hr>
          </gpxtpx:TrackPointExtension>
        </extensions>
      </trkpt>
      <trkpt lat="31.239134252816932" lon="121.62136548413746">
        <ele>4.1312472419813275</ele>
        <time>1970-01-01T00:03:54.100000Z</time>
        <extensions>
          <gpxtpx:TrackPointExtension>
            <gpxtpx:hr>157</gpxtpx:hr>
          </gpxtpx:TrackPointExtension>
        </extensions>
      </trkpt>
      <trkpt lat="31.239129152348074" lon="121.62137720056492">
        <ele>4.0769116105511785</ele>
        <time>1970-01-01T00:03:55.100000Z</time>
        <extensions>
          <gpxtpx:TrackPointExtension>
            <gpxtpx:hr>157</gpxtpx:hr>
          </gpxtpx:TrackPointExtension>
        </extensions>
      </trkpt>
      <trkpt lat="31.239123409296134" lon="121.621384267743">
        <ele>4.0215996047481894</ele>
        <time>1970-01-01T00:03:56.100000Z</time>
        <extensions>
          <gpxtpx:TrackPointExtension>
            <gpxtpx:hr>156</gpxtpx:hr>
          </gpxtpx:TrackPointExtension>
        </extensions>
      </trkpt>
      <trkpt lat="31.23911687096368" lon="121.62138381675065">
        <ele>3.9688559994101524</ele>
        <time>1970-01-01T00:03:57.100000Z</time>
        <extensions>
          <gpxtpx:TrackPointExtension>
            <gpxtpx:hr>156</gpxtpx:hr>
          </gpxtpx:TrackPointExtension>
        </extensions>
      </trkpt>
      <trkpt lat="31.239108662636813" lon="121.62137516872833">
        <ele>3.921382057480514</ele>
        <time>1970-01-01T00:03:58.100000Z</time>
        <extensions>
          <gpxtpx:TrackPointExtension>
            <gpxtpx:hr>156</gpxtpx:hr>
          </gpxtpx:TrackPointExtension>
        </extensions>
      </trkpt>
      <trkpt lat="31.239099797219385" lon="121.62136124946741">
        <ele>3.8808287382125854</ele>
        <time>1970-01-01T00:03:59.100000Z</time>
        <extensions>
          <gpxtpx:TrackPointExtension>
            <gpxtpx:hr>156</gpxtpx:hr>
          </gpxtpx:TrackPointExtension>
        </extensions>
      </trkpt>
      <trkpt lat="31.239090971593992" lon="121.62134436336615">
        <ele>3.8480845550075173</ele>
        <time>1970-01-01T00:04:00.100000Z</time>
        <extensions>
          <gpxtpx:TrackPointExtension>
            <gpxtpx:hr>156</gpxtpx:hr>
          </gpxtpx:TrackPointExtension>
        </extensions>
      </trkpt>
      <trkpt lat="31.23908269434724" lon="121.6213269203372">
        <ele>3.8232192154973745</ele>
        <time>1970-01-01T00:04:01.100000Z</time>
        <extensions>
          <gpxtpx:TrackPointExtension>
            <gpxtpx:hr>156</gpxtpx:hr>
          </gpxtpx:TrackPointExtension>
        </extensions>
      </trkpt>
      <trkpt lat="31.239075593239406" lon="121.62131129511401">
        <ele>3.8058177130296826</ele>
        <time>1970-01-01T00:04:02.100000Z</time>
        <extensions>
          <gpxtpx:TrackPointExtension>
            <gpxtpx:hr>152</gpxtpx:hr>
          </gpxtpx:TrackPointExtension>
        </extensions>
      </trkpt>
      <trkpt lat="31.239070260719846" lon="121.62129905879515">
        <ele>3.7952578580006957</ele>
        <time>1970-01-01T00:04:03.100000Z</time>
        <extensions>
          <gpxtpx:TrackPointExtension>
            <gpxtpx:hr>152</gpxtpx:hr>
          </gpxtpx:TrackPointExtension>
        </extensions>
      </trkpt>
      <trkpt lat="31.23906682286725" lon="121.6212902215425">
        <ele>3.791024772450328</ele>
        <time>1970-01-01T00:04:04.100000Z</time>
        <extensions>
          <gpxtpx:TrackPointExtension>
            <gpxtpx:hr>152</gpxtpx:hr>
          </gpxtpx:TrackPointExtension>
        </extensions>
      </trkpt>
      <trkpt lat="31.239064943111625" lon="121.62128415800544">
        <ele>3.7925052642822266</ele>
        <time>1970-01-01T00:04:05.100000Z</time>
        <extensions>
          <gpxtpx:TrackPointExtension>
            <gpxtpx:hr>152</gpxtpx:hr>
          </gpxtpx:TrackPointExtension>
        </extensions>
      </trkpt>
      <trkpt lat="31.239064261142087" lon="121.62128036229777">
        <ele>3.798760431818664</ele>
        <time>1970-01-01T00:04:06.100000Z</time>
        <extensions>
          <gpxtpx:TrackPointExtension>
            <gpxtpx:hr>147</gpxtpx:hr>
          </gpxtpx:TrackPointExtension>
        </extensions>
      </trkpt>
      <trkpt lat="31.23906446512243" lon="121.62127836193186">
        <ele>3.809235453605652</ele>
        <time>1970-01-01T00:04:07.100000Z</time>
        <extensions>
          <gpxtpx:TrackPointExtension>
            <gpxtpx:hr>147</gpxtpx:hr>
          </gpxtpx:TrackPointExtension>
        </extensions>
      </trkpt>
      <trkpt lat="31.239065230233322" lon="121.62127757753588">
        <ele>3.823908175341785</ele>
        <time>1970-01-01T00:04:08.100000Z</time>
        <extensions>
          <gpxtpx:TrackPointExtension>
            <gpxtpx:hr>147</gpxtpx:hr>
          </gpxtpx:TrackPointExtension>
        </extensions>
      </trkpt>
      <trkpt lat="31.239066282971574" lon="121.62127749929083">
        <ele>3.8429298531264067</ele>
        <time>1970-01-01T00:04:09.100000Z</time>
        <extensions>
          <gpxtpx:TrackPointExtension>
            <gpxtpx:hr>147</gpxtpx:hr>
          </gpxtpx:TrackPointExtension>
        </extensions>
      </trkpt>
      <trkpt lat="31.239067449561887" lon="121.62127783022314">
        <ele>3.866616655141115</ele>
        <time>1970-01-01T00:04:10.100000Z</time>
        <extensions>
          <gpxtpx:TrackPointExtension>
            <gpxtpx:hr>147</gpxtpx:hr>
          </gpxtpx:TrackPointExtension>
        </extensions>
      </trkpt>
      <trkpt lat="31.239068629542516" lon="121.62127840119457">
        <ele>3.895479988306761</ele>
        <time>1970-01-01T00:04:11.100000Z</time>
        <extensions>
          <gpxtpx:TrackPointExtension>
            <gpxtpx:hr>142</gpxtpx:hr>
          </gpxtpx:TrackPointExtension>
        </extensions>
      </trkpt>
      <trkpt lat="31.239069772995503" lon="121.62127911890916">
        <ele>3.930158019065857</ele>
        <time>1970-01-01T00:04:12.200000Z</time>
        <extensions>
          <gpxtpx:TrackPointExtension>
            <gpxtpx:hr>142</gpxtpx:hr>
          </gpxtpx:TrackPointExtension>
        </extensions>
      </trkpt>
      <trkpt lat="31.23907084496542" lon="121.62127992019572">
        <ele>3.971281004138291</ele>
        <time>1970-01-01T00:04:13.200000Z</time>
        <extensions>
          <gpxtpx:TrackPointExtension>
            <gpxtpx:hr>142</gpxtpx:hr>
          </gpxtpx:TrackPointExtension>
        </extensions>
      </trkpt>
      <trkpt lat="31.239071814930856" lon="121.62128075861993">
        <ele>4.019289978779852</ele>
        <time>1970-01-01T00:04:14.200000Z</time>
        <extensions>
          <gpxtpx:TrackPointExtension>
            <gpxtpx:hr>142</gpxtpx:hr>
          </gpxtpx:TrackPointExtension>
        </extensions>
      </trkpt>
      <trkpt lat="31.239072663895367" lon="121.62128160611985">
        <ele>4.074199477210641</ele>
        <time>1970-01-01T00:04:15.200000Z</time>
        <extensions>
          <gpxtpx:TrackPointExtension>
            <gpxtpx:hr>142</gpxtpx:hr>
          </gpxtpx:TrackPointExtension>
        </extensions>
      </trkpt>
      <trkpt lat="31.239073391423165" lon="121.62128246011781">
        <ele>4.135324038565159</ele>
        <time>1970-01-01T00:04:16.200000Z</time>
        <extensions>
          <gpxtpx:TrackPointExtension>
            <gpxtpx:hr>134</gpxtpx:hr>
          </gpxtpx:TrackPointExtension>
        </extensions>
      </trkpt>
      <trkpt lat="31.239074021400583" lon="121.62128335652132">
        <ele>4.200928797014058</ele>
        <time>1970-01-01T00:04:17.200000Z</time>
        <extensions>
          <gpxtpx:TrackPointExtension>
            <gpxtpx:hr>134</gpxtpx:hr>
          </gpxtpx:TrackPointExtension>
        </extensions>
      </trkpt>
      <trkpt lat="31.23907458406348" lon="121.6212843527324">
        <ele>4.267548498697579</ele>
        <time>1970-01-01T00:04:18.200000Z</time>
        <extensions>
          <gpxtpx:TrackPointExtension>
            <gpxtpx:hr>134</gpxtpx:hr>
          </gpxtpx:TrackPointExtension>
        </extensions>
      </trkpt>
      <trkpt lat="31.239074986814114" lon="121.62128521185905">
        <ele>4.318013522773981</ele>
        <time>1970-01-01T00:04:19Z</time>
        <extensions>
          <gpxtpx:TrackPointExtension>
            <gpxtpx:hr>134</gpxtpx:hr>
          </gpxtpx:TrackPointExtension>
        </extensions>
      </trkpt>
      <trkpt lat="31.239075445391588" lon="121.6212864016773">
        <ele>4.375409816391766</ele>
        <time>1970-01-01T00:04:20Z</time>
        <extensions>
          <gpxtpx:TrackPointExtension>
            <gpxtpx:hr>134</gpxtpx:hr>
          </gpxtpx:TrackPointExtension>
        </extensions>
      </trkpt>
      <trkpt lat="31.23907583024762" lon="121.62128764983441">
        <ele>4.421781545504928</ele>
        <time>1970-01-01T00:04:21Z</time>
        <extensions>
          <gpxtpx:TrackPointExtension>
            <gpxtpx:hr>131</gpxtpx:hr>
          </gpxtpx:TrackPointExtension>
        </extensions>
      </trkpt>
      <trkpt lat="31.239076132488716" lon="121.62128887764293">
        <ele>4.4564189705997705</ele>
        <time>1970-01-01T00:04:22Z</time>
        <extensions>
          <gpxtpx:TrackPointExtension>
            <gpxtpx:hr>131</gpxtpx:hr>
          </gpxtpx:TrackPointExtension>
        </extensions>
      </trkpt>
      <trkpt lat="31.239076352613566" lon="121.6212900390975">
        <ele>4.48028486315161</ele>
        <time>1970-01-01T00:04:23Z</time>
        <extensions>
          <gpxtpx:TrackPointExtension>
            <gpxtpx:hr>131</gpxtpx:hr>
          </gpxtpx:TrackPointExtension>
        </extensions>
      </trkpt>
      <trkpt lat="31.239076491345216" lon="121.62129104132757">
        <ele>4.495176085270941</ele>
        <time>1970-01-01T00:04:24Z</time>
        <extensions>
          <gpxtpx:TrackPointExtension>
            <gpxtpx:hr>131</gpxtpx:hr>
          </gpxtpx:TrackPointExtension>
        </extensions>
      </trkpt>
      <trkpt lat="31.239076554679443" lon="121.62129179717189">
        <ele>4.50318424589932</ele>
        <time>1970-01-01T00:04:25Z</time>
        <extensions>
          <gpxtpx:TrackPointExtension>
            <gpxtpx:hr>130</gpxtpx:hr>
          </gpxtpx:TrackPointExtension>
        </extensions>
      </trkpt>
      <trkpt lat="31.239076543667537" lon="121.62129231075066">
        <ele>4.506355864927173</ele>
        <time>1970-01-01T00:04:26Z</time>
        <extensions>
          <gpxtpx:TrackPointExtension>
            <gpxtpx:hr>130</gpxtpx:hr>
          </gpxtpx:TrackPointExtension>
        </extensions>
      </trkpt>
      <trkpt lat="31.23907649234153" lon="121.62129260774502">
        <ele>4.506484564393759</ele>
        <time>1970-01-01T00:04:27Z</time>
        <extensions>
          <gpxtpx:TrackPointExtension>
            <gpxtpx:hr>130</gpxtpx:hr>
          </gpxtpx:TrackPointExtension>
        </extensions>
      </trkpt>
      <trkpt lat="31.23907642825225" lon="121.6212926759918">
        <ele>4.505005046725273</ele>
        <time>1970-01-01T00:04:28Z</time>
        <extensions>
          <gpxtpx:TrackPointExtension>
            <gpxtpx:hr>130</gpxtpx:hr>
          </gpxtpx:TrackPointExtension>
        </extensions>
      </trkpt>
      <trkpt lat="31.23907635211385" lon="121.62129260662111">
        <ele>4.502965521067381</ele>
        <time>1970-01-01T00:04:29Z</time>
        <extensions>
          <gpxtpx:TrackPointExtension>
            <gpxtpx:hr>130</gpxtpx:hr>
          </gpxtpx:TrackPointExtension>
        </extensions>
      </trkpt>
      <trkpt lat="31.239076262361564" lon="121.62129249285812">
        <ele>4.501045138575137</ele>
        <time>1970-01-01T00:04:30Z</time>
        <extensions>
          <gpxtpx:TrackPointExtension>
            <gpxtpx:hr>130</gpxtpx:hr>
          </gpxtpx:TrackPointExtension>
        </extensions>
      </trkpt>
      <trkpt lat="31.239076139927796" lon="121.62129232141207">
        <ele>4.4996173065155745</ele>
        <time>1970-01-01T00:04:31Z</time>
        <extensions>
          <gpxtpx:TrackPointExtension>
            <gpxtpx:hr>125</gpxtpx:hr>
          </gpxtpx:TrackPointExtension>
        </extensions>
      </trkpt>
      <trkpt lat="31.239075996200818" lon="121.62129210749892">
        <ele>4.498855364508927</ele>
        <time>1970-01-01T00:04:32Z</time>
        <extensions>
          <gpxtpx:TrackPointExtension>
            <gpxtpx:hr>125</gpxtpx:hr>
          </gpxtpx:TrackPointExtension>
        </extensions>
      </trkpt>
      <trkpt lat="31.239075843527857" lon="121.62129186743398">
        <ele>4.4988300986588</ele>
        <time>1970-01-01T00:04:33Z</time>
        <extensions>
          <gpxtpx:TrackPointExtension>
            <gpxtpx:hr>125</gpxtpx:hr>
          </gpxtpx:TrackPointExtension>
        </extensions>
      </trkpt>
      <trkpt lat="31.23907571648363" lon="121.62129163650886">
        <ele>4.499567061662674</ele>
        <time>1970-01-01T00:04:34Z</time>
        <extensions>
          <gpxtpx:TrackPointExtension>
            <gpxtpx:hr>125</gpxtpx:hr>
          </gpxtpx:TrackPointExtension>
        </extensions>
      </trkpt>
      <trkpt lat="31.23907564967905" lon="121.62129144825393">
        <ele>4.5010739751160145</ele>
        <time>1970-01-01T00:04:35Z</time>
        <extensions>
          <gpxtpx:TrackPointExtension>
            <gpxtpx:hr>125</gpxtpx:hr>
          </gpxtpx:TrackPointExtension>
        </extensions>
      </trkpt>
      <trkpt lat="31.23907563420045" lon="121.62129128403774">
        <ele>4.503355424851179</ele>
        <time>1970-01-01T00:04:36Z</time>
        <extensions>
          <gpxtpx:TrackPointExtension>
            <gpxtpx:hr>125</gpxtpx:hr>
          </gpxtpx:TrackPointExtension>
        </extensions>
      </trkpt>
      <trkpt lat="31.239075666552694" lon="121.62129112874035">
        <ele>4.506420156918466</ele>
        <time>1970-01-01T00:04:37Z</time>
        <extensions>
          <gpxtpx:TrackPointExtension>
            <gpxtpx:hr>125</gpxtpx:hr>
          </gpxtpx:TrackPointExtension>
        </extensions>
      </trkpt>
      <trkpt lat="31.23907574877289" lon="121.62129096623482">
        <ele>4.510279376059771</ele>
        <time>1970-01-01T00:04:38Z</time>
        <extensions>
          <gpxtpx:TrackPointExtension>
            <gpxtpx:hr>125</gpxtpx:hr>
          </gpxtpx:TrackPointExtension>
        </extensions>
      </trkpt>
      <trkpt lat="31.23907588786473" lon="121.62129077960287">
        <ele>4.514936987310648</ele>
        <time>1970-01-01T00:04:39Z</time>
        <extensions>
          <gpxtpx:TrackPointExtension>
            <gpxtpx:hr>117</gpxtpx:hr>
          </gpxtpx:TrackPointExtension>
        </extensions>
      </trkpt>
      <trkpt lat="31.239076051196555" lon="121.62129056300718">
        <ele>4.520371178165078</ele>
        <time>1970-01-01T00:04:40Z</time>
        <extensions>
          <gpxtpx:TrackPointExtension>
            <gpxtpx:hr>117</gpxtpx:hr>
          </gpxtpx:TrackPointExtension>
        </extensions>
      </trkpt>
      <trkpt lat="31.23907620637669" lon="121.62129031151271">
        <ele>4.526519427075982</ele>
        <time>1970-01-01T00:04:41Z</time>
        <extensions>
          <gpxtpx:TrackPointExtension>
            <gpxtpx:hr>117</gpxtpx:hr>
          </gpxtpx:TrackPointExtension>
        </extensions>
      </trkpt>
      <trkpt lat="31.239076362704225" lon="121.62129001013912">
        <ele>4.53327897656709</ele>
        <time>1970-01-01T00:04:42Z</time>
        <extensions>
          <gpxtpx:TrackPointExtension>
            <gpxtpx:hr>117</gpxtpx:hr>
          </gpxtpx:TrackPointExtension>
        </extensions>
      </trkpt>
      <trkpt lat="31.239076530319625" lon="121.62128963996163">
        <ele>4.540511908009648</ele>
        <time>1970-01-01T00:04:43Z</time>
        <extensions>
          <gpxtpx:TrackPointExtension>
            <gpxtpx:hr>117</gpxtpx:hr>
          </gpxtpx:TrackPointExtension>
        </extensions>
      </trkpt>
      <trkpt lat="31.239076696138717" lon="121.62128922534126">
        <ele>4.548052819445729</ele>
        <time>1970-01-01T00:04:44Z</time>
        <extensions>
          <gpxtpx:TrackPointExtension>
            <gpxtpx:hr>114</gpxtpx:hr>
          </gpxtpx:TrackPointExtension>
        </extensions>
      </trkpt>
      <trkpt lat="31.23907684567326" lon="121.6212887940852">
        <ele>4.555721264332533</ele>
        <time>1970-01-01T00:04:45Z</time>
        <extensions>
          <gpxtpx:TrackPointExtension>
            <gpxtpx:hr>114</gpxtpx:hr>
          </gpxtpx:TrackPointExtension>
        </extensions>
      </trkpt>
      <trkpt lat="31.239076986751208" lon="121.62128833205463">
        <ele>4.5633201422169805</ele>
        <time>1970-01-01T00:04:46Z</time>
        <extensions>
          <gpxtpx:TrackPointExtension>
            <gpxtpx:hr>114</gpxtpx:hr>
          </gpxtpx:TrackPointExtension>
        </extensions>
      </trkpt>
      <trkpt lat="31.23907712593264" lon="121.62128782772476">
        <ele>4.570606904104352</ele>
        <time>1970-01-01T00:04:47Z</time>
        <extensions>
          <gpxtpx:TrackPointExtension>
            <gpxtpx:hr>114</gpxtpx:hr>
          </gpxtpx:TrackPointExtension>
        </extensions>
      </trkpt>
      <trkpt lat="31.23907726847931" lon="121.62128727282091">
        <ele>4.577260976657271</ele>
        <time>1970-01-01T00:04:48Z</time>
        <extensions>
          <gpxtpx:TrackPointExtension>
            <gpxtpx:hr>114</gpxtpx:hr>
          </gpxtpx:TrackPointExtension>
        </extensions>
      </trkpt>
      <trkpt lat="31.239077418658358" lon="121.62128666213353">
        <ele>4.582884538918734</ele>
        <time>1970-01-01T00:04:49Z</time>
        <extensions>
          <gpxtpx:TrackPointExtension>
            <gpxtpx:hr>107</gpxtpx:hr>
          </gpxtpx:TrackPointExtension>
        </extensions>
      </trkpt>
      <trkpt lat="31.239077579299842" lon="121.62128599610716">
        <ele>4.587047518230975</ele>
        <time>1970-01-01T00:04:50Z</time>
        <extensions>
          <gpxtpx:TrackPointExtension>
            <gpxtpx:hr>107</gpxtpx:hr>
          </gpxtpx:TrackPointExtension>
        </extensions>
      </trkpt>
      <trkpt lat="31.23907775293948" lon="121.62128527696589">
        <ele>4.589358537457883</ele>
        <time>1970-01-01T00:04:51Z</time>
        <extensions>
          <gpxtpx:TrackPointExtension>
            <gpxtpx:hr>107</gpxtpx:hr>
          </gpxtpx:TrackPointExtension>
        </extensions>
      </trkpt>
      <trkpt lat="31.239077943781698" lon="121.62128450149339">
        <ele>4.589553674682975</ele>
        <time>1970-01-01T00:04:52Z</time>
        <extensions>
          <gpxtpx:TrackPointExtension>
            <gpxtpx:hr>107</gpxtpx:hr>
          </gpxtpx:TrackPointExtension>
        </extensions>
      </trkpt>
      <trkpt lat="31.23907815543732" lon="121.62128367105049">
        <ele>4.587599142454565</ele>
        <time>1970-01-01T00:04:53Z</time>
        <extensions>
          <gpxtpx:TrackPointExtension>
            <gpxtpx:hr>107</gpxtpx:hr>
          </gpxtpx:TrackPointExtension>
        </extensions>
      </trkpt>
      <trkpt lat="31.23907837771762" lon="121.6212828520247">
        <ele>4.5837432676926255</ele>
        <time>1970-01-01T00:04:54Z</time>
        <extensions>
          <gpxtpx:TrackPointExtension>
            <gpxtpx:hr>107</gpxtpx:hr>
          </gpxtpx:TrackPointExtension>
        </extensions>
      </trkpt>
      <trkpt lat="31.239078594480617" lon="121.62128213986242">
        <ele>4.5784867182374</ele>
        <time>1970-01-01T00:04:55Z</time>
        <extensions>
          <gpxtpx:TrackPointExtension>
            <gpxtpx:hr>107</gpxtpx:hr>
          </gpxtpx:TrackPointExtension>
        </extensions>
      </trkpt>
      <trkpt lat="31.239078807601626" lon="121.62128155646128">
        <ele>4.572504820302129</ele>
        <time>1970-01-01T00:04:56Z</time>
        <extensions>
          <gpxtpx:TrackPointExtension>
            <gpxtpx:hr>99</gpxtpx:hr>
          </gpxtpx:TrackPointExtension>
        </extensions>
      </trkpt>
      <trkpt lat="31.239079038825526" lon="121.62128106071245">
        <ele>4.566503292880952</ele>
        <time>1970-01-01T00:04:57Z</time>
        <extensions>
          <gpxtpx:TrackPointExtension>
            <gpxtpx:hr>99</gpxtpx:hr>
          </gpxtpx:TrackPointExtension>
        </extensions>
      </trkpt>
      <trkpt lat="31.239079288643694" lon="121.62128063726941">
        <ele>4.561025290749967</ele>
        <time>1970-01-01T00:04:58Z</time>
        <extensions>
          <gpxtpx:TrackPointExtension>
            <gpxtpx:hr>99</gpxtpx:hr>
          </gpxtpx:TrackPointExtension>
        </extensions>
      </trkpt>
      <trkpt lat="31.239079533324237" lon="121.62128031301742">
        <ele>4.5563365845009685</ele>
        <time>1970-01-01T00:04:59Z</time>
        <extensions>
          <gpxtpx:TrackPointExtension>
            <gpxtpx:hr>99</gpxtpx:hr>
          </gpxtpx:TrackPointExtension>
        </extensions>
      </trkpt>
      <trkpt lat="31.239079768781107" lon="121.6212800936311">
        <ele>4.552450238727033</ele>
        <time>1970-01-01T00:05:00Z</time>
        <extensions>
          <gpxtpx:TrackPointExtension>
            <gpxtpx:hr>99</gpxtpx:hr>
          </gpxtpx:TrackPointExtension>
        </extensions>
      </trkpt>
      <trkpt lat="31.23908000435715" lon="121.62127996524933">
        <ele>4.549211133271456</ele>
        <time>1970-01-01T00:05:01Z</time>
        <extensions>
          <gpxtpx:TrackPointExtension>
            <gpxtpx:hr>103</gpxtpx:hr>
          </gpxtpx:TrackPointExtension>
        </extensions>
      </trkpt>
      <trkpt lat="31.239080247578823" lon="121.62127991555343">
        <ele>4.546396439895034</ele>
        <time>1970-01-01T00:05:02Z</time>
        <extensions>
          <gpxtpx:TrackPointExtension>
            <gpxtpx:hr>103</gpxtpx:hr>
          </gpxtpx:TrackPointExtension>
        </extensions>
      </trkpt>
      <trkpt lat="31.239080504143473" lon="121.62127993362594">
        <ele>4.543835794553161</ele>
        <time>1970-01-01T00:05:03Z</time>
        <extensions>
          <gpxtpx:TrackPointExtension>
            <gpxtpx:hr>103</gpxtpx:hr>
          </gpxtpx:TrackPointExtension>
        </extensions>
      </trkpt>
      <trkpt lat="31.239080778215442" lon="121.62128001012215">
        <ele>4.54147142264992</ele>
        <time>1970-01-01T00:05:04Z</time>
        <extensions>
          <gpxtpx:TrackPointExtension>
            <gpxtpx:hr>103</gpxtpx:hr>
          </gpxtpx:TrackPointExtension>
        </extensions>
      </trkpt>
      <trkpt lat="31.239081075089615" lon="121.62128013816044">
        <ele>4.539292251691222</ele>
        <time>1970-01-01T00:05:05Z</time>
        <extensions>
          <gpxtpx:TrackPointExtension>
            <gpxtpx:hr>103</gpxtpx:hr>
          </gpxtpx:TrackPointExtension>
        </extensions>
      </trkpt>
      <trkpt lat="31.239081401874486" lon="121.62128031434031">
        <ele>4.537230182439089</ele>
        <time>1970-01-01T00:05:06Z</time>
        <extensions>
          <gpxtpx:TrackPointExtension>
            <gpxtpx:hr>101</gpxtpx:hr>
          </gpxtpx:TrackPointExtension>
        </extensions>
      </trkpt>
      <trkpt lat="31.23908172238995" lon="121.6212805200934">
        <ele>4.5351306376978755</ele>
        <time>1970-01-01T00:05:07Z</time>
        <extensions>
          <gpxtpx:TrackPointExtension>
            <gpxtpx:hr>101</gpxtpx:hr>
          </gpxtpx:TrackPointExtension>
        </extensions>
      </trkpt>
      <trkpt lat="31.239081994487652" lon="121.62128073514197">
        <ele>4.532804862596095</ele>
        <time>1970-01-01T00:05:08Z</time>
        <extensions>
          <gpxtpx:TrackPointExtension>
            <gpxtpx:hr>101</gpxtpx:hr>
          </gpxtpx:TrackPointExtension>
        </extensions>
      </trkpt>
      <trkpt lat="31.239082198821574" lon="121.62128094661072">
        <ele>4.530096236616373</ele>
        <time>1970-01-01T00:05:09Z</time>
        <extensions>
          <gpxtpx:TrackPointExtension>
            <gpxtpx:hr>101</gpxtpx:hr>
          </gpxtpx:TrackPointExtension>
        </extensions>
      </trkpt>
      <trkpt lat="31.239082316696674" lon="121.6212811408719">
        <ele>4.526922168210149</ele>
        <time>1970-01-01T00:05:10Z</time>
        <extensions>
          <gpxtpx:TrackPointExtension>
            <gpxtpx:hr>100</gpxtpx:hr>
          </gpxtpx:TrackPointExtension>
        </extensions>
      </trkpt>
      <trkpt lat="31.239082348516657" lon="121.62128131566948">
        <ele>4.5233026230707765</ele>
        <time>1970-01-01T00:05:11Z</time>
        <extensions>
          <gpxtpx:TrackPointExtension>
            <gpxtpx:hr>100</gpxtpx:hr>
          </gpxtpx:TrackPointExtension>
        </extensions>
      </trkpt>
      <trkpt lat="31.23908229817993" lon="121.62128147267245">
        <ele>4.519372652284801</ele>
        <time>1970-01-01T00:05:12Z</time>
        <extensions>
          <gpxtpx:TrackPointExtension>
            <gpxtpx:hr>100</gpxtpx:hr>
          </gpxtpx:TrackPointExtension>
        </extensions>
      </trkpt>
      <trkpt lat="31.239082169190826" lon="121.62128161237472">
        <ele>4.515371775254607</ele>
        <time>1970-01-01T00:05:13Z</time>
        <extensions>
          <gpxtpx:TrackPointExtension>
            <gpxtpx:hr>100</gpxtpx:hr>
          </gpxtpx:TrackPointExtension>
        </extensions>
      </trkpt>
      <trkpt lat="31.239081959932015" lon="121.62128173694192">
        <ele>4.511622061952949</ele>
        <time>1970-01-01T00:05:14Z</time>
        <extensions>
          <gpxtpx:TrackPointExtension>
            <gpxtpx:hr>100</gpxtpx:hr>
          </gpxtpx:TrackPointExtension>
        </extensions>
      </trkpt>
      <trkpt lat="31.23908167015591" lon="121.62128184591592">
        <ele>4.508495172485709</ele>
        <time>1970-01-01T00:05:15Z</time>
        <extensions>
          <gpxtpx:TrackPointExtension>
            <gpxtpx:hr>95</gpxtpx:hr>
          </gpxtpx:TrackPointExtension>
        </extensions>
      </trkpt>
      <trkpt lat="31.239081339018938" lon="121.62128191947843">
        <ele>4.506361531093717</ele>
        <time>1970-01-01T00:05:16Z</time>
        <extensions>
          <gpxtpx:TrackPointExtension>
            <gpxtpx:hr>95</gpxtpx:hr>
          </gpxtpx:TrackPointExtension>
        </extensions>
      </trkpt>
      <trkpt lat="31.239081006170462" lon="121.62128193907847">
        <ele>4.505505663342774</ele>
        <time>1970-01-01T00:05:17Z</time>
        <extensions>
          <gpxtpx:TrackPointExtension>
            <gpxtpx:hr>95</gpxtpx:hr>
          </gpxtpx:TrackPointExtension>
        </extensions>
      </trkpt>
      <trkpt lat="31.239080678343853" lon="121.6212819030098">
        <ele>4.5059871869161725</ele>
        <time>1970-01-01T00:05:18Z</time>
        <extensions>
          <gpxtpx:TrackPointExtension>
            <gpxtpx:hr>95</gpxtpx:hr>
          </gpxtpx:TrackPointExtension>
        </extensions>
      </trkpt>
      <trkpt lat="31.23908038070858" lon="121.62128181366764">
        <ele>4.5075349332764745</ele>
        <time>1970-01-01T00:05:19Z</time>
        <extensions>
          <gpxtpx:TrackPointExtension>
            <gpxtpx:hr>95</gpxtpx:hr>
          </gpxtpx:TrackPointExtension>
        </extensions>
      </trkpt>
      <trkpt lat="31.23908012920005" lon="121.62128167386486">
        <ele>4.50962261389941</ele>
        <time>1970-01-01T00:05:20Z</time>
        <extensions>
          <gpxtpx:TrackPointExtension>
            <gpxtpx:hr>95</gpxtpx:hr>
          </gpxtpx:TrackPointExtension>
        </extensions>
      </trkpt>
      <trkpt lat="31.239079912151546" lon="121.62128148382577">
        <ele>4.511698763817549</ele>
        <time>1970-01-01T00:05:21Z</time>
        <extensions>
          <gpxtpx:TrackPointExtension>
            <gpxtpx:hr>96</gpxtpx:hr>
          </gpxtpx:TrackPointExtension>
        </extensions>
      </trkpt>
      <trkpt lat="31.239079711876702" lon="121.6212812356549">
        <ele>4.513379021547735</ele>
        <time>1970-01-01T00:05:22Z</time>
        <extensions>
          <gpxtpx:TrackPointExtension>
            <gpxtpx:hr>96</gpxtpx:hr>
          </gpxtpx:TrackPointExtension>
        </extensions>
      </trkpt>
      <trkpt lat="31.239079517519762" lon="121.62128093443822">
        <ele>4.514502310194075</ele>
        <time>1970-01-01T00:05:23Z</time>
        <extensions>
          <gpxtpx:TrackPointExtension>
            <gpxtpx:hr>96</gpxtpx:hr>
          </gpxtpx:TrackPointExtension>
        </extensions>
      </trkpt>
      <trkpt lat="31.239079327157082" lon="121.6212805938202">
        <ele>4.515107182785869</ele>
        <time>1970-01-01T00:05:24Z</time>
        <extensions>
          <gpxtpx:TrackPointExtension>
            <gpxtpx:hr>96</gpxtpx:hr>
          </gpxtpx:TrackPointExtension>
        </extensions>
      </trkpt>
      <trkpt lat="31.23907915628958" lon="121.62128026255441">
        <ele>4.515395076945424</ele>
        <time>1970-01-01T00:05:25Z</time>
        <extensions>
          <gpxtpx:TrackPointExtension>
            <gpxtpx:hr>96</gpxtpx:hr>
          </gpxtpx:TrackPointExtension>
        </extensions>
      </trkpt>
      <trkpt lat="31.239079017647956" lon="121.62127998639116">
        <ele>4.51563729904592</ele>
        <time>1970-01-01T00:05:26Z</time>
        <extensions>
          <gpxtpx:TrackPointExtension>
            <gpxtpx:hr>96</gpxtpx:hr>
          </gpxtpx:TrackPointExtension>
        </extensions>
      </trkpt>
      <trkpt lat="31.23907889882763" lon="121.62127976041398">
        <ele>4.516095897182822</ele>
        <time>1970-01-01T00:05:27Z</time>
        <extensions>
          <gpxtpx:TrackPointExtension>
            <gpxtpx:hr>96</gpxtpx:hr>
          </gpxtpx:TrackPointExtension>
        </extensions>
      </trkpt>
      <trkpt lat="31.239078784648566" lon="121.62127958947127">
        <ele>4.516977393999696</ele>
        <time>1970-01-01T00:05:28Z</time>
        <extensions>
          <gpxtpx:TrackPointExtension>
            <gpxtpx:hr>96</gpxtpx:hr>
          </gpxtpx:TrackPointExtension>
        </extensions>
      </trkpt>
      <trkpt lat="31.239078659766875" lon="121.62127947863081">
        <ele>4.518405010923743</ele>
        <time>1970-01-01T00:05:29Z</time>
        <extensions>
          <gpxtpx:TrackPointExtension>
            <gpxtpx:hr>100</gpxtpx:hr>
          </gpxtpx:TrackPointExtension>
        </extensions>
      </trkpt>
      <trkpt lat="31.23907851039904" lon="121.62127942359476">
        <ele>4.520408242940903</ele>
        <time>1970-01-01T00:05:30Z</time>
        <extensions>
          <gpxtpx:TrackPointExtension>
            <gpxtpx:hr>100</gpxtpx:hr>
          </gpxtpx:TrackPointExtension>
        </extensions>
      </trkpt>
      <trkpt lat="31.23907832111723" lon="121.62127942131423">
        <ele>4.522930275648832</ele>
        <time>1970-01-01T00:05:31Z</time>
        <extensions>
          <gpxtpx:TrackPointExtension>
            <gpxtpx:hr>100</gpxtpx:hr>
          </gpxtpx:TrackPointExtension>
        </extensions>
      </trkpt>
      <trkpt lat="31.23907809837163" lon="121.62127945591197">
        <ele>4.52583188470453</ele>
        <time>1970-01-01T00:05:32Z</time>
        <extensions>
          <gpxtpx:TrackPointExtension>
            <gpxtpx:hr>100</gpxtpx:hr>
          </gpxtpx:TrackPointExtension>
        </extensions>
      </trkpt>
      <trkpt lat="31.23907785693476" lon="121.62127949992488">
        <ele>4.5288799880072474</ele>
        <time>1970-01-01T00:05:33Z</time>
        <extensions>
          <gpxtpx:TrackPointExtension>
            <gpxtpx:hr>100</gpxtpx:hr>
          </gpxtpx:TrackPointExtension>
        </extensions>
      </trkpt>
      <trkpt lat="31.239077588252915" lon="121.62127953873618">
        <ele>4.531720642931759</ele>
        <time>1970-01-01T00:05:34Z</time>
        <extensions>
          <gpxtpx:TrackPointExtension>
            <gpxtpx:hr>100</gpxtpx:hr>
          </gpxtpx:TrackPointExtension>
        </extensions>
      </trkpt>
      <trkpt lat="31.239077275357864" lon="121.62127956757485">
        <ele>4.533834577538073</ele>
        <time>1970-01-01T00:05:35Z</time>
        <extensions>
          <gpxtpx:TrackPointExtension>
            <gpxtpx:hr>102</gpxtpx:hr>
          </gpxtpx:TrackPointExtension>
        </extensions>
      </trkpt>
      <trkpt lat="31.239076899927298" lon="121.62127957960996">
        <ele>4.534477152861655</ele>
        <time>1970-01-01T00:05:36Z</time>
        <extensions>
          <gpxtpx:TrackPointExtension>
            <gpxtpx:hr>102</gpxtpx:hr>
          </gpxtpx:TrackPointExtension>
        </extensions>
      </trkpt>
      <trkpt lat="31.23907642779376" lon="121.62127956546145">
        <ele>4.532619301229715</ele>
        <time>1970-01-01T00:05:37Z</time>
        <extensions>
          <gpxtpx:TrackPointExtension>
            <gpxtpx:hr>102</gpxtpx:hr>
          </gpxtpx:TrackPointExtension>
        </extensions>
      </trkpt>
      <trkpt lat="31.23907578802489" lon="121.62127950997748">
        <ele>4.526912716217339</ele>
        <time>1970-01-01T00:05:38Z</time>
        <extensions>
          <gpxtpx:TrackPointExtension>
            <gpxtpx:hr>102</gpxtpx:hr>
          </gpxtpx:TrackPointExtension>
        </extensions>
      </trkpt>
      <trkpt lat="31.239074917215458" lon="121.62127939151742">
        <ele>4.515696318820119</ele>
        <time>1970-01-01T00:05:39Z</time>
        <extensions>
          <gpxtpx:TrackPointExtension>
            <gpxtpx:hr>101</gpxtpx:hr>
          </gpxtpx:TrackPointExtension>
        </extensions>
      </trkpt>
      <trkpt lat="31.239073777095562" lon="121.621279179539">
        <ele>4.497044461779296</ele>
        <time>1970-01-01T00:05:40Z</time>
        <extensions>
          <gpxtpx:TrackPointExtension>
            <gpxtpx:hr>101</gpxtpx:hr>
          </gpxtpx:TrackPointExtension>
        </extensions>
      </trkpt>
      <trkpt lat="31.239072327873725" lon="121.62127884042528">
        <ele>4.4688748782500625</ele>
        <time>1970-01-01T00:05:41Z</time>
        <extensions>
          <gpxtpx:TrackPointExtension>
            <gpxtpx:hr>101</gpxtpx:hr>
          </gpxtpx:TrackPointExtension>
        </extensions>
      </trkpt>
      <trkpt lat="31.239070421446065" lon="121.62127828785619">
        <ele>4.4291888400912285</ele>
        <time>1970-01-01T00:05:42Z</time>
        <extensions>
          <gpxtpx:TrackPointExtension>
            <gpxtpx:hr>101</gpxtpx:hr>
          </gpxtpx:TrackPointExtension>
        </extensions>
      </trkpt>
      <trkpt lat="31.239067754668362" lon="121.62127733752703">
        <ele>4.376523812301457</ele>
        <time>1970-01-01T00:05:43Z</time>
        <extensions>
          <gpxtpx:TrackPointExtension>
            <gpxtpx:hr>101</gpxtpx:hr>
          </gpxtpx:TrackPointExtension>
        </extensions>
      </trkpt>
      <trkpt lat="31.23906389242851" lon="121.62127569128873">
        <ele>4.310692701488733</ele>
        <time>1970-01-01T00:05:44Z</time>
        <extensions>
          <gpxtpx:TrackPointExtension>
            <gpxtpx:hr>99</gpxtpx:hr>
          </gpxtpx:TrackPointExtension>
        </extensions>
      </trkpt>
      <trkpt lat="31.23905525935305" lon="121.62127118714247">
        <ele>4.19440888799727</ele>
        <time>1970-01-01T00:05:45.400000Z</time>
        <extensions>
          <gpxtpx:TrackPointExtension>
            <gpxtpx:hr>99</gpxtpx:hr>
          </gpxtpx:TrackPointExtension>
        </extensions>
      </trkpt>
      <trkpt lat="31.239047612565184" lon="121.62126684336485">
        <ele>4.108313436619937</ele>
        <time>1970-01-01T00:05:46.400000Z</time>
        <extensions>
          <gpxtpx:TrackPointExtension>
            <gpxtpx:hr>99</gpxtpx:hr>
          </gpxtpx:TrackPointExtension>
        </extensions>
      </trkpt>
      <trkpt lat="31.239038820991208" lon="121.62126232524706">
        <ele>4.0245268028229475</ele>
        <time>1970-01-01T00:05:47.400000Z</time>
        <extensions>
          <gpxtpx:TrackPointExtension>
            <gpxtpx:hr>99</gpxtpx:hr>
          </gpxtpx:TrackPointExtension>
        </extensions>
      </trkpt>
      <trkpt lat="31.23902862604739" lon="121.62125820967624">
        <ele>3.9458395168185234</ele>
        <time>1970-01-01T00:05:48.400000Z</time>
        <extensions>
          <gpxtpx:TrackPointExtension>
            <gpxtpx:hr>99</gpxtpx:hr>
          </gpxtpx:TrackPointExtension>
        </extensions>
      </trkpt>
      <trkpt lat="31.239016997868514" lon="121.6212548686107">
        <ele>3.8741295961663127</ele>
        <time>1970-01-01T00:05:49.400000Z</time>
        <extensions>
          <gpxtpx:TrackPointExtension>
            <gpxtpx:hr>99</gpxtpx:hr>
          </gpxtpx:TrackPointExtension>
        </extensions>
      </trkpt>
      <trkpt lat="31.239003814615646" lon="121.62125273270959">
        <ele>3.8106343932449818</ele>
        <time>1970-01-01T00:05:50.400000Z</time>
        <extensions>
          <gpxtpx:TrackPointExtension>
            <gpxtpx:hr>99</gpxtpx:hr>
          </gpxtpx:TrackPointExtension>
        </extensions>
      </trkpt>
      <trkpt lat="31.238988602471355" lon="121.62125218843123">
        <ele>3.756259236484766</ele>
        <time>1970-01-01T00:05:51.400000Z</time>
        <extensions>
          <gpxtpx:TrackPointExtension>
            <gpxtpx:hr>99</gpxtpx:hr>
          </gpxtpx:TrackPointExtension>
        </extensions>
      </trkpt>
      <trkpt lat="31.23897125626646" lon="121.62125327219006">
        <ele>3.711554490029812</ele>
        <time>1970-01-01T00:05:52.400000Z</time>
        <extensions>
          <gpxtpx:TrackPointExtension>
            <gpxtpx:hr>99</gpxtpx:hr>
          </gpxtpx:TrackPointExtension>
        </extensions>
      </trkpt>
      <trkpt lat="31.23895226234542" lon="121.62125551546713">
        <ele>3.6763792550191283</ele>
        <time>1970-01-01T00:05:53.400000Z</time>
        <extensions>
          <gpxtpx:TrackPointExtension>
            <gpxtpx:hr>102</gpxtpx:hr>
          </gpxtpx:TrackPointExtension>
        </extensions>
      </trkpt>
      <trkpt lat="31.238932144419103" lon="121.62125811953646">
        <ele>3.650054139085114</ele>
        <time>1970-01-01T00:05:54.400000Z</time>
        <extensions>
          <gpxtpx:TrackPointExtension>
            <gpxtpx:hr>102</gpxtpx:hr>
          </gpxtpx:TrackPointExtension>
        </extensions>
      </trkpt>
      <trkpt lat="31.23891186546657" lon="121.62126057825076">
        <ele>3.631898857653141</ele>
        <time>1970-01-01T00:05:55.400000Z</time>
        <extensions>
          <gpxtpx:TrackPointExtension>
            <gpxtpx:hr>102</gpxtpx:hr>
          </gpxtpx:TrackPointExtension>
        </extensions>
      </trkpt>
      <trkpt lat="31.238891395419238" lon="121.62126299420721">
        <ele>3.6216031797230244</ele>
        <time>1970-01-01T00:05:56.500000Z</time>
        <extensions>
          <gpxtpx:TrackPointExtension>
            <gpxtpx:hr>102</gpxtpx:hr>
          </gpxtpx:TrackPointExtension>
        </extensions>
      </trkpt>
      <trkpt lat="31.23887037205612" lon="121.62126548488233">
        <ele>3.619131254032254</ele>
        <time>1970-01-01T00:05:57.500000Z</time>
        <extensions>
          <gpxtpx:TrackPointExtension>
            <gpxtpx:hr>112</gpxtpx:hr>
          </gpxtpx:TrackPointExtension>
        </extensions>
      </trkpt>
      <trkpt lat="31.238849691709532" lon="121.62126812006882">
        <ele>3.6242977175861597</ele>
        <time>1970-01-01T00:05:58.500000Z</time>
        <extensions>
          <gpxtpx:TrackPointExtension>
            <gpxtpx:hr>112</gpxtpx:hr>
          </gpxtpx:TrackPointExtension>
        </extensions>
      </trkpt>
      <trkpt lat="31.238828600516403" lon="121.62127116717468">
        <ele>3.636855867691338</ele>
        <time>1970-01-01T00:05:59.500000Z</time>
        <extensions>
          <gpxtpx:TrackPointExtension>
            <gpxtpx:hr>112</gpxtpx:hr>
          </gpxtpx:TrackPointExtension>
        </extensions>
      </trkpt>
      <trkpt lat="31.23880588611843" lon="121.62127451804393">
        <ele>3.6567136282101274</ele>
        <time>1970-01-01T00:06:00.500000Z</time>
        <extensions>
          <gpxtpx:TrackPointExtension>
            <gpxtpx:hr>112</gpxtpx:hr>
          </gpxtpx:TrackPointExtension>
        </extensions>
      </trkpt>
      <trkpt lat="31.238781839217346" lon="121.62127763656041">
        <ele>3.6839717412367463</ele>
        <time>1970-01-01T00:06:01.500000Z</time>
        <extensions>
          <gpxtpx:TrackPointExtension>
            <gpxtpx:hr>112</gpxtpx:hr>
          </gpxtpx:TrackPointExtension>
        </extensions>
      </trkpt>
      <trkpt lat="31.238756707905793" lon="121.62128040275108">
        <ele>3.7187929740175605</ele>
        <time>1970-01-01T00:06:02.500000Z</time>
        <extensions>
          <gpxtpx:TrackPointExtension>
            <gpxtpx:hr>124</gpxtpx:hr>
          </gpxtpx:TrackPointExtension>
        </extensions>
      </trkpt>
      <trkpt lat="31.238730816364807" lon="121.62128305363805">
        <ele>3.761087154969573</ele>
        <time>1970-01-01T00:06:03.500000Z</time>
        <extensions>
          <gpxtpx:TrackPointExtension>
            <gpxtpx:hr>124</gpxtpx:hr>
          </gpxtpx:TrackPointExtension>
        </extensions>
      </trkpt>
      <trkpt lat="31.238704929333412" lon="121.62128561135225">
        <ele>3.8104469515383244</ele>
        <time>1970-01-01T00:06:04.500000Z</time>
        <extensions>
          <gpxtpx:TrackPointExtension>
            <gpxtpx:hr>124</gpxtpx:hr>
          </gpxtpx:TrackPointExtension>
        </extensions>
      </trkpt>
      <trkpt lat="31.238679600721895" lon="121.62128817214516">
        <ele>3.866356050595641</ele>
        <time>1970-01-01T00:06:05.500000Z</time>
        <extensions>
          <gpxtpx:TrackPointExtension>
            <gpxtpx:hr>124</gpxtpx:hr>
          </gpxtpx:TrackPointExtension>
        </extensions>
      </trkpt>
      <trkpt lat="31.2386548529532" lon="121.62129043617313">
        <ele>3.928401844576001</ele>
        <time>1970-01-01T00:06:06.500000Z</time>
        <extensions>
          <gpxtpx:TrackPointExtension>
            <gpxtpx:hr>124</gpxtpx:hr>
          </gpxtpx:TrackPointExtension>
        </extensions>
      </trkpt>
      <trkpt lat="31.238630980276202" lon="121.62129149427511">
        <ele>3.9962359089404345</ele>
        <time>1970-01-01T00:06:07.500000Z</time>
        <extensions>
          <gpxtpx:TrackPointExtension>
            <gpxtpx:hr>131</gpxtpx:hr>
          </gpxtpx:TrackPointExtension>
        </extensions>
      </trkpt>
      <trkpt lat="31.23860859976947" lon="121.62129065726731">
        <ele>4.069443175569177</ele>
        <time>1970-01-01T00:06:08.500000Z</time>
        <extensions>
          <gpxtpx:TrackPointExtension>
            <gpxtpx:hr>131</gpxtpx:hr>
          </gpxtpx:TrackPointExtension>
        </extensions>
      </trkpt>
      <trkpt lat="31.23858814839641" lon="121.62128822087834">
        <ele>4.147495098412037</ele>
        <time>1970-01-01T00:06:09.500000Z</time>
        <extensions>
          <gpxtpx:TrackPointExtension>
            <gpxtpx:hr>131</gpxtpx:hr>
          </gpxtpx:TrackPointExtension>
        </extensions>
      </trkpt>
      <trkpt lat="31.238569796904784" lon="121.6212848301932">
        <ele>4.229794612154365</ele>
        <time>1970-01-01T00:06:10.500000Z</time>
        <extensions>
          <gpxtpx:TrackPointExtension>
            <gpxtpx:hr>131</gpxtpx:hr>
          </gpxtpx:TrackPointExtension>
        </extensions>
      </trkpt>
      <trkpt lat="31.238553612377974" lon="121.62128029574637">
        <ele>4.315701064653695</ele>
        <time>1970-01-01T00:06:11.500000Z</time>
        <extensions>
          <gpxtpx:TrackPointExtension>
            <gpxtpx:hr>131</gpxtpx:hr>
          </gpxtpx:TrackPointExtension>
        </extensions>
      </trkpt>
      <trkpt lat="31.238539853115455" lon="121.62127411487144">
        <ele>4.404292215593159</ele>
        <time>1970-01-01T00:06:12.500000Z</time>
        <extensions>
          <gpxtpx:TrackPointExtension>
            <gpxtpx:hr>131</gpxtpx:hr>
          </gpxtpx:TrackPointExtension>
        </extensions>
      </trkpt>
      <trkpt lat="31.23852698322107" lon="121.62126194416356">
        <ele>4.530949628911912</ele>
        <time>1970-01-01T00:06:14Z</time>
        <extensions>
          <gpxtpx:TrackPointExtension>
            <gpxtpx:hr>131</gpxtpx:hr>
          </gpxtpx:TrackPointExtension>
        </extensions>
      </trkpt>
      <trkpt lat="31.238523150728003" lon="121.62125263472639">
        <ele>4.612409955821931</ele>
        <time>1970-01-01T00:06:15Z</time>
        <extensions>
          <gpxtpx:TrackPointExtension>
            <gpxtpx:hr>138</gpxtpx:hr>
          </gpxtpx:TrackPointExtension>
        </extensions>
      </trkpt>
      <trkpt lat="31.238521779699166" lon="121.62124485129496">
        <ele>4.686066714115441</ele>
        <time>1970-01-01T00:06:16Z</time>
        <extensions>
          <gpxtpx:TrackPointExtension>
            <gpxtpx:hr>138</gpxtpx:hr>
          </gpxtpx:TrackPointExtension>
        </extensions>
      </trkpt>
      <trkpt lat="31.238521857972543" lon="121.62123999701883">
        <ele>4.749779987148941</ele>
        <time>1970-01-01T00:06:17Z</time>
        <extensions>
          <gpxtpx:TrackPointExtension>
            <gpxtpx:hr>138</gpxtpx:hr>
          </gpxtpx:TrackPointExtension>
        </extensions>
      </trkpt>
      <trkpt lat="31.238522461525168" lon="121.62123790085063">
        <ele>4.801278558559716</ele>
        <time>1970-01-01T00:06:18Z</time>
        <extensions>
          <gpxtpx:TrackPointExtension>
            <gpxtpx:hr>138</gpxtpx:hr>
          </gpxtpx:TrackPointExtension>
        </extensions>
      </trkpt>
      <trkpt lat="31.238523101160073" lon="121.62123741113454">
        <ele>4.838332272134721</ele>
        <time>1970-01-01T00:06:19Z</time>
        <extensions>
          <gpxtpx:TrackPointExtension>
            <gpxtpx:hr>138</gpxtpx:hr>
          </gpxtpx:TrackPointExtension>
        </extensions>
      </trkpt>
      <trkpt lat="31.238523641060496" lon="121.62123784887986">
        <ele>4.859435308724642</ele>
        <time>1970-01-01T00:06:20Z</time>
        <extensions>
          <gpxtpx:TrackPointExtension>
            <gpxtpx:hr>138</gpxtpx:hr>
          </gpxtpx:TrackPointExtension>
        </extensions>
      </trkpt>
      <trkpt lat="31.238523990735352" lon="121.6212387900329">
        <ele>4.864462829194963</ele>
        <time>1970-01-01T00:06:21Z</time>
        <extensions>
          <gpxtpx:TrackPointExtension>
            <gpxtpx:hr>138</gpxtpx:hr>
          </gpxtpx:TrackPointExtension>
        </extensions>
      </trkpt>
      <trkpt lat="31.2385240984497" lon="121.621239990661">
        <ele>4.854827498085797</ele>
        <time>1970-01-01T00:06:22Z</time>
        <extensions>
          <gpxtpx:TrackPointExtension>
            <gpxtpx:hr>136</gpxtpx:hr>
          </gpxtpx:TrackPointExtension>
        </extensions>
      </trkpt>
      <trkpt lat="31.23852411435741" lon="121.62124121042667">
        <ele>4.833422023802996</ele>
        <time>1970-01-01T00:06:23Z</time>
        <extensions>
          <gpxtpx:TrackPointExtension>
            <gpxtpx:hr>136</gpxtpx:hr>
          </gpxtpx:TrackPointExtension>
        </extensions>
      </trkpt>
      <trkpt lat="31.23852415547214" lon="121.62124230825627">
        <ele>4.804331978783011</ele>
        <time>1970-01-01T00:06:24Z</time>
        <extensions>
          <gpxtpx:TrackPointExtension>
            <gpxtpx:hr>136</gpxtpx:hr>
          </gpxtpx:TrackPointExtension>
        </extensions>
      </trkpt>
      <trkpt lat="31.23852418997284" lon="121.62124329557594">
        <ele>4.772170863114297</ele>
        <time>1970-01-01T00:06:25Z</time>
        <extensions>
          <gpxtpx:TrackPointExtension>
            <gpxtpx:hr>136</gpxtpx:hr>
          </gpxtpx:TrackPointExtension>
        </extensions>
      </trkpt>
      <trkpt lat="31.238524199161024" lon="121.62124420843898">
        <ele>4.741403752937913</ele>
        <time>1970-01-01T00:06:26Z</time>
        <extensions>
          <gpxtpx:TrackPointExtension>
            <gpxtpx:hr>136</gpxtpx:hr>
          </gpxtpx:TrackPointExtension>
        </extensions>
      </trkpt>
      <trkpt lat="31.238524167930304" lon="121.62124510692165">
        <ele>4.7158321952447295</ele>
        <time>1970-01-01T00:06:27Z</time>
        <extensions>
          <gpxtpx:TrackPointExtension>
            <gpxtpx:hr>133</gpxtpx:hr>
          </gpxtpx:TrackPointExtension>
        </extensions>
      </trkpt>
      <trkpt lat="31.238524073912888" lon="121.6212461347523">
        <ele>4.698137769475579</ele>
        <time>1970-01-01T00:06:28Z</time>
        <extensions>
          <gpxtpx:TrackPointExtension>
            <gpxtpx:hr>133</gpxtpx:hr>
          </gpxtpx:TrackPointExtension>
        </extensions>
      </trkpt>
      <trkpt lat="31.238523897427676" lon="121.62124738056752">
        <ele>4.6895549558103085</ele>
        <time>1970-01-01T00:06:29Z</time>
        <extensions>
          <gpxtpx:TrackPointExtension>
            <gpxtpx:hr>133</gpxtpx:hr>
          </gpxtpx:TrackPointExtension>
        </extensions>
      </trkpt>
      <trkpt lat="31.238523624638727" lon="121.62124885992293">
        <ele>4.689677759073675</ele>
        <time>1970-01-01T00:06:30Z</time>
        <extensions>
          <gpxtpx:TrackPointExtension>
            <gpxtpx:hr>133</gpxtpx:hr>
          </gpxtpx:TrackPointExtension>
        </extensions>
      </trkpt>
      <trkpt lat="31.23852328472931" lon="121.62125054865962">
        <ele>4.6964200008660555</ele>
        <time>1970-01-01T00:06:31Z</time>
        <extensions>
          <gpxtpx:TrackPointExtension>
            <gpxtpx:hr>133</gpxtpx:hr>
          </gpxtpx:TrackPointExtension>
        </extensions>
      </trkpt>
      <trkpt lat="31.23852295634883" lon="121.62125224702109">
        <ele>4.706383758224547</ele>
        <time>1970-01-01T00:06:32Z</time>
        <extensions>
          <gpxtpx:TrackPointExtension>
            <gpxtpx:hr>128</gpxtpx:hr>
          </gpxtpx:TrackPointExtension>
        </extensions>
      </trkpt>
      <trkpt lat="31.23852267882851" lon="121.6212537437965">
        <ele>4.715537887066603</ele>
        <time>1970-01-01T00:06:33Z</time>
        <extensions>
          <gpxtpx:TrackPointExtension>
            <gpxtpx:hr>128</gpxtpx:hr>
          </gpxtpx:TrackPointExtension>
        </extensions>
      </trkpt>
      <trkpt lat="31.238522432022584" lon="121.62125500063033">
        <ele>4.720000338740647</ele>
        <time>1970-01-01T00:06:34Z</time>
        <extensions>
          <gpxtpx:TrackPointExtension>
            <gpxtpx:hr>128</gpxtpx:hr>
          </gpxtpx:TrackPointExtension>
        </extensions>
      </trkpt>
      <trkpt lat="31.238522187715933" lon="121.62125608546438">
        <ele>4.71701249666512</ele>
        <time>1970-01-01T00:06:35Z</time>
        <extensions>
          <gpxtpx:TrackPointExtension>
            <gpxtpx:hr>127</gpxtpx:hr>
          </gpxtpx:TrackPointExtension>
        </extensions>
      </trkpt>
      <trkpt lat="31.23852193677705" lon="121.62125704454509">
        <ele>4.705771800130606</ele>
        <time>1970-01-01T00:06:36Z</time>
        <extensions>
          <gpxtpx:TrackPointExtension>
            <gpxtpx:hr>127</gpxtpx:hr>
          </gpxtpx:TrackPointExtension>
        </extensions>
      </trkpt>
      <trkpt lat="31.238521691438038" lon="121.62125787301291">
        <ele>4.68748717661947</ele>
        <time>1970-01-01T00:06:37Z</time>
        <extensions>
          <gpxtpx:TrackPointExtension>
            <gpxtpx:hr>127</gpxtpx:hr>
          </gpxtpx:TrackPointExtension>
        </extensions>
      </trkpt>
      <trkpt lat="31.23852146099181" lon="121.6212585730061">
        <ele>4.664789843373001</ele>
        <time>1970-01-01T00:06:38Z</time>
        <extensions>
          <gpxtpx:TrackPointExtension>
            <gpxtpx:hr>118</gpxtpx:hr>
          </gpxtpx:TrackPointExtension>
        </extensions>
      </trkpt>
      <trkpt lat="31.238521236135217" lon="121.62125918345015">
        <ele>4.640965205617249</ele>
        <time>1970-01-01T00:06:39Z</time>
        <extensions>
          <gpxtpx:TrackPointExtension>
            <gpxtpx:hr>118</gpxtpx:hr>
          </gpxtpx:TrackPointExtension>
        </extensions>
      </trkpt>
      <trkpt lat="31.238521005639047" lon="121.62125974367979">
        <ele>4.619037942960858</ele>
        <time>1970-01-01T00:06:40Z</time>
        <extensions>
          <gpxtpx:TrackPointExtension>
            <gpxtpx:hr>118</gpxtpx:hr>
          </gpxtpx:TrackPointExtension>
        </extensions>
      </trkpt>
      <trkpt lat="31.238520761066212" lon="121.62126027716378">
        <ele>4.60094905924052</ele>
        <time>1970-01-01T00:06:41Z</time>
        <extensions>
          <gpxtpx:TrackPointExtension>
            <gpxtpx:hr>118</gpxtpx:hr>
          </gpxtpx:TrackPointExtension>
        </extensions>
      </trkpt>
      <trkpt lat="31.238520492031906" lon="121.62126080468057">
        <ele>4.5873325783759356</ele>
        <time>1970-01-01T00:06:42Z</time>
        <extensions>
          <gpxtpx:TrackPointExtension>
            <gpxtpx:hr>118</gpxtpx:hr>
          </gpxtpx:TrackPointExtension>
        </extensions>
      </trkpt>
      <trkpt lat="31.238520201714408" lon="121.62126131255816">
        <ele>4.577870102599263</ele>
        <time>1970-01-01T00:06:43Z</time>
        <extensions>
          <gpxtpx:TrackPointExtension>
            <gpxtpx:hr>118</gpxtpx:hr>
          </gpxtpx:TrackPointExtension>
        </extensions>
      </trkpt>
      <trkpt lat="31.238519899392127" lon="121.6212617750154">
        <ele>4.57174273673445</ele>
        <time>1970-01-01T00:06:44Z</time>
        <extensions>
          <gpxtpx:TrackPointExtension>
            <gpxtpx:hr>118</gpxtpx:hr>
          </gpxtpx:TrackPointExtension>
        </extensions>
      </trkpt>
      <trkpt lat="31.23851958330951" lon="121.62126219321833">
        <ele>4.5679557817056775</ele>
        <time>1970-01-01T00:06:45Z</time>
        <extensions>
          <gpxtpx:TrackPointExtension>
            <gpxtpx:hr>111</gpxtpx:hr>
          </gpxtpx:TrackPointExtension>
        </extensions>
      </trkpt>
      <trkpt lat="31.23851924783067" lon="121.62126257437906">
        <ele>4.565565396100283</ele>
        <time>1970-01-01T00:06:46Z</time>
        <extensions>
          <gpxtpx:TrackPointExtension>
            <gpxtpx:hr>111</gpxtpx:hr>
          </gpxtpx:TrackPointExtension>
        </extensions>
      </trkpt>
      <trkpt lat="31.2385188822242" lon="121.6212629311075">
        <ele>4.563817968592048</ele>
        <time>1970-01-01T00:06:47Z</time>
        <extensions>
          <gpxtpx:TrackPointExtension>
            <gpxtpx:hr>111</gpxtpx:hr>
          </gpxtpx:TrackPointExtension>
        </extensions>
      </trkpt>
      <trkpt lat="31.23851846916049" lon="121.62126328036148">
        <ele>4.562223209999502</ele>
        <time>1970-01-01T00:06:48Z</time>
        <extensions>
          <gpxtpx:TrackPointExtension>
            <gpxtpx:hr>111</gpxtpx:hr>
          </gpxtpx:TrackPointExtension>
        </extensions>
      </trkpt>
      <trkpt lat="31.23851805390494" lon="121.62126359729773">
        <ele>4.560576894320548</ele>
        <time>1970-01-01T00:06:49Z</time>
        <extensions>
          <gpxtpx:TrackPointExtension>
            <gpxtpx:hr>111</gpxtpx:hr>
          </gpxtpx:TrackPointExtension>
        </extensions>
      </trkpt>
      <trkpt lat="31.238517685525316" lon="121.62126385320622">
        <ele>4.558917461894453</ele>
        <time>1970-01-01T00:06:50Z</time>
        <extensions>
          <gpxtpx:TrackPointExtension>
            <gpxtpx:hr>111</gpxtpx:hr>
          </gpxtpx:TrackPointExtension>
        </extensions>
      </trkpt>
      <trkpt lat="31.23851735293565" lon="121.62126405800993">
        <ele>4.557442857883871</ele>
        <time>1970-01-01T00:06:51Z</time>
        <extensions>
          <gpxtpx:TrackPointExtension>
            <gpxtpx:hr>102</gpxtpx:hr>
          </gpxtpx:TrackPointExtension>
        </extensions>
      </trkpt>
      <trkpt lat="31.23851705035223" lon="121.62126421791764">
        <ele>4.556428286246955</ele>
        <time>1970-01-01T00:06:52Z</time>
        <extensions>
          <gpxtpx:TrackPointExtension>
            <gpxtpx:hr>102</gpxtpx:hr>
          </gpxtpx:TrackPointExtension>
        </extensions>
      </trkpt>
      <trkpt lat="31.238516773928854" lon="121.62126433758097">
        <ele>4.556144059635699</ele>
        <time>1970-01-01T00:06:53Z</time>
        <extensions>
          <gpxtpx:TrackPointExtension>
            <gpxtpx:hr>102</gpxtpx:hr>
          </gpxtpx:TrackPointExtension>
        </extensions>
      </trkpt>
      <trkpt lat="31.238516518411064" lon="121.62126442193086">
        <ele>4.556786430068314</ele>
        <time>1970-01-01T00:06:54Z</time>
        <extensions>
          <gpxtpx:TrackPointExtension>
            <gpxtpx:hr>102</gpxtpx:hr>
          </gpxtpx:TrackPointExtension>
        </extensions>
      </trkpt>
      <trkpt lat="31.23851627966907" lon="121.62126447534166">
        <ele>4.558438926003873</ele>
        <time>1970-01-01T00:06:55Z</time>
        <extensions>
          <gpxtpx:TrackPointExtension>
            <gpxtpx:hr>102</gpxtpx:hr>
          </gpxtpx:TrackPointExtension>
        </extensions>
      </trkpt>
      <trkpt lat="31.23851605342433" lon="121.62126450161091">
        <ele>4.5610586907714605</ele>
        <time>1970-01-01T00:06:56Z</time>
        <extensions>
          <gpxtpx:TrackPointExtension>
            <gpxtpx:hr>102</gpxtpx:hr>
          </gpxtpx:TrackPointExtension>
        </extensions>
      </trkpt>
      <trkpt lat="31.238515836504735" lon="121.62126450448237">
        <ele>4.5644670920446515</ele>
        <time>1970-01-01T00:06:57Z</time>
        <extensions>
          <gpxtpx:TrackPointExtension>
            <gpxtpx:hr>102</gpxtpx:hr>
          </gpxtpx:TrackPointExtension>
        </extensions>
      </trkpt>
      <trkpt lat="31.238515625143783" lon="121.62126448693157">
        <ele>4.5683550126850605</ele>
        <time>1970-01-01T00:06:58Z</time>
        <extensions>
          <gpxtpx:TrackPointExtension>
            <gpxtpx:hr>102</gpxtpx:hr>
          </gpxtpx:TrackPointExtension>
        </extensions>
      </trkpt>
      <trkpt lat="31.23851541466104" lon="121.62126445139505">
        <ele>4.572292473167181</ele>
        <time>1970-01-01T00:06:59Z</time>
        <extensions>
          <gpxtpx:TrackPointExtension>
            <gpxtpx:hr>102</gpxtpx:hr>
          </gpxtpx:TrackPointExtension>
        </extensions>
      </trkpt>
      <trkpt lat="31.238515193181918" lon="121.62126439737492">
        <ele>4.5757460705935955</ele>
        <time>1970-01-01T00:07:00Z</time>
        <extensions>
          <gpxtpx:TrackPointExtension>
            <gpxtpx:hr>94</gpxtpx:hr>
          </gpxtpx:TrackPointExtension>
        </extensions>
      </trkpt>
      <trkpt lat="31.23851493519508" lon="121.62126431933815">
        <ele>4.578111620619893</ele>
        <time>1970-01-01T00:07:01Z</time>
        <extensions>
          <gpxtpx:TrackPointExtension>
            <gpxtpx:hr>94</gpxtpx:hr>
          </gpxtpx:TrackPointExtension>
        </extensions>
      </trkpt>
      <trkpt lat="31.23851460094305" lon="121.62126420468498">
        <ele>4.578764850273728</ele>
        <time>1970-01-01T00:07:02Z</time>
        <extensions>
          <gpxtpx:TrackPointExtension>
            <gpxtpx:hr>94</gpxtpx:hr>
          </gpxtpx:TrackPointExtension>
        </extensions>
      </trkpt>
      <trkpt lat="31.23851417230657" lon="121.62126404651423">
        <ele>4.577137832529843</ele>
        <time>1970-01-01T00:07:03Z</time>
        <extensions>
          <gpxtpx:TrackPointExtension>
            <gpxtpx:hr>94</gpxtpx:hr>
          </gpxtpx:TrackPointExtension>
        </extensions>
      </trkpt>
      <trkpt lat="31.238513655224047" lon="121.62126384463795">
        <ele>4.57281306758523</ele>
        <time>1970-01-01T00:07:04Z</time>
        <extensions>
          <gpxtpx:TrackPointExtension>
            <gpxtpx:hr>94</gpxtpx:hr>
          </gpxtpx:TrackPointExtension>
        </extensions>
      </trkpt>
      <trkpt lat="31.23851303678211" lon="121.62126358910615">
        <ele>4.56557600852102</ele>
        <time>1970-01-01T00:07:05Z</time>
        <extensions>
          <gpxtpx:TrackPointExtension>
            <gpxtpx:hr>96</gpxtpx:hr>
          </gpxtpx:TrackPointExtension>
        </extensions>
      </trkpt>
      <trkpt lat="31.2385122793133" lon="121.62126325379343">
        <ele>4.555416628718376</ele>
        <time>1970-01-01T00:07:06Z</time>
        <extensions>
          <gpxtpx:TrackPointExtension>
            <gpxtpx:hr>96</gpxtpx:hr>
          </gpxtpx:TrackPointExtension>
        </extensions>
      </trkpt>
      <trkpt lat="31.238511356609074" lon="121.62126281016417">
        <ele>4.542512218467891</ele>
        <time>1970-01-01T00:07:07Z</time>
        <extensions>
          <gpxtpx:TrackPointExtension>
            <gpxtpx:hr>96</gpxtpx:hr>
          </gpxtpx:TrackPointExtension>
        </extensions>
      </trkpt>
      <trkpt lat="31.238510263677572" lon="121.62126222387153">
        <ele>4.527173908427358</ele>
        <time>1970-01-01T00:07:08Z</time>
        <extensions>
          <gpxtpx:TrackPointExtension>
            <gpxtpx:hr>96</gpxtpx:hr>
          </gpxtpx:TrackPointExtension>
        </extensions>
      </trkpt>
      <trkpt lat="31.238508996683947" lon="121.6212614324568">
        <ele>4.509776272810996</ele>
        <time>1970-01-01T00:07:09Z</time>
        <extensions>
          <gpxtpx:TrackPointExtension>
            <gpxtpx:hr>91</gpxtpx:hr>
          </gpxtpx:TrackPointExtension>
        </extensions>
      </trkpt>
      <trkpt lat="31.238507552954683" lon="121.62126031237402">
        <ele>4.490680229850113</ele>
        <time>1970-01-01T00:07:10Z</time>
        <extensions>
          <gpxtpx:TrackPointExtension>
            <gpxtpx:hr>91</gpxtpx:hr>
          </gpxtpx:TrackPointExtension>
        </extensions>
      </trkpt>
      <trkpt lat="31.238505957502095" lon="121.62125868156326">
        <ele>4.470111835747957</ele>
        <time>1970-01-01T00:07:11Z</time>
        <extensions>
          <gpxtpx:TrackPointExtension>
            <gpxtpx:hr>91</gpxtpx:hr>
          </gpxtpx:TrackPointExtension>
        </extensions>
      </trkpt>
      <trkpt lat="31.238504270123922" lon="121.62125619237226">
        <ele>4.448063559830189</ele>
        <time>1970-01-01T00:07:12Z</time>
        <extensions>
          <gpxtpx:TrackPointExtension>
            <gpxtpx:hr>91</gpxtpx:hr>
          </gpxtpx:TrackPointExtension>
        </extensions>
      </trkpt>
      <trkpt lat="31.238502505321918" lon="121.62125221527576">
        <ele>4.424266482703388</ele>
        <time>1970-01-01T00:07:13Z</time>
        <extensions>
          <gpxtpx:TrackPointExtension>
            <gpxtpx:hr>91</gpxtpx:hr>
          </gpxtpx:TrackPointExtension>
        </extensions>
      </trkpt>
      <trkpt lat="31.238500512644237" lon="121.62124585057502">
        <ele>4.398223937489092</ele>
        <time>1970-01-01T00:07:14Z</time>
        <extensions>
          <gpxtpx:TrackPointExtension>
            <gpxtpx:hr>92</gpxtpx:hr>
          </gpxtpx:TrackPointExtension>
        </extensions>
      </trkpt>
      <trkpt lat="31.23849838665217" lon="121.62123605985454">
        <ele>4.369347640313208</ele>
        <time>1970-01-01T00:07:15Z</time>
        <extensions>
          <gpxtpx:TrackPointExtension>
            <gpxtpx:hr>92</gpxtpx:hr>
          </gpxtpx:TrackPointExtension>
        </extensions>
      </trkpt>
      <trkpt lat="31.23849601698408" lon="121.62122212794375">
        <ele>4.337249679490924</ele>
        <time>1970-01-01T00:07:16Z</time>
        <extensions>
          <gpxtpx:TrackPointExtension>
            <gpxtpx:hr>92</gpxtpx:hr>
          </gpxtpx:TrackPointExtension>
        </extensions>
      </trkpt>
      <trkpt lat="31.23849259266219" lon="121.62120336341938">
        <ele>4.302172232419252</ele>
        <time>1970-01-01T00:07:17Z</time>
        <extensions>
          <gpxtpx:TrackPointExtension>
            <gpxtpx:hr>92</gpxtpx:hr>
          </gpxtpx:TrackPointExtension>
        </extensions>
      </trkpt>
      <trkpt lat="31.238489200290367" lon="121.62118635945635">
        <ele>4.27532112877816</ele>
        <time>1970-01-01T00:07:17.700000Z</time>
        <extensions>
          <gpxtpx:TrackPointExtension>
            <gpxtpx:hr>92</gpxtpx:hr>
          </gpxtpx:TrackPointExtension>
        </extensions>
      </trkpt>
      <trkpt lat="31.238483489363727" lon="121.62115857678518">
        <ele>4.238585338927805</ele>
        <time>1970-01-01T00:07:18.700000Z</time>
        <extensions>
          <gpxtpx:TrackPointExtension>
            <gpxtpx:hr>93</gpxtpx:hr>
          </gpxtpx:TrackPointExtension>
        </extensions>
      </trkpt>
      <trkpt lat="31.23847747348708" lon="121.62112669959805">
        <ele>4.203897934406996</ele>
        <time>1970-01-01T00:07:19.700000Z</time>
        <extensions>
          <gpxtpx:TrackPointExtension>
            <gpxtpx:hr>93</gpxtpx:hr>
          </gpxtpx:TrackPointExtension>
        </extensions>
      </trkpt>
      <trkpt lat="31.238472492504105" lon="121.62109301573699">
        <ele>4.17329784668982</ele>
        <time>1970-01-01T00:07:20.700000Z</time>
        <extensions>
          <gpxtpx:TrackPointExtension>
            <gpxtpx:hr>93</gpxtpx:hr>
          </gpxtpx:TrackPointExtension>
        </extensions>
      </trkpt>
      <trkpt lat="31.23846903868741" lon="121.62105905228393">
        <ele>4.148243291303515</ele>
        <time>1970-01-01T00:07:21.700000Z</time>
        <extensions>
          <gpxtpx:TrackPointExtension>
            <gpxtpx:hr>93</gpxtpx:hr>
          </gpxtpx:TrackPointExtension>
        </extensions>
      </trkpt>
      <trkpt lat="31.238467202796098" lon="121.62102512913197">
        <ele>4.129608007147908</ele>
        <time>1970-01-01T00:07:22.700000Z</time>
        <extensions>
          <gpxtpx:TrackPointExtension>
            <gpxtpx:hr>93</gpxtpx:hr>
          </gpxtpx:TrackPointExtension>
        </extensions>
      </trkpt>
      <trkpt lat="31.23846675147897" lon="121.62099118218347">
        <ele>4.11777716781944</ele>
        <time>1970-01-01T00:07:23.700000Z</time>
        <extensions>
          <gpxtpx:TrackPointExtension>
            <gpxtpx:hr>98</gpxtpx:hr>
          </gpxtpx:TrackPointExtension>
        </extensions>
      </trkpt>
      <trkpt lat="31.238467206269306" lon="121.6209573718743">
        <ele>4.112527361139655</ele>
        <time>1970-01-01T00:07:24.700000Z</time>
        <extensions>
          <gpxtpx:TrackPointExtension>
            <gpxtpx:hr>98</gpxtpx:hr>
          </gpxtpx:TrackPointExtension>
        </extensions>
      </trkpt>
      <trkpt lat="31.238468605530503" lon="121.62092375326712">
        <ele>4.112788688391447</ele>
        <time>1970-01-01T00:07:25.700000Z</time>
        <extensions>
          <gpxtpx:TrackPointExtension>
            <gpxtpx:hr>98</gpxtpx:hr>
          </gpxtpx:TrackPointExtension>
        </extensions>
      </trkpt>
      <trkpt lat="31.2384710745901" lon="121.62089023988037">
        <ele>4.117236819118261</ele>
        <time>1970-01-01T00:07:26.700000Z</time>
        <extensions>
          <gpxtpx:TrackPointExtension>
            <gpxtpx:hr>98</gpxtpx:hr>
          </gpxtpx:TrackPointExtension>
        </extensions>
      </trkpt>
      <trkpt lat="31.238474242956904" lon="121.62085710018526">
        <ele>4.124885185621679</ele>
        <time>1970-01-01T00:07:27.700000Z</time>
        <extensions>
          <gpxtpx:TrackPointExtension>
            <gpxtpx:hr>98</gpxtpx:hr>
          </gpxtpx:TrackPointExtension>
        </extensions>
      </trkpt>
      <trkpt lat="31.23847782830336" lon="121.6208245963315">
        <ele>4.1352525148540735</ele>
        <time>1970-01-01T00:07:28.700000Z</time>
        <extensions>
          <gpxtpx:TrackPointExtension>
            <gpxtpx:hr>98</gpxtpx:hr>
          </gpxtpx:TrackPointExtension>
        </extensions>
      </trkpt>
      <trkpt lat="31.238481472344372" lon="121.62079299762901">
        <ele>4.148290148936212</ele>
        <time>1970-01-01T00:07:29.700000Z</time>
        <extensions>
          <gpxtpx:TrackPointExtension>
            <gpxtpx:hr>113</gpxtpx:hr>
          </gpxtpx:TrackPointExtension>
        </extensions>
      </trkpt>
      <trkpt lat="31.238484680065334" lon="121.62076263809864">
        <ele>4.163726668804884</ele>
        <time>1970-01-01T00:07:30.700000Z</time>
        <extensions>
          <gpxtpx:TrackPointExtension>
            <gpxtpx:hr>113</gpxtpx:hr>
          </gpxtpx:TrackPointExtension>
        </extensions>
      </trkpt>
      <trkpt lat="31.238487548773275" lon="121.62073331567984">
        <ele>4.180574997328222</ele>
        <time>1970-01-01T00:07:31.700000Z</time>
        <extensions>
          <gpxtpx:TrackPointExtension>
            <gpxtpx:hr>113</gpxtpx:hr>
          </gpxtpx:TrackPointExtension>
        </extensions>
      </trkpt>
      <trkpt lat="31.23849006519147" lon="121.62070460548541">
        <ele>4.19740295317024</ele>
        <time>1970-01-01T00:07:32.700000Z</time>
        <extensions>
          <gpxtpx:TrackPointExtension>
            <gpxtpx:hr>113</gpxtpx:hr>
          </gpxtpx:TrackPointExtension>
        </extensions>
      </trkpt>
      <trkpt lat="31.23849160339061" lon="121.62067646748527">
        <ele>4.212563126347959</ele>
        <time>1970-01-01T00:07:33.700000Z</time>
        <extensions>
          <gpxtpx:TrackPointExtension>
            <gpxtpx:hr>113</gpxtpx:hr>
          </gpxtpx:TrackPointExtension>
        </extensions>
      </trkpt>
      <trkpt lat="31.238492790591657" lon="121.62064875100582">
        <ele>4.2242431147024035</ele>
        <time>1970-01-01T00:07:34.700000Z</time>
        <extensions>
          <gpxtpx:TrackPointExtension>
            <gpxtpx:hr>115</gpxtpx:hr>
          </gpxtpx:TrackPointExtension>
        </extensions>
      </trkpt>
      <trkpt lat="31.238494373810735" lon="121.6206208887866">
        <ele>4.2309126276522875</ele>
        <time>1970-01-01T00:07:35.700000Z</time>
        <extensions>
          <gpxtpx:TrackPointExtension>
            <gpxtpx:hr>115</gpxtpx:hr>
          </gpxtpx:TrackPointExtension>
        </extensions>
      </trkpt>
      <trkpt lat="31.23849568445898" lon="121.62059246663335">
        <ele>4.231957231648266</ele>
        <time>1970-01-01T00:07:36.700000Z</time>
        <extensions>
          <gpxtpx:TrackPointExtension>
            <gpxtpx:hr>115</gpxtpx:hr>
          </gpxtpx:TrackPointExtension>
        </extensions>
      </trkpt>
      <trkpt lat="31.238496092211967" lon="121.6205635424014">
        <ele>4.227724773809314</ele>
        <time>1970-01-01T00:07:37.700000Z</time>
        <extensions>
          <gpxtpx:TrackPointExtension>
            <gpxtpx:hr>115</gpxtpx:hr>
          </gpxtpx:TrackPointExtension>
        </extensions>
      </trkpt>
      <trkpt lat="31.238495434746408" lon="121.62053454672991">
        <ele>4.218876943923533</ele>
        <time>1970-01-01T00:07:38.700000Z</time>
        <extensions>
          <gpxtpx:TrackPointExtension>
            <gpxtpx:hr>115</gpxtpx:hr>
          </gpxtpx:TrackPointExtension>
        </extensions>
      </trkpt>
      <trkpt lat="31.23849395239354" lon="121.62050565851915">
        <ele>4.205872856080532</ele>
        <time>1970-01-01T00:07:39.700000Z</time>
        <extensions>
          <gpxtpx:TrackPointExtension>
            <gpxtpx:hr>127</gpxtpx:hr>
          </gpxtpx:TrackPointExtension>
        </extensions>
      </trkpt>
      <trkpt lat="31.23849209990318" lon="121.62047687971537">
        <ele>4.189428061246872</ele>
        <time>1970-01-01T00:07:40.700000Z</time>
        <extensions>
          <gpxtpx:TrackPointExtension>
            <gpxtpx:hr>127</gpxtpx:hr>
          </gpxtpx:TrackPointExtension>
        </extensions>
      </trkpt>
      <trkpt lat="31.23849006909579" lon="121.62044825818347">
        <ele>4.170990406535566</ele>
        <time>1970-01-01T00:07:41.800000Z</time>
        <extensions>
          <gpxtpx:TrackPointExtension>
            <gpxtpx:hr>127</gpxtpx:hr>
          </gpxtpx:TrackPointExtension>
        </extensions>
      </trkpt>
      <trkpt lat="31.23848752250606" lon="121.62041979965588">
        <ele>4.152531589381397</ele>
        <time>1970-01-01T00:07:42.800000Z</time>
        <extensions>
          <gpxtpx:TrackPointExtension>
            <gpxtpx:hr>127</gpxtpx:hr>
          </gpxtpx:TrackPointExtension>
        </extensions>
      </trkpt>
      <trkpt lat="31.23848429545942" lon="121.6203914409798">
        <ele>4.135761231184006</ele>
        <time>1970-01-01T00:07:43.800000Z</time>
        <extensions>
          <gpxtpx:TrackPointExtension>
            <gpxtpx:hr>127</gpxtpx:hr>
          </gpxtpx:TrackPointExtension>
        </extensions>
      </trkpt>
      <trkpt lat="31.23848065837409" lon="121.62036298353736">
        <ele>4.1216706754639745</ele>
        <time>1970-01-01T00:07:44.800000Z</time>
        <extensions>
          <gpxtpx:TrackPointExtension>
            <gpxtpx:hr>127</gpxtpx:hr>
          </gpxtpx:TrackPointExtension>
        </extensions>
      </trkpt>
      <trkpt lat="31.238476252119806" lon="121.62033457975376">
        <ele>4.110963118262589</ele>
        <time>1970-01-01T00:07:45.800000Z</time>
        <extensions>
          <gpxtpx:TrackPointExtension>
            <gpxtpx:hr>129</gpxtpx:hr>
          </gpxtpx:TrackPointExtension>
        </extensions>
      </trkpt>
      <trkpt lat="31.23847060395931" lon="121.62030652220842">
        <ele>4.104304421693087</ele>
        <time>1970-01-01T00:07:46.800000Z</time>
        <extensions>
          <gpxtpx:TrackPointExtension>
            <gpxtpx:hr>129</gpxtpx:hr>
          </gpxtpx:TrackPointExtension>
        </extensions>
      </trkpt>
      <trkpt lat="31.238464172635087" lon="121.6202786074426">
        <ele>4.102234757505357</ele>
        <time>1970-01-01T00:07:47.800000Z</time>
        <extensions>
          <gpxtpx:TrackPointExtension>
            <gpxtpx:hr>129</gpxtpx:hr>
          </gpxtpx:TrackPointExtension>
        </extensions>
      </trkpt>
      <trkpt lat="31.238457539884163" lon="121.62025064584455">
        <ele>4.10540637280792</ele>
        <time>1970-01-01T00:07:48.800000Z</time>
        <extensions>
          <gpxtpx:TrackPointExtension>
            <gpxtpx:hr>132</gpxtpx:hr>
          </gpxtpx:TrackPointExtension>
        </extensions>
      </trkpt>
      <trkpt lat="31.238451202683123" lon="121.6202227435245">
        <ele>4.114563005045056</ele>
        <time>1970-01-01T00:07:49.800000Z</time>
        <extensions>
          <gpxtpx:TrackPointExtension>
            <gpxtpx:hr>132</gpxtpx:hr>
          </gpxtpx:TrackPointExtension>
        </extensions>
      </trkpt>
      <trkpt lat="31.238445519445776" lon="121.62019487188739">
        <ele>4.130063283257186</ele>
        <time>1970-01-01T00:07:50.800000Z</time>
        <extensions>
          <gpxtpx:TrackPointExtension>
            <gpxtpx:hr>132</gpxtpx:hr>
          </gpxtpx:TrackPointExtension>
        </extensions>
      </trkpt>
      <trkpt lat="31.238440469686992" lon="121.62016695358875">
        <ele>4.151793665252626</ele>
        <time>1970-01-01T00:07:51.800000Z</time>
        <extensions>
          <gpxtpx:TrackPointExtension>
            <gpxtpx:hr>132</gpxtpx:hr>
          </gpxtpx:TrackPointExtension>
        </extensions>
      </trkpt>
      <trkpt lat="31.23843578150096" lon="121.62013895696163">
        <ele>4.179022617638111</ele>
        <time>1970-01-01T00:07:52.800000Z</time>
        <extensions>
          <gpxtpx:TrackPointExtension>
            <gpxtpx:hr>132</gpxtpx:hr>
          </gpxtpx:TrackPointExtension>
        </extensions>
      </trkpt>
      <trkpt lat="31.238431277581483" lon="121.62011076948528">
        <ele>4.210347936488688</ele>
        <time>1970-01-01T00:07:53.800000Z</time>
        <extensions>
          <gpxtpx:TrackPointExtension>
            <gpxtpx:hr>132</gpxtpx:hr>
          </gpxtpx:TrackPointExtension>
        </extensions>
      </trkpt>
      <trkpt lat="31.238427031703036" lon="121.62008236115106">
        <ele>4.244225408881903</ele>
        <time>1970-01-01T00:07:54.800000Z</time>
        <extensions>
          <gpxtpx:TrackPointExtension>
            <gpxtpx:hr>139</gpxtpx:hr>
          </gpxtpx:TrackPointExtension>
        </extensions>
      </trkpt>
      <trkpt lat="31.23842276059667" lon="121.62005405881632">
        <ele>4.279269705526531</ele>
        <time>1970-01-01T00:07:55.800000Z</time>
        <extensions>
          <gpxtpx:TrackPointExtension>
            <gpxtpx:hr>139</gpxtpx:hr>
          </gpxtpx:TrackPointExtension>
        </extensions>
      </trkpt>
      <trkpt lat="31.23841850662838" lon="121.62002606151093">
        <ele>4.314270880073309</ele>
        <time>1970-01-01T00:07:56.800000Z</time>
        <extensions>
          <gpxtpx:TrackPointExtension>
            <gpxtpx:hr>139</gpxtpx:hr>
          </gpxtpx:TrackPointExtension>
        </extensions>
      </trkpt>
      <trkpt lat="31.238414627573498" lon="121.61999794781993">
        <ele>4.348034438677132</ele>
        <time>1970-01-01T00:07:57.800000Z</time>
        <extensions>
          <gpxtpx:TrackPointExtension>
            <gpxtpx:hr>139</gpxtpx:hr>
          </gpxtpx:TrackPointExtension>
        </extensions>
      </trkpt>
      <trkpt lat="31.238410894401113" lon="121.61996948824823">
        <ele>4.379332571290433</ele>
        <time>1970-01-01T00:07:58.800000Z</time>
        <extensions>
          <gpxtpx:TrackPointExtension>
            <gpxtpx:hr>139</gpxtpx:hr>
          </gpxtpx:TrackPointExtension>
        </extensions>
      </trkpt>
      <trkpt lat="31.23840714815663" lon="121.61994088581159">
        <ele>4.4069637935608625</ele>
        <time>1970-01-01T00:07:59.800000Z</time>
        <extensions>
          <gpxtpx:TrackPointExtension>
            <gpxtpx:hr>139</gpxtpx:hr>
          </gpxtpx:TrackPointExtension>
        </extensions>
      </trkpt>
      <trkpt lat="31.23840369479571" lon="121.61991213919713">
        <ele>4.429689413867891</ele>
        <time>1970-01-01T00:08:00.800000Z</time>
        <extensions>
          <gpxtpx:TrackPointExtension>
            <gpxtpx:hr>143</gpxtpx:hr>
          </gpxtpx:TrackPointExtension>
        </extensions>
      </trkpt>
      <trkpt lat="31.238400640373595" lon="121.6198833286959">
        <ele>4.447057619690895</ele>
        <time>1970-01-01T00:08:01.800000Z</time>
        <extensions>
          <gpxtpx:TrackPointExtension>
            <gpxtpx:hr>143</gpxtpx:hr>
          </gpxtpx:TrackPointExtension>
        </extensions>
      </trkpt>
      <trkpt lat="31.23839756518317" lon="121.61985490550657">
        <ele>4.459852248430252</ele>
        <time>1970-01-01T00:08:02.800000Z</time>
        <extensions>
          <gpxtpx:TrackPointExtension>
            <gpxtpx:hr>143</gpxtpx:hr>
          </gpxtpx:TrackPointExtension>
        </extensions>
      </trkpt>
      <trkpt lat="31.23839424767606" lon="121.61982689194747">
        <ele>4.469199548475444</ele>
        <time>1970-01-01T00:08:03.800000Z</time>
        <extensions>
          <gpxtpx:TrackPointExtension>
            <gpxtpx:hr>143</gpxtpx:hr>
          </gpxtpx:TrackPointExtension>
        </extensions>
      </trkpt>
      <trkpt lat="31.238390708226387" lon="121.6197990494417">
        <ele>4.475943502038717</ele>
        <time>1970-01-01T00:08:04.800000Z</time>
        <extensions>
          <gpxtpx:TrackPointExtension>
            <gpxtpx:hr>143</gpxtpx:hr>
          </gpxtpx:TrackPointExtension>
        </extensions>
      </trkpt>
      <trkpt lat="31.238386954407456" lon="121.61977134490066">
        <ele>4.48056305013597</ele>
        <time>1970-01-01T00:08:05.800000Z</time>
        <extensions>
          <gpxtpx:TrackPointExtension>
            <gpxtpx:hr>147</gpxtpx:hr>
          </gpxtpx:TrackPointExtension>
        </extensions>
      </trkpt>
      <trkpt lat="31.238383157921533" lon="121.61974333784802">
        <ele>4.483267564326525</ele>
        <time>1970-01-01T00:08:06.800000Z</time>
        <extensions>
          <gpxtpx:TrackPointExtension>
            <gpxtpx:hr>147</gpxtpx:hr>
          </gpxtpx:TrackPointExtension>
        </extensions>
      </trkpt>
      <trkpt lat="31.23837938868294" lon="121.61971479068916">
        <ele>4.4841566467657685</ele>
        <time>1970-01-01T00:08:07.800000Z</time>
        <extensions>
          <gpxtpx:TrackPointExtension>
            <gpxtpx:hr>147</gpxtpx:hr>
          </gpxtpx:TrackPointExtension>
        </extensions>
      </trkpt>
      <trkpt lat="31.23837539702562" lon="121.61968606049167">
        <ele>4.483103996142745</ele>
        <time>1970-01-01T00:08:08.800000Z</time>
        <extensions>
          <gpxtpx:TrackPointExtension>
            <gpxtpx:hr>147</gpxtpx:hr>
          </gpxtpx:TrackPointExtension>
        </extensions>
      </trkpt>
      <trkpt lat="31.23837123557735" lon="121.61965736681437">
        <ele>4.479706858284771</ele>
        <time>1970-01-01T00:08:09.800000Z</time>
        <extensions>
          <gpxtpx:TrackPointExtension>
            <gpxtpx:hr>147</gpxtpx:hr>
          </gpxtpx:TrackPointExtension>
        </extensions>
      </trkpt>
      <trkpt lat="31.238367267709112" lon="121.61962864405118">
        <ele>4.47361227683723</ele>
        <time>1970-01-01T00:08:10.800000Z</time>
        <extensions>
          <gpxtpx:TrackPointExtension>
            <gpxtpx:hr>150</gpxtpx:hr>
          </gpxtpx:TrackPointExtension>
        </extensions>
      </trkpt>
      <trkpt lat="31.23836312797578" lon="121.61960020360503">
        <ele>4.464775656349957</ele>
        <time>1970-01-01T00:08:11.800000Z</time>
        <extensions>
          <gpxtpx:TrackPointExtension>
            <gpxtpx:hr>150</gpxtpx:hr>
          </gpxtpx:TrackPointExtension>
        </extensions>
      </trkpt>
      <trkpt lat="31.23835878281391" lon="121.6195723367288">
        <ele>4.453267723321915</ele>
        <time>1970-01-01T00:08:12.800000Z</time>
        <extensions>
          <gpxtpx:TrackPointExtension>
            <gpxtpx:hr>150</gpxtpx:hr>
          </gpxtpx:TrackPointExtension>
        </extensions>
      </trkpt>
      <trkpt lat="31.238354746094405" lon="121.61954456021796">
        <ele>4.43872888199985</ele>
        <time>1970-01-01T00:08:13.800000Z</time>
        <extensions>
          <gpxtpx:TrackPointExtension>
            <gpxtpx:hr>150</gpxtpx:hr>
          </gpxtpx:TrackPointExtension>
        </extensions>
      </trkpt>
      <trkpt lat="31.238350896926335" lon="121.61951639912694">
        <ele>4.420445926487446</ele>
        <time>1970-01-01T00:08:14.800000Z</time>
        <extensions>
          <gpxtpx:TrackPointExtension>
            <gpxtpx:hr>151</gpxtpx:hr>
          </gpxtpx:TrackPointExtension>
        </extensions>
      </trkpt>
      <trkpt lat="31.23834716142149" lon="121.61948772378628">
        <ele>4.397943804971874</ele>
        <time>1970-01-01T00:08:15.800000Z</time>
        <extensions>
          <gpxtpx:TrackPointExtension>
            <gpxtpx:hr>151</gpxtpx:hr>
          </gpxtpx:TrackPointExtension>
        </extensions>
      </trkpt>
      <trkpt lat="31.238343692294727" lon="121.61945827997853">
        <ele>4.371217425912619</ele>
        <time>1970-01-01T00:08:16.800000Z</time>
        <extensions>
          <gpxtpx:TrackPointExtension>
            <gpxtpx:hr>151</gpxtpx:hr>
          </gpxtpx:TrackPointExtension>
        </extensions>
      </trkpt>
      <trkpt lat="31.23834016532442" lon="121.61942775512318">
        <ele>4.340631701052189</ele>
        <time>1970-01-01T00:08:17.900000Z</time>
        <extensions>
          <gpxtpx:TrackPointExtension>
            <gpxtpx:hr>153</gpxtpx:hr>
          </gpxtpx:TrackPointExtension>
        </extensions>
      </trkpt>
      <trkpt lat="31.23833629677356" lon="121.61939603409088">
        <ele>4.306530999019742</ele>
        <time>1970-01-01T00:08:18.900000Z</time>
        <extensions>
          <gpxtpx:TrackPointExtension>
            <gpxtpx:hr>153</gpxtpx:hr>
          </gpxtpx:TrackPointExtension>
        </extensions>
      </trkpt>
      <trkpt lat="31.23833235719404" lon="121.61936358799889">
        <ele>4.269049330614507</ele>
        <time>1970-01-01T00:08:19.900000Z</time>
        <extensions>
          <gpxtpx:TrackPointExtension>
            <gpxtpx:hr>153</gpxtpx:hr>
          </gpxtpx:TrackPointExtension>
        </extensions>
      </trkpt>
      <trkpt lat="31.238328316050268" lon="121.61933140523522">
        <ele>4.228425680659711</ele>
        <time>1970-01-01T00:08:20.900000Z</time>
        <extensions>
          <gpxtpx:TrackPointExtension>
            <gpxtpx:hr>153</gpxtpx:hr>
          </gpxtpx:TrackPointExtension>
        </extensions>
      </trkpt>
      <trkpt lat="31.238323927197566" lon="121.61930005698395">
        <ele>4.185280294157565</ele>
        <time>1970-01-01T00:08:21.900000Z</time>
        <extensions>
          <gpxtpx:TrackPointExtension>
            <gpxtpx:hr>153</gpxtpx:hr>
          </gpxtpx:TrackPointExtension>
        </extensions>
      </trkpt>
      <trkpt lat="31.238319305516523" lon="121.61926941690416">
        <ele>4.140668308362365</ele>
        <time>1970-01-01T00:08:22.900000Z</time>
        <extensions>
          <gpxtpx:TrackPointExtension>
            <gpxtpx:hr>153</gpxtpx:hr>
          </gpxtpx:TrackPointExtension>
        </extensions>
      </trkpt>
      <trkpt lat="31.23831460048482" lon="121.61923931774695">
        <ele>4.096030158922076</ele>
        <time>1970-01-01T00:08:23.900000Z</time>
        <extensions>
          <gpxtpx:TrackPointExtension>
            <gpxtpx:hr>153</gpxtpx:hr>
          </gpxtpx:TrackPointExtension>
        </extensions>
      </trkpt>
      <trkpt lat="31.238310005329904" lon="121.6192100074247">
        <ele>4.052931796759367</ele>
        <time>1970-01-01T00:08:24.900000Z</time>
        <extensions>
          <gpxtpx:TrackPointExtension>
            <gpxtpx:hr>155</gpxtpx:hr>
          </gpxtpx:TrackPointExtension>
        </extensions>
      </trkpt>
      <trkpt lat="31.23830585823413" lon="121.61918144124333">
        <ele>4.012824765406549</ele>
        <time>1970-01-01T00:08:25.900000Z</time>
        <extensions>
          <gpxtpx:TrackPointExtension>
            <gpxtpx:hr>155</gpxtpx:hr>
          </gpxtpx:TrackPointExtension>
        </extensions>
      </trkpt>
      <trkpt lat="31.23830213741078" lon="121.61915303661091">
        <ele>3.9770544581115246</ele>
        <time>1970-01-01T00:08:26.900000Z</time>
        <extensions>
          <gpxtpx:TrackPointExtension>
            <gpxtpx:hr>155</gpxtpx:hr>
          </gpxtpx:TrackPointExtension>
        </extensions>
      </trkpt>
      <trkpt lat="31.238298497769822" lon="121.61912458657173">
        <ele>3.9467273205518723</ele>
        <time>1970-01-01T00:08:27.900000Z</time>
        <extensions>
          <gpxtpx:TrackPointExtension>
            <gpxtpx:hr>155</gpxtpx:hr>
          </gpxtpx:TrackPointExtension>
        </extensions>
      </trkpt>
      <trkpt lat="31.238294952650353" lon="121.61909618249823">
        <ele>3.9226961340755224</ele>
        <time>1970-01-01T00:08:28.900000Z</time>
        <extensions>
          <gpxtpx:TrackPointExtension>
            <gpxtpx:hr>155</gpxtpx:hr>
          </gpxtpx:TrackPointExtension>
        </extensions>
      </trkpt>
      <trkpt lat="31.238291661989017" lon="121.61906785520837">
        <ele>3.9057050440460443</ele>
        <time>1970-01-01T00:08:29.900000Z</time>
        <extensions>
          <gpxtpx:TrackPointExtension>
            <gpxtpx:hr>155</gpxtpx:hr>
          </gpxtpx:TrackPointExtension>
        </extensions>
      </trkpt>
      <trkpt lat="31.238288332229608" lon="121.61903997736405">
        <ele>3.8962727272883058</ele>
        <time>1970-01-01T00:08:30.900000Z</time>
        <extensions>
          <gpxtpx:TrackPointExtension>
            <gpxtpx:hr>155</gpxtpx:hr>
          </gpxtpx:TrackPointExtension>
        </extensions>
      </trkpt>
      <trkpt lat="31.238284925673398" lon="121.61901305086792">
        <ele>3.8945743376389146</ele>
        <time>1970-01-01T00:08:31.900000Z</time>
        <extensions>
          <gpxtpx:TrackPointExtension>
            <gpxtpx:hr>155</gpxtpx:hr>
          </gpxtpx:TrackPointExtension>
        </extensions>
      </trkpt>
      <trkpt lat="31.238281617251495" lon="121.61898689073483">
        <ele>3.900102075189352</ele>
        <time>1970-01-01T00:08:32.900000Z</time>
        <extensions>
          <gpxtpx:TrackPointExtension>
            <gpxtpx:hr>155</gpxtpx:hr>
          </gpxtpx:TrackPointExtension>
        </extensions>
      </trkpt>
      <trkpt lat="31.238278178253033" lon="121.618961047044">
        <ele>3.9115718649700284</ele>
        <time>1970-01-01T00:08:33.900000Z</time>
        <extensions>
          <gpxtpx:TrackPointExtension>
            <gpxtpx:hr>155</gpxtpx:hr>
          </gpxtpx:TrackPointExtension>
        </extensions>
      </trkpt>
      <trkpt lat="31.23827463730261" lon="121.61893563889943">
        <ele>3.9274290185421705</ele>
        <time>1970-01-01T00:08:34.900000Z</time>
        <extensions>
          <gpxtpx:TrackPointExtension>
            <gpxtpx:hr>155</gpxtpx:hr>
          </gpxtpx:TrackPointExtension>
        </extensions>
      </trkpt>
      <trkpt lat="31.238271301446055" lon="121.618910910456">
        <ele>3.946301346644759</ele>
        <time>1970-01-01T00:08:35.900000Z</time>
        <extensions>
          <gpxtpx:TrackPointExtension>
            <gpxtpx:hr>155</gpxtpx:hr>
          </gpxtpx:TrackPointExtension>
        </extensions>
      </trkpt>
      <trkpt lat="31.238268108785203" lon="121.6188863629742">
        <ele>3.967240074649453</ele>
        <time>1970-01-01T00:08:36.900000Z</time>
        <extensions>
          <gpxtpx:TrackPointExtension>
            <gpxtpx:hr>156</gpxtpx:hr>
          </gpxtpx:TrackPointExtension>
        </extensions>
      </trkpt>
      <trkpt lat="31.238264811886026" lon="121.61886137845303">
        <ele>3.9896651692688465</ele>
        <time>1970-01-01T00:08:37.900000Z</time>
        <extensions>
          <gpxtpx:TrackPointExtension>
            <gpxtpx:hr>156</gpxtpx:hr>
          </gpxtpx:TrackPointExtension>
        </extensions>
      </trkpt>
      <trkpt lat="31.23826147860718" lon="121.61883584646404">
        <ele>4.012953011319041</ele>
        <time>1970-01-01T00:08:38.900000Z</time>
        <extensions>
          <gpxtpx:TrackPointExtension>
            <gpxtpx:hr>156</gpxtpx:hr>
          </gpxtpx:TrackPointExtension>
        </extensions>
      </trkpt>
      <trkpt lat="31.238258093432307" lon="121.6188098950671">
        <ele>4.036151001229882</ele>
        <time>1970-01-01T00:08:39.900000Z</time>
        <extensions>
          <gpxtpx:TrackPointExtension>
            <gpxtpx:hr>156</gpxtpx:hr>
          </gpxtpx:TrackPointExtension>
        </extensions>
      </trkpt>
      <trkpt lat="31.23825453476805" lon="121.61878384343092">
        <ele>4.058323420584202</ele>
        <time>1970-01-01T00:08:40.900000Z</time>
        <extensions>
          <gpxtpx:TrackPointExtension>
            <gpxtpx:hr>156</gpxtpx:hr>
          </gpxtpx:TrackPointExtension>
        </extensions>
      </trkpt>
      <trkpt lat="31.23825100396864" lon="121.61875761681664">
        <ele>4.0788348419591784</ele>
        <time>1970-01-01T00:08:41.900000Z</time>
        <extensions>
          <gpxtpx:TrackPointExtension>
            <gpxtpx:hr>157</gpxtpx:hr>
          </gpxtpx:TrackPointExtension>
        </extensions>
      </trkpt>
      <trkpt lat="31.238247732251118" lon="121.61873061818228">
        <ele>4.097431137226522</ele>
        <time>1970-01-01T00:08:42.900000Z</time>
        <extensions>
          <gpxtpx:TrackPointExtension>
            <gpxtpx:hr>157</gpxtpx:hr>
          </gpxtpx:TrackPointExtension>
        </extensions>
      </trkpt>
      <trkpt lat="31.238244417831492" lon="121.61870276006525">
        <ele>4.11436755489558</ele>
        <time>1970-01-01T00:08:43.900000Z</time>
        <extensions>
          <gpxtpx:TrackPointExtension>
            <gpxtpx:hr>157</gpxtpx:hr>
          </gpxtpx:TrackPointExtension>
        </extensions>
      </trkpt>
      <trkpt lat="31.238240900626934" lon="121.61867460610931">
        <ele>4.130180701613426</ele>
        <time>1970-01-01T00:08:44.900000Z</time>
        <extensions>
          <gpxtpx:TrackPointExtension>
            <gpxtpx:hr>157</gpxtpx:hr>
          </gpxtpx:TrackPointExtension>
        </extensions>
      </trkpt>
      <trkpt lat="31.238237575332136" lon="121.61864631915246">
        <ele>4.145481579005718</ele>
        <time>1970-01-01T00:08:45.900000Z</time>
        <extensions>
          <gpxtpx:TrackPointExtension>
            <gpxtpx:hr>157</gpxtpx:hr>
          </gpxtpx:TrackPointExtension>
        </extensions>
      </trkpt>
      <trkpt lat="31.238234354669668" lon="121.61861758406499">
        <ele>4.160530344583094</ele>
        <time>1970-01-01T00:08:46.900000Z</time>
        <extensions>
          <gpxtpx:TrackPointExtension>
            <gpxtpx:hr>157</gpxtpx:hr>
          </gpxtpx:TrackPointExtension>
        </extensions>
      </trkpt>
      <trkpt lat="31.238231109996427" lon="121.61858833057939">
        <ele>4.174969804473221</ele>
        <time>1970-01-01T00:08:47.900000Z</time>
        <extensions>
          <gpxtpx:TrackPointExtension>
            <gpxtpx:hr>157</gpxtpx:hr>
          </gpxtpx:TrackPointExtension>
        </extensions>
      </trkpt>
      <trkpt lat="31.238228240948487" lon="121.61855890526452">
        <ele>4.1883030431345105</ele>
        <time>1970-01-01T00:08:48.900000Z</time>
        <extensions>
          <gpxtpx:TrackPointExtension>
            <gpxtpx:hr>157</gpxtpx:hr>
          </gpxtpx:TrackPointExtension>
        </extensions>
      </trkpt>
      <trkpt lat="31.238225631835594" lon="121.61852959806859">
        <ele>4.200091517530382</ele>
        <time>1970-01-01T00:08:49.900000Z</time>
        <extensions>
          <gpxtpx:TrackPointExtension>
            <gpxtpx:hr>157</gpxtpx:hr>
          </gpxtpx:TrackPointExtension>
        </extensions>
      </trkpt>
      <trkpt lat="31.238222815352024" lon="121.61850066460829">
        <ele>4.209974478930235</ele>
        <time>1970-01-01T00:08:50.900000Z</time>
        <extensions>
          <gpxtpx:TrackPointExtension>
            <gpxtpx:hr>158</gpxtpx:hr>
          </gpxtpx:TrackPointExtension>
        </extensions>
      </trkpt>
      <trkpt lat="31.23821978300331" lon="121.61847212175718">
        <ele>4.217564490623772</ele>
        <time>1970-01-01T00:08:51.900000Z</time>
        <extensions>
          <gpxtpx:TrackPointExtension>
            <gpxtpx:hr>158</gpxtpx:hr>
          </gpxtpx:TrackPointExtension>
        </extensions>
      </trkpt>
      <trkpt lat="31.238216662230045" lon="121.61844346482427">
        <ele>4.222199448384345</ele>
        <time>1970-01-01T00:08:52.900000Z</time>
        <extensions>
          <gpxtpx:TrackPointExtension>
            <gpxtpx:hr>158</gpxtpx:hr>
          </gpxtpx:TrackPointExtension>
        </extensions>
      </trkpt>
      <trkpt lat="31.238213315438728" lon="121.61841438358397">
        <ele>4.223131779581308</ele>
        <time>1970-01-01T00:08:54Z</time>
        <extensions>
          <gpxtpx:TrackPointExtension>
            <gpxtpx:hr>158</gpxtpx:hr>
          </gpxtpx:TrackPointExtension>
        </extensions>
      </trkpt>
      <trkpt lat="31.23820985864087" lon="121.618385040497">
        <ele>4.219731497578323</ele>
        <time>1970-01-01T00:08:55Z</time>
        <extensions>
          <gpxtpx:TrackPointExtension>
            <gpxtpx:hr>157</gpxtpx:hr>
          </gpxtpx:TrackPointExtension>
        </extensions>
      </trkpt>
      <trkpt lat="31.238206664851003" lon="121.61835548100612">
        <ele>4.2115159425884485</ele>
        <time>1970-01-01T00:08:56Z</time>
        <extensions>
          <gpxtpx:TrackPointExtension>
            <gpxtpx:hr>157</gpxtpx:hr>
          </gpxtpx:TrackPointExtension>
        </extensions>
      </trkpt>
      <trkpt lat="31.23820369253133" lon="121.61832554496173">
        <ele>4.198323625139892</ele>
        <time>1970-01-01T00:08:57Z</time>
        <extensions>
          <gpxtpx:TrackPointExtension>
            <gpxtpx:hr>157</gpxtpx:hr>
          </gpxtpx:TrackPointExtension>
        </extensions>
      </trkpt>
      <trkpt lat="31.23820066201812" lon="121.61829558063766">
        <ele>4.180428892374039</ele>
        <time>1970-01-01T00:08:58Z</time>
        <extensions>
          <gpxtpx:TrackPointExtension>
            <gpxtpx:hr>157</gpxtpx:hr>
          </gpxtpx:TrackPointExtension>
        </extensions>
      </trkpt>
      <trkpt lat="31.238197433766352" lon="121.61826611697562">
        <ele>4.158553581684828</ele>
        <time>1970-01-01T00:08:59Z</time>
        <extensions>
          <gpxtpx:TrackPointExtension>
            <gpxtpx:hr>158</gpxtpx:hr>
          </gpxtpx:TrackPointExtension>
        </extensions>
      </trkpt>
      <trkpt lat="31.23819394450052" lon="121.61823707614754">
        <ele>4.13382753264159</ele>
        <time>1970-01-01T00:09:00Z</time>
        <extensions>
          <gpxtpx:TrackPointExtension>
            <gpxtpx:hr>158</gpxtpx:hr>
          </gpxtpx:TrackPointExtension>
        </extensions>
      </trkpt>
      <trkpt lat="31.238190144423527" lon="121.61820809982525">
        <ele>4.107650429010391</ele>
        <time>1970-01-01T00:09:01Z</time>
        <extensions>
          <gpxtpx:TrackPointExtension>
            <gpxtpx:hr>158</gpxtpx:hr>
          </gpxtpx:TrackPointExtension>
        </extensions>
      </trkpt>
      <trkpt lat="31.238186323143047" lon="121.6181789985435">
        <ele>4.081499797292054</ele>
        <time>1970-01-01T00:09:02Z</time>
        <extensions>
          <gpxtpx:TrackPointExtension>
            <gpxtpx:hr>158</gpxtpx:hr>
          </gpxtpx:TrackPointExtension>
        </extensions>
      </trkpt>
      <trkpt lat="31.2381826001562" lon="121.61814969601139">
        <ele>4.05677089933306</ele>
        <time>1970-01-01T00:09:03Z</time>
        <extensions>
          <gpxtpx:TrackPointExtension>
            <gpxtpx:hr>158</gpxtpx:hr>
          </gpxtpx:TrackPointExtension>
        </extensions>
      </trkpt>
      <trkpt lat="31.238178614796595" lon="121.61812031688649">
        <ele>4.0346284955739975</ele>
        <time>1970-01-01T00:09:04Z</time>
        <extensions>
          <gpxtpx:TrackPointExtension>
            <gpxtpx:hr>159</gpxtpx:hr>
          </gpxtpx:TrackPointExtension>
        </extensions>
      </trkpt>
      <trkpt lat="31.238174319074076" lon="121.61809123273088">
        <ele>4.015900538302958</ele>
        <time>1970-01-01T00:09:05Z</time>
        <extensions>
          <gpxtpx:TrackPointExtension>
            <gpxtpx:hr>159</gpxtpx:hr>
          </gpxtpx:TrackPointExtension>
        </extensions>
      </trkpt>
      <trkpt lat="31.23816977045451" lon="121.61806251307011">
        <ele>4.00109183229506</ele>
        <time>1970-01-01T00:09:06Z</time>
        <extensions>
          <gpxtpx:TrackPointExtension>
            <gpxtpx:hr>159</gpxtpx:hr>
          </gpxtpx:TrackPointExtension>
        </extensions>
      </trkpt>
      <trkpt lat="31.23816496937697" lon="121.6180340481589">
        <ele>3.9904615003615618</ele>
        <time>1970-01-01T00:09:07Z</time>
        <extensions>
          <gpxtpx:TrackPointExtension>
            <gpxtpx:hr>159</gpxtpx:hr>
          </gpxtpx:TrackPointExtension>
        </extensions>
      </trkpt>
      <trkpt lat="31.238160216902468" lon="121.6180059911072">
        <ele>3.984097239561379</ele>
        <time>1970-01-01T00:09:08Z</time>
        <extensions>
          <gpxtpx:TrackPointExtension>
            <gpxtpx:hr>159</gpxtpx:hr>
          </gpxtpx:TrackPointExtension>
        </extensions>
      </trkpt>
      <trkpt lat="31.238155803665194" lon="121.61797813333027">
        <ele>3.9819911140948534</ele>
        <time>1970-01-01T00:09:09Z</time>
        <extensions>
          <gpxtpx:TrackPointExtension>
            <gpxtpx:hr>159</gpxtpx:hr>
          </gpxtpx:TrackPointExtension>
        </extensions>
      </trkpt>
      <trkpt lat="31.23815165699772" lon="121.61794995661958">
        <ele>3.98407488130033</ele>
        <time>1970-01-01T00:09:10Z</time>
        <extensions>
          <gpxtpx:TrackPointExtension>
            <gpxtpx:hr>159</gpxtpx:hr>
          </gpxtpx:TrackPointExtension>
        </extensions>
      </trkpt>
      <trkpt lat="31.238147781467877" lon="121.6179214449032">
        <ele>3.990188864991069</ele>
        <time>1970-01-01T00:09:11Z</time>
        <extensions>
          <gpxtpx:TrackPointExtension>
            <gpxtpx:hr>159</gpxtpx:hr>
          </gpxtpx:TrackPointExtension>
        </extensions>
      </trkpt>
      <trkpt lat="31.238144332291686" lon="121.61789287615281">
        <ele>3.999981449916959</ele>
        <time>1970-01-01T00:09:12Z</time>
        <extensions>
          <gpxtpx:TrackPointExtension>
            <gpxtpx:hr>159</gpxtpx:hr>
          </gpxtpx:TrackPointExtension>
        </extensions>
      </trkpt>
      <trkpt lat="31.23814097594478" lon="121.61786434059485">
        <ele>4.012770604342222</ele>
        <time>1970-01-01T00:09:13Z</time>
        <extensions>
          <gpxtpx:TrackPointExtension>
            <gpxtpx:hr>159</gpxtpx:hr>
          </gpxtpx:TrackPointExtension>
        </extensions>
      </trkpt>
      <trkpt lat="31.23813751478346" lon="121.61783598273993">
        <ele>4.027414167299867</ele>
        <time>1970-01-01T00:09:14Z</time>
        <extensions>
          <gpxtpx:TrackPointExtension>
            <gpxtpx:hr>159</gpxtpx:hr>
          </gpxtpx:TrackPointExtension>
        </extensions>
      </trkpt>
      <trkpt lat="31.238133955894025" lon="121.61780656057172">
        <ele>4.042917794547975</ele>
        <time>1970-01-01T00:09:15Z</time>
        <extensions>
          <gpxtpx:TrackPointExtension>
            <gpxtpx:hr>159</gpxtpx:hr>
          </gpxtpx:TrackPointExtension>
        </extensions>
      </trkpt>
      <trkpt lat="31.238130598761416" lon="121.61777951499577">
        <ele>4.055697002448142</ele>
        <time>1970-01-01T00:09:16Z</time>
        <extensions>
          <gpxtpx:TrackPointExtension>
            <gpxtpx:hr>159</gpxtpx:hr>
          </gpxtpx:TrackPointExtension>
        </extensions>
      </trkpt>
      <trkpt lat="31.238127185710834" lon="121.61775493672819">
        <ele>4.065451780334115</ele>
        <time>1970-01-01T00:09:17Z</time>
        <extensions>
          <gpxtpx:TrackPointExtension>
            <gpxtpx:hr>159</gpxtpx:hr>
          </gpxtpx:TrackPointExtension>
        </extensions>
      </trkpt>
      <trkpt lat="31.23812329764808" lon="121.61772944882038">
        <ele>4.073830262757838</ele>
        <time>1970-01-01T00:09:18Z</time>
        <extensions>
          <gpxtpx:TrackPointExtension>
            <gpxtpx:hr>159</gpxtpx:hr>
          </gpxtpx:TrackPointExtension>
        </extensions>
      </trkpt>
      <trkpt lat="31.23811925429651" lon="121.61770452073388">
        <ele>4.0802254332229495</ele>
        <time>1970-01-01T00:09:19Z</time>
        <extensions>
          <gpxtpx:TrackPointExtension>
            <gpxtpx:hr>159</gpxtpx:hr>
          </gpxtpx:TrackPointExtension>
        </extensions>
      </trkpt>
      <trkpt lat="31.2381152853048" lon="121.61768012795137">
        <ele>4.0844985488802195</ele>
        <time>1970-01-01T00:09:20Z</time>
        <extensions>
          <gpxtpx:TrackPointExtension>
            <gpxtpx:hr>159</gpxtpx:hr>
          </gpxtpx:TrackPointExtension>
        </extensions>
      </trkpt>
      <trkpt lat="31.2381123123256" lon="121.61765469325246">
        <ele>4.086261719465256</ele>
        <time>1970-01-01T00:09:21Z</time>
        <extensions>
          <gpxtpx:TrackPointExtension>
            <gpxtpx:hr>159</gpxtpx:hr>
          </gpxtpx:TrackPointExtension>
        </extensions>
      </trkpt>
      <trkpt lat="31.23811170950917" lon="121.61763231917656">
        <ele>4.085232505574822</ele>
        <time>1970-01-01T00:09:22Z</time>
        <extensions>
          <gpxtpx:TrackPointExtension>
            <gpxtpx:hr>159</gpxtpx:hr>
          </gpxtpx:TrackPointExtension>
        </extensions>
      </trkpt>
      <trkpt lat="31.238112425343562" lon="121.61761311633576">
        <ele>4.083035761490464</ele>
        <time>1970-01-01T00:09:23Z</time>
        <extensions>
          <gpxtpx:TrackPointExtension>
            <gpxtpx:hr>159</gpxtpx:hr>
          </gpxtpx:TrackPointExtension>
        </extensions>
      </trkpt>
      <trkpt lat="31.238112840066705" lon="121.61759278472397">
        <ele>4.081278285942972</ele>
        <time>1970-01-01T00:09:24Z</time>
        <extensions>
          <gpxtpx:TrackPointExtension>
            <gpxtpx:hr>160</gpxtpx:hr>
          </gpxtpx:TrackPointExtension>
        </extensions>
      </trkpt>
      <trkpt lat="31.238112253647557" lon="121.61757170452977">
        <ele>4.081817157566547</ele>
        <time>1970-01-01T00:09:25Z</time>
        <extensions>
          <gpxtpx:TrackPointExtension>
            <gpxtpx:hr>160</gpxtpx:hr>
          </gpxtpx:TrackPointExtension>
        </extensions>
      </trkpt>
      <trkpt lat="31.238110839789037" lon="121.6175488288877">
        <ele>4.085356670431793</ele>
        <time>1970-01-01T00:09:26Z</time>
        <extensions>
          <gpxtpx:TrackPointExtension>
            <gpxtpx:hr>160</gpxtpx:hr>
          </gpxtpx:TrackPointExtension>
        </extensions>
      </trkpt>
      <trkpt lat="31.238108706596076" lon="121.61752409461944">
        <ele>4.0916428957134485</ele>
        <time>1970-01-01T00:09:27Z</time>
        <extensions>
          <gpxtpx:TrackPointExtension>
            <gpxtpx:hr>160</gpxtpx:hr>
          </gpxtpx:TrackPointExtension>
        </extensions>
      </trkpt>
      <trkpt lat="31.23810623900539" lon="121.6174982489177">
        <ele>4.09972458332777</ele>
        <time>1970-01-01T00:09:28Z</time>
        <extensions>
          <gpxtpx:TrackPointExtension>
            <gpxtpx:hr>160</gpxtpx:hr>
          </gpxtpx:TrackPointExtension>
        </extensions>
      </trkpt>
      <trkpt lat="31.238103695242383" lon="121.61747184563686">
        <ele>4.108347984962165</ele>
        <time>1970-01-01T00:09:29Z</time>
        <extensions>
          <gpxtpx:TrackPointExtension>
            <gpxtpx:hr>160</gpxtpx:hr>
          </gpxtpx:TrackPointExtension>
        </extensions>
      </trkpt>
      <trkpt lat="31.23810103490136" lon="121.61744496098245">
        <ele>4.116502539254725</ele>
        <time>1970-01-01T00:09:30Z</time>
        <extensions>
          <gpxtpx:TrackPointExtension>
            <gpxtpx:hr>160</gpxtpx:hr>
          </gpxtpx:TrackPointExtension>
        </extensions>
      </trkpt>
      <trkpt lat="31.238098266815992" lon="121.61741764134815">
        <ele>4.123819833621383</ele>
        <time>1970-01-01T00:09:31Z</time>
        <extensions>
          <gpxtpx:TrackPointExtension>
            <gpxtpx:hr>160</gpxtpx:hr>
          </gpxtpx:TrackPointExtension>
        </extensions>
      </trkpt>
      <trkpt lat="31.238095121466703" lon="121.61739038477643">
        <ele>4.130609144456685</ele>
        <time>1970-01-01T00:09:32Z</time>
        <extensions>
          <gpxtpx:TrackPointExtension>
            <gpxtpx:hr>160</gpxtpx:hr>
          </gpxtpx:TrackPointExtension>
        </extensions>
      </trkpt>
      <trkpt lat="31.238091362234915" lon="121.61736384917366">
        <ele>4.137704303488135</ele>
        <time>1970-01-01T00:09:33Z</time>
        <extensions>
          <gpxtpx:TrackPointExtension>
            <gpxtpx:hr>160</gpxtpx:hr>
          </gpxtpx:TrackPointExtension>
        </extensions>
      </trkpt>
      <trkpt lat="31.238087055563458" lon="121.61733834454596">
        <ele>4.146211850456893</ele>
        <time>1970-01-01T00:09:34Z</time>
        <extensions>
          <gpxtpx:TrackPointExtension>
            <gpxtpx:hr>160</gpxtpx:hr>
          </gpxtpx:TrackPointExtension>
        </extensions>
      </trkpt>
      <trkpt lat="31.23808193711873" lon="121.61731369716026">
        <ele>4.157116140238941</ele>
        <time>1970-01-01T00:09:35Z</time>
        <extensions>
          <gpxtpx:TrackPointExtension>
            <gpxtpx:hr>160</gpxtpx:hr>
          </gpxtpx:TrackPointExtension>
        </extensions>
      </trkpt>
      <trkpt lat="31.238076631227777" lon="121.61728934370434">
        <ele>4.1708565996959805</ele>
        <time>1970-01-01T00:09:36Z</time>
        <extensions>
          <gpxtpx:TrackPointExtension>
            <gpxtpx:hr>160</gpxtpx:hr>
          </gpxtpx:TrackPointExtension>
        </extensions>
      </trkpt>
      <trkpt lat="31.23807217230467" lon="121.61726486113753">
        <ele>4.1869578789919615</ele>
        <time>1970-01-01T00:09:37Z</time>
        <extensions>
          <gpxtpx:TrackPointExtension>
            <gpxtpx:hr>160</gpxtpx:hr>
          </gpxtpx:TrackPointExtension>
        </extensions>
      </trkpt>
      <trkpt lat="31.238067877516627" lon="121.61723700567161">
        <ele>4.205375122837722</ele>
        <time>1970-01-01T00:09:38.100000Z</time>
        <extensions>
          <gpxtpx:TrackPointExtension>
            <gpxtpx:hr>160</gpxtpx:hr>
          </gpxtpx:TrackPointExtension>
        </extensions>
      </trkpt>
      <trkpt lat="31.238064057480376" lon="121.61721163625039">
        <ele>4.219055528752506</ele>
        <time>1970-01-01T00:09:39.100000Z</time>
        <extensions>
          <gpxtpx:TrackPointExtension>
            <gpxtpx:hr>161</gpxtpx:hr>
          </gpxtpx:TrackPointExtension>
        </extensions>
      </trkpt>
      <trkpt lat="31.23806024997339" lon="121.61718575660622">
        <ele>4.227574987336993</ele>
        <time>1970-01-01T00:09:40.100000Z</time>
        <extensions>
          <gpxtpx:TrackPointExtension>
            <gpxtpx:hr>161</gpxtpx:hr>
          </gpxtpx:TrackPointExtension>
        </extensions>
      </trkpt>
      <trkpt lat="31.238056780585897" lon="121.61715965771384">
        <ele>4.229527976363897</ele>
        <time>1970-01-01T00:09:41.100000Z</time>
        <extensions>
          <gpxtpx:TrackPointExtension>
            <gpxtpx:hr>161</gpxtpx:hr>
          </gpxtpx:TrackPointExtension>
        </extensions>
      </trkpt>
      <trkpt lat="31.23805341140399" lon="121.61713360813101">
        <ele>4.2243868708610535</ele>
        <time>1970-01-01T00:09:42.100000Z</time>
        <extensions>
          <gpxtpx:TrackPointExtension>
            <gpxtpx:hr>161</gpxtpx:hr>
          </gpxtpx:TrackPointExtension>
        </extensions>
      </trkpt>
      <trkpt lat="31.238049928924507" lon="121.61710763000585">
        <ele>4.212376052513719</ele>
        <time>1970-01-01T00:09:43.100000Z</time>
        <extensions>
          <gpxtpx:TrackPointExtension>
            <gpxtpx:hr>161</gpxtpx:hr>
          </gpxtpx:TrackPointExtension>
        </extensions>
      </trkpt>
      <trkpt lat="31.238046863768012" lon="121.61708170603528">
        <ele>4.194197092205286</ele>
        <time>1970-01-01T00:09:44.100000Z</time>
        <extensions>
          <gpxtpx:TrackPointExtension>
            <gpxtpx:hr>161</gpxtpx:hr>
          </gpxtpx:TrackPointExtension>
        </extensions>
      </trkpt>
      <trkpt lat="31.238044410821523" lon="121.61705581502824">
        <ele>4.170524165965617</ele>
        <time>1970-01-01T00:09:45.100000Z</time>
        <extensions>
          <gpxtpx:TrackPointExtension>
            <gpxtpx:hr>161</gpxtpx:hr>
          </gpxtpx:TrackPointExtension>
        </extensions>
      </trkpt>
      <trkpt lat="31.238042375632244" lon="121.61702985814783">
        <ele>4.141875300556421</ele>
        <time>1970-01-01T00:09:46.100000Z</time>
        <extensions>
          <gpxtpx:TrackPointExtension>
            <gpxtpx:hr>161</gpxtpx:hr>
          </gpxtpx:TrackPointExtension>
        </extensions>
      </trkpt>
      <trkpt lat="31.23804092715553" lon="121.61700386697794">
        <ele>4.109003158286214</ele>
        <time>1970-01-01T00:09:47.100000Z</time>
        <extensions>
          <gpxtpx:TrackPointExtension>
            <gpxtpx:hr>161</gpxtpx:hr>
          </gpxtpx:TrackPointExtension>
        </extensions>
      </trkpt>
      <trkpt lat="31.23803988608037" lon="121.61697771235856">
        <ele>4.072995169088244</ele>
        <time>1970-01-01T00:09:48.100000Z</time>
        <extensions>
          <gpxtpx:TrackPointExtension>
            <gpxtpx:hr>161</gpxtpx:hr>
          </gpxtpx:TrackPointExtension>
        </extensions>
      </trkpt>
      <trkpt lat="31.238038691234998" lon="121.61695127184164">
        <ele>4.035049741156399</ele>
        <time>1970-01-01T00:09:49.100000Z</time>
        <extensions>
          <gpxtpx:TrackPointExtension>
            <gpxtpx:hr>161</gpxtpx:hr>
          </gpxtpx:TrackPointExtension>
        </extensions>
      </trkpt>
      <trkpt lat="31.23803706728372" lon="121.61692487246914">
        <ele>3.9963306533172727</ele>
        <time>1970-01-01T00:09:50.100000Z</time>
        <extensions>
          <gpxtpx:TrackPointExtension>
            <gpxtpx:hr>161</gpxtpx:hr>
          </gpxtpx:TrackPointExtension>
        </extensions>
      </trkpt>
      <trkpt lat="31.238035122988588" lon="121.61689874521274">
        <ele>3.9581135446205735</ele>
        <time>1970-01-01T00:09:51.100000Z</time>
        <extensions>
          <gpxtpx:TrackPointExtension>
            <gpxtpx:hr>161</gpxtpx:hr>
          </gpxtpx:TrackPointExtension>
        </extensions>
      </trkpt>
      <trkpt lat="31.238032750293435" lon="121.6168726139324">
        <ele>3.921694020740688</ele>
        <time>1970-01-01T00:09:52.100000Z</time>
        <extensions>
          <gpxtpx:TrackPointExtension>
            <gpxtpx:hr>161</gpxtpx:hr>
          </gpxtpx:TrackPointExtension>
        </extensions>
      </trkpt>
      <trkpt lat="31.238029953321888" lon="121.61684646946759">
        <ele>3.887888440862298</ele>
        <time>1970-01-01T00:09:53.100000Z</time>
        <extensions>
          <gpxtpx:TrackPointExtension>
            <gpxtpx:hr>161</gpxtpx:hr>
          </gpxtpx:TrackPointExtension>
        </extensions>
      </trkpt>
      <trkpt lat="31.23802751163355" lon="121.61682503997817">
        <ele>3.8617727598175406</ele>
        <time>1970-01-01T00:09:54Z</time>
        <extensions>
          <gpxtpx:TrackPointExtension>
            <gpxtpx:hr>161</gpxtpx:hr>
          </gpxtpx:TrackPointExtension>
        </extensions>
      </trkpt>
      <trkpt lat="31.23802461260874" lon="121.61679983010777">
        <ele>3.83289504237473</ele>
        <time>1970-01-01T00:09:55Z</time>
        <extensions>
          <gpxtpx:TrackPointExtension>
            <gpxtpx:hr>161</gpxtpx:hr>
          </gpxtpx:TrackPointExtension>
        </extensions>
      </trkpt>
      <trkpt lat="31.238021905136566" lon="121.61677470253757">
        <ele>3.806834166869521</ele>
        <time>1970-01-01T00:09:56Z</time>
        <extensions>
          <gpxtpx:TrackPointExtension>
            <gpxtpx:hr>161</gpxtpx:hr>
          </gpxtpx:TrackPointExtension>
        </extensions>
      </trkpt>
      <trkpt lat="31.238019541385714" lon="121.61674927276137">
        <ele>3.7835739348083735</ele>
        <time>1970-01-01T00:09:57Z</time>
        <extensions>
          <gpxtpx:TrackPointExtension>
            <gpxtpx:hr>161</gpxtpx:hr>
          </gpxtpx:TrackPointExtension>
        </extensions>
      </trkpt>
      <trkpt lat="31.238017333328347" lon="121.616723418367">
        <ele>3.7631183890625834</ele>
        <time>1970-01-01T00:09:58Z</time>
        <extensions>
          <gpxtpx:TrackPointExtension>
            <gpxtpx:hr>161</gpxtpx:hr>
          </gpxtpx:TrackPointExtension>
        </extensions>
      </trkpt>
      <trkpt lat="31.238014918522786" lon="121.61669710999561">
        <ele>3.74552879948169</ele>
        <time>1970-01-01T00:09:59Z</time>
        <extensions>
          <gpxtpx:TrackPointExtension>
            <gpxtpx:hr>161</gpxtpx:hr>
          </gpxtpx:TrackPointExtension>
        </extensions>
      </trkpt>
      <trkpt lat="31.238012290957382" lon="121.61667060807653">
        <ele>3.73090495262295</ele>
        <time>1970-01-01T00:10:00Z</time>
        <extensions>
          <gpxtpx:TrackPointExtension>
            <gpxtpx:hr>160</gpxtpx:hr>
          </gpxtpx:TrackPointExtension>
        </extensions>
      </trkpt>
      <trkpt lat="31.238009351749625" lon="121.61664418240278">
        <ele>3.719322836957872</ele>
        <time>1970-01-01T00:10:01Z</time>
        <extensions>
          <gpxtpx:TrackPointExtension>
            <gpxtpx:hr>160</gpxtpx:hr>
          </gpxtpx:TrackPointExtension>
        </extensions>
      </trkpt>
      <trkpt lat="31.238005859061477" lon="121.61661770017085">
        <ele>3.7107951752841473</ele>
        <time>1970-01-01T00:10:02Z</time>
        <extensions>
          <gpxtpx:TrackPointExtension>
            <gpxtpx:hr>160</gpxtpx:hr>
          </gpxtpx:TrackPointExtension>
        </extensions>
      </trkpt>
      <trkpt lat="31.238001927355214" lon="121.61659111602698">
        <ele>3.705293385311961</ele>
        <time>1970-01-01T00:10:03Z</time>
        <extensions>
          <gpxtpx:TrackPointExtension>
            <gpxtpx:hr>160</gpxtpx:hr>
          </gpxtpx:TrackPointExtension>
        </extensions>
      </trkpt>
      <trkpt lat="31.237997710934607" lon="121.61656473137775">
        <ele>3.7027849070727825</ele>
        <time>1970-01-01T00:10:04Z</time>
        <extensions>
          <gpxtpx:TrackPointExtension>
            <gpxtpx:hr>160</gpxtpx:hr>
          </gpxtpx:TrackPointExtension>
        </extensions>
      </trkpt>
      <trkpt lat="31.237992812265446" lon="121.6165387604058">
        <ele>3.703272307291627</ele>
        <time>1970-01-01T00:10:05Z</time>
        <extensions>
          <gpxtpx:TrackPointExtension>
            <gpxtpx:hr>161</gpxtpx:hr>
          </gpxtpx:TrackPointExtension>
        </extensions>
      </trkpt>
      <trkpt lat="31.237987062315256" lon="121.61651329174312">
        <ele>3.7068233555182815</ele>
        <time>1970-01-01T00:10:06Z</time>
        <extensions>
          <gpxtpx:TrackPointExtension>
            <gpxtpx:hr>161</gpxtpx:hr>
          </gpxtpx:TrackPointExtension>
        </extensions>
      </trkpt>
      <trkpt lat="31.2379813377953" lon="121.61648809304931">
        <ele>3.7135376716032624</ele>
        <time>1970-01-01T00:10:07Z</time>
        <extensions>
          <gpxtpx:TrackPointExtension>
            <gpxtpx:hr>161</gpxtpx:hr>
          </gpxtpx:TrackPointExtension>
        </extensions>
      </trkpt>
      <trkpt lat="31.23797617085429" lon="121.61646262257933">
        <ele>3.7234137197956443</ele>
        <time>1970-01-01T00:10:08Z</time>
        <extensions>
          <gpxtpx:TrackPointExtension>
            <gpxtpx:hr>161</gpxtpx:hr>
          </gpxtpx:TrackPointExtension>
        </extensions>
      </trkpt>
      <trkpt lat="31.23797104194457" lon="121.6164367738693">
        <ele>3.736196506768465</ele>
        <time>1970-01-01T00:10:09Z</time>
        <extensions>
          <gpxtpx:TrackPointExtension>
            <gpxtpx:hr>161</gpxtpx:hr>
          </gpxtpx:TrackPointExtension>
        </extensions>
      </trkpt>
      <trkpt lat="31.237965482334342" lon="121.61641088831043">
        <ele>3.7513055996969342</ele>
        <time>1970-01-01T00:10:10Z</time>
        <extensions>
          <gpxtpx:TrackPointExtension>
            <gpxtpx:hr>161</gpxtpx:hr>
          </gpxtpx:TrackPointExtension>
        </extensions>
      </trkpt>
      <trkpt lat="31.23795934894523" lon="121.6163852668071">
        <ele>3.7678628228604794</ele>
        <time>1970-01-01T00:10:11Z</time>
        <extensions>
          <gpxtpx:TrackPointExtension>
            <gpxtpx:hr>161</gpxtpx:hr>
          </gpxtpx:TrackPointExtension>
        </extensions>
      </trkpt>
      <trkpt lat="31.237952739741345" lon="121.61636006432414">
        <ele>3.784777821972966</ele>
        <time>1970-01-01T00:10:12Z</time>
        <extensions>
          <gpxtpx:TrackPointExtension>
            <gpxtpx:hr>162</gpxtpx:hr>
          </gpxtpx:TrackPointExtension>
        </extensions>
      </trkpt>
      <trkpt lat="31.23794654531726" lon="121.61633501358673">
        <ele>3.800945593044162</ele>
        <time>1970-01-01T00:10:13Z</time>
        <extensions>
          <gpxtpx:TrackPointExtension>
            <gpxtpx:hr>162</gpxtpx:hr>
          </gpxtpx:TrackPointExtension>
        </extensions>
      </trkpt>
      <trkpt lat="31.23794171871374" lon="121.61630967029534">
        <ele>3.81546716298908</ele>
        <time>1970-01-01T00:10:14Z</time>
        <extensions>
          <gpxtpx:TrackPointExtension>
            <gpxtpx:hr>162</gpxtpx:hr>
          </gpxtpx:TrackPointExtension>
        </extensions>
      </trkpt>
      <trkpt lat="31.2379382189158" lon="121.61628383295142">
        <ele>3.8277035458013415</ele>
        <time>1970-01-01T00:10:15Z</time>
        <extensions>
          <gpxtpx:TrackPointExtension>
            <gpxtpx:hr>162</gpxtpx:hr>
          </gpxtpx:TrackPointExtension>
        </extensions>
      </trkpt>
      <trkpt lat="31.237935769560057" lon="121.61625760376987">
        <ele>3.837145800702274</ele>
        <time>1970-01-01T00:10:16Z</time>
        <extensions>
          <gpxtpx:TrackPointExtension>
            <gpxtpx:hr>162</gpxtpx:hr>
          </gpxtpx:TrackPointExtension>
        </extensions>
      </trkpt>
      <trkpt lat="31.237933942929292" lon="121.61623148145037">
        <ele>3.8432987025007606</ele>
        <time>1970-01-01T00:10:17Z</time>
        <extensions>
          <gpxtpx:TrackPointExtension>
            <gpxtpx:hr>162</gpxtpx:hr>
          </gpxtpx:TrackPointExtension>
        </extensions>
      </trkpt>
      <trkpt lat="31.23793192397906" lon="121.61620559516503">
        <ele>3.8457278106361628</ele>
        <time>1970-01-01T00:10:18Z</time>
        <extensions>
          <gpxtpx:TrackPointExtension>
            <gpxtpx:hr>162</gpxtpx:hr>
          </gpxtpx:TrackPointExtension>
        </extensions>
      </trkpt>
      <trkpt lat="31.237929457405492" lon="121.61617969632022">
        <ele>3.844226053915918</ele>
        <time>1970-01-01T00:10:19Z</time>
        <extensions>
          <gpxtpx:TrackPointExtension>
            <gpxtpx:hr>162</gpxtpx:hr>
          </gpxtpx:TrackPointExtension>
        </extensions>
      </trkpt>
      <trkpt lat="31.23792696223519" lon="121.61615374996045">
        <ele>3.8389696748927236</ele>
        <time>1970-01-01T00:10:20Z</time>
        <extensions>
          <gpxtpx:TrackPointExtension>
            <gpxtpx:hr>162</gpxtpx:hr>
          </gpxtpx:TrackPointExtension>
        </extensions>
      </trkpt>
      <trkpt lat="31.237924133796" lon="121.61612772517206">
        <ele>3.8306206334382296</ele>
        <time>1970-01-01T00:10:21Z</time>
        <extensions>
          <gpxtpx:TrackPointExtension>
            <gpxtpx:hr>162</gpxtpx:hr>
          </gpxtpx:TrackPointExtension>
        </extensions>
      </trkpt>
      <trkpt lat="31.237920405469712" lon="121.61610159772178">
        <ele>3.8203284349292517</ele>
        <time>1970-01-01T00:10:22Z</time>
        <extensions>
          <gpxtpx:TrackPointExtension>
            <gpxtpx:hr>162</gpxtpx:hr>
          </gpxtpx:TrackPointExtension>
        </extensions>
      </trkpt>
      <trkpt lat="31.237916151293923" lon="121.61607540053744">
        <ele>3.809495000168681</ele>
        <time>1970-01-01T00:10:23Z</time>
        <extensions>
          <gpxtpx:TrackPointExtension>
            <gpxtpx:hr>162</gpxtpx:hr>
          </gpxtpx:TrackPointExtension>
        </extensions>
      </trkpt>
      <trkpt lat="31.237911777224376" lon="121.61604907955055">
        <ele>3.7993413507938385</ele>
        <time>1970-01-01T00:10:24Z</time>
        <extensions>
          <gpxtpx:TrackPointExtension>
            <gpxtpx:hr>162</gpxtpx:hr>
          </gpxtpx:TrackPointExtension>
        </extensions>
      </trkpt>
      <trkpt lat="31.237907309636007" lon="121.61602241747767">
        <ele>3.790605016052723</ele>
        <time>1970-01-01T00:10:25Z</time>
        <extensions>
          <gpxtpx:TrackPointExtension>
            <gpxtpx:hr>162</gpxtpx:hr>
          </gpxtpx:TrackPointExtension>
        </extensions>
      </trkpt>
      <trkpt lat="31.23790278801219" lon="121.61599548843492">
        <ele>3.783517516218126</ele>
        <time>1970-01-01T00:10:26Z</time>
        <extensions>
          <gpxtpx:TrackPointExtension>
            <gpxtpx:hr>162</gpxtpx:hr>
          </gpxtpx:TrackPointExtension>
        </extensions>
      </trkpt>
      <trkpt lat="31.237898285152767" lon="121.61596873798634">
        <ele>3.7778986049816012</ele>
        <time>1970-01-01T00:10:27Z</time>
        <extensions>
          <gpxtpx:TrackPointExtension>
            <gpxtpx:hr>162</gpxtpx:hr>
          </gpxtpx:TrackPointExtension>
        </extensions>
      </trkpt>
      <trkpt lat="31.23789367518989" lon="121.61594225853604">
        <ele>3.773268616758287</ele>
        <time>1970-01-01T00:10:28Z</time>
        <extensions>
          <gpxtpx:TrackPointExtension>
            <gpxtpx:hr>162</gpxtpx:hr>
          </gpxtpx:TrackPointExtension>
        </extensions>
      </trkpt>
      <trkpt lat="31.23788895888525" lon="121.61591582495761">
        <ele>3.768985316157341</ele>
        <time>1970-01-01T00:10:29Z</time>
        <extensions>
          <gpxtpx:TrackPointExtension>
            <gpxtpx:hr>163</gpxtpx:hr>
          </gpxtpx:TrackPointExtension>
        </extensions>
      </trkpt>
      <trkpt lat="31.23788422310278" lon="121.61588930574959">
        <ele>3.7643490647897124</ele>
        <time>1970-01-01T00:10:30Z</time>
        <extensions>
          <gpxtpx:TrackPointExtension>
            <gpxtpx:hr>163</gpxtpx:hr>
          </gpxtpx:TrackPointExtension>
        </extensions>
      </trkpt>
      <trkpt lat="31.237879193534095" lon="121.61586260135762">
        <ele>3.758650559000671</ele>
        <time>1970-01-01T00:10:31Z</time>
        <extensions>
          <gpxtpx:TrackPointExtension>
            <gpxtpx:hr>163</gpxtpx:hr>
          </gpxtpx:TrackPointExtension>
        </extensions>
      </trkpt>
      <trkpt lat="31.237873834769683" lon="121.61583545485337">
        <ele>3.7512081200256944</ele>
        <time>1970-01-01T00:10:32Z</time>
        <extensions>
          <gpxtpx:TrackPointExtension>
            <gpxtpx:hr>163</gpxtpx:hr>
          </gpxtpx:TrackPointExtension>
        </extensions>
      </trkpt>
      <trkpt lat="31.237868811747333" lon="121.61580787995017">
        <ele>3.741449856199324</ele>
        <time>1970-01-01T00:10:33Z</time>
        <extensions>
          <gpxtpx:TrackPointExtension>
            <gpxtpx:hr>163</gpxtpx:hr>
          </gpxtpx:TrackPointExtension>
        </extensions>
      </trkpt>
      <trkpt lat="31.237864401979138" lon="121.61578041765436">
        <ele>3.7290643909946084</ele>
        <time>1970-01-01T00:10:34Z</time>
        <extensions>
          <gpxtpx:TrackPointExtension>
            <gpxtpx:hr>163</gpxtpx:hr>
          </gpxtpx:TrackPointExtension>
        </extensions>
      </trkpt>
      <trkpt lat="31.237860211785566" lon="121.61575329758443">
        <ele>3.71412665117532</ele>
        <time>1970-01-01T00:10:35Z</time>
        <extensions>
          <gpxtpx:TrackPointExtension>
            <gpxtpx:hr>163</gpxtpx:hr>
          </gpxtpx:TrackPointExtension>
        </extensions>
      </trkpt>
      <trkpt lat="31.237856206579824" lon="121.6157262863368">
        <ele>3.6970841120928526</ele>
        <time>1970-01-01T00:10:36Z</time>
        <extensions>
          <gpxtpx:TrackPointExtension>
            <gpxtpx:hr>163</gpxtpx:hr>
          </gpxtpx:TrackPointExtension>
        </extensions>
      </trkpt>
      <trkpt lat="31.2378524262089" lon="121.61569928253799">
        <ele>3.6786679662764072</ele>
        <time>1970-01-01T00:10:37Z</time>
        <extensions>
          <gpxtpx:TrackPointExtension>
            <gpxtpx:hr>163</gpxtpx:hr>
          </gpxtpx:TrackPointExtension>
        </extensions>
      </trkpt>
      <trkpt lat="31.237848731110375" lon="121.61567229013448">
        <ele>3.659782364964485</ele>
        <time>1970-01-01T00:10:38Z</time>
        <extensions>
          <gpxtpx:TrackPointExtension>
            <gpxtpx:hr>163</gpxtpx:hr>
          </gpxtpx:TrackPointExtension>
        </extensions>
      </trkpt>
      <trkpt lat="31.237845197002112" lon="121.6156453408422">
        <ele>3.6413428001105785</ele>
        <time>1970-01-01T00:10:39Z</time>
        <extensions>
          <gpxtpx:TrackPointExtension>
            <gpxtpx:hr>163</gpxtpx:hr>
          </gpxtpx:TrackPointExtension>
        </extensions>
      </trkpt>
      <trkpt lat="31.23784183325599" lon="121.61561864473262">
        <ele>3.624124656431377</ele>
        <time>1970-01-01T00:10:40Z</time>
        <extensions>
          <gpxtpx:TrackPointExtension>
            <gpxtpx:hr>163</gpxtpx:hr>
          </gpxtpx:TrackPointExtension>
        </extensions>
      </trkpt>
      <trkpt lat="31.23783846115633" lon="121.61559223643317">
        <ele>3.608684075064957</ele>
        <time>1970-01-01T00:10:41Z</time>
        <extensions>
          <gpxtpx:TrackPointExtension>
            <gpxtpx:hr>163</gpxtpx:hr>
          </gpxtpx:TrackPointExtension>
        </extensions>
      </trkpt>
      <trkpt lat="31.23783511447505" lon="121.6155658925439">
        <ele>3.5953129958361387</ele>
        <time>1970-01-01T00:10:42Z</time>
        <extensions>
          <gpxtpx:TrackPointExtension>
            <gpxtpx:hr>163</gpxtpx:hr>
          </gpxtpx:TrackPointExtension>
        </extensions>
      </trkpt>
      <trkpt lat="31.23783198426306" lon="121.61553947266732">
        <ele>3.584013033658266</ele>
        <time>1970-01-01T00:10:43Z</time>
        <extensions>
          <gpxtpx:TrackPointExtension>
            <gpxtpx:hr>163</gpxtpx:hr>
          </gpxtpx:TrackPointExtension>
        </extensions>
      </trkpt>
      <trkpt lat="31.23782900153743" lon="121.61551285605756">
        <ele>3.574500983580947</ele>
        <time>1970-01-01T00:10:44Z</time>
        <extensions>
          <gpxtpx:TrackPointExtension>
            <gpxtpx:hr>163</gpxtpx:hr>
          </gpxtpx:TrackPointExtension>
        </extensions>
      </trkpt>
      <trkpt lat="31.237826003219" lon="121.61548594620915">
        <ele>3.5662433924153447</ele>
        <time>1970-01-01T00:10:45Z</time>
        <extensions>
          <gpxtpx:TrackPointExtension>
            <gpxtpx:hr>163</gpxtpx:hr>
          </gpxtpx:TrackPointExtension>
        </extensions>
      </trkpt>
      <trkpt lat="31.237823065033776" lon="121.6154589672457">
        <ele>3.558570645749569</ele>
        <time>1970-01-01T00:10:46Z</time>
        <extensions>
          <gpxtpx:TrackPointExtension>
            <gpxtpx:hr>163</gpxtpx:hr>
          </gpxtpx:TrackPointExtension>
        </extensions>
      </trkpt>
      <trkpt lat="31.237820025981662" lon="121.61543230535341">
        <ele>3.55087823048234</ele>
        <time>1970-01-01T00:10:47Z</time>
        <extensions>
          <gpxtpx:TrackPointExtension>
            <gpxtpx:hr>163</gpxtpx:hr>
          </gpxtpx:TrackPointExtension>
        </extensions>
      </trkpt>
      <trkpt lat="31.237816733755594" lon="121.61540585902588">
        <ele>3.542797189205885</ele>
        <time>1970-01-01T00:10:48Z</time>
        <extensions>
          <gpxtpx:TrackPointExtension>
            <gpxtpx:hr>163</gpxtpx:hr>
          </gpxtpx:TrackPointExtension>
        </extensions>
      </trkpt>
      <trkpt lat="31.237813601035427" lon="121.61537940800717">
        <ele>3.5342689380049706</ele>
        <time>1970-01-01T00:10:49Z</time>
        <extensions>
          <gpxtpx:TrackPointExtension>
            <gpxtpx:hr>163</gpxtpx:hr>
          </gpxtpx:TrackPointExtension>
        </extensions>
      </trkpt>
      <trkpt lat="31.237810788358345" lon="121.61535319313096">
        <ele>3.5255592493340373</ele>
        <time>1970-01-01T00:10:50Z</time>
        <extensions>
          <gpxtpx:TrackPointExtension>
            <gpxtpx:hr>163</gpxtpx:hr>
          </gpxtpx:TrackPointExtension>
        </extensions>
      </trkpt>
      <trkpt lat="31.23780814047688" lon="121.6153272447715">
        <ele>3.5171907041221857</ele>
        <time>1970-01-01T00:10:51Z</time>
        <extensions>
          <gpxtpx:TrackPointExtension>
            <gpxtpx:hr>164</gpxtpx:hr>
          </gpxtpx:TrackPointExtension>
        </extensions>
      </trkpt>
      <trkpt lat="31.237805572289506" lon="121.61530140482915">
        <ele>3.509774139150977</ele>
        <time>1970-01-01T00:10:52Z</time>
        <extensions>
          <gpxtpx:TrackPointExtension>
            <gpxtpx:hr>164</gpxtpx:hr>
          </gpxtpx:TrackPointExtension>
        </extensions>
      </trkpt>
      <trkpt lat="31.237802910170444" lon="121.61527578331689">
        <ele>3.5038369689136744</ele>
        <time>1970-01-01T00:10:53Z</time>
        <extensions>
          <gpxtpx:TrackPointExtension>
            <gpxtpx:hr>164</gpxtpx:hr>
          </gpxtpx:TrackPointExtension>
        </extensions>
      </trkpt>
      <trkpt lat="31.237800112448774" lon="121.61525025887053">
        <ele>3.4997145319357514</ele>
        <time>1970-01-01T00:10:54Z</time>
        <extensions>
          <gpxtpx:TrackPointExtension>
            <gpxtpx:hr>164</gpxtpx:hr>
          </gpxtpx:TrackPointExtension>
        </extensions>
      </trkpt>
      <trkpt lat="31.237797336809038" lon="121.61522446859739">
        <ele>3.497476464137435</ele>
        <time>1970-01-01T00:10:55Z</time>
        <extensions>
          <gpxtpx:TrackPointExtension>
            <gpxtpx:hr>164</gpxtpx:hr>
          </gpxtpx:TrackPointExtension>
        </extensions>
      </trkpt>
      <trkpt lat="31.237794707090735" lon="121.61519840575227">
        <ele>3.4969071643427014</ele>
        <time>1970-01-01T00:10:56Z</time>
        <extensions>
          <gpxtpx:TrackPointExtension>
            <gpxtpx:hr>162</gpxtpx:hr>
          </gpxtpx:TrackPointExtension>
        </extensions>
      </trkpt>
      <trkpt lat="31.23779207193352" lon="121.61517229573654">
        <ele>3.4975596517324448</ele>
        <time>1970-01-01T00:10:57Z</time>
        <extensions>
          <gpxtpx:TrackPointExtension>
            <gpxtpx:hr>162</gpxtpx:hr>
          </gpxtpx:TrackPointExtension>
        </extensions>
      </trkpt>
      <trkpt lat="31.237789395650648" lon="121.6151460504341">
        <ele>3.4988414887338877</ele>
        <time>1970-01-01T00:10:58Z</time>
        <extensions>
          <gpxtpx:TrackPointExtension>
            <gpxtpx:hr>162</gpxtpx:hr>
          </gpxtpx:TrackPointExtension>
        </extensions>
      </trkpt>
      <trkpt lat="31.23778683017522" lon="121.6151195293916">
        <ele>3.5001339819282293</ele>
        <time>1970-01-01T00:10:59Z</time>
        <extensions>
          <gpxtpx:TrackPointExtension>
            <gpxtpx:hr>162</gpxtpx:hr>
          </gpxtpx:TrackPointExtension>
        </extensions>
      </trkpt>
      <trkpt lat="31.237784336707115" lon="121.61509284535384">
        <ele>3.5009364997968078</ele>
        <time>1970-01-01T00:11:00Z</time>
        <extensions>
          <gpxtpx:TrackPointExtension>
            <gpxtpx:hr>162</gpxtpx:hr>
          </gpxtpx:TrackPointExtension>
        </extensions>
      </trkpt>
      <trkpt lat="31.237781798227925" lon="121.61506605599246">
        <ele>3.500976575538516</ele>
        <time>1970-01-01T00:11:01Z</time>
        <extensions>
          <gpxtpx:TrackPointExtension>
            <gpxtpx:hr>162</gpxtpx:hr>
          </gpxtpx:TrackPointExtension>
        </extensions>
      </trkpt>
      <trkpt lat="31.237779153651392" lon="121.61503909575221">
        <ele>3.5002634804695845</ele>
        <time>1970-01-01T00:11:02Z</time>
        <extensions>
          <gpxtpx:TrackPointExtension>
            <gpxtpx:hr>162</gpxtpx:hr>
          </gpxtpx:TrackPointExtension>
        </extensions>
      </trkpt>
      <trkpt lat="31.237776204925613" lon="121.6150120645085">
        <ele>3.499088851734996</ele>
        <time>1970-01-01T00:11:03Z</time>
        <extensions>
          <gpxtpx:TrackPointExtension>
            <gpxtpx:hr>162</gpxtpx:hr>
          </gpxtpx:TrackPointExtension>
        </extensions>
      </trkpt>
      <trkpt lat="31.23777281302678" lon="121.61498489592888">
        <ele>3.4979271767660975</ele>
        <time>1970-01-01T00:11:04Z</time>
        <extensions>
          <gpxtpx:TrackPointExtension>
            <gpxtpx:hr>162</gpxtpx:hr>
          </gpxtpx:TrackPointExtension>
        </extensions>
      </trkpt>
      <trkpt lat="31.237769158670407" lon="121.61495757324843">
        <ele>3.4972445257008076</ele>
        <time>1970-01-01T00:11:05Z</time>
        <extensions>
          <gpxtpx:TrackPointExtension>
            <gpxtpx:hr>162</gpxtpx:hr>
          </gpxtpx:TrackPointExtension>
        </extensions>
      </trkpt>
      <trkpt lat="31.23776518012863" lon="121.61493041274834">
        <ele>3.497363937087357</ele>
        <time>1970-01-01T00:11:06Z</time>
        <extensions>
          <gpxtpx:TrackPointExtension>
            <gpxtpx:hr>162</gpxtpx:hr>
          </gpxtpx:TrackPointExtension>
        </extensions>
      </trkpt>
      <trkpt lat="31.237760772236093" lon="121.6149034686624">
        <ele>3.4984827544540167</ele>
        <time>1970-01-01T00:11:07Z</time>
        <extensions>
          <gpxtpx:TrackPointExtension>
            <gpxtpx:hr>162</gpxtpx:hr>
          </gpxtpx:TrackPointExtension>
        </extensions>
      </trkpt>
      <trkpt lat="31.237756126760885" lon="121.61487673013443">
        <ele>3.500766142271459</ele>
        <time>1970-01-01T00:11:08Z</time>
        <extensions>
          <gpxtpx:TrackPointExtension>
            <gpxtpx:hr>162</gpxtpx:hr>
          </gpxtpx:TrackPointExtension>
        </extensions>
      </trkpt>
      <trkpt lat="31.237751441518515" lon="121.61485044608075">
        <ele>3.5044820914044976</ele>
        <time>1970-01-01T00:11:09Z</time>
        <extensions>
          <gpxtpx:TrackPointExtension>
            <gpxtpx:hr>162</gpxtpx:hr>
          </gpxtpx:TrackPointExtension>
        </extensions>
      </trkpt>
      <trkpt lat="31.237745261040494" lon="121.61481488414059">
        <ele>3.513956630602479</ele>
        <time>1970-01-01T00:11:10.300000Z</time>
        <extensions>
          <gpxtpx:TrackPointExtension>
            <gpxtpx:hr>162</gpxtpx:hr>
          </gpxtpx:TrackPointExtension>
        </extensions>
      </trkpt>
      <trkpt lat="31.237741064478957" lon="121.61478898421689">
        <ele>3.5250835567712784</ele>
        <time>1970-01-01T00:11:11.300000Z</time>
        <extensions>
          <gpxtpx:TrackPointExtension>
            <gpxtpx:hr>162</gpxtpx:hr>
          </gpxtpx:TrackPointExtension>
        </extensions>
      </trkpt>
      <trkpt lat="31.237737130676464" lon="121.61476262662322">
        <ele>3.540565863251686</ele>
        <time>1970-01-01T00:11:12.300000Z</time>
        <extensions>
          <gpxtpx:TrackPointExtension>
            <gpxtpx:hr>162</gpxtpx:hr>
          </gpxtpx:TrackPointExtension>
        </extensions>
      </trkpt>
      <trkpt lat="31.237733500533842" lon="121.61473605406628">
        <ele>3.561402039602399</ele>
        <time>1970-01-01T00:11:13.300000Z</time>
        <extensions>
          <gpxtpx:TrackPointExtension>
            <gpxtpx:hr>162</gpxtpx:hr>
          </gpxtpx:TrackPointExtension>
        </extensions>
      </trkpt>
      <trkpt lat="31.2377301711448" lon="121.6147092772992">
        <ele>3.588161077350378</ele>
        <time>1970-01-01T00:11:14.300000Z</time>
        <extensions>
          <gpxtpx:TrackPointExtension>
            <gpxtpx:hr>162</gpxtpx:hr>
          </gpxtpx:TrackPointExtension>
        </extensions>
      </trkpt>
      <trkpt lat="31.237727266094765" lon="121.61468229262285">
        <ele>3.6209083693102</ele>
        <time>1970-01-01T00:11:15.300000Z</time>
        <extensions>
          <gpxtpx:TrackPointExtension>
            <gpxtpx:hr>162</gpxtpx:hr>
          </gpxtpx:TrackPointExtension>
        </extensions>
      </trkpt>
      <trkpt lat="31.237724750892273" lon="121.61465549120285">
        <ele>3.659422440454364</ele>
        <time>1970-01-01T00:11:16.300000Z</time>
        <extensions>
          <gpxtpx:TrackPointExtension>
            <gpxtpx:hr>162</gpxtpx:hr>
          </gpxtpx:TrackPointExtension>
        </extensions>
      </trkpt>
      <trkpt lat="31.23772239570885" lon="121.6146290388179">
        <ele>3.7033042134717107</ele>
        <time>1970-01-01T00:11:17.400000Z</time>
        <extensions>
          <gpxtpx:TrackPointExtension>
            <gpxtpx:hr>162</gpxtpx:hr>
          </gpxtpx:TrackPointExtension>
        </extensions>
      </trkpt>
      <trkpt lat="31.237720038763733" lon="121.61460272802299">
        <ele>3.751919362694025</ele>
        <time>1970-01-01T00:11:18.400000Z</time>
        <extensions>
          <gpxtpx:TrackPointExtension>
            <gpxtpx:hr>162</gpxtpx:hr>
          </gpxtpx:TrackPointExtension>
        </extensions>
      </trkpt>
      <trkpt lat="31.23771751875045" lon="121.6145763591911">
        <ele>3.8044014936313033</ele>
        <time>1970-01-01T00:11:19.400000Z</time>
        <extensions>
          <gpxtpx:TrackPointExtension>
            <gpxtpx:hr>162</gpxtpx:hr>
          </gpxtpx:TrackPointExtension>
        </extensions>
      </trkpt>
      <trkpt lat="31.237714552824457" lon="121.61454968960322">
        <ele>3.8598428396508098</ele>
        <time>1970-01-01T00:11:20.400000Z</time>
        <extensions>
          <gpxtpx:TrackPointExtension>
            <gpxtpx:hr>162</gpxtpx:hr>
          </gpxtpx:TrackPointExtension>
        </extensions>
      </trkpt>
      <trkpt lat="31.237711146733304" lon="121.6145225237435">
        <ele>3.917394950054586</ele>
        <time>1970-01-01T00:11:21.400000Z</time>
        <extensions>
          <gpxtpx:TrackPointExtension>
            <gpxtpx:hr>162</gpxtpx:hr>
          </gpxtpx:TrackPointExtension>
        </extensions>
      </trkpt>
      <trkpt lat="31.237707520818358" lon="121.61449518472556">
        <ele>3.9762543328106403</ele>
        <time>1970-01-01T00:11:22.400000Z</time>
        <extensions>
          <gpxtpx:TrackPointExtension>
            <gpxtpx:hr>162</gpxtpx:hr>
          </gpxtpx:TrackPointExtension>
        </extensions>
      </trkpt>
      <trkpt lat="31.237703686000795" lon="121.61446834242986">
        <ele>4.0355658465996385</ele>
        <time>1970-01-01T00:11:23.400000Z</time>
        <extensions>
          <gpxtpx:TrackPointExtension>
            <gpxtpx:hr>162</gpxtpx:hr>
          </gpxtpx:TrackPointExtension>
        </extensions>
      </trkpt>
      <trkpt lat="31.237699769167197" lon="121.61444207166072">
        <ele>4.0943229123950005</ele>
        <time>1970-01-01T00:11:24.400000Z</time>
        <extensions>
          <gpxtpx:TrackPointExtension>
            <gpxtpx:hr>162</gpxtpx:hr>
          </gpxtpx:TrackPointExtension>
        </extensions>
      </trkpt>
      <trkpt lat="31.237695890946778" lon="121.61441596496482">
        <ele>4.151437152177095</ele>
        <time>1970-01-01T00:11:25.400000Z</time>
        <extensions>
          <gpxtpx:TrackPointExtension>
            <gpxtpx:hr>162</gpxtpx:hr>
          </gpxtpx:TrackPointExtension>
        </extensions>
      </trkpt>
      <trkpt lat="31.237691670884427" lon="121.61438989910103">
        <ele>4.205813842825592</ele>
        <time>1970-01-01T00:11:26.400000Z</time>
        <extensions>
          <gpxtpx:TrackPointExtension>
            <gpxtpx:hr>162</gpxtpx:hr>
          </gpxtpx:TrackPointExtension>
        </extensions>
      </trkpt>
      <trkpt lat="31.237686660240975" lon="121.61436402861492">
        <ele>4.256388980895281</ele>
        <time>1970-01-01T00:11:27.400000Z</time>
        <extensions>
          <gpxtpx:TrackPointExtension>
            <gpxtpx:hr>162</gpxtpx:hr>
          </gpxtpx:TrackPointExtension>
        </extensions>
      </trkpt>
      <trkpt lat="31.237680455850967" lon="121.61433894778828">
        <ele>4.302217370830476</ele>
        <time>1970-01-01T00:11:28.400000Z</time>
        <extensions>
          <gpxtpx:TrackPointExtension>
            <gpxtpx:hr>162</gpxtpx:hr>
          </gpxtpx:TrackPointExtension>
        </extensions>
      </trkpt>
      <trkpt lat="31.23767492729676" lon="121.61431407970554">
        <ele>4.342584411613643</ele>
        <time>1970-01-01T00:11:29.400000Z</time>
        <extensions>
          <gpxtpx:TrackPointExtension>
            <gpxtpx:hr>162</gpxtpx:hr>
          </gpxtpx:TrackPointExtension>
        </extensions>
      </trkpt>
      <trkpt lat="31.237671575908145" lon="121.61428848883372">
        <ele>4.377228495664895</ele>
        <time>1970-01-01T00:11:30.400000Z</time>
        <extensions>
          <gpxtpx:TrackPointExtension>
            <gpxtpx:hr>162</gpxtpx:hr>
          </gpxtpx:TrackPointExtension>
        </extensions>
      </trkpt>
      <trkpt lat="31.237669380783135" lon="121.61426236725997">
        <ele>4.406314495019615</ele>
        <time>1970-01-01T00:11:31.400000Z</time>
        <extensions>
          <gpxtpx:TrackPointExtension>
            <gpxtpx:hr>162</gpxtpx:hr>
          </gpxtpx:TrackPointExtension>
        </extensions>
      </trkpt>
      <trkpt lat="31.23766731741398" lon="121.61423595004764">
        <ele>4.430076817981899</ele>
        <time>1970-01-01T00:11:32.400000Z</time>
        <extensions>
          <gpxtpx:TrackPointExtension>
            <gpxtpx:hr>162</gpxtpx:hr>
          </gpxtpx:TrackPointExtension>
        </extensions>
      </trkpt>
      <trkpt lat="31.237664460372528" lon="121.61420938329276">
        <ele>4.4485809886828065</ele>
        <time>1970-01-01T00:11:33.400000Z</time>
        <extensions>
          <gpxtpx:TrackPointExtension>
            <gpxtpx:hr>162</gpxtpx:hr>
          </gpxtpx:TrackPointExtension>
        </extensions>
      </trkpt>
      <trkpt lat="31.237660757697963" lon="121.61418265170735">
        <ele>4.4616234404966235</ele>
        <time>1970-01-01T00:11:34.400000Z</time>
        <extensions>
          <gpxtpx:TrackPointExtension>
            <gpxtpx:hr>162</gpxtpx:hr>
          </gpxtpx:TrackPointExtension>
        </extensions>
      </trkpt>
      <trkpt lat="31.237656507657594" lon="121.61415570068802">
        <ele>4.468961127102375</ele>
        <time>1970-01-01T00:11:35.400000Z</time>
        <extensions>
          <gpxtpx:TrackPointExtension>
            <gpxtpx:hr>162</gpxtpx:hr>
          </gpxtpx:TrackPointExtension>
        </extensions>
      </trkpt>
      <trkpt lat="31.2376520516511" lon="121.61412820879572">
        <ele>4.470912667922676</ele>
        <time>1970-01-01T00:11:36.400000Z</time>
        <extensions>
          <gpxtpx:TrackPointExtension>
            <gpxtpx:hr>162</gpxtpx:hr>
          </gpxtpx:TrackPointExtension>
        </extensions>
      </trkpt>
      <trkpt lat="31.23764785040075" lon="121.61409998424813">
        <ele>4.468504293821752</ele>
        <time>1970-01-01T00:11:37.400000Z</time>
        <extensions>
          <gpxtpx:TrackPointExtension>
            <gpxtpx:hr>162</gpxtpx:hr>
          </gpxtpx:TrackPointExtension>
        </extensions>
      </trkpt>
      <trkpt lat="31.23764390927505" lon="121.61407177240993">
        <ele>4.46306967549026</ele>
        <time>1970-01-01T00:11:38.400000Z</time>
        <extensions>
          <gpxtpx:TrackPointExtension>
            <gpxtpx:hr>162</gpxtpx:hr>
          </gpxtpx:TrackPointExtension>
        </extensions>
      </trkpt>
      <trkpt lat="31.237639983614994" lon="121.61404423573556">
        <ele>4.456075053662062</ele>
        <time>1970-01-01T00:11:39.400000Z</time>
        <extensions>
          <gpxtpx:TrackPointExtension>
            <gpxtpx:hr>162</gpxtpx:hr>
          </gpxtpx:TrackPointExtension>
        </extensions>
      </trkpt>
      <trkpt lat="31.237636088275117" lon="121.61401699789">
        <ele>4.449148757383227</ele>
        <time>1970-01-01T00:11:40.400000Z</time>
        <extensions>
          <gpxtpx:TrackPointExtension>
            <gpxtpx:hr>162</gpxtpx:hr>
          </gpxtpx:TrackPointExtension>
        </extensions>
      </trkpt>
      <trkpt lat="31.237632190257212" lon="121.61398957698985">
        <ele>4.443801153451204</ele>
        <time>1970-01-01T00:11:41.400000Z</time>
        <extensions>
          <gpxtpx:TrackPointExtension>
            <gpxtpx:hr>162</gpxtpx:hr>
          </gpxtpx:TrackPointExtension>
        </extensions>
      </trkpt>
      <trkpt lat="31.237628230919377" lon="121.6139618229944">
        <ele>4.441035935655236</ele>
        <time>1970-01-01T00:11:42.400000Z</time>
        <extensions>
          <gpxtpx:TrackPointExtension>
            <gpxtpx:hr>162</gpxtpx:hr>
          </gpxtpx:TrackPointExtension>
        </extensions>
      </trkpt>
      <trkpt lat="31.237624478488886" lon="121.61393366490336">
        <ele>4.441190322861075</ele>
        <time>1970-01-01T00:11:43.400000Z</time>
        <extensions>
          <gpxtpx:TrackPointExtension>
            <gpxtpx:hr>162</gpxtpx:hr>
          </gpxtpx:TrackPointExtension>
        </extensions>
      </trkpt>
      <trkpt lat="31.237621242464208" lon="121.61390531102127">
        <ele>4.443895051255822</ele>
        <time>1970-01-01T00:11:44.400000Z</time>
        <extensions>
          <gpxtpx:TrackPointExtension>
            <gpxtpx:hr>161</gpxtpx:hr>
          </gpxtpx:TrackPointExtension>
        </extensions>
      </trkpt>
      <trkpt lat="31.237618425577082" lon="121.61387708179706">
        <ele>4.448191392235458</ele>
        <time>1970-01-01T00:11:45.400000Z</time>
        <extensions>
          <gpxtpx:TrackPointExtension>
            <gpxtpx:hr>161</gpxtpx:hr>
          </gpxtpx:TrackPointExtension>
        </extensions>
      </trkpt>
      <trkpt lat="31.237615866432304" lon="121.61384891742769">
        <ele>4.453013355843723</ele>
        <time>1970-01-01T00:11:46.400000Z</time>
        <extensions>
          <gpxtpx:TrackPointExtension>
            <gpxtpx:hr>161</gpxtpx:hr>
          </gpxtpx:TrackPointExtension>
        </extensions>
      </trkpt>
      <trkpt lat="31.23761338636029" lon="121.61382078937622">
        <ele>4.457592110149562</ele>
        <time>1970-01-01T00:11:47.400000Z</time>
        <extensions>
          <gpxtpx:TrackPointExtension>
            <gpxtpx:hr>161</gpxtpx:hr>
          </gpxtpx:TrackPointExtension>
        </extensions>
      </trkpt>
      <trkpt lat="31.23761060018824" lon="121.61379300113927">
        <ele>4.461267962120473</ele>
        <time>1970-01-01T00:11:48.400000Z</time>
        <extensions>
          <gpxtpx:TrackPointExtension>
            <gpxtpx:hr>160</gpxtpx:hr>
          </gpxtpx:TrackPointExtension>
        </extensions>
      </trkpt>
      <trkpt lat="31.237607440582984" lon="121.61376554240499">
        <ele>4.463292034342885</ele>
        <time>1970-01-01T00:11:49.400000Z</time>
        <extensions>
          <gpxtpx:TrackPointExtension>
            <gpxtpx:hr>160</gpxtpx:hr>
          </gpxtpx:TrackPointExtension>
        </extensions>
      </trkpt>
      <trkpt lat="31.23760407912679" lon="121.61373793685964">
        <ele>4.4629918690770864</ele>
        <time>1970-01-01T00:11:50.400000Z</time>
        <extensions>
          <gpxtpx:TrackPointExtension>
            <gpxtpx:hr>160</gpxtpx:hr>
          </gpxtpx:TrackPointExtension>
        </extensions>
      </trkpt>
      <trkpt lat="31.23760039911363" lon="121.61370999927226">
        <ele>4.45997220184654</ele>
        <time>1970-01-01T00:11:51.400000Z</time>
        <extensions>
          <gpxtpx:TrackPointExtension>
            <gpxtpx:hr>160</gpxtpx:hr>
          </gpxtpx:TrackPointExtension>
        </extensions>
      </trkpt>
      <trkpt lat="31.23759637143518" lon="121.61368171653406">
        <ele>4.454322084784508</ele>
        <time>1970-01-01T00:11:52.400000Z</time>
        <extensions>
          <gpxtpx:TrackPointExtension>
            <gpxtpx:hr>160</gpxtpx:hr>
          </gpxtpx:TrackPointExtension>
        </extensions>
      </trkpt>
      <trkpt lat="31.237592001560277" lon="121.61365304146672">
        <ele>4.446644304320216</ele>
        <time>1970-01-01T00:11:53.500000Z</time>
        <extensions>
          <gpxtpx:TrackPointExtension>
            <gpxtpx:hr>160</gpxtpx:hr>
          </gpxtpx:TrackPointExtension>
        </extensions>
      </trkpt>
      <trkpt lat="31.237587265327555" lon="121.6136243002639">
        <ele>4.437858075834811</ele>
        <time>1970-01-01T00:11:54.500000Z</time>
        <extensions>
          <gpxtpx:TrackPointExtension>
            <gpxtpx:hr>161</gpxtpx:hr>
          </gpxtpx:TrackPointExtension>
        </extensions>
      </trkpt>
      <trkpt lat="31.237582047606608" lon="121.61359559373544">
        <ele>4.429132264107466</ele>
        <time>1970-01-01T00:11:55.500000Z</time>
        <extensions>
          <gpxtpx:TrackPointExtension>
            <gpxtpx:hr>161</gpxtpx:hr>
          </gpxtpx:TrackPointExtension>
        </extensions>
      </trkpt>
      <trkpt lat="31.23757634589477" lon="121.61356687101804">
        <ele>4.421656803227961</ele>
        <time>1970-01-01T00:11:56.500000Z</time>
        <extensions>
          <gpxtpx:TrackPointExtension>
            <gpxtpx:hr>161</gpxtpx:hr>
          </gpxtpx:TrackPointExtension>
        </extensions>
      </trkpt>
      <trkpt lat="31.237570148723524" lon="121.61353831947875">
        <ele>4.416326271370053</ele>
        <time>1970-01-01T00:11:57.500000Z</time>
        <extensions>
          <gpxtpx:TrackPointExtension>
            <gpxtpx:hr>161</gpxtpx:hr>
          </gpxtpx:TrackPointExtension>
        </extensions>
      </trkpt>
      <trkpt lat="31.237563343755117" lon="121.61350986586777">
        <ele>4.413494656793773</ele>
        <time>1970-01-01T00:11:58.500000Z</time>
        <extensions>
          <gpxtpx:TrackPointExtension>
            <gpxtpx:hr>161</gpxtpx:hr>
          </gpxtpx:TrackPointExtension>
        </extensions>
      </trkpt>
      <trkpt lat="31.23755651262703" lon="121.61348145639701">
        <ele>4.412960502319038</ele>
        <time>1970-01-01T00:11:59.500000Z</time>
        <extensions>
          <gpxtpx:TrackPointExtension>
            <gpxtpx:hr>161</gpxtpx:hr>
          </gpxtpx:TrackPointExtension>
        </extensions>
      </trkpt>
      <trkpt lat="31.23755003318148" lon="121.61345319253451">
        <ele>4.414223068393767</ele>
        <time>1970-01-01T00:12:00.500000Z</time>
        <extensions>
          <gpxtpx:TrackPointExtension>
            <gpxtpx:hr>161</gpxtpx:hr>
          </gpxtpx:TrackPointExtension>
        </extensions>
      </trkpt>
      <trkpt lat="31.237543785465125" lon="121.61342491751839">
        <ele>4.416778608225286</ele>
        <time>1970-01-01T00:12:01.500000Z</time>
        <extensions>
          <gpxtpx:TrackPointExtension>
            <gpxtpx:hr>161</gpxtpx:hr>
          </gpxtpx:TrackPointExtension>
        </extensions>
      </trkpt>
      <trkpt lat="31.237537844652465" lon="121.61339641918396">
        <ele>4.420215121470392</ele>
        <time>1970-01-01T00:12:02.500000Z</time>
        <extensions>
          <gpxtpx:TrackPointExtension>
            <gpxtpx:hr>161</gpxtpx:hr>
          </gpxtpx:TrackPointExtension>
        </extensions>
      </trkpt>
      <trkpt lat="31.237532240010694" lon="121.61336780941497">
        <ele>4.424124443903565</ele>
        <time>1970-01-01T00:12:03.500000Z</time>
        <extensions>
          <gpxtpx:TrackPointExtension>
            <gpxtpx:hr>161</gpxtpx:hr>
          </gpxtpx:TrackPointExtension>
        </extensions>
      </trkpt>
      <trkpt lat="31.23752708976339" lon="121.61333922921764">
        <ele>4.428084626793861</ele>
        <time>1970-01-01T00:12:04.500000Z</time>
        <extensions>
          <gpxtpx:TrackPointExtension>
            <gpxtpx:hr>161</gpxtpx:hr>
          </gpxtpx:TrackPointExtension>
        </extensions>
      </trkpt>
      <trkpt lat="31.23752261141416" lon="121.61331075533433">
        <ele>4.431534516625106</ele>
        <time>1970-01-01T00:12:05.500000Z</time>
        <extensions>
          <gpxtpx:TrackPointExtension>
            <gpxtpx:hr>161</gpxtpx:hr>
          </gpxtpx:TrackPointExtension>
        </extensions>
      </trkpt>
      <trkpt lat="31.23751873696722" lon="121.61328242469533">
        <ele>4.433801784180105</ele>
        <time>1970-01-01T00:12:06.500000Z</time>
        <extensions>
          <gpxtpx:TrackPointExtension>
            <gpxtpx:hr>161</gpxtpx:hr>
          </gpxtpx:TrackPointExtension>
        </extensions>
      </trkpt>
      <trkpt lat="31.23751521879392" lon="121.61325413094686">
        <ele>4.434420343488455</ele>
        <time>1970-01-01T00:12:07.500000Z</time>
        <extensions>
          <gpxtpx:TrackPointExtension>
            <gpxtpx:hr>161</gpxtpx:hr>
          </gpxtpx:TrackPointExtension>
        </extensions>
      </trkpt>
      <trkpt lat="31.237511988736713" lon="121.6132259417225">
        <ele>4.4332962073385715</ele>
        <time>1970-01-01T00:12:08.500000Z</time>
        <extensions>
          <gpxtpx:TrackPointExtension>
            <gpxtpx:hr>161</gpxtpx:hr>
          </gpxtpx:TrackPointExtension>
        </extensions>
      </trkpt>
      <trkpt lat="31.23750867465018" lon="121.61319820127574">
        <ele>4.430641911923885</ele>
        <time>1970-01-01T00:12:09.500000Z</time>
        <extensions>
          <gpxtpx:TrackPointExtension>
            <gpxtpx:hr>162</gpxtpx:hr>
          </gpxtpx:TrackPointExtension>
        </extensions>
      </trkpt>
      <trkpt lat="31.237504995744427" lon="121.6131709435503">
        <ele>4.426257319748402</ele>
        <time>1970-01-01T00:12:10.500000Z</time>
        <extensions>
          <gpxtpx:TrackPointExtension>
            <gpxtpx:hr>162</gpxtpx:hr>
          </gpxtpx:TrackPointExtension>
        </extensions>
      </trkpt>
      <trkpt lat="31.23750134978626" lon="121.6131440077062">
        <ele>4.419380204752088</ele>
        <time>1970-01-01T00:12:11.500000Z</time>
        <extensions>
          <gpxtpx:TrackPointExtension>
            <gpxtpx:hr>162</gpxtpx:hr>
          </gpxtpx:TrackPointExtension>
        </extensions>
      </trkpt>
      <trkpt lat="31.237498042230325" lon="121.61311752499222">
        <ele>4.40930185187608</ele>
        <time>1970-01-01T00:12:12.500000Z</time>
        <extensions>
          <gpxtpx:TrackPointExtension>
            <gpxtpx:hr>162</gpxtpx:hr>
          </gpxtpx:TrackPointExtension>
        </extensions>
      </trkpt>
      <trkpt lat="31.237494730633703" lon="121.61309146622318">
        <ele>4.395488039590418</ele>
        <time>1970-01-01T00:12:13.500000Z</time>
        <extensions>
          <gpxtpx:TrackPointExtension>
            <gpxtpx:hr>162</gpxtpx:hr>
          </gpxtpx:TrackPointExtension>
        </extensions>
      </trkpt>
      <trkpt lat="31.237491362858957" lon="121.61306573007455">
        <ele>4.377871470525861</ele>
        <time>1970-01-01T00:12:14.500000Z</time>
        <extensions>
          <gpxtpx:TrackPointExtension>
            <gpxtpx:hr>162</gpxtpx:hr>
          </gpxtpx:TrackPointExtension>
        </extensions>
      </trkpt>
      <trkpt lat="31.23748866695951" lon="121.61304105688266">
        <ele>4.356732407584786</ele>
        <time>1970-01-01T00:12:15.500000Z</time>
        <extensions>
          <gpxtpx:TrackPointExtension>
            <gpxtpx:hr>162</gpxtpx:hr>
          </gpxtpx:TrackPointExtension>
        </extensions>
      </trkpt>
      <trkpt lat="31.237487111578442" lon="121.61301828361879">
        <ele>4.3326823906973</ele>
        <time>1970-01-01T00:12:16.500000Z</time>
        <extensions>
          <gpxtpx:TrackPointExtension>
            <gpxtpx:hr>162</gpxtpx:hr>
          </gpxtpx:TrackPointExtension>
        </extensions>
      </trkpt>
      <trkpt lat="31.2374865562353" lon="121.61299739477197">
        <ele>4.30677024833858</ele>
        <time>1970-01-01T00:12:17.500000Z</time>
        <extensions>
          <gpxtpx:TrackPointExtension>
            <gpxtpx:hr>162</gpxtpx:hr>
          </gpxtpx:TrackPointExtension>
        </extensions>
      </trkpt>
      <trkpt lat="31.237487402981273" lon="121.61297809950234">
        <ele>4.2799930246546865</ele>
        <time>1970-01-01T00:12:18.500000Z</time>
        <extensions>
          <gpxtpx:TrackPointExtension>
            <gpxtpx:hr>162</gpxtpx:hr>
          </gpxtpx:TrackPointExtension>
        </extensions>
      </trkpt>
      <trkpt lat="31.23749110933984" lon="121.61296063477542">
        <ele>4.253199726343155</ele>
        <time>1970-01-01T00:12:19.500000Z</time>
        <extensions>
          <gpxtpx:TrackPointExtension>
            <gpxtpx:hr>164</gpxtpx:hr>
          </gpxtpx:TrackPointExtension>
        </extensions>
      </trkpt>
      <trkpt lat="31.237497987917575" lon="121.61294557706324">
        <ele>4.226980307139456</ele>
        <time>1970-01-01T00:12:20.500000Z</time>
        <extensions>
          <gpxtpx:TrackPointExtension>
            <gpxtpx:hr>164</gpxtpx:hr>
          </gpxtpx:TrackPointExtension>
        </extensions>
      </trkpt>
      <trkpt lat="31.237506912893735" lon="121.61293296014416">
        <ele>4.201768874190748</ele>
        <time>1970-01-01T00:12:21.500000Z</time>
        <extensions>
          <gpxtpx:TrackPointExtension>
            <gpxtpx:hr>164</gpxtpx:hr>
          </gpxtpx:TrackPointExtension>
        </extensions>
      </trkpt>
      <trkpt lat="31.237516791388515" lon="121.61292242361763">
        <ele>4.177859078161418</ele>
        <time>1970-01-01T00:12:22.500000Z</time>
        <extensions>
          <gpxtpx:TrackPointExtension>
            <gpxtpx:hr>164</gpxtpx:hr>
          </gpxtpx:TrackPointExtension>
        </extensions>
      </trkpt>
      <trkpt lat="31.237526582832423" lon="121.61291339829778">
        <ele>4.15521838888526</ele>
        <time>1970-01-01T00:12:23.500000Z</time>
        <extensions>
          <gpxtpx:TrackPointExtension>
            <gpxtpx:hr>164</gpxtpx:hr>
          </gpxtpx:TrackPointExtension>
        </extensions>
      </trkpt>
      <trkpt lat="31.237535440439594" lon="121.61290548823806">
        <ele>4.133456517010927</ele>
        <time>1970-01-01T00:12:24.500000Z</time>
        <extensions>
          <gpxtpx:TrackPointExtension>
            <gpxtpx:hr>164</gpxtpx:hr>
          </gpxtpx:TrackPointExtension>
        </extensions>
      </trkpt>
      <trkpt lat="31.237542965024293" lon="121.61289852019253">
        <ele>4.112480510957539</ele>
        <time>1970-01-01T00:12:25.500000Z</time>
        <extensions>
          <gpxtpx:TrackPointExtension>
            <gpxtpx:hr>164</gpxtpx:hr>
          </gpxtpx:TrackPointExtension>
        </extensions>
      </trkpt>
      <trkpt lat="31.237549242420595" lon="121.61289206204098">
        <ele>4.092080975882709</ele>
        <time>1970-01-01T00:12:26.500000Z</time>
        <extensions>
          <gpxtpx:TrackPointExtension>
            <gpxtpx:hr>160</gpxtpx:hr>
          </gpxtpx:TrackPointExtension>
        </extensions>
      </trkpt>
      <trkpt lat="31.237554773268535" lon="121.61288542230936">
        <ele>4.072269720025361</ele>
        <time>1970-01-01T00:12:27.500000Z</time>
        <extensions>
          <gpxtpx:TrackPointExtension>
            <gpxtpx:hr>160</gpxtpx:hr>
          </gpxtpx:TrackPointExtension>
        </extensions>
      </trkpt>
      <trkpt lat="31.237559998100533" lon="121.61287802268981">
        <ele>4.053627704270184</ele>
        <time>1970-01-01T00:12:28.500000Z</time>
        <extensions>
          <gpxtpx:TrackPointExtension>
            <gpxtpx:hr>160</gpxtpx:hr>
          </gpxtpx:TrackPointExtension>
        </extensions>
      </trkpt>
      <trkpt lat="31.237565272270633" lon="121.61286924647482">
        <ele>4.036360361613333</ele>
        <time>1970-01-01T00:12:29.600000Z</time>
        <extensions>
          <gpxtpx:TrackPointExtension>
            <gpxtpx:hr>160</gpxtpx:hr>
          </gpxtpx:TrackPointExtension>
        </extensions>
      </trkpt>
      <trkpt lat="31.237570728022046" lon="121.61285879101456">
        <ele>4.0206040116027</ele>
        <time>1970-01-01T00:12:30.600000Z</time>
        <extensions>
          <gpxtpx:TrackPointExtension>
            <gpxtpx:hr>160</gpxtpx:hr>
          </gpxtpx:TrackPointExtension>
        </extensions>
      </trkpt>
      <trkpt lat="31.237575773591644" lon="121.61284688121326">
        <ele>4.006275984458625</ele>
        <time>1970-01-01T00:12:31.600000Z</time>
        <extensions>
          <gpxtpx:TrackPointExtension>
            <gpxtpx:hr>154</gpxtpx:hr>
          </gpxtpx:TrackPointExtension>
        </extensions>
      </trkpt>
      <trkpt lat="31.23757929244726" lon="121.61283379670705">
        <ele>3.9929982973262668</ele>
        <time>1970-01-01T00:12:32.600000Z</time>
        <extensions>
          <gpxtpx:TrackPointExtension>
            <gpxtpx:hr>154</gpxtpx:hr>
          </gpxtpx:TrackPointExtension>
        </extensions>
      </trkpt>
      <trkpt lat="31.23758138841319" lon="121.61282033085541">
        <ele>3.980275803245604</ele>
        <time>1970-01-01T00:12:33.600000Z</time>
        <extensions>
          <gpxtpx:TrackPointExtension>
            <gpxtpx:hr>154</gpxtpx:hr>
          </gpxtpx:TrackPointExtension>
        </extensions>
      </trkpt>
      <trkpt lat="31.237583063049787" lon="121.61280772345171">
        <ele>3.9677240885794163</ele>
        <time>1970-01-01T00:12:34.600000Z</time>
        <extensions>
          <gpxtpx:TrackPointExtension>
            <gpxtpx:hr>154</gpxtpx:hr>
          </gpxtpx:TrackPointExtension>
        </extensions>
      </trkpt>
      <trkpt lat="31.237583635215035" lon="121.61279724979646">
        <ele>3.955020288936794</ele>
        <time>1970-01-01T00:12:35.600000Z</time>
        <extensions>
          <gpxtpx:TrackPointExtension>
            <gpxtpx:hr>154</gpxtpx:hr>
          </gpxtpx:TrackPointExtension>
        </extensions>
      </trkpt>
      <trkpt lat="31.237581412053906" lon="121.61279079670935">
        <ele>3.941902907565236</ele>
        <time>1970-01-01T00:12:36.600000Z</time>
        <extensions>
          <gpxtpx:TrackPointExtension>
            <gpxtpx:hr>152</gpxtpx:hr>
          </gpxtpx:TrackPointExtension>
        </extensions>
      </trkpt>
      <trkpt lat="31.237577527408934" lon="121.6127876409596">
        <ele>3.9280521301552653</ele>
        <time>1970-01-01T00:12:37.600000Z</time>
        <extensions>
          <gpxtpx:TrackPointExtension>
            <gpxtpx:hr>152</gpxtpx:hr>
          </gpxtpx:TrackPointExtension>
        </extensions>
      </trkpt>
      <trkpt lat="31.237573839233107" lon="121.61278548591564">
        <ele>3.9132196428254247</ele>
        <time>1970-01-01T00:12:38.600000Z</time>
        <extensions>
          <gpxtpx:TrackPointExtension>
            <gpxtpx:hr>152</gpxtpx:hr>
          </gpxtpx:TrackPointExtension>
        </extensions>
      </trkpt>
      <trkpt lat="31.23757034454575" lon="121.61278385410122">
        <ele>3.89747507032007</ele>
        <time>1970-01-01T00:12:39.600000Z</time>
        <extensions>
          <gpxtpx:TrackPointExtension>
            <gpxtpx:hr>150</gpxtpx:hr>
          </gpxtpx:TrackPointExtension>
        </extensions>
      </trkpt>
      <trkpt lat="31.23756709654979" lon="121.6127824249742">
        <ele>3.8811719715595245</ele>
        <time>1970-01-01T00:12:40.600000Z</time>
        <extensions>
          <gpxtpx:TrackPointExtension>
            <gpxtpx:hr>150</gpxtpx:hr>
          </gpxtpx:TrackPointExtension>
        </extensions>
      </trkpt>
      <trkpt lat="31.23756407670521" lon="121.61278098280596">
        <ele>3.8647475382313132</ele>
        <time>1970-01-01T00:12:41.600000Z</time>
        <extensions>
          <gpxtpx:TrackPointExtension>
            <gpxtpx:hr>150</gpxtpx:hr>
          </gpxtpx:TrackPointExtension>
        </extensions>
      </trkpt>
      <trkpt lat="31.237561178294158" lon="121.61277936891378">
        <ele>3.848725645802915</ele>
        <time>1970-01-01T00:12:42.600000Z</time>
        <extensions>
          <gpxtpx:TrackPointExtension>
            <gpxtpx:hr>150</gpxtpx:hr>
          </gpxtpx:TrackPointExtension>
        </extensions>
      </trkpt>
      <trkpt lat="31.23755815784422" lon="121.61277733235923">
        <ele>3.8334971917793155</ele>
        <time>1970-01-01T00:12:43.600000Z</time>
        <extensions>
          <gpxtpx:TrackPointExtension>
            <gpxtpx:hr>150</gpxtpx:hr>
          </gpxtpx:TrackPointExtension>
        </extensions>
      </trkpt>
      <trkpt lat="31.237554927676257" lon="121.61277460799694">
        <ele>3.8194450344890356</ele>
        <time>1970-01-01T00:12:44.600000Z</time>
        <extensions>
          <gpxtpx:TrackPointExtension>
            <gpxtpx:hr>144</gpxtpx:hr>
          </gpxtpx:TrackPointExtension>
        </extensions>
      </trkpt>
      <trkpt lat="31.237551542380572" lon="121.61277105180866">
        <ele>3.8069425467401743</ele>
        <time>1970-01-01T00:12:45.600000Z</time>
        <extensions>
          <gpxtpx:TrackPointExtension>
            <gpxtpx:hr>144</gpxtpx:hr>
          </gpxtpx:TrackPointExtension>
        </extensions>
      </trkpt>
      <trkpt lat="31.23754840755154" lon="121.6127664993886">
        <ele>3.796364663168788</ele>
        <time>1970-01-01T00:12:46.600000Z</time>
        <extensions>
          <gpxtpx:TrackPointExtension>
            <gpxtpx:hr>144</gpxtpx:hr>
          </gpxtpx:TrackPointExtension>
        </extensions>
      </trkpt>
      <trkpt lat="31.23754705426795" lon="121.61276039789595">
        <ele>3.7881014654412866</ele>
        <time>1970-01-01T00:12:47.600000Z</time>
        <extensions>
          <gpxtpx:TrackPointExtension>
            <gpxtpx:hr>144</gpxtpx:hr>
          </gpxtpx:TrackPointExtension>
        </extensions>
      </trkpt>
      <trkpt lat="31.237548624457194" lon="121.61275352611624">
        <ele>3.782334034331143</ele>
        <time>1970-01-01T00:12:48.600000Z</time>
        <extensions>
          <gpxtpx:TrackPointExtension>
            <gpxtpx:hr>144</gpxtpx:hr>
          </gpxtpx:TrackPointExtension>
        </extensions>
      </trkpt>
      <trkpt lat="31.23755292464414" lon="121.6127478109701">
        <ele>3.7790977470576763</ele>
        <time>1970-01-01T00:12:49.600000Z</time>
        <extensions>
          <gpxtpx:TrackPointExtension>
            <gpxtpx:hr>144</gpxtpx:hr>
          </gpxtpx:TrackPointExtension>
        </extensions>
      </trkpt>
      <trkpt lat="31.237559379824074" lon="121.61274453714024">
        <ele>3.7784112226217985</ele>
        <time>1970-01-01T00:12:50.600000Z</time>
        <extensions>
          <gpxtpx:TrackPointExtension>
            <gpxtpx:hr>139</gpxtpx:hr>
          </gpxtpx:TrackPointExtension>
        </extensions>
      </trkpt>
      <trkpt lat="31.23756735943818" lon="121.61274407159439">
        <ele>3.7803325559943914</ele>
        <time>1970-01-01T00:12:51.600000Z</time>
        <extensions>
          <gpxtpx:TrackPointExtension>
            <gpxtpx:hr>139</gpxtpx:hr>
          </gpxtpx:TrackPointExtension>
        </extensions>
      </trkpt>
      <trkpt lat="31.23757631193488" lon="121.612745319538">
        <ele>3.7848058715462685</ele>
        <time>1970-01-01T00:12:52.600000Z</time>
        <extensions>
          <gpxtpx:TrackPointExtension>
            <gpxtpx:hr>139</gpxtpx:hr>
          </gpxtpx:TrackPointExtension>
        </extensions>
      </trkpt>
      <trkpt lat="31.237585885343595" lon="121.61274674188233">
        <ele>3.7915921779349446</ele>
        <time>1970-01-01T00:12:53.600000Z</time>
        <extensions>
          <gpxtpx:TrackPointExtension>
            <gpxtpx:hr>139</gpxtpx:hr>
          </gpxtpx:TrackPointExtension>
        </extensions>
      </trkpt>
      <trkpt lat="31.23759574960502" lon="121.61274772697469">
        <ele>3.8003483237698674</ele>
        <time>1970-01-01T00:12:54.600000Z</time>
        <extensions>
          <gpxtpx:TrackPointExtension>
            <gpxtpx:hr>139</gpxtpx:hr>
          </gpxtpx:TrackPointExtension>
        </extensions>
      </trkpt>
      <trkpt lat="31.237605318630944" lon="121.61274889891557">
        <ele>3.810740460641682</ele>
        <time>1970-01-01T00:12:55.600000Z</time>
        <extensions>
          <gpxtpx:TrackPointExtension>
            <gpxtpx:hr>139</gpxtpx:hr>
          </gpxtpx:TrackPointExtension>
        </extensions>
      </trkpt>
      <trkpt lat="31.2376141558782" lon="121.61275105917306">
        <ele>3.822509971447289</ele>
        <time>1970-01-01T00:12:56.600000Z</time>
        <extensions>
          <gpxtpx:TrackPointExtension>
            <gpxtpx:hr>136</gpxtpx:hr>
          </gpxtpx:TrackPointExtension>
        </extensions>
      </trkpt>
      <trkpt lat="31.237621831308683" lon="121.61275412248501">
        <ele>3.835442829877138</ele>
        <time>1970-01-01T00:12:57.600000Z</time>
        <extensions>
          <gpxtpx:TrackPointExtension>
            <gpxtpx:hr>136</gpxtpx:hr>
          </gpxtpx:TrackPointExtension>
        </extensions>
      </trkpt>
      <trkpt lat="31.237628073351015" lon="121.61275668648125">
        <ele>3.8492669062688947</ele>
        <time>1970-01-01T00:12:58.600000Z</time>
        <extensions>
          <gpxtpx:TrackPointExtension>
            <gpxtpx:hr>136</gpxtpx:hr>
          </gpxtpx:TrackPointExtension>
        </extensions>
      </trkpt>
      <trkpt lat="31.237632972556646" lon="121.6127561265283">
        <ele>3.863701021298766</ele>
        <time>1970-01-01T00:12:59.600000Z</time>
        <extensions>
          <gpxtpx:TrackPointExtension>
            <gpxtpx:hr>136</gpxtpx:hr>
          </gpxtpx:TrackPointExtension>
        </extensions>
      </trkpt>
      <trkpt lat="31.237636007922458" lon="121.61274980217294">
        <ele>3.8784417239949107</ele>
        <time>1970-01-01T00:13:00.600000Z</time>
        <extensions>
          <gpxtpx:TrackPointExtension>
            <gpxtpx:hr>135</gpxtpx:hr>
          </gpxtpx:TrackPointExtension>
        </extensions>
      </trkpt>
      <trkpt lat="31.23763714248699" lon="121.61273740345382">
        <ele>3.8932600067928433</ele>
        <time>1970-01-01T00:13:01.600000Z</time>
        <extensions>
          <gpxtpx:TrackPointExtension>
            <gpxtpx:hr>135</gpxtpx:hr>
          </gpxtpx:TrackPointExtension>
        </extensions>
      </trkpt>
      <trkpt lat="31.237637135723556" lon="121.61272068441033">
        <ele>3.9080203799530864</ele>
        <time>1970-01-01T00:13:02.600000Z</time>
        <extensions>
          <gpxtpx:TrackPointExtension>
            <gpxtpx:hr>135</gpxtpx:hr>
          </gpxtpx:TrackPointExtension>
        </extensions>
      </trkpt>
      <trkpt lat="31.237636698126057" lon="121.61270057484488">
        <ele>3.92245305608958</ele>
        <time>1970-01-01T00:13:03.600000Z</time>
        <extensions>
          <gpxtpx:TrackPointExtension>
            <gpxtpx:hr>133</gpxtpx:hr>
          </gpxtpx:TrackPointExtension>
        </extensions>
      </trkpt>
      <trkpt lat="31.237636797830476" lon="121.61267863012316">
        <ele>3.9361556582152843</ele>
        <time>1970-01-01T00:13:04.600000Z</time>
        <extensions>
          <gpxtpx:TrackPointExtension>
            <gpxtpx:hr>133</gpxtpx:hr>
          </gpxtpx:TrackPointExtension>
        </extensions>
      </trkpt>
      <trkpt lat="31.237637834616937" lon="121.61265528259707">
        <ele>3.948669770732522</ele>
        <time>1970-01-01T00:13:05.700000Z</time>
        <extensions>
          <gpxtpx:TrackPointExtension>
            <gpxtpx:hr>133</gpxtpx:hr>
          </gpxtpx:TrackPointExtension>
        </extensions>
      </trkpt>
      <trkpt lat="31.237639503280114" lon="121.61263015997241">
        <ele>3.9597131814807653</ele>
        <time>1970-01-01T00:13:06.700000Z</time>
        <extensions>
          <gpxtpx:TrackPointExtension>
            <gpxtpx:hr>133</gpxtpx:hr>
          </gpxtpx:TrackPointExtension>
        </extensions>
      </trkpt>
      <trkpt lat="31.237641001322668" lon="121.61260545450745">
        <ele>3.9692421332001686</ele>
        <time>1970-01-01T00:13:07.700000Z</time>
        <extensions>
          <gpxtpx:TrackPointExtension>
            <gpxtpx:hr>132</gpxtpx:hr>
          </gpxtpx:TrackPointExtension>
        </extensions>
      </trkpt>
      <trkpt lat="31.237641861871655" lon="121.61258185065648">
        <ele>3.9773200200870633</ele>
        <time>1970-01-01T00:13:08.700000Z</time>
        <extensions>
          <gpxtpx:TrackPointExtension>
            <gpxtpx:hr>132</gpxtpx:hr>
          </gpxtpx:TrackPointExtension>
        </extensions>
      </trkpt>
      <trkpt lat="31.237642181403853" lon="121.61255813539769">
        <ele>3.984078174456954</ele>
        <time>1970-01-01T00:13:09.700000Z</time>
        <extensions>
          <gpxtpx:TrackPointExtension>
            <gpxtpx:hr>132</gpxtpx:hr>
          </gpxtpx:TrackPointExtension>
        </extensions>
      </trkpt>
      <trkpt lat="31.237641592625888" lon="121.61253235891141">
        <ele>3.989900378510356</ele>
        <time>1970-01-01T00:13:10.700000Z</time>
        <extensions>
          <gpxtpx:TrackPointExtension>
            <gpxtpx:hr>132</gpxtpx:hr>
          </gpxtpx:TrackPointExtension>
        </extensions>
      </trkpt>
      <trkpt lat="31.23763973088378" lon="121.61250354062034">
        <ele>3.995463921688497</ele>
        <time>1970-01-01T00:13:11.700000Z</time>
        <extensions>
          <gpxtpx:TrackPointExtension>
            <gpxtpx:hr>132</gpxtpx:hr>
          </gpxtpx:TrackPointExtension>
        </extensions>
      </trkpt>
      <trkpt lat="31.23763681196215" lon="121.6124728640694">
        <ele>4.001443940214813</ele>
        <time>1970-01-01T00:13:12.700000Z</time>
        <extensions>
          <gpxtpx:TrackPointExtension>
            <gpxtpx:hr>132</gpxtpx:hr>
          </gpxtpx:TrackPointExtension>
        </extensions>
      </trkpt>
      <trkpt lat="31.2376330979638" lon="121.6124414211658">
        <ele>4.0082425912842155</ele>
        <time>1970-01-01T00:13:13.700000Z</time>
        <extensions>
          <gpxtpx:TrackPointExtension>
            <gpxtpx:hr>132</gpxtpx:hr>
          </gpxtpx:TrackPointExtension>
        </extensions>
      </trkpt>
      <trkpt lat="31.237628814753336" lon="121.61241009810674">
        <ele>4.016209260560572</ele>
        <time>1970-01-01T00:13:14.700000Z</time>
        <extensions>
          <gpxtpx:TrackPointExtension>
            <gpxtpx:hr>140</gpxtpx:hr>
          </gpxtpx:TrackPointExtension>
        </extensions>
      </trkpt>
      <trkpt lat="31.237624390179093" lon="121.61237910943592">
        <ele>4.025934964418411</ele>
        <time>1970-01-01T00:13:15.700000Z</time>
        <extensions>
          <gpxtpx:TrackPointExtension>
            <gpxtpx:hr>140</gpxtpx:hr>
          </gpxtpx:TrackPointExtension>
        </extensions>
      </trkpt>
      <trkpt lat="31.237620230919433" lon="121.61234852593311">
        <ele>4.038027091883123</ele>
        <time>1970-01-01T00:13:16.700000Z</time>
        <extensions>
          <gpxtpx:TrackPointExtension>
            <gpxtpx:hr>140</gpxtpx:hr>
          </gpxtpx:TrackPointExtension>
        </extensions>
      </trkpt>
      <trkpt lat="31.23761644730228" lon="121.61231876493301">
        <ele>4.052969643846154</ele>
        <time>1970-01-01T00:13:17.700000Z</time>
        <extensions>
          <gpxtpx:TrackPointExtension>
            <gpxtpx:hr>140</gpxtpx:hr>
          </gpxtpx:TrackPointExtension>
        </extensions>
      </trkpt>
      <trkpt lat="31.237612895615477" lon="121.61228986837217">
        <ele>4.070728238672018</ele>
        <time>1970-01-01T00:13:18.700000Z</time>
        <extensions>
          <gpxtpx:TrackPointExtension>
            <gpxtpx:hr>140</gpxtpx:hr>
          </gpxtpx:TrackPointExtension>
        </extensions>
      </trkpt>
      <trkpt lat="31.237609337768568" lon="121.61226146274957">
        <ele>4.090607448481023</ele>
        <time>1970-01-01T00:13:19.700000Z</time>
        <extensions>
          <gpxtpx:TrackPointExtension>
            <gpxtpx:hr>140</gpxtpx:hr>
          </gpxtpx:TrackPointExtension>
        </extensions>
      </trkpt>
      <trkpt lat="31.23760570634584" lon="121.61223359196919">
        <ele>4.111844026483595</ele>
        <time>1970-01-01T00:13:20.700000Z</time>
        <extensions>
          <gpxtpx:TrackPointExtension>
            <gpxtpx:hr>140</gpxtpx:hr>
          </gpxtpx:TrackPointExtension>
        </extensions>
      </trkpt>
      <trkpt lat="31.237601890626525" lon="121.61220657985709">
        <ele>4.133838446810842</ele>
        <time>1970-01-01T00:13:21.700000Z</time>
        <extensions>
          <gpxtpx:TrackPointExtension>
            <gpxtpx:hr>141</gpxtpx:hr>
          </gpxtpx:TrackPointExtension>
        </extensions>
      </trkpt>
      <trkpt lat="31.23759798759457" lon="121.61217998382858">
        <ele>4.156010512262583</ele>
        <time>1970-01-01T00:13:22.700000Z</time>
        <extensions>
          <gpxtpx:TrackPointExtension>
            <gpxtpx:hr>141</gpxtpx:hr>
          </gpxtpx:TrackPointExtension>
        </extensions>
      </trkpt>
      <trkpt lat="31.23759436833335" lon="121.61215244218263">
        <ele>4.177711081691086</ele>
        <time>1970-01-01T00:13:23.700000Z</time>
        <extensions>
          <gpxtpx:TrackPointExtension>
            <gpxtpx:hr>141</gpxtpx:hr>
          </gpxtpx:TrackPointExtension>
        </extensions>
      </trkpt>
      <trkpt lat="31.237591048646646" lon="121.61212332236201">
        <ele>4.19835465028882</ele>
        <time>1970-01-01T00:13:24.700000Z</time>
        <extensions>
          <gpxtpx:TrackPointExtension>
            <gpxtpx:hr>141</gpxtpx:hr>
          </gpxtpx:TrackPointExtension>
        </extensions>
      </trkpt>
      <trkpt lat="31.23758783589278" lon="121.61209308560936">
        <ele>4.217547047883272</ele>
        <time>1970-01-01T00:13:25.700000Z</time>
        <extensions>
          <gpxtpx:TrackPointExtension>
            <gpxtpx:hr>141</gpxtpx:hr>
          </gpxtpx:TrackPointExtension>
        </extensions>
      </trkpt>
      <trkpt lat="31.237584734336345" lon="121.61206211323541">
        <ele>4.235183478333056</ele>
        <time>1970-01-01T00:13:26.700000Z</time>
        <extensions>
          <gpxtpx:TrackPointExtension>
            <gpxtpx:hr>140</gpxtpx:hr>
          </gpxtpx:TrackPointExtension>
        </extensions>
      </trkpt>
      <trkpt lat="31.237581620070436" lon="121.61203056116503">
        <ele>4.251456500031054</ele>
        <time>1970-01-01T00:13:27.700000Z</time>
        <extensions>
          <gpxtpx:TrackPointExtension>
            <gpxtpx:hr>140</gpxtpx:hr>
          </gpxtpx:TrackPointExtension>
        </extensions>
      </trkpt>
      <trkpt lat="31.237578467684273" lon="121.61199851826272">
        <ele>4.266914936713874</ele>
        <time>1970-01-01T00:13:28.700000Z</time>
        <extensions>
          <gpxtpx:TrackPointExtension>
            <gpxtpx:hr>140</gpxtpx:hr>
          </gpxtpx:TrackPointExtension>
        </extensions>
      </trkpt>
      <trkpt lat="31.237575500595646" lon="121.6119660100182">
        <ele>4.282136720605195</ele>
        <time>1970-01-01T00:13:29.700000Z</time>
        <extensions>
          <gpxtpx:TrackPointExtension>
            <gpxtpx:hr>140</gpxtpx:hr>
          </gpxtpx:TrackPointExtension>
        </extensions>
      </trkpt>
      <trkpt lat="31.2375725278214" lon="121.61193345297778">
        <ele>4.297257010824978</ele>
        <time>1970-01-01T00:13:30.700000Z</time>
        <extensions>
          <gpxtpx:TrackPointExtension>
            <gpxtpx:hr>140</gpxtpx:hr>
          </gpxtpx:TrackPointExtension>
        </extensions>
      </trkpt>
      <trkpt lat="31.23756911182504" lon="121.6119014037826">
        <ele>4.31214242707938</ele>
        <time>1970-01-01T00:13:31.700000Z</time>
        <extensions>
          <gpxtpx:TrackPointExtension>
            <gpxtpx:hr>140</gpxtpx:hr>
          </gpxtpx:TrackPointExtension>
        </extensions>
      </trkpt>
      <trkpt lat="31.237565152184743" lon="121.6118697585638">
        <ele>4.3269411791116</ele>
        <time>1970-01-01T00:13:32.700000Z</time>
        <extensions>
          <gpxtpx:TrackPointExtension>
            <gpxtpx:hr>140</gpxtpx:hr>
          </gpxtpx:TrackPointExtension>
        </extensions>
      </trkpt>
      <trkpt lat="31.237560911095322" lon="121.61183826992328">
        <ele>4.342074872925878</ele>
        <time>1970-01-01T00:13:33.700000Z</time>
        <extensions>
          <gpxtpx:TrackPointExtension>
            <gpxtpx:hr>143</gpxtpx:hr>
          </gpxtpx:TrackPointExtension>
        </extensions>
      </trkpt>
      <trkpt lat="31.237556652522322" lon="121.61180708926676">
        <ele>4.3577790996059775</ele>
        <time>1970-01-01T00:13:34.700000Z</time>
        <extensions>
          <gpxtpx:TrackPointExtension>
            <gpxtpx:hr>143</gpxtpx:hr>
          </gpxtpx:TrackPointExtension>
        </extensions>
      </trkpt>
      <trkpt lat="31.237552660852273" lon="121.61177617039964">
        <ele>4.373737030662596</ele>
        <time>1970-01-01T00:13:35.700000Z</time>
        <extensions>
          <gpxtpx:TrackPointExtension>
            <gpxtpx:hr>143</gpxtpx:hr>
          </gpxtpx:TrackPointExtension>
        </extensions>
      </trkpt>
      <trkpt lat="31.23754920461465" lon="121.61174520354302">
        <ele>4.389217005111277</ele>
        <time>1970-01-01T00:13:36.700000Z</time>
        <extensions>
          <gpxtpx:TrackPointExtension>
            <gpxtpx:hr>143</gpxtpx:hr>
          </gpxtpx:TrackPointExtension>
        </extensions>
      </trkpt>
      <trkpt lat="31.23754629647088" lon="121.61171424619843">
        <ele>4.403472473844886</ele>
        <time>1970-01-01T00:13:37.700000Z</time>
        <extensions>
          <gpxtpx:TrackPointExtension>
            <gpxtpx:hr>143</gpxtpx:hr>
          </gpxtpx:TrackPointExtension>
        </extensions>
      </trkpt>
      <trkpt lat="31.237543962079307" lon="121.6116833898935">
        <ele>4.415921534411609</ele>
        <time>1970-01-01T00:13:38.700000Z</time>
        <extensions>
          <gpxtpx:TrackPointExtension>
            <gpxtpx:hr>143</gpxtpx:hr>
          </gpxtpx:TrackPointExtension>
        </extensions>
      </trkpt>
      <trkpt lat="31.237542074419363" lon="121.61165259698225">
        <ele>4.426041170954704</ele>
        <time>1970-01-01T00:13:39.700000Z</time>
        <extensions>
          <gpxtpx:TrackPointExtension>
            <gpxtpx:hr>145</gpxtpx:hr>
          </gpxtpx:TrackPointExtension>
        </extensions>
      </trkpt>
      <trkpt lat="31.23754029426148" lon="121.61162193307852">
        <ele>4.433145218528807</ele>
        <time>1970-01-01T00:13:40.700000Z</time>
        <extensions>
          <gpxtpx:TrackPointExtension>
            <gpxtpx:hr>145</gpxtpx:hr>
          </gpxtpx:TrackPointExtension>
        </extensions>
      </trkpt>
      <trkpt lat="31.237538515558615" lon="121.61159119458324">
        <ele>4.436308165080845</ele>
        <time>1970-01-01T00:13:41.800000Z</time>
        <extensions>
          <gpxtpx:TrackPointExtension>
            <gpxtpx:hr>145</gpxtpx:hr>
          </gpxtpx:TrackPointExtension>
        </extensions>
      </trkpt>
      <trkpt lat="31.23753660834029" lon="121.61156025072242">
        <ele>4.434783968143165</ele>
        <time>1970-01-01T00:13:42.800000Z</time>
        <extensions>
          <gpxtpx:TrackPointExtension>
            <gpxtpx:hr>145</gpxtpx:hr>
          </gpxtpx:TrackPointExtension>
        </extensions>
      </trkpt>
      <trkpt lat="31.237534510851845" lon="121.61152947021165">
        <ele>4.428534913808107</ele>
        <time>1970-01-01T00:13:43.800000Z</time>
        <extensions>
          <gpxtpx:TrackPointExtension>
            <gpxtpx:hr>147</gpxtpx:hr>
          </gpxtpx:TrackPointExtension>
        </extensions>
      </trkpt>
      <trkpt lat="31.237532491747903" lon="121.61149897280623">
        <ele>4.418084873817861</ele>
        <time>1970-01-01T00:13:44.800000Z</time>
        <extensions>
          <gpxtpx:TrackPointExtension>
            <gpxtpx:hr>147</gpxtpx:hr>
          </gpxtpx:TrackPointExtension>
        </extensions>
      </trkpt>
      <trkpt lat="31.23753054058756" lon="121.6114685812799">
        <ele>4.403998665511608</ele>
        <time>1970-01-01T00:13:45.800000Z</time>
        <extensions>
          <gpxtpx:TrackPointExtension>
            <gpxtpx:hr>147</gpxtpx:hr>
          </gpxtpx:TrackPointExtension>
        </extensions>
      </trkpt>
      <trkpt lat="31.237528515452762" lon="121.61143843917579">
        <ele>4.386562431231141</ele>
        <time>1970-01-01T00:13:46.800000Z</time>
        <extensions>
          <gpxtpx:TrackPointExtension>
            <gpxtpx:hr>147</gpxtpx:hr>
          </gpxtpx:TrackPointExtension>
        </extensions>
      </trkpt>
      <trkpt lat="31.23752647496204" lon="121.61140873096144">
        <ele>4.365977986715734</ele>
        <time>1970-01-01T00:13:47.800000Z</time>
        <extensions>
          <gpxtpx:TrackPointExtension>
            <gpxtpx:hr>147</gpxtpx:hr>
          </gpxtpx:TrackPointExtension>
        </extensions>
      </trkpt>
      <trkpt lat="31.237524622192726" lon="121.61137932111731">
        <ele>4.342549848370254</ele>
        <time>1970-01-01T00:13:48.800000Z</time>
        <extensions>
          <gpxtpx:TrackPointExtension>
            <gpxtpx:hr>150</gpxtpx:hr>
          </gpxtpx:TrackPointExtension>
        </extensions>
      </trkpt>
      <trkpt lat="31.237523080613258" lon="121.61135016716878">
        <ele>4.316386419348419</ele>
        <time>1970-01-01T00:13:49.800000Z</time>
        <extensions>
          <gpxtpx:TrackPointExtension>
            <gpxtpx:hr>150</gpxtpx:hr>
          </gpxtpx:TrackPointExtension>
        </extensions>
      </trkpt>
      <trkpt lat="31.23752181071406" lon="121.61132125701194">
        <ele>4.287493549287319</ele>
        <time>1970-01-01T00:13:50.800000Z</time>
        <extensions>
          <gpxtpx:TrackPointExtension>
            <gpxtpx:hr>150</gpxtpx:hr>
          </gpxtpx:TrackPointExtension>
        </extensions>
      </trkpt>
      <trkpt lat="31.237520834618525" lon="121.61129234360726">
        <ele>4.255892678163946</ele>
        <time>1970-01-01T00:13:51.800000Z</time>
        <extensions>
          <gpxtpx:TrackPointExtension>
            <gpxtpx:hr>150</gpxtpx:hr>
          </gpxtpx:TrackPointExtension>
        </extensions>
      </trkpt>
      <trkpt lat="31.237520007477247" lon="121.61126343407875">
        <ele>4.221691834740341</ele>
        <time>1970-01-01T00:13:52.800000Z</time>
        <extensions>
          <gpxtpx:TrackPointExtension>
            <gpxtpx:hr>150</gpxtpx:hr>
          </gpxtpx:TrackPointExtension>
        </extensions>
      </trkpt>
      <trkpt lat="31.237519200255644" lon="121.61123457663261">
        <ele>4.185318730771542</ele>
        <time>1970-01-01T00:13:53.800000Z</time>
        <extensions>
          <gpxtpx:TrackPointExtension>
            <gpxtpx:hr>153</gpxtpx:hr>
          </gpxtpx:TrackPointExtension>
        </extensions>
      </trkpt>
      <trkpt lat="31.237518501528715" lon="121.61120554555013">
        <ele>4.147496878169477</ele>
        <time>1970-01-01T00:13:54.800000Z</time>
        <extensions>
          <gpxtpx:TrackPointExtension>
            <gpxtpx:hr>153</gpxtpx:hr>
          </gpxtpx:TrackPointExtension>
        </extensions>
      </trkpt>
      <trkpt lat="31.2375181604423" lon="121.61117637001273">
        <ele>4.109125173650682</ele>
        <time>1970-01-01T00:13:55.800000Z</time>
        <extensions>
          <gpxtpx:TrackPointExtension>
            <gpxtpx:hr>153</gpxtpx:hr>
          </gpxtpx:TrackPointExtension>
        </extensions>
      </trkpt>
      <trkpt lat="31.237518384966364" lon="121.6111471958054">
        <ele>4.0709891282022</ele>
        <time>1970-01-01T00:13:56.800000Z</time>
        <extensions>
          <gpxtpx:TrackPointExtension>
            <gpxtpx:hr>153</gpxtpx:hr>
          </gpxtpx:TrackPointExtension>
        </extensions>
      </trkpt>
      <trkpt lat="31.23751924395014" lon="121.61111813672676">
        <ele>4.033596978522837</ele>
        <time>1970-01-01T00:13:57.800000Z</time>
        <extensions>
          <gpxtpx:TrackPointExtension>
            <gpxtpx:hr>153</gpxtpx:hr>
          </gpxtpx:TrackPointExtension>
        </extensions>
      </trkpt>
      <trkpt lat="31.237520477193286" lon="121.61108949206789">
        <ele>3.9972504898905754</ele>
        <time>1970-01-01T00:13:58.800000Z</time>
        <extensions>
          <gpxtpx:TrackPointExtension>
            <gpxtpx:hr>153</gpxtpx:hr>
          </gpxtpx:TrackPointExtension>
        </extensions>
      </trkpt>
      <trkpt lat="31.237521600959898" lon="121.61106132335202">
        <ele>3.9619693234562874</ele>
        <time>1970-01-01T00:13:59.800000Z</time>
        <extensions>
          <gpxtpx:TrackPointExtension>
            <gpxtpx:hr>154</gpxtpx:hr>
          </gpxtpx:TrackPointExtension>
        </extensions>
      </trkpt>
      <trkpt lat="31.237522507000683" lon="121.61103324064152">
        <ele>3.9276127964258194</ele>
        <time>1970-01-01T00:14:00.800000Z</time>
        <extensions>
          <gpxtpx:TrackPointExtension>
            <gpxtpx:hr>154</gpxtpx:hr>
          </gpxtpx:TrackPointExtension>
        </extensions>
      </trkpt>
      <trkpt lat="31.237523363777623" lon="121.61100504200675">
        <ele>3.8944053258746862</ele>
        <time>1970-01-01T00:14:01.800000Z</time>
        <extensions>
          <gpxtpx:TrackPointExtension>
            <gpxtpx:hr>154</gpxtpx:hr>
          </gpxtpx:TrackPointExtension>
        </extensions>
      </trkpt>
      <trkpt lat="31.23752382170503" lon="121.61097697891117">
        <ele>3.8631233805790544</ele>
        <time>1970-01-01T00:14:02.800000Z</time>
        <extensions>
          <gpxtpx:TrackPointExtension>
            <gpxtpx:hr>154</gpxtpx:hr>
          </gpxtpx:TrackPointExtension>
        </extensions>
      </trkpt>
      <trkpt lat="31.237523565043666" lon="121.61094923605137">
        <ele>3.8345819180831313</ele>
        <time>1970-01-01T00:14:03.800000Z</time>
        <extensions>
          <gpxtpx:TrackPointExtension>
            <gpxtpx:hr>154</gpxtpx:hr>
          </gpxtpx:TrackPointExtension>
        </extensions>
      </trkpt>
      <trkpt lat="31.237522828595534" lon="121.61092151669729">
        <ele>3.8095891922712326</ele>
        <time>1970-01-01T00:14:04.800000Z</time>
        <extensions>
          <gpxtpx:TrackPointExtension>
            <gpxtpx:hr>154</gpxtpx:hr>
          </gpxtpx:TrackPointExtension>
        </extensions>
      </trkpt>
      <trkpt lat="31.237522147871026" lon="121.61089342678194">
        <ele>3.788986667059362</ele>
        <time>1970-01-01T00:14:05.800000Z</time>
        <extensions>
          <gpxtpx:TrackPointExtension>
            <gpxtpx:hr>154</gpxtpx:hr>
          </gpxtpx:TrackPointExtension>
        </extensions>
      </trkpt>
      <trkpt lat="31.23752183272983" lon="121.61086489094129">
        <ele>3.773821096867323</ele>
        <time>1970-01-01T00:14:06.800000Z</time>
        <extensions>
          <gpxtpx:TrackPointExtension>
            <gpxtpx:hr>154</gpxtpx:hr>
          </gpxtpx:TrackPointExtension>
        </extensions>
      </trkpt>
      <trkpt lat="31.23752146208987" lon="121.61083617003779">
        <ele>3.7652721758931875</ele>
        <time>1970-01-01T00:14:07.800000Z</time>
        <extensions>
          <gpxtpx:TrackPointExtension>
            <gpxtpx:hr>153</gpxtpx:hr>
          </gpxtpx:TrackPointExtension>
        </extensions>
      </trkpt>
      <trkpt lat="31.237520841501638" lon="121.61080768721935">
        <ele>3.7647678134962916</ele>
        <time>1970-01-01T00:14:08.800000Z</time>
        <extensions>
          <gpxtpx:TrackPointExtension>
            <gpxtpx:hr>153</gpxtpx:hr>
          </gpxtpx:TrackPointExtension>
        </extensions>
      </trkpt>
      <trkpt lat="31.2375199582026" lon="121.61077946009047">
        <ele>3.7732665687799454</ele>
        <time>1970-01-01T00:14:09.800000Z</time>
        <extensions>
          <gpxtpx:TrackPointExtension>
            <gpxtpx:hr>153</gpxtpx:hr>
          </gpxtpx:TrackPointExtension>
        </extensions>
      </trkpt>
      <trkpt lat="31.237518574710272" lon="121.6107513708587">
        <ele>3.790589508600533</ele>
        <time>1970-01-01T00:14:10.800000Z</time>
        <extensions>
          <gpxtpx:TrackPointExtension>
            <gpxtpx:hr>153</gpxtpx:hr>
          </gpxtpx:TrackPointExtension>
        </extensions>
      </trkpt>
      <trkpt lat="31.237516755850717" lon="121.61072339581969">
        <ele>3.8158359797671437</ele>
        <time>1970-01-01T00:14:11.800000Z</time>
        <extensions>
          <gpxtpx:TrackPointExtension>
            <gpxtpx:hr>153</gpxtpx:hr>
          </gpxtpx:TrackPointExtension>
        </extensions>
      </trkpt>
      <trkpt lat="31.237514924028055" lon="121.61069526741106">
        <ele>3.8478720616549253</ele>
        <time>1970-01-01T00:14:12.800000Z</time>
        <extensions>
          <gpxtpx:TrackPointExtension>
            <gpxtpx:hr>153</gpxtpx:hr>
          </gpxtpx:TrackPointExtension>
        </extensions>
      </trkpt>
      <trkpt lat="31.23751320754549" lon="121.6106666350582">
        <ele>3.8857491724193096</ele>
        <time>1970-01-01T00:14:13.800000Z</time>
        <extensions>
          <gpxtpx:TrackPointExtension>
            <gpxtpx:hr>153</gpxtpx:hr>
          </gpxtpx:TrackPointExtension>
        </extensions>
      </trkpt>
      <trkpt lat="31.237511620482657" lon="121.61063759464797">
        <ele>3.928666915744543</ele>
        <time>1970-01-01T00:14:14.800000Z</time>
        <extensions>
          <gpxtpx:TrackPointExtension>
            <gpxtpx:hr>154</gpxtpx:hr>
          </gpxtpx:TrackPointExtension>
        </extensions>
      </trkpt>
      <trkpt lat="31.23751030180993" lon="121.61060834195975">
        <ele>3.9756416771560907</ele>
        <time>1970-01-01T00:14:15.800000Z</time>
        <extensions>
          <gpxtpx:TrackPointExtension>
            <gpxtpx:hr>154</gpxtpx:hr>
          </gpxtpx:TrackPointExtension>
        </extensions>
      </trkpt>
      <trkpt lat="31.237509038399423" lon="121.61057891226638">
        <ele>4.025360745377839</ele>
        <time>1970-01-01T00:14:16.800000Z</time>
        <extensions>
          <gpxtpx:TrackPointExtension>
            <gpxtpx:hr>154</gpxtpx:hr>
          </gpxtpx:TrackPointExtension>
        </extensions>
      </trkpt>
      <trkpt lat="31.23750779721745" lon="121.61054940927156">
        <ele>4.076115162111819</ele>
        <time>1970-01-01T00:14:17.900000Z</time>
        <extensions>
          <gpxtpx:TrackPointExtension>
            <gpxtpx:hr>154</gpxtpx:hr>
          </gpxtpx:TrackPointExtension>
        </extensions>
      </trkpt>
      <trkpt lat="31.237506736149655" lon="121.61051957882577">
        <ele>4.12609139084816</ele>
        <time>1970-01-01T00:14:18.900000Z</time>
        <extensions>
          <gpxtpx:TrackPointExtension>
            <gpxtpx:hr>154</gpxtpx:hr>
          </gpxtpx:TrackPointExtension>
        </extensions>
      </trkpt>
      <trkpt lat="31.23750563808283" lon="121.61048926845093">
        <ele>4.174373439513147</ele>
        <time>1970-01-01T00:14:19.900000Z</time>
        <extensions>
          <gpxtpx:TrackPointExtension>
            <gpxtpx:hr>154</gpxtpx:hr>
          </gpxtpx:TrackPointExtension>
        </extensions>
      </trkpt>
      <trkpt lat="31.23750452746212" lon="121.61045896664594">
        <ele>4.220747915096581</ele>
        <time>1970-01-01T00:14:20.900000Z</time>
        <extensions>
          <gpxtpx:TrackPointExtension>
            <gpxtpx:hr>154</gpxtpx:hr>
          </gpxtpx:TrackPointExtension>
        </extensions>
      </trkpt>
      <trkpt lat="31.237503767012843" lon="121.61042900614166">
        <ele>4.265299232676625</ele>
        <time>1970-01-01T00:14:21.900000Z</time>
        <extensions>
          <gpxtpx:TrackPointExtension>
            <gpxtpx:hr>156</gpxtpx:hr>
          </gpxtpx:TrackPointExtension>
        </extensions>
      </trkpt>
      <trkpt lat="31.237503334467885" lon="121.61039957480287">
        <ele>4.3075477834790945</ele>
        <time>1970-01-01T00:14:22.900000Z</time>
        <extensions>
          <gpxtpx:TrackPointExtension>
            <gpxtpx:hr>156</gpxtpx:hr>
          </gpxtpx:TrackPointExtension>
        </extensions>
      </trkpt>
      <trkpt lat="31.237503288222175" lon="121.61037082010705">
        <ele>4.346004703082144</ele>
        <time>1970-01-01T00:14:23.900000Z</time>
        <extensions>
          <gpxtpx:TrackPointExtension>
            <gpxtpx:hr>156</gpxtpx:hr>
          </gpxtpx:TrackPointExtension>
        </extensions>
      </trkpt>
      <trkpt lat="31.237503820387367" lon="121.61034238062982">
        <ele>4.37904613558203</ele>
        <time>1970-01-01T00:14:24.900000Z</time>
        <extensions>
          <gpxtpx:TrackPointExtension>
            <gpxtpx:hr>157</gpxtpx:hr>
          </gpxtpx:TrackPointExtension>
        </extensions>
      </trkpt>
      <trkpt lat="31.237504528484084" lon="121.61031387169945">
        <ele>4.405574008822441</ele>
        <time>1970-01-01T00:14:25.900000Z</time>
        <extensions>
          <gpxtpx:TrackPointExtension>
            <gpxtpx:hr>157</gpxtpx:hr>
          </gpxtpx:TrackPointExtension>
        </extensions>
      </trkpt>
      <trkpt lat="31.237505005810778" lon="121.61028545414115">
        <ele>4.425097094848752</ele>
        <time>1970-01-01T00:14:26.900000Z</time>
        <extensions>
          <gpxtpx:TrackPointExtension>
            <gpxtpx:hr>157</gpxtpx:hr>
          </gpxtpx:TrackPointExtension>
        </extensions>
      </trkpt>
      <trkpt lat="31.237505369632768" lon="121.61025721492638">
        <ele>4.437411145307124</ele>
        <time>1970-01-01T00:14:27.900000Z</time>
        <extensions>
          <gpxtpx:TrackPointExtension>
            <gpxtpx:hr>157</gpxtpx:hr>
          </gpxtpx:TrackPointExtension>
        </extensions>
      </trkpt>
      <trkpt lat="31.237505636126215" lon="121.6102289270635">
        <ele>4.442154606804252</ele>
        <time>1970-01-01T00:14:28.900000Z</time>
        <extensions>
          <gpxtpx:TrackPointExtension>
            <gpxtpx:hr>158</gpxtpx:hr>
          </gpxtpx:TrackPointExtension>
        </extensions>
      </trkpt>
      <trkpt lat="31.237505578640516" lon="121.61020056079917">
        <ele>4.439222435466945</ele>
        <time>1970-01-01T00:14:29.900000Z</time>
        <extensions>
          <gpxtpx:TrackPointExtension>
            <gpxtpx:hr>158</gpxtpx:hr>
          </gpxtpx:TrackPointExtension>
        </extensions>
      </trkpt>
      <trkpt lat="31.237505174251417" lon="121.61017209370978">
        <ele>4.429170578718185</ele>
        <time>1970-01-01T00:14:30.900000Z</time>
        <extensions>
          <gpxtpx:TrackPointExtension>
            <gpxtpx:hr>158</gpxtpx:hr>
          </gpxtpx:TrackPointExtension>
        </extensions>
      </trkpt>
      <trkpt lat="31.237504458989527" lon="121.61014332111554">
        <ele>4.413082637824118</ele>
        <time>1970-01-01T00:14:31.900000Z</time>
        <extensions>
          <gpxtpx:TrackPointExtension>
            <gpxtpx:hr>158</gpxtpx:hr>
          </gpxtpx:TrackPointExtension>
        </extensions>
      </trkpt>
      <trkpt lat="31.237503492280844" lon="121.61011428511092">
        <ele>4.392232607118785</ele>
        <time>1970-01-01T00:14:32.900000Z</time>
        <extensions>
          <gpxtpx:TrackPointExtension>
            <gpxtpx:hr>158</gpxtpx:hr>
          </gpxtpx:TrackPointExtension>
        </extensions>
      </trkpt>
      <trkpt lat="31.23750252343708" lon="121.61008507569433">
        <ele>4.3677172269672155</ele>
        <time>1970-01-01T00:14:33.900000Z</time>
        <extensions>
          <gpxtpx:TrackPointExtension>
            <gpxtpx:hr>159</gpxtpx:hr>
          </gpxtpx:TrackPointExtension>
        </extensions>
      </trkpt>
      <trkpt lat="31.23750152784455" lon="121.61005551820571">
        <ele>4.340319516137242</ele>
        <time>1970-01-01T00:14:34.900000Z</time>
        <extensions>
          <gpxtpx:TrackPointExtension>
            <gpxtpx:hr>159</gpxtpx:hr>
          </gpxtpx:TrackPointExtension>
        </extensions>
      </trkpt>
      <trkpt lat="31.237500351795543" lon="121.61002564723664">
        <ele>4.310644900426269</ele>
        <time>1970-01-01T00:14:35.900000Z</time>
        <extensions>
          <gpxtpx:TrackPointExtension>
            <gpxtpx:hr>159</gpxtpx:hr>
          </gpxtpx:TrackPointExtension>
        </extensions>
      </trkpt>
      <trkpt lat="31.23749932033258" lon="121.60999592215872">
        <ele>4.27938231639564</ele>
        <time>1970-01-01T00:14:36.900000Z</time>
        <extensions>
          <gpxtpx:TrackPointExtension>
            <gpxtpx:hr>159</gpxtpx:hr>
          </gpxtpx:TrackPointExtension>
        </extensions>
      </trkpt>
      <trkpt lat="31.2374985843551" lon="121.60996670727775">
        <ele>4.247275151312351</ele>
        <time>1970-01-01T00:14:37.900000Z</time>
        <extensions>
          <gpxtpx:TrackPointExtension>
            <gpxtpx:hr>159</gpxtpx:hr>
          </gpxtpx:TrackPointExtension>
        </extensions>
      </trkpt>
      <trkpt lat="31.23749801234848" lon="121.60993789673262">
        <ele>4.214776852168143</ele>
        <time>1970-01-01T00:14:38.900000Z</time>
        <extensions>
          <gpxtpx:TrackPointExtension>
            <gpxtpx:hr>159</gpxtpx:hr>
          </gpxtpx:TrackPointExtension>
        </extensions>
      </trkpt>
      <trkpt lat="31.23749770270831" lon="121.60990922745749">
        <ele>4.182123563252389</ele>
        <time>1970-01-01T00:14:39.900000Z</time>
        <extensions>
          <gpxtpx:TrackPointExtension>
            <gpxtpx:hr>159</gpxtpx:hr>
          </gpxtpx:TrackPointExtension>
        </extensions>
      </trkpt>
      <trkpt lat="31.237497679932194" lon="121.60988036839804">
        <ele>4.149394523352385</ele>
        <time>1970-01-01T00:14:40.900000Z</time>
        <extensions>
          <gpxtpx:TrackPointExtension>
            <gpxtpx:hr>159</gpxtpx:hr>
          </gpxtpx:TrackPointExtension>
        </extensions>
      </trkpt>
      <trkpt lat="31.237497676854456" lon="121.60985139934365">
        <ele>4.116208245977759</ele>
        <time>1970-01-01T00:14:41.900000Z</time>
        <extensions>
          <gpxtpx:TrackPointExtension>
            <gpxtpx:hr>159</gpxtpx:hr>
          </gpxtpx:TrackPointExtension>
        </extensions>
      </trkpt>
      <trkpt lat="31.23749751410189" lon="121.60982282516827">
        <ele>4.081655049696565</ele>
        <time>1970-01-01T00:14:42.900000Z</time>
        <extensions>
          <gpxtpx:TrackPointExtension>
            <gpxtpx:hr>159</gpxtpx:hr>
          </gpxtpx:TrackPointExtension>
        </extensions>
      </trkpt>
      <trkpt lat="31.237497149722973" lon="121.60979461641385">
        <ele>4.044541718438268</ele>
        <time>1970-01-01T00:14:43.900000Z</time>
        <extensions>
          <gpxtpx:TrackPointExtension>
            <gpxtpx:hr>159</gpxtpx:hr>
          </gpxtpx:TrackPointExtension>
        </extensions>
      </trkpt>
      <trkpt lat="31.237496482975917" lon="121.60976656148962">
        <ele>4.003909352235496</ele>
        <time>1970-01-01T00:14:44.900000Z</time>
        <extensions>
          <gpxtpx:TrackPointExtension>
            <gpxtpx:hr>159</gpxtpx:hr>
          </gpxtpx:TrackPointExtension>
        </extensions>
      </trkpt>
      <trkpt lat="31.237495867306745" lon="121.60973861601856">
        <ele>3.959223434329033</ele>
        <time>1970-01-01T00:14:45.900000Z</time>
        <extensions>
          <gpxtpx:TrackPointExtension>
            <gpxtpx:hr>159</gpxtpx:hr>
          </gpxtpx:TrackPointExtension>
        </extensions>
      </trkpt>
      <trkpt lat="31.23749566319849" lon="121.60971037174036">
        <ele>3.910122472792864</ele>
        <time>1970-01-01T00:14:46.900000Z</time>
        <extensions>
          <gpxtpx:TrackPointExtension>
            <gpxtpx:hr>159</gpxtpx:hr>
          </gpxtpx:TrackPointExtension>
        </extensions>
      </trkpt>
      <trkpt lat="31.23749554412198" lon="121.60968161458759">
        <ele>3.8565419176593423</ele>
        <time>1970-01-01T00:14:47.900000Z</time>
        <extensions>
          <gpxtpx:TrackPointExtension>
            <gpxtpx:hr>159</gpxtpx:hr>
          </gpxtpx:TrackPointExtension>
        </extensions>
      </trkpt>
      <trkpt lat="31.237495223183075" lon="121.60965285789499">
        <ele>3.7988852271810174</ele>
        <time>1970-01-01T00:14:48.900000Z</time>
        <extensions>
          <gpxtpx:TrackPointExtension>
            <gpxtpx:hr>159</gpxtpx:hr>
          </gpxtpx:TrackPointExtension>
        </extensions>
      </trkpt>
      <trkpt lat="31.237494804347467" lon="121.60962443247244">
        <ele>3.738130153156817</ele>
        <time>1970-01-01T00:14:49.900000Z</time>
        <extensions>
          <gpxtpx:TrackPointExtension>
            <gpxtpx:hr>159</gpxtpx:hr>
          </gpxtpx:TrackPointExtension>
        </extensions>
      </trkpt>
      <trkpt lat="31.237494269887694" lon="121.6095962289343">
        <ele>3.6762640327215195</ele>
        <time>1970-01-01T00:14:50.900000Z</time>
        <extensions>
          <gpxtpx:TrackPointExtension>
            <gpxtpx:hr>159</gpxtpx:hr>
          </gpxtpx:TrackPointExtension>
        </extensions>
      </trkpt>
      <trkpt lat="31.237493726647347" lon="121.60956827518315">
        <ele>3.616608708165586</ele>
        <time>1970-01-01T00:14:51.900000Z</time>
        <extensions>
          <gpxtpx:TrackPointExtension>
            <gpxtpx:hr>159</gpxtpx:hr>
          </gpxtpx:TrackPointExtension>
        </extensions>
      </trkpt>
      <trkpt lat="31.23749358738215" lon="121.60954039992095">
        <ele>3.5641538621857762</ele>
        <time>1970-01-01T00:14:53Z</time>
        <extensions>
          <gpxtpx:TrackPointExtension>
            <gpxtpx:hr>159</gpxtpx:hr>
          </gpxtpx:TrackPointExtension>
        </extensions>
      </trkpt>
      <trkpt lat="31.237493249925333" lon="121.609512206251">
        <ele>3.5242132851853967</ele>
        <time>1970-01-01T00:14:54Z</time>
        <extensions>
          <gpxtpx:TrackPointExtension>
            <gpxtpx:hr>159</gpxtpx:hr>
          </gpxtpx:TrackPointExtension>
        </extensions>
      </trkpt>
      <trkpt lat="31.237492457749703" lon="121.60948359125611">
        <ele>3.499786884523928</ele>
        <time>1970-01-01T00:14:55Z</time>
        <extensions>
          <gpxtpx:TrackPointExtension>
            <gpxtpx:hr>159</gpxtpx:hr>
          </gpxtpx:TrackPointExtension>
        </extensions>
      </trkpt>
      <trkpt lat="31.23749168609104" lon="121.60945460680925">
        <ele>3.4909524424001575</ele>
        <time>1970-01-01T00:14:56Z</time>
        <extensions>
          <gpxtpx:TrackPointExtension>
            <gpxtpx:hr>158</gpxtpx:hr>
          </gpxtpx:TrackPointExtension>
        </extensions>
      </trkpt>
      <trkpt lat="31.237490771225065" lon="121.60942525029803">
        <ele>3.495477430522442</ele>
        <time>1970-01-01T00:14:57Z</time>
        <extensions>
          <gpxtpx:TrackPointExtension>
            <gpxtpx:hr>158</gpxtpx:hr>
          </gpxtpx:TrackPointExtension>
        </extensions>
      </trkpt>
      <trkpt lat="31.23748960971401" lon="121.60939552646063">
        <ele>3.509289369918406</ele>
        <time>1970-01-01T00:14:58Z</time>
        <extensions>
          <gpxtpx:TrackPointExtension>
            <gpxtpx:hr>158</gpxtpx:hr>
          </gpxtpx:TrackPointExtension>
        </extensions>
      </trkpt>
      <trkpt lat="31.237488487782432" lon="121.60936666255456">
        <ele>3.5264206659048796</ele>
        <time>1970-01-01T00:14:59Z</time>
        <extensions>
          <gpxtpx:TrackPointExtension>
            <gpxtpx:hr>158</gpxtpx:hr>
          </gpxtpx:TrackPointExtension>
        </extensions>
      </trkpt>
      <trkpt lat="31.237487480997665" lon="121.60933801228833">
        <ele>3.5421299766749144</ele>
        <time>1970-01-01T00:15:00Z</time>
        <extensions>
          <gpxtpx:TrackPointExtension>
            <gpxtpx:hr>158</gpxtpx:hr>
          </gpxtpx:TrackPointExtension>
        </extensions>
      </trkpt>
      <trkpt lat="31.237486525983023" lon="121.60930936080871">
        <ele>3.5532599119469523</ele>
        <time>1970-01-01T00:15:01Z</time>
        <extensions>
          <gpxtpx:TrackPointExtension>
            <gpxtpx:hr>158</gpxtpx:hr>
          </gpxtpx:TrackPointExtension>
        </extensions>
      </trkpt>
      <trkpt lat="31.237485660825822" lon="121.6092806515624">
        <ele>3.557866409420967</ele>
        <time>1970-01-01T00:15:02Z</time>
        <extensions>
          <gpxtpx:TrackPointExtension>
            <gpxtpx:hr>158</gpxtpx:hr>
          </gpxtpx:TrackPointExtension>
        </extensions>
      </trkpt>
      <trkpt lat="31.237484755702138" lon="121.60925168059383">
        <ele>3.5549616664648056</ele>
        <time>1970-01-01T00:15:03Z</time>
        <extensions>
          <gpxtpx:TrackPointExtension>
            <gpxtpx:hr>158</gpxtpx:hr>
          </gpxtpx:TrackPointExtension>
        </extensions>
      </trkpt>
      <trkpt lat="31.237483645919028" lon="121.60922257555185">
        <ele>3.5445232009515166</ele>
        <time>1970-01-01T00:15:04Z</time>
        <extensions>
          <gpxtpx:TrackPointExtension>
            <gpxtpx:hr>158</gpxtpx:hr>
          </gpxtpx:TrackPointExtension>
        </extensions>
      </trkpt>
      <trkpt lat="31.237482334032098" lon="121.60919364739297">
        <ele>3.527215904556215</ele>
        <time>1970-01-01T00:15:05Z</time>
        <extensions>
          <gpxtpx:TrackPointExtension>
            <gpxtpx:hr>158</gpxtpx:hr>
          </gpxtpx:TrackPointExtension>
        </extensions>
      </trkpt>
      <trkpt lat="31.237481120554" lon="121.60916482574206">
        <ele>3.504354148171842</ele>
        <time>1970-01-01T00:15:06Z</time>
        <extensions>
          <gpxtpx:TrackPointExtension>
            <gpxtpx:hr>160</gpxtpx:hr>
          </gpxtpx:TrackPointExtension>
        </extensions>
      </trkpt>
      <trkpt lat="31.23748018702851" lon="121.6091359855742">
        <ele>3.4785507917404175</ele>
        <time>1970-01-01T00:15:07Z</time>
        <extensions>
          <gpxtpx:TrackPointExtension>
            <gpxtpx:hr>160</gpxtpx:hr>
          </gpxtpx:TrackPointExtension>
        </extensions>
      </trkpt>
      <trkpt lat="31.237479671954993" lon="121.60910864317582">
        <ele>3.454764817841351</ele>
        <time>1970-01-01T00:15:08Z</time>
        <extensions>
          <gpxtpx:TrackPointExtension>
            <gpxtpx:hr>160</gpxtpx:hr>
          </gpxtpx:TrackPointExtension>
        </extensions>
      </trkpt>
      <trkpt lat="31.2374794532027" lon="121.6090805231896">
        <ele>3.4349645413458347</ele>
        <time>1970-01-01T00:15:09Z</time>
        <extensions>
          <gpxtpx:TrackPointExtension>
            <gpxtpx:hr>160</gpxtpx:hr>
          </gpxtpx:TrackPointExtension>
        </extensions>
      </trkpt>
      <trkpt lat="31.237479148340967" lon="121.60905281642327">
        <ele>3.4230522019788623</ele>
        <time>1970-01-01T00:15:10Z</time>
        <extensions>
          <gpxtpx:TrackPointExtension>
            <gpxtpx:hr>160</gpxtpx:hr>
          </gpxtpx:TrackPointExtension>
        </extensions>
      </trkpt>
      <trkpt lat="31.237478805843423" lon="121.60902559877304">
        <ele>3.4203084371984005</ele>
        <time>1970-01-01T00:15:11Z</time>
        <extensions>
          <gpxtpx:TrackPointExtension>
            <gpxtpx:hr>161</gpxtpx:hr>
          </gpxtpx:TrackPointExtension>
        </extensions>
      </trkpt>
      <trkpt lat="31.237478435560526" lon="121.60899864825531">
        <ele>3.427037013694644</ele>
        <time>1970-01-01T00:15:12Z</time>
        <extensions>
          <gpxtpx:TrackPointExtension>
            <gpxtpx:hr>161</gpxtpx:hr>
          </gpxtpx:TrackPointExtension>
        </extensions>
      </trkpt>
      <trkpt lat="31.237477821525218" lon="121.60897185537821">
        <ele>3.4429213339462876</ele>
        <time>1970-01-01T00:15:13Z</time>
        <extensions>
          <gpxtpx:TrackPointExtension>
            <gpxtpx:hr>161</gpxtpx:hr>
          </gpxtpx:TrackPointExtension>
        </extensions>
      </trkpt>
      <trkpt lat="31.237476938694915" lon="121.60894509586021">
        <ele>3.467184296809137</ele>
        <time>1970-01-01T00:15:14Z</time>
        <extensions>
          <gpxtpx:TrackPointExtension>
            <gpxtpx:hr>161</gpxtpx:hr>
          </gpxtpx:TrackPointExtension>
        </extensions>
      </trkpt>
      <trkpt lat="31.23747559348486" lon="121.60891794148809">
        <ele>3.498574241064489</ele>
        <time>1970-01-01T00:15:15Z</time>
        <extensions>
          <gpxtpx:TrackPointExtension>
            <gpxtpx:hr>161</gpxtpx:hr>
          </gpxtpx:TrackPointExtension>
        </extensions>
      </trkpt>
      <trkpt lat="31.237473401803676" lon="121.60889030784574">
        <ele>3.5352202355861664</ele>
        <time>1970-01-01T00:15:16Z</time>
        <extensions>
          <gpxtpx:TrackPointExtension>
            <gpxtpx:hr>162</gpxtpx:hr>
          </gpxtpx:TrackPointExtension>
        </extensions>
      </trkpt>
      <trkpt lat="31.23746997508341" lon="121.60886074109655">
        <ele>3.577016237191856</ele>
        <time>1970-01-01T00:15:17Z</time>
        <extensions>
          <gpxtpx:TrackPointExtension>
            <gpxtpx:hr>162</gpxtpx:hr>
          </gpxtpx:TrackPointExtension>
        </extensions>
      </trkpt>
      <trkpt lat="31.237465570945812" lon="121.60883340222932">
        <ele>3.6153213884681463</ele>
        <time>1970-01-01T00:15:18Z</time>
        <extensions>
          <gpxtpx:TrackPointExtension>
            <gpxtpx:hr>162</gpxtpx:hr>
          </gpxtpx:TrackPointExtension>
        </extensions>
      </trkpt>
      <trkpt lat="31.237460319048715" lon="121.60880850516679">
        <ele>3.648193445056677</ele>
        <time>1970-01-01T00:15:19Z</time>
        <extensions>
          <gpxtpx:TrackPointExtension>
            <gpxtpx:hr>162</gpxtpx:hr>
          </gpxtpx:TrackPointExtension>
        </extensions>
      </trkpt>
      <trkpt lat="31.23745395346836" lon="121.60878190862252">
        <ele>3.680269026197493</ele>
        <time>1970-01-01T00:15:20Z</time>
        <extensions>
          <gpxtpx:TrackPointExtension>
            <gpxtpx:hr>162</gpxtpx:hr>
          </gpxtpx:TrackPointExtension>
        </extensions>
      </trkpt>
      <trkpt lat="31.23744749998083" lon="121.6087553987263">
        <ele>3.70827825833112</ele>
        <time>1970-01-01T00:15:21Z</time>
        <extensions>
          <gpxtpx:TrackPointExtension>
            <gpxtpx:hr>162</gpxtpx:hr>
          </gpxtpx:TrackPointExtension>
        </extensions>
      </trkpt>
      <trkpt lat="31.237441304945886" lon="121.60872896261048">
        <ele>3.731490452773869</ele>
        <time>1970-01-01T00:15:22Z</time>
        <extensions>
          <gpxtpx:TrackPointExtension>
            <gpxtpx:hr>162</gpxtpx:hr>
          </gpxtpx:TrackPointExtension>
        </extensions>
      </trkpt>
      <trkpt lat="31.23743574839025" lon="121.60870260330377">
        <ele>3.7493778029456735</ele>
        <time>1970-01-01T00:15:23Z</time>
        <extensions>
          <gpxtpx:TrackPointExtension>
            <gpxtpx:hr>162</gpxtpx:hr>
          </gpxtpx:TrackPointExtension>
        </extensions>
      </trkpt>
      <trkpt lat="31.2374308432521" lon="121.60867611805187">
        <ele>3.7618315163999796</ele>
        <time>1970-01-01T00:15:24Z</time>
        <extensions>
          <gpxtpx:TrackPointExtension>
            <gpxtpx:hr>162</gpxtpx:hr>
          </gpxtpx:TrackPointExtension>
        </extensions>
      </trkpt>
      <trkpt lat="31.237425871516315" lon="121.60864932409605">
        <ele>3.769235970452428</ele>
        <time>1970-01-01T00:15:25Z</time>
        <extensions>
          <gpxtpx:TrackPointExtension>
            <gpxtpx:hr>162</gpxtpx:hr>
          </gpxtpx:TrackPointExtension>
        </extensions>
      </trkpt>
      <trkpt lat="31.23742036483737" lon="121.608622484748">
        <ele>3.7723192535340786</ele>
        <time>1970-01-01T00:15:26Z</time>
        <extensions>
          <gpxtpx:TrackPointExtension>
            <gpxtpx:hr>162</gpxtpx:hr>
          </gpxtpx:TrackPointExtension>
        </extensions>
      </trkpt>
      <trkpt lat="31.237414677224084" lon="121.60859602239421">
        <ele>3.771869858726859</ele>
        <time>1970-01-01T00:15:27Z</time>
        <extensions>
          <gpxtpx:TrackPointExtension>
            <gpxtpx:hr>162</gpxtpx:hr>
          </gpxtpx:TrackPointExtension>
        </extensions>
      </trkpt>
      <trkpt lat="31.2374090699121" lon="121.60857002347079">
        <ele>3.768488124012947</ele>
        <time>1970-01-01T00:15:28Z</time>
        <extensions>
          <gpxtpx:TrackPointExtension>
            <gpxtpx:hr>162</gpxtpx:hr>
          </gpxtpx:TrackPointExtension>
        </extensions>
      </trkpt>
      <trkpt lat="31.237403656121828" lon="121.60854427796423">
        <ele>3.762383625842631</ele>
        <time>1970-01-01T00:15:29Z</time>
        <extensions>
          <gpxtpx:TrackPointExtension>
            <gpxtpx:hr>162</gpxtpx:hr>
          </gpxtpx:TrackPointExtension>
        </extensions>
      </trkpt>
      <trkpt lat="31.237398655255884" lon="121.6085185209132">
        <ele>3.753303977660835</ele>
        <time>1970-01-01T00:15:30Z</time>
        <extensions>
          <gpxtpx:TrackPointExtension>
            <gpxtpx:hr>163</gpxtpx:hr>
          </gpxtpx:TrackPointExtension>
        </extensions>
      </trkpt>
      <trkpt lat="31.237394134035167" lon="121.60849247554171">
        <ele>3.7407567678019404</ele>
        <time>1970-01-01T00:15:31Z</time>
        <extensions>
          <gpxtpx:TrackPointExtension>
            <gpxtpx:hr>163</gpxtpx:hr>
          </gpxtpx:TrackPointExtension>
        </extensions>
      </trkpt>
      <trkpt lat="31.237390377572027" lon="121.60846595851311">
        <ele>3.7244940660893917</ele>
        <time>1970-01-01T00:15:32Z</time>
        <extensions>
          <gpxtpx:TrackPointExtension>
            <gpxtpx:hr>163</gpxtpx:hr>
          </gpxtpx:TrackPointExtension>
        </extensions>
      </trkpt>
      <trkpt lat="31.23738759341406" lon="121.60843935498279">
        <ele>3.7049031732603908</ele>
        <time>1970-01-01T00:15:33Z</time>
        <extensions>
          <gpxtpx:TrackPointExtension>
            <gpxtpx:hr>163</gpxtpx:hr>
          </gpxtpx:TrackPointExtension>
        </extensions>
      </trkpt>
      <trkpt lat="31.23738551995747" lon="121.60841298183648">
        <ele>3.6830593971535563</ele>
        <time>1970-01-01T00:15:34Z</time>
        <extensions>
          <gpxtpx:TrackPointExtension>
            <gpxtpx:hr>163</gpxtpx:hr>
          </gpxtpx:TrackPointExtension>
        </extensions>
      </trkpt>
      <trkpt lat="31.23738412439748" lon="121.608386670622">
        <ele>3.660578132607043</ele>
        <time>1970-01-01T00:15:35Z</time>
        <extensions>
          <gpxtpx:TrackPointExtension>
            <gpxtpx:hr>163</gpxtpx:hr>
          </gpxtpx:TrackPointExtension>
        </extensions>
      </trkpt>
      <trkpt lat="31.23738366331578" lon="121.60836046271882">
        <ele>3.6392607344314456</ele>
        <time>1970-01-01T00:15:36Z</time>
        <extensions>
          <gpxtpx:TrackPointExtension>
            <gpxtpx:hr>163</gpxtpx:hr>
          </gpxtpx:TrackPointExtension>
        </extensions>
      </trkpt>
      <trkpt lat="31.237384246561867" lon="121.60833439645724">
        <ele>3.620466459542513</ele>
        <time>1970-01-01T00:15:37Z</time>
        <extensions>
          <gpxtpx:TrackPointExtension>
            <gpxtpx:hr>164</gpxtpx:hr>
          </gpxtpx:TrackPointExtension>
        </extensions>
      </trkpt>
      <trkpt lat="31.23738565171959" lon="121.60830846326827">
        <ele>3.6046756617724895</ele>
        <time>1970-01-01T00:15:38Z</time>
        <extensions>
          <gpxtpx:TrackPointExtension>
            <gpxtpx:hr>164</gpxtpx:hr>
          </gpxtpx:TrackPointExtension>
        </extensions>
      </trkpt>
      <trkpt lat="31.237387546599706" lon="121.60828251026828">
        <ele>3.5916808377951384</ele>
        <time>1970-01-01T00:15:39Z</time>
        <extensions>
          <gpxtpx:TrackPointExtension>
            <gpxtpx:hr>164</gpxtpx:hr>
          </gpxtpx:TrackPointExtension>
        </extensions>
      </trkpt>
      <trkpt lat="31.23738966586022" lon="121.60825615654358">
        <ele>3.5810640696436167</ele>
        <time>1970-01-01T00:15:40Z</time>
        <extensions>
          <gpxtpx:TrackPointExtension>
            <gpxtpx:hr>164</gpxtpx:hr>
          </gpxtpx:TrackPointExtension>
        </extensions>
      </trkpt>
      <trkpt lat="31.237391452735537" lon="121.6082292365907">
        <ele>3.5725408978760242</ele>
        <time>1970-01-01T00:15:41Z</time>
        <extensions>
          <gpxtpx:TrackPointExtension>
            <gpxtpx:hr>164</gpxtpx:hr>
          </gpxtpx:TrackPointExtension>
        </extensions>
      </trkpt>
      <trkpt lat="31.237392779492595" lon="121.6082019959361">
        <ele>3.5661258213222027</ele>
        <time>1970-01-01T00:15:42Z</time>
        <extensions>
          <gpxtpx:TrackPointExtension>
            <gpxtpx:hr>164</gpxtpx:hr>
          </gpxtpx:TrackPointExtension>
        </extensions>
      </trkpt>
      <trkpt lat="31.237393847246796" lon="121.60817471734757">
        <ele>3.5621226085349917</ele>
        <time>1970-01-01T00:15:43Z</time>
        <extensions>
          <gpxtpx:TrackPointExtension>
            <gpxtpx:hr>164</gpxtpx:hr>
          </gpxtpx:TrackPointExtension>
        </extensions>
      </trkpt>
      <trkpt lat="31.23739460587591" lon="121.60814741926738">
        <ele>3.560859013348818</ele>
        <time>1970-01-01T00:15:44Z</time>
        <extensions>
          <gpxtpx:TrackPointExtension>
            <gpxtpx:hr>164</gpxtpx:hr>
          </gpxtpx:TrackPointExtension>
        </extensions>
      </trkpt>
      <trkpt lat="31.237395291516467" lon="121.60811618025082">
        <ele>3.562825088389218</ele>
        <time>1970-01-01T00:15:45.100000Z</time>
        <extensions>
          <gpxtpx:TrackPointExtension>
            <gpxtpx:hr>164</gpxtpx:hr>
          </gpxtpx:TrackPointExtension>
        </extensions>
      </trkpt>
      <trkpt lat="31.23739602543132" lon="121.60808884313714">
        <ele>3.567430617287755</ele>
        <time>1970-01-01T00:15:46.100000Z</time>
        <extensions>
          <gpxtpx:TrackPointExtension>
            <gpxtpx:hr>164</gpxtpx:hr>
          </gpxtpx:TrackPointExtension>
        </extensions>
      </trkpt>
      <trkpt lat="31.237396828039635" lon="121.60806532319882">
        <ele>3.5740239694714546</ele>
        <time>1970-01-01T00:15:47Z</time>
        <extensions>
          <gpxtpx:TrackPointExtension>
            <gpxtpx:hr>164</gpxtpx:hr>
          </gpxtpx:TrackPointExtension>
        </extensions>
      </trkpt>
      <trkpt lat="31.237397869921843" lon="121.60803736534164">
        <ele>3.5875620394945145</ele>
        <time>1970-01-01T00:15:48Z</time>
        <extensions>
          <gpxtpx:TrackPointExtension>
            <gpxtpx:hr>164</gpxtpx:hr>
          </gpxtpx:TrackPointExtension>
        </extensions>
      </trkpt>
      <trkpt lat="31.237398674486602" lon="121.60800978056872">
        <ele>3.609859232790768</ele>
        <time>1970-01-01T00:15:49Z</time>
        <extensions>
          <gpxtpx:TrackPointExtension>
            <gpxtpx:hr>164</gpxtpx:hr>
          </gpxtpx:TrackPointExtension>
        </extensions>
      </trkpt>
      <trkpt lat="31.2373988807567" lon="121.60798254234827">
        <ele>3.6420424729585648</ele>
        <time>1970-01-01T00:15:50Z</time>
        <extensions>
          <gpxtpx:TrackPointExtension>
            <gpxtpx:hr>163</gpxtpx:hr>
          </gpxtpx:TrackPointExtension>
        </extensions>
      </trkpt>
      <trkpt lat="31.23739856720885" lon="121.60795499922702">
        <ele>3.6839747028425336</ele>
        <time>1970-01-01T00:15:51Z</time>
        <extensions>
          <gpxtpx:TrackPointExtension>
            <gpxtpx:hr>163</gpxtpx:hr>
          </gpxtpx:TrackPointExtension>
        </extensions>
      </trkpt>
      <trkpt lat="31.237398020462624" lon="121.60792704273572">
        <ele>3.7342875907197595</ele>
        <time>1970-01-01T00:15:52Z</time>
        <extensions>
          <gpxtpx:TrackPointExtension>
            <gpxtpx:hr>163</gpxtpx:hr>
          </gpxtpx:TrackPointExtension>
        </extensions>
      </trkpt>
      <trkpt lat="31.237397206655245" lon="121.6078940469945">
        <ele>3.8002026733011007</ele>
        <time>1970-01-01T00:15:53.100000Z</time>
        <extensions>
          <gpxtpx:TrackPointExtension>
            <gpxtpx:hr>163</gpxtpx:hr>
          </gpxtpx:TrackPointExtension>
        </extensions>
      </trkpt>
      <trkpt lat="31.237396436818255" lon="121.60786576581307">
        <ele>3.8587792683392763</ele>
        <time>1970-01-01T00:15:54.100000Z</time>
        <extensions>
          <gpxtpx:TrackPointExtension>
            <gpxtpx:hr>163</gpxtpx:hr>
          </gpxtpx:TrackPointExtension>
        </extensions>
      </trkpt>
      <trkpt lat="31.237395873225932" lon="121.60783780485792">
        <ele>3.916037446819246</ele>
        <time>1970-01-01T00:15:55.100000Z</time>
        <extensions>
          <gpxtpx:TrackPointExtension>
            <gpxtpx:hr>163</gpxtpx:hr>
          </gpxtpx:TrackPointExtension>
        </extensions>
      </trkpt>
      <trkpt lat="31.23739559201187" lon="121.60781020468094">
        <ele>3.9705539625138044</ele>
        <time>1970-01-01T00:15:56.100000Z</time>
        <extensions>
          <gpxtpx:TrackPointExtension>
            <gpxtpx:hr>163</gpxtpx:hr>
          </gpxtpx:TrackPointExtension>
        </extensions>
      </trkpt>
      <trkpt lat="31.237395364056635" lon="121.60778283145274">
        <ele>4.021553091704845</ele>
        <time>1970-01-01T00:15:57.100000Z</time>
        <extensions>
          <gpxtpx:TrackPointExtension>
            <gpxtpx:hr>163</gpxtpx:hr>
          </gpxtpx:TrackPointExtension>
        </extensions>
      </trkpt>
      <trkpt lat="31.237395254372466" lon="121.60776068075263">
        <ele>4.060879131779075</ele>
        <time>1970-01-01T00:15:58Z</time>
        <extensions>
          <gpxtpx:TrackPointExtension>
            <gpxtpx:hr>163</gpxtpx:hr>
          </gpxtpx:TrackPointExtension>
        </extensions>
      </trkpt>
      <trkpt lat="31.237395447265403" lon="121.60773396278563">
        <ele>4.1070489678531885</ele>
        <time>1970-01-01T00:15:59Z</time>
        <extensions>
          <gpxtpx:TrackPointExtension>
            <gpxtpx:hr>162</gpxtpx:hr>
          </gpxtpx:TrackPointExtension>
        </extensions>
      </trkpt>
      <trkpt lat="31.237395811518137" lon="121.60770738702293">
        <ele>4.151403244584799</ele>
        <time>1970-01-01T00:16:00Z</time>
        <extensions>
          <gpxtpx:TrackPointExtension>
            <gpxtpx:hr>162</gpxtpx:hr>
          </gpxtpx:TrackPointExtension>
        </extensions>
      </trkpt>
      <trkpt lat="31.237396249252466" lon="121.60768083523624">
        <ele>4.193805787712336</ele>
        <time>1970-01-01T00:16:01Z</time>
        <extensions>
          <gpxtpx:TrackPointExtension>
            <gpxtpx:hr>162</gpxtpx:hr>
          </gpxtpx:TrackPointExtension>
        </extensions>
      </trkpt>
      <trkpt lat="31.237397097204795" lon="121.60765446350088">
        <ele>4.233753780834377</ele>
        <time>1970-01-01T00:16:02Z</time>
        <extensions>
          <gpxtpx:TrackPointExtension>
            <gpxtpx:hr>162</gpxtpx:hr>
          </gpxtpx:TrackPointExtension>
        </extensions>
      </trkpt>
      <trkpt lat="31.237398541276214" lon="121.60762815806943">
        <ele>4.270594552159309</ele>
        <time>1970-01-01T00:16:03Z</time>
        <extensions>
          <gpxtpx:TrackPointExtension>
            <gpxtpx:hr>162</gpxtpx:hr>
          </gpxtpx:TrackPointExtension>
        </extensions>
      </trkpt>
      <trkpt lat="31.237400197910915" lon="121.6076016718348">
        <ele>4.30367383826524</ele>
        <time>1970-01-01T00:16:04Z</time>
        <extensions>
          <gpxtpx:TrackPointExtension>
            <gpxtpx:hr>163</gpxtpx:hr>
          </gpxtpx:TrackPointExtension>
        </extensions>
      </trkpt>
      <trkpt lat="31.237401901432076" lon="121.60757505421626">
        <ele>4.3323888862505555</ele>
        <time>1970-01-01T00:16:05Z</time>
        <extensions>
          <gpxtpx:TrackPointExtension>
            <gpxtpx:hr>163</gpxtpx:hr>
          </gpxtpx:TrackPointExtension>
        </extensions>
      </trkpt>
      <trkpt lat="31.237403477278114" lon="121.60754837500171">
        <ele>4.356214479543269</ele>
        <time>1970-01-01T00:16:06Z</time>
        <extensions>
          <gpxtpx:TrackPointExtension>
            <gpxtpx:hr>163</gpxtpx:hr>
          </gpxtpx:TrackPointExtension>
        </extensions>
      </trkpt>
      <trkpt lat="31.237404787762372" lon="121.60752160530436">
        <ele>4.374725855886936</ele>
        <time>1970-01-01T00:16:07Z</time>
        <extensions>
          <gpxtpx:TrackPointExtension>
            <gpxtpx:hr>163</gpxtpx:hr>
          </gpxtpx:TrackPointExtension>
        </extensions>
      </trkpt>
      <trkpt lat="31.237406411923658" lon="121.60749493162693">
        <ele>4.387642227113247</ele>
        <time>1970-01-01T00:16:08Z</time>
        <extensions>
          <gpxtpx:TrackPointExtension>
            <gpxtpx:hr>163</gpxtpx:hr>
          </gpxtpx:TrackPointExtension>
        </extensions>
      </trkpt>
      <trkpt lat="31.23740845333024" lon="121.60746846802884">
        <ele>4.394876207225025</ele>
        <time>1970-01-01T00:16:09Z</time>
        <extensions>
          <gpxtpx:TrackPointExtension>
            <gpxtpx:hr>163</gpxtpx:hr>
          </gpxtpx:TrackPointExtension>
        </extensions>
      </trkpt>
      <trkpt lat="31.237410131249533" lon="121.60744191602451">
        <ele>4.396548402495682</ele>
        <time>1970-01-01T00:16:10Z</time>
        <extensions>
          <gpxtpx:TrackPointExtension>
            <gpxtpx:hr>166</gpxtpx:hr>
          </gpxtpx:TrackPointExtension>
        </extensions>
      </trkpt>
      <trkpt lat="31.23741120244339" lon="121.60741519164269">
        <ele>4.392998332157731</ele>
        <time>1970-01-01T00:16:11Z</time>
        <extensions>
          <gpxtpx:TrackPointExtension>
            <gpxtpx:hr>166</gpxtpx:hr>
          </gpxtpx:TrackPointExtension>
        </extensions>
      </trkpt>
      <trkpt lat="31.237411838542904" lon="121.6073886856318">
        <ele>4.384752405807376</ele>
        <time>1970-01-01T00:16:12Z</time>
        <extensions>
          <gpxtpx:TrackPointExtension>
            <gpxtpx:hr>166</gpxtpx:hr>
          </gpxtpx:TrackPointExtension>
        </extensions>
      </trkpt>
      <trkpt lat="31.237411917157665" lon="121.60736237683494">
        <ele>4.372448267415166</ele>
        <time>1970-01-01T00:16:13Z</time>
        <extensions>
          <gpxtpx:TrackPointExtension>
            <gpxtpx:hr>166</gpxtpx:hr>
          </gpxtpx:TrackPointExtension>
        </extensions>
      </trkpt>
      <trkpt lat="31.237411663174388" lon="121.60733597371193">
        <ele>4.356792322359979</ele>
        <time>1970-01-01T00:16:14Z</time>
        <extensions>
          <gpxtpx:TrackPointExtension>
            <gpxtpx:hr>166</gpxtpx:hr>
          </gpxtpx:TrackPointExtension>
        </extensions>
      </trkpt>
      <trkpt lat="31.237411578992827" lon="121.60730954474967">
        <ele>4.338561947457492</ele>
        <time>1970-01-01T00:16:15Z</time>
        <extensions>
          <gpxtpx:TrackPointExtension>
            <gpxtpx:hr>166</gpxtpx:hr>
          </gpxtpx:TrackPointExtension>
        </extensions>
      </trkpt>
      <trkpt lat="31.237411715979277" lon="121.60728311612272">
        <ele>4.3186438689008355</ele>
        <time>1970-01-01T00:16:16Z</time>
        <extensions>
          <gpxtpx:TrackPointExtension>
            <gpxtpx:hr>166</gpxtpx:hr>
          </gpxtpx:TrackPointExtension>
        </extensions>
      </trkpt>
      <trkpt lat="31.23741177287501" lon="121.6072566643684">
        <ele>4.298079655505717</ele>
        <time>1970-01-01T00:16:17Z</time>
        <extensions>
          <gpxtpx:TrackPointExtension>
            <gpxtpx:hr>166</gpxtpx:hr>
          </gpxtpx:TrackPointExtension>
        </extensions>
      </trkpt>
      <trkpt lat="31.237411795749036" lon="121.60723050511085">
        <ele>4.2780938148498535</ele>
        <time>1970-01-01T00:16:18Z</time>
        <extensions>
          <gpxtpx:TrackPointExtension>
            <gpxtpx:hr>166</gpxtpx:hr>
          </gpxtpx:TrackPointExtension>
        </extensions>
      </trkpt>
      <trkpt lat="31.237411748854147" lon="121.60720493844508">
        <ele>4.260099641047418</ele>
        <time>1970-01-01T00:16:19Z</time>
        <extensions>
          <gpxtpx:TrackPointExtension>
            <gpxtpx:hr>166</gpxtpx:hr>
          </gpxtpx:TrackPointExtension>
        </extensions>
      </trkpt>
      <trkpt lat="31.237411377973537" lon="121.60717968199928">
        <ele>4.245649081654847</ele>
        <time>1970-01-01T00:16:20Z</time>
        <extensions>
          <gpxtpx:TrackPointExtension>
            <gpxtpx:hr>166</gpxtpx:hr>
          </gpxtpx:TrackPointExtension>
        </extensions>
      </trkpt>
      <trkpt lat="31.23741074347086" lon="121.60715436798186">
        <ele>4.236313178204</ele>
        <time>1970-01-01T00:16:21Z</time>
        <extensions>
          <gpxtpx:TrackPointExtension>
            <gpxtpx:hr>167</gpxtpx:hr>
          </gpxtpx:TrackPointExtension>
        </extensions>
      </trkpt>
      <trkpt lat="31.237409998988177" lon="121.60712903008972">
        <ele>4.233481166884303</ele>
        <time>1970-01-01T00:16:22Z</time>
        <extensions>
          <gpxtpx:TrackPointExtension>
            <gpxtpx:hr>167</gpxtpx:hr>
          </gpxtpx:TrackPointExtension>
        </extensions>
      </trkpt>
      <trkpt lat="31.2374091608068" lon="121.60710358184816">
        <ele>4.238036239519715</ele>
        <time>1970-01-01T00:16:23Z</time>
        <extensions>
          <gpxtpx:TrackPointExtension>
            <gpxtpx:hr>167</gpxtpx:hr>
          </gpxtpx:TrackPointExtension>
        </extensions>
      </trkpt>
      <trkpt lat="31.237408344693886" lon="121.60707795042549">
        <ele>4.250018795020878</ele>
        <time>1970-01-01T00:16:24Z</time>
        <extensions>
          <gpxtpx:TrackPointExtension>
            <gpxtpx:hr>167</gpxtpx:hr>
          </gpxtpx:TrackPointExtension>
        </extensions>
      </trkpt>
      <trkpt lat="31.237407775395063" lon="121.60705218653996">
        <ele>4.268470433540642</ele>
        <time>1970-01-01T00:16:25Z</time>
        <extensions>
          <gpxtpx:TrackPointExtension>
            <gpxtpx:hr>167</gpxtpx:hr>
          </gpxtpx:TrackPointExtension>
        </extensions>
      </trkpt>
      <trkpt lat="31.237407281207382" lon="121.60702601766371">
        <ele>4.291397240944207</ele>
        <time>1970-01-01T00:16:26Z</time>
        <extensions>
          <gpxtpx:TrackPointExtension>
            <gpxtpx:hr>167</gpxtpx:hr>
          </gpxtpx:TrackPointExtension>
        </extensions>
      </trkpt>
      <trkpt lat="31.237406772492623" lon="121.60699915426942">
        <ele>4.315975109115243</ele>
        <time>1970-01-01T00:16:27Z</time>
        <extensions>
          <gpxtpx:TrackPointExtension>
            <gpxtpx:hr>167</gpxtpx:hr>
          </gpxtpx:TrackPointExtension>
        </extensions>
      </trkpt>
      <trkpt lat="31.23740643710249" lon="121.60697183601735">
        <ele>4.3392334170639515</ele>
        <time>1970-01-01T00:16:28Z</time>
        <extensions>
          <gpxtpx:TrackPointExtension>
            <gpxtpx:hr>167</gpxtpx:hr>
          </gpxtpx:TrackPointExtension>
        </extensions>
      </trkpt>
      <trkpt lat="31.2374061433774" lon="121.60694438856946">
        <ele>4.358811190351844</ele>
        <time>1970-01-01T00:16:29Z</time>
        <extensions>
          <gpxtpx:TrackPointExtension>
            <gpxtpx:hr>167</gpxtpx:hr>
          </gpxtpx:TrackPointExtension>
        </extensions>
      </trkpt>
      <trkpt lat="31.237405828013898" lon="121.60691679902266">
        <ele>4.373304790817201</ele>
        <time>1970-01-01T00:16:30Z</time>
        <extensions>
          <gpxtpx:TrackPointExtension>
            <gpxtpx:hr>167</gpxtpx:hr>
          </gpxtpx:TrackPointExtension>
        </extensions>
      </trkpt>
      <trkpt lat="31.23740592991466" lon="121.60688924043458">
        <ele>4.382330383174121</ele>
        <time>1970-01-01T00:16:31Z</time>
        <extensions>
          <gpxtpx:TrackPointExtension>
            <gpxtpx:hr>167</gpxtpx:hr>
          </gpxtpx:TrackPointExtension>
        </extensions>
      </trkpt>
      <trkpt lat="31.237406200403875" lon="121.60686222356864">
        <ele>4.386384803801775</ele>
        <time>1970-01-01T00:16:32Z</time>
        <extensions>
          <gpxtpx:TrackPointExtension>
            <gpxtpx:hr>167</gpxtpx:hr>
          </gpxtpx:TrackPointExtension>
        </extensions>
      </trkpt>
      <trkpt lat="31.237406148380238" lon="121.60683564691264">
        <ele>4.3863777397200465</ele>
        <time>1970-01-01T00:16:33Z</time>
        <extensions>
          <gpxtpx:TrackPointExtension>
            <gpxtpx:hr>167</gpxtpx:hr>
          </gpxtpx:TrackPointExtension>
        </extensions>
      </trkpt>
      <trkpt lat="31.23740610754015" lon="121.60680911343825">
        <ele>4.383108629845083</ele>
        <time>1970-01-01T00:16:34Z</time>
        <extensions>
          <gpxtpx:TrackPointExtension>
            <gpxtpx:hr>167</gpxtpx:hr>
          </gpxtpx:TrackPointExtension>
        </extensions>
      </trkpt>
      <trkpt lat="31.237406206126856" lon="121.60678269148981">
        <ele>4.377028772607446</ele>
        <time>1970-01-01T00:16:35Z</time>
        <extensions>
          <gpxtpx:TrackPointExtension>
            <gpxtpx:hr>168</gpxtpx:hr>
          </gpxtpx:TrackPointExtension>
        </extensions>
      </trkpt>
      <trkpt lat="31.237406021195984" lon="121.6067562420452">
        <ele>4.368271409533918</ele>
        <time>1970-01-01T00:16:36Z</time>
        <extensions>
          <gpxtpx:TrackPointExtension>
            <gpxtpx:hr>168</gpxtpx:hr>
          </gpxtpx:TrackPointExtension>
        </extensions>
      </trkpt>
      <trkpt lat="31.23740532233688" lon="121.60672957753974">
        <ele>4.356792688369751</ele>
        <time>1970-01-01T00:16:37Z</time>
        <extensions>
          <gpxtpx:TrackPointExtension>
            <gpxtpx:hr>168</gpxtpx:hr>
          </gpxtpx:TrackPointExtension>
        </extensions>
      </trkpt>
      <trkpt lat="31.237404327526566" lon="121.606702897225">
        <ele>4.34254081081599</ele>
        <time>1970-01-01T00:16:38Z</time>
        <extensions>
          <gpxtpx:TrackPointExtension>
            <gpxtpx:hr>168</gpxtpx:hr>
          </gpxtpx:TrackPointExtension>
        </extensions>
      </trkpt>
      <trkpt lat="31.237403147595423" lon="121.60667620004429">
        <ele>4.32564258761704</ele>
        <time>1970-01-01T00:16:39Z</time>
        <extensions>
          <gpxtpx:TrackPointExtension>
            <gpxtpx:hr>168</gpxtpx:hr>
          </gpxtpx:TrackPointExtension>
        </extensions>
      </trkpt>
      <trkpt lat="31.237402071103855" lon="121.60664929173839">
        <ele>4.306516551412642</ele>
        <time>1970-01-01T00:16:40Z</time>
        <extensions>
          <gpxtpx:TrackPointExtension>
            <gpxtpx:hr>168</gpxtpx:hr>
          </gpxtpx:TrackPointExtension>
        </extensions>
      </trkpt>
      <trkpt lat="31.237401453966267" lon="121.60662228167593">
        <ele>4.285901087336242</ele>
        <time>1970-01-01T00:16:41Z</time>
        <extensions>
          <gpxtpx:TrackPointExtension>
            <gpxtpx:hr>168</gpxtpx:hr>
          </gpxtpx:TrackPointExtension>
        </extensions>
      </trkpt>
      <trkpt lat="31.237401400223398" lon="121.60659537267627">
        <ele>4.264810613356531</ele>
        <time>1970-01-01T00:16:42Z</time>
        <extensions>
          <gpxtpx:TrackPointExtension>
            <gpxtpx:hr>168</gpxtpx:hr>
          </gpxtpx:TrackPointExtension>
        </extensions>
      </trkpt>
      <trkpt lat="31.237401819910353" lon="121.60656850177638">
        <ele>4.24441477842629</ele>
        <time>1970-01-01T00:16:43Z</time>
        <extensions>
          <gpxtpx:TrackPointExtension>
            <gpxtpx:hr>168</gpxtpx:hr>
          </gpxtpx:TrackPointExtension>
        </extensions>
      </trkpt>
      <trkpt lat="31.23740254672108" lon="121.6065414565021">
        <ele>4.225848200730979</ele>
        <time>1970-01-01T00:16:44Z</time>
        <extensions>
          <gpxtpx:TrackPointExtension>
            <gpxtpx:hr>168</gpxtpx:hr>
          </gpxtpx:TrackPointExtension>
        </extensions>
      </trkpt>
      <trkpt lat="31.23740347649295" lon="121.60651422002778">
        <ele>4.2100227773189545</ele>
        <time>1970-01-01T00:16:45Z</time>
        <extensions>
          <gpxtpx:TrackPointExtension>
            <gpxtpx:hr>168</gpxtpx:hr>
          </gpxtpx:TrackPointExtension>
        </extensions>
      </trkpt>
      <trkpt lat="31.237404636816446" lon="121.60648684364419">
        <ele>4.197449195198715</ele>
        <time>1970-01-01T00:16:46Z</time>
        <extensions>
          <gpxtpx:TrackPointExtension>
            <gpxtpx:hr>168</gpxtpx:hr>
          </gpxtpx:TrackPointExtension>
        </extensions>
      </trkpt>
      <trkpt lat="31.237406371160095" lon="121.60645949937249">
        <ele>4.188108862377703</ele>
        <time>1970-01-01T00:16:47Z</time>
        <extensions>
          <gpxtpx:TrackPointExtension>
            <gpxtpx:hr>168</gpxtpx:hr>
          </gpxtpx:TrackPointExtension>
        </extensions>
      </trkpt>
      <trkpt lat="31.237408572186116" lon="121.60643229762113">
        <ele>4.1815061485394835</ele>
        <time>1970-01-01T00:16:48Z</time>
        <extensions>
          <gpxtpx:TrackPointExtension>
            <gpxtpx:hr>167</gpxtpx:hr>
          </gpxtpx:TrackPointExtension>
        </extensions>
      </trkpt>
      <trkpt lat="31.237410878756567" lon="121.6064050333524">
        <ele>4.176868338137865</ele>
        <time>1970-01-01T00:16:49Z</time>
        <extensions>
          <gpxtpx:TrackPointExtension>
            <gpxtpx:hr>167</gpxtpx:hr>
          </gpxtpx:TrackPointExtension>
        </extensions>
      </trkpt>
      <trkpt lat="31.237413516485905" lon="121.60637777657298">
        <ele>4.173377787694335</ele>
        <time>1970-01-01T00:16:50Z</time>
        <extensions>
          <gpxtpx:TrackPointExtension>
            <gpxtpx:hr>167</gpxtpx:hr>
          </gpxtpx:TrackPointExtension>
        </extensions>
      </trkpt>
      <trkpt lat="31.23741643134752" lon="121.60635084287121">
        <ele>4.1704344023019075</ele>
        <time>1970-01-01T00:16:51Z</time>
        <extensions>
          <gpxtpx:TrackPointExtension>
            <gpxtpx:hr>167</gpxtpx:hr>
          </gpxtpx:TrackPointExtension>
        </extensions>
      </trkpt>
      <trkpt lat="31.237419442698478" lon="121.60632424145305">
        <ele>4.167868785560131</ele>
        <time>1970-01-01T00:16:52Z</time>
        <extensions>
          <gpxtpx:TrackPointExtension>
            <gpxtpx:hr>167</gpxtpx:hr>
          </gpxtpx:TrackPointExtension>
        </extensions>
      </trkpt>
      <trkpt lat="31.23742292683828" lon="121.606297938203">
        <ele>4.165935221128166</ele>
        <time>1970-01-01T00:16:53Z</time>
        <extensions>
          <gpxtpx:TrackPointExtension>
            <gpxtpx:hr>167</gpxtpx:hr>
          </gpxtpx:TrackPointExtension>
        </extensions>
      </trkpt>
      <trkpt lat="31.237427063774835" lon="121.60627199969439">
        <ele>4.165078401565552</ele>
        <time>1970-01-01T00:16:54Z</time>
        <extensions>
          <gpxtpx:TrackPointExtension>
            <gpxtpx:hr>167</gpxtpx:hr>
          </gpxtpx:TrackPointExtension>
        </extensions>
      </trkpt>
      <trkpt lat="31.237431768514714" lon="121.60624605935229">
        <ele>4.165688706561923</ele>
        <time>1970-01-01T00:16:55Z</time>
        <extensions>
          <gpxtpx:TrackPointExtension>
            <gpxtpx:hr>167</gpxtpx:hr>
          </gpxtpx:TrackPointExtension>
        </extensions>
      </trkpt>
      <trkpt lat="31.23743700683692" lon="121.60621971248123">
        <ele>4.167990382760763</ele>
        <time>1970-01-01T00:16:56Z</time>
        <extensions>
          <gpxtpx:TrackPointExtension>
            <gpxtpx:hr>167</gpxtpx:hr>
          </gpxtpx:TrackPointExtension>
        </extensions>
      </trkpt>
      <trkpt lat="31.237442491882735" lon="121.60619303768169">
        <ele>4.171999862417579</ele>
        <time>1970-01-01T00:16:57Z</time>
        <extensions>
          <gpxtpx:TrackPointExtension>
            <gpxtpx:hr>167</gpxtpx:hr>
          </gpxtpx:TrackPointExtension>
        </extensions>
      </trkpt>
      <trkpt lat="31.237447804473963" lon="121.6061661693593">
        <ele>4.1775151919573545</ele>
        <time>1970-01-01T00:16:58Z</time>
        <extensions>
          <gpxtpx:TrackPointExtension>
            <gpxtpx:hr>167</gpxtpx:hr>
          </gpxtpx:TrackPointExtension>
        </extensions>
      </trkpt>
      <trkpt lat="31.237452946616024" lon="121.6061392648742">
        <ele>4.18414306268096</ele>
        <time>1970-01-01T00:16:59Z</time>
        <extensions>
          <gpxtpx:TrackPointExtension>
            <gpxtpx:hr>165</gpxtpx:hr>
          </gpxtpx:TrackPointExtension>
        </extensions>
      </trkpt>
      <trkpt lat="31.237457898286475" lon="121.60611257124134">
        <ele>4.191342550329864</ele>
        <time>1970-01-01T00:17:00Z</time>
        <extensions>
          <gpxtpx:TrackPointExtension>
            <gpxtpx:hr>165</gpxtpx:hr>
          </gpxtpx:TrackPointExtension>
        </extensions>
      </trkpt>
      <trkpt lat="31.237462326358564" lon="121.60608605622721">
        <ele>4.198497409000993</ele>
        <time>1970-01-01T00:17:01Z</time>
        <extensions>
          <gpxtpx:TrackPointExtension>
            <gpxtpx:hr>165</gpxtpx:hr>
          </gpxtpx:TrackPointExtension>
        </extensions>
      </trkpt>
      <trkpt lat="31.237466325132193" lon="121.60605946022636">
        <ele>4.205010052770376</ele>
        <time>1970-01-01T00:17:02Z</time>
        <extensions>
          <gpxtpx:TrackPointExtension>
            <gpxtpx:hr>165</gpxtpx:hr>
          </gpxtpx:TrackPointExtension>
        </extensions>
      </trkpt>
      <trkpt lat="31.237470287670806" lon="121.6060327154102">
        <ele>4.210376038216054</ele>
        <time>1970-01-01T00:17:03Z</time>
        <extensions>
          <gpxtpx:TrackPointExtension>
            <gpxtpx:hr>165</gpxtpx:hr>
          </gpxtpx:TrackPointExtension>
        </extensions>
      </trkpt>
      <trkpt lat="31.237474216953732" lon="121.6060058476649">
        <ele>4.214233343489468</ele>
        <time>1970-01-01T00:17:04Z</time>
        <extensions>
          <gpxtpx:TrackPointExtension>
            <gpxtpx:hr>165</gpxtpx:hr>
          </gpxtpx:TrackPointExtension>
        </extensions>
      </trkpt>
      <trkpt lat="31.23747808925989" lon="121.6059787330857">
        <ele>4.2164067486301064</ele>
        <time>1970-01-01T00:17:05Z</time>
        <extensions>
          <gpxtpx:TrackPointExtension>
            <gpxtpx:hr>165</gpxtpx:hr>
          </gpxtpx:TrackPointExtension>
        </extensions>
      </trkpt>
      <trkpt lat="31.237482079661884" lon="121.60595150828857">
        <ele>4.216947906650603</ele>
        <time>1970-01-01T00:17:06Z</time>
        <extensions>
          <gpxtpx:TrackPointExtension>
            <gpxtpx:hr>165</gpxtpx:hr>
          </gpxtpx:TrackPointExtension>
        </extensions>
      </trkpt>
      <trkpt lat="31.237485993907463" lon="121.60592444891815">
        <ele>4.2161809569224715</ele>
        <time>1970-01-01T00:17:07Z</time>
        <extensions>
          <gpxtpx:TrackPointExtension>
            <gpxtpx:hr>165</gpxtpx:hr>
          </gpxtpx:TrackPointExtension>
        </extensions>
      </trkpt>
      <trkpt lat="31.23748974928651" lon="121.6058974756155">
        <ele>4.214714154601097</ele>
        <time>1970-01-01T00:17:08Z</time>
        <extensions>
          <gpxtpx:TrackPointExtension>
            <gpxtpx:hr>165</gpxtpx:hr>
          </gpxtpx:TrackPointExtension>
        </extensions>
      </trkpt>
      <trkpt lat="31.23749362483116" lon="121.60587063822783">
        <ele>4.213359508663416</ele>
        <time>1970-01-01T00:17:09Z</time>
        <extensions>
          <gpxtpx:TrackPointExtension>
            <gpxtpx:hr>165</gpxtpx:hr>
          </gpxtpx:TrackPointExtension>
        </extensions>
      </trkpt>
      <trkpt lat="31.23749750194531" lon="121.60584423764257">
        <ele>4.213015480898321</ele>
        <time>1970-01-01T00:17:10Z</time>
        <extensions>
          <gpxtpx:TrackPointExtension>
            <gpxtpx:hr>165</gpxtpx:hr>
          </gpxtpx:TrackPointExtension>
        </extensions>
      </trkpt>
      <trkpt lat="31.2375012753842" lon="121.60581823052146">
        <ele>4.2145577082410455</ele>
        <time>1970-01-01T00:17:11Z</time>
        <extensions>
          <gpxtpx:TrackPointExtension>
            <gpxtpx:hr>165</gpxtpx:hr>
          </gpxtpx:TrackPointExtension>
        </extensions>
      </trkpt>
      <trkpt lat="31.23750516170039" lon="121.60579243628636">
        <ele>4.218710268847644</ele>
        <time>1970-01-01T00:17:12Z</time>
        <extensions>
          <gpxtpx:TrackPointExtension>
            <gpxtpx:hr>165</gpxtpx:hr>
          </gpxtpx:TrackPointExtension>
        </extensions>
      </trkpt>
      <trkpt lat="31.237509238823556" lon="121.60576671301108">
        <ele>4.225960380397737</ele>
        <time>1970-01-01T00:17:13Z</time>
        <extensions>
          <gpxtpx:TrackPointExtension>
            <gpxtpx:hr>165</gpxtpx:hr>
          </gpxtpx:TrackPointExtension>
        </extensions>
      </trkpt>
      <trkpt lat="31.237513605244864" lon="121.60574074673701">
        <ele>4.236597379669547</ele>
        <time>1970-01-01T00:17:14Z</time>
        <extensions>
          <gpxtpx:TrackPointExtension>
            <gpxtpx:hr>165</gpxtpx:hr>
          </gpxtpx:TrackPointExtension>
        </extensions>
      </trkpt>
      <trkpt lat="31.23751851937581" lon="121.60571437091318">
        <ele>4.250783151015639</ele>
        <time>1970-01-01T00:17:15Z</time>
        <extensions>
          <gpxtpx:TrackPointExtension>
            <gpxtpx:hr>165</gpxtpx:hr>
          </gpxtpx:TrackPointExtension>
        </extensions>
      </trkpt>
      <trkpt lat="31.237523707787528" lon="121.6056876327813">
        <ele>4.2685479344800115</ele>
        <time>1970-01-01T00:17:16Z</time>
        <extensions>
          <gpxtpx:TrackPointExtension>
            <gpxtpx:hr>165</gpxtpx:hr>
          </gpxtpx:TrackPointExtension>
        </extensions>
      </trkpt>
      <trkpt lat="31.237528541016168" lon="121.60566056145828">
        <ele>4.2896979339420795</ele>
        <time>1970-01-01T00:17:17Z</time>
        <extensions>
          <gpxtpx:TrackPointExtension>
            <gpxtpx:hr>165</gpxtpx:hr>
          </gpxtpx:TrackPointExtension>
        </extensions>
      </trkpt>
      <trkpt lat="31.23753330158784" lon="121.60563335550285">
        <ele>4.313719228841364</ele>
        <time>1970-01-01T00:17:18Z</time>
        <extensions>
          <gpxtpx:TrackPointExtension>
            <gpxtpx:hr>165</gpxtpx:hr>
          </gpxtpx:TrackPointExtension>
        </extensions>
      </trkpt>
      <trkpt lat="31.237538521275606" lon="121.60560634813665">
        <ele>4.339791977778077</ele>
        <time>1970-01-01T00:17:19Z</time>
        <extensions>
          <gpxtpx:TrackPointExtension>
            <gpxtpx:hr>166</gpxtpx:hr>
          </gpxtpx:TrackPointExtension>
        </extensions>
      </trkpt>
      <trkpt lat="31.23754411307951" lon="121.60557952661362">
        <ele>4.3668775064870715</ele>
        <time>1970-01-01T00:17:20Z</time>
        <extensions>
          <gpxtpx:TrackPointExtension>
            <gpxtpx:hr>166</gpxtpx:hr>
          </gpxtpx:TrackPointExtension>
        </extensions>
      </trkpt>
      <trkpt lat="31.23755012763343" lon="121.60555256027612">
        <ele>4.393865107558668</ele>
        <time>1970-01-01T00:17:21Z</time>
        <extensions>
          <gpxtpx:TrackPointExtension>
            <gpxtpx:hr>166</gpxtpx:hr>
          </gpxtpx:TrackPointExtension>
        </extensions>
      </trkpt>
      <trkpt lat="31.237556660285566" lon="121.6055252892561">
        <ele>4.419829888269305</ele>
        <time>1970-01-01T00:17:22Z</time>
        <extensions>
          <gpxtpx:TrackPointExtension>
            <gpxtpx:hr>166</gpxtpx:hr>
          </gpxtpx:TrackPointExtension>
        </extensions>
      </trkpt>
      <trkpt lat="31.2375633919601" lon="121.6054978294861">
        <ele>4.444246107712388</ele>
        <time>1970-01-01T00:17:23Z</time>
        <extensions>
          <gpxtpx:TrackPointExtension>
            <gpxtpx:hr>166</gpxtpx:hr>
          </gpxtpx:TrackPointExtension>
        </extensions>
      </trkpt>
      <trkpt lat="31.23757031200751" lon="121.60547046491226">
        <ele>4.4669523956254125</ele>
        <time>1970-01-01T00:17:24Z</time>
        <extensions>
          <gpxtpx:TrackPointExtension>
            <gpxtpx:hr>166</gpxtpx:hr>
          </gpxtpx:TrackPointExtension>
        </extensions>
      </trkpt>
      <trkpt lat="31.237577601180238" lon="121.60544359115904">
        <ele>4.487942749634385</ele>
        <time>1970-01-01T00:17:25Z</time>
        <extensions>
          <gpxtpx:TrackPointExtension>
            <gpxtpx:hr>166</gpxtpx:hr>
          </gpxtpx:TrackPointExtension>
        </extensions>
      </trkpt>
      <trkpt lat="31.237585144366367" lon="121.60541744399147">
        <ele>4.507195821963251</ele>
        <time>1970-01-01T00:17:26Z</time>
        <extensions>
          <gpxtpx:TrackPointExtension>
            <gpxtpx:hr>166</gpxtpx:hr>
          </gpxtpx:TrackPointExtension>
        </extensions>
      </trkpt>
      <trkpt lat="31.2375928752452" lon="121.60539171804072">
        <ele>4.524628312326968</ele>
        <time>1970-01-01T00:17:27Z</time>
        <extensions>
          <gpxtpx:TrackPointExtension>
            <gpxtpx:hr>166</gpxtpx:hr>
          </gpxtpx:TrackPointExtension>
        </extensions>
      </trkpt>
      <trkpt lat="31.23760091907584" lon="121.60536606918589">
        <ele>4.540104964748025</ele>
        <time>1970-01-01T00:17:28Z</time>
        <extensions>
          <gpxtpx:TrackPointExtension>
            <gpxtpx:hr>166</gpxtpx:hr>
          </gpxtpx:TrackPointExtension>
        </extensions>
      </trkpt>
      <trkpt lat="31.237609051906375" lon="121.6053405058873">
        <ele>4.553431499749422</ele>
        <time>1970-01-01T00:17:29Z</time>
        <extensions>
          <gpxtpx:TrackPointExtension>
            <gpxtpx:hr>166</gpxtpx:hr>
          </gpxtpx:TrackPointExtension>
        </extensions>
      </trkpt>
      <trkpt lat="31.23761689542189" lon="121.60531503875076">
        <ele>4.564334601163864</ele>
        <time>1970-01-01T00:17:30Z</time>
        <extensions>
          <gpxtpx:TrackPointExtension>
            <gpxtpx:hr>166</gpxtpx:hr>
          </gpxtpx:TrackPointExtension>
        </extensions>
      </trkpt>
      <trkpt lat="31.237624508884224" lon="121.60528967128812">
        <ele>4.572447125799954</ele>
        <time>1970-01-01T00:17:31Z</time>
        <extensions>
          <gpxtpx:TrackPointExtension>
            <gpxtpx:hr>166</gpxtpx:hr>
          </gpxtpx:TrackPointExtension>
        </extensions>
      </trkpt>
      <trkpt lat="31.237631965325438" lon="121.60526434044363">
        <ele>4.577296479605138</ele>
        <time>1970-01-01T00:17:32Z</time>
        <extensions>
          <gpxtpx:TrackPointExtension>
            <gpxtpx:hr>166</gpxtpx:hr>
          </gpxtpx:TrackPointExtension>
        </extensions>
      </trkpt>
      <trkpt lat="31.23763937772675" lon="121.60523892551947">
        <ele>4.578335024416447</ele>
        <time>1970-01-01T00:17:33Z</time>
        <extensions>
          <gpxtpx:TrackPointExtension>
            <gpxtpx:hr>166</gpxtpx:hr>
          </gpxtpx:TrackPointExtension>
        </extensions>
      </trkpt>
      <trkpt lat="31.23764695682769" lon="121.60521338371132">
        <ele>4.575074824504554</ele>
        <time>1970-01-01T00:17:34Z</time>
        <extensions>
          <gpxtpx:TrackPointExtension>
            <gpxtpx:hr>166</gpxtpx:hr>
          </gpxtpx:TrackPointExtension>
        </extensions>
      </trkpt>
      <trkpt lat="31.237654802789883" lon="121.60518790996744">
        <ele>4.567355223931372</ele>
        <time>1970-01-01T00:17:35Z</time>
        <extensions>
          <gpxtpx:TrackPointExtension>
            <gpxtpx:hr>166</gpxtpx:hr>
          </gpxtpx:TrackPointExtension>
        </extensions>
      </trkpt>
      <trkpt lat="31.23766306893664" lon="121.60516275804933">
        <ele>4.555565448477864</ele>
        <time>1970-01-01T00:17:36Z</time>
        <extensions>
          <gpxtpx:TrackPointExtension>
            <gpxtpx:hr>166</gpxtpx:hr>
          </gpxtpx:TrackPointExtension>
        </extensions>
      </trkpt>
      <trkpt lat="31.237672168238515" lon="121.60513805556813">
        <ele>4.540605719201267</ele>
        <time>1970-01-01T00:17:37Z</time>
        <extensions>
          <gpxtpx:TrackPointExtension>
            <gpxtpx:hr>166</gpxtpx:hr>
          </gpxtpx:TrackPointExtension>
        </extensions>
      </trkpt>
      <trkpt lat="31.237682197500515" lon="121.60511387895538">
        <ele>4.5237009804695845</ele>
        <time>1970-01-01T00:17:38Z</time>
        <extensions>
          <gpxtpx:TrackPointExtension>
            <gpxtpx:hr>166</gpxtpx:hr>
          </gpxtpx:TrackPointExtension>
        </extensions>
      </trkpt>
      <trkpt lat="31.237692648902755" lon="121.60509013583139">
        <ele>4.5061971470713615</ele>
        <time>1970-01-01T00:17:39Z</time>
        <extensions>
          <gpxtpx:TrackPointExtension>
            <gpxtpx:hr>165</gpxtpx:hr>
          </gpxtpx:TrackPointExtension>
        </extensions>
      </trkpt>
      <trkpt lat="31.23770327357751" lon="121.60506656552079">
        <ele>4.489311247132719</ele>
        <time>1970-01-01T00:17:40Z</time>
        <extensions>
          <gpxtpx:TrackPointExtension>
            <gpxtpx:hr>165</gpxtpx:hr>
          </gpxtpx:TrackPointExtension>
        </extensions>
      </trkpt>
      <trkpt lat="31.237714207133287" lon="121.60504296342923">
        <ele>4.473927268758416</ele>
        <time>1970-01-01T00:17:41Z</time>
        <extensions>
          <gpxtpx:TrackPointExtension>
            <gpxtpx:hr>165</gpxtpx:hr>
          </gpxtpx:TrackPointExtension>
        </extensions>
      </trkpt>
      <trkpt lat="31.23772530803258" lon="121.60501913857193">
        <ele>4.460559089668095</ele>
        <time>1970-01-01T00:17:42Z</time>
        <extensions>
          <gpxtpx:TrackPointExtension>
            <gpxtpx:hr>165</gpxtpx:hr>
          </gpxtpx:TrackPointExtension>
        </extensions>
      </trkpt>
      <trkpt lat="31.237736349869454" lon="121.60499482287693">
        <ele>4.449419805780053</ele>
        <time>1970-01-01T00:17:43Z</time>
        <extensions>
          <gpxtpx:TrackPointExtension>
            <gpxtpx:hr>165</gpxtpx:hr>
          </gpxtpx:TrackPointExtension>
        </extensions>
      </trkpt>
      <trkpt lat="31.237747517023926" lon="121.60497013256361">
        <ele>4.440516489557922</ele>
        <time>1970-01-01T00:17:44Z</time>
        <extensions>
          <gpxtpx:TrackPointExtension>
            <gpxtpx:hr>165</gpxtpx:hr>
          </gpxtpx:TrackPointExtension>
        </extensions>
      </trkpt>
      <trkpt lat="31.237758793791652" lon="121.60494559500708">
        <ele>4.433769080787897</ele>
        <time>1970-01-01T00:17:45Z</time>
        <extensions>
          <gpxtpx:TrackPointExtension>
            <gpxtpx:hr>165</gpxtpx:hr>
          </gpxtpx:TrackPointExtension>
        </extensions>
      </trkpt>
      <trkpt lat="31.23776995000817" lon="121.60492161018594">
        <ele>4.429116643965244</ele>
        <time>1970-01-01T00:17:46Z</time>
        <extensions>
          <gpxtpx:TrackPointExtension>
            <gpxtpx:hr>165</gpxtpx:hr>
          </gpxtpx:TrackPointExtension>
        </extensions>
      </trkpt>
      <trkpt lat="31.237781046070843" lon="121.60489830486239">
        <ele>4.426584217697382</ele>
        <time>1970-01-01T00:17:47Z</time>
        <extensions>
          <gpxtpx:TrackPointExtension>
            <gpxtpx:hr>165</gpxtpx:hr>
          </gpxtpx:TrackPointExtension>
        </extensions>
      </trkpt>
      <trkpt lat="31.237791902067553" lon="121.60487548707678">
        <ele>4.426315285265446</ele>
        <time>1970-01-01T00:17:48Z</time>
        <extensions>
          <gpxtpx:TrackPointExtension>
            <gpxtpx:hr>165</gpxtpx:hr>
          </gpxtpx:TrackPointExtension>
        </extensions>
      </trkpt>
      <trkpt lat="31.237802307194542" lon="121.60485266737405">
        <ele>4.428554346784949</ele>
        <time>1970-01-01T00:17:49Z</time>
        <extensions>
          <gpxtpx:TrackPointExtension>
            <gpxtpx:hr>165</gpxtpx:hr>
          </gpxtpx:TrackPointExtension>
        </extensions>
      </trkpt>
      <trkpt lat="31.237812580491195" lon="121.60482940752183">
        <ele>4.433560515753925</ele>
        <time>1970-01-01T00:17:50Z</time>
        <extensions>
          <gpxtpx:TrackPointExtension>
            <gpxtpx:hr>164</gpxtpx:hr>
          </gpxtpx:TrackPointExtension>
        </extensions>
      </trkpt>
      <trkpt lat="31.237822941250787" lon="121.60480565124998">
        <ele>4.441488585434854</ele>
        <time>1970-01-01T00:17:51Z</time>
        <extensions>
          <gpxtpx:TrackPointExtension>
            <gpxtpx:hr>164</gpxtpx:hr>
          </gpxtpx:TrackPointExtension>
        </extensions>
      </trkpt>
      <trkpt lat="31.237833074033002" lon="121.60478160263231">
        <ele>4.452321368269622</ele>
        <time>1970-01-01T00:17:52Z</time>
        <extensions>
          <gpxtpx:TrackPointExtension>
            <gpxtpx:hr>164</gpxtpx:hr>
          </gpxtpx:TrackPointExtension>
        </extensions>
      </trkpt>
      <trkpt lat="31.23784308624128" lon="121.60475741346279">
        <ele>4.465859495103359</ele>
        <time>1970-01-01T00:17:53Z</time>
        <extensions>
          <gpxtpx:TrackPointExtension>
            <gpxtpx:hr>164</gpxtpx:hr>
          </gpxtpx:TrackPointExtension>
        </extensions>
      </trkpt>
      <trkpt lat="31.237853625145057" lon="121.60473336360086">
        <ele>4.481708663515747</ele>
        <time>1970-01-01T00:17:54Z</time>
        <extensions>
          <gpxtpx:TrackPointExtension>
            <gpxtpx:hr>164</gpxtpx:hr>
          </gpxtpx:TrackPointExtension>
        </extensions>
      </trkpt>
      <trkpt lat="31.23786506555023" lon="121.60470988609846">
        <ele>4.499248414300382</ele>
        <time>1970-01-01T00:17:55Z</time>
        <extensions>
          <gpxtpx:TrackPointExtension>
            <gpxtpx:hr>164</gpxtpx:hr>
          </gpxtpx:TrackPointExtension>
        </extensions>
      </trkpt>
      <trkpt lat="31.23787752720415" lon="121.60468686466812">
        <ele>4.5175955118611455</ele>
        <time>1970-01-01T00:17:56Z</time>
        <extensions>
          <gpxtpx:TrackPointExtension>
            <gpxtpx:hr>164</gpxtpx:hr>
          </gpxtpx:TrackPointExtension>
        </extensions>
      </trkpt>
      <trkpt lat="31.23789096624865" lon="121.60466389631078">
        <ele>4.535640123300254</ele>
        <time>1970-01-01T00:17:57Z</time>
        <extensions>
          <gpxtpx:TrackPointExtension>
            <gpxtpx:hr>164</gpxtpx:hr>
          </gpxtpx:TrackPointExtension>
        </extensions>
      </trkpt>
      <trkpt lat="31.23790489143515" lon="121.60464084309076">
        <ele>4.552213942632079</ele>
        <time>1970-01-01T00:17:58Z</time>
        <extensions>
          <gpxtpx:TrackPointExtension>
            <gpxtpx:hr>164</gpxtpx:hr>
          </gpxtpx:TrackPointExtension>
        </extensions>
      </trkpt>
      <trkpt lat="31.237918910299648" lon="121.60461770493237">
        <ele>4.566296684555709</ele>
        <time>1970-01-01T00:17:59Z</time>
        <extensions>
          <gpxtpx:TrackPointExtension>
            <gpxtpx:hr>164</gpxtpx:hr>
          </gpxtpx:TrackPointExtension>
        </extensions>
      </trkpt>
      <trkpt lat="31.237933092736377" lon="121.60459453269254">
        <ele>4.577186109498143</ele>
        <time>1970-01-01T00:18:00Z</time>
        <extensions>
          <gpxtpx:TrackPointExtension>
            <gpxtpx:hr>164</gpxtpx:hr>
          </gpxtpx:TrackPointExtension>
        </extensions>
      </trkpt>
      <trkpt lat="31.2379472084193" lon="121.60457130470631">
        <ele>4.584660755470395</ele>
        <time>1970-01-01T00:18:01Z</time>
        <extensions>
          <gpxtpx:TrackPointExtension>
            <gpxtpx:hr>164</gpxtpx:hr>
          </gpxtpx:TrackPointExtension>
        </extensions>
      </trkpt>
      <trkpt lat="31.237961007948744" lon="121.60454776908722">
        <ele>4.589037764817476</ele>
        <time>1970-01-01T00:18:02Z</time>
        <extensions>
          <gpxtpx:TrackPointExtension>
            <gpxtpx:hr>164</gpxtpx:hr>
          </gpxtpx:TrackPointExtension>
        </extensions>
      </trkpt>
      <trkpt lat="31.23797468252124" lon="121.6045236509148">
        <ele>4.591029224917293</ele>
        <time>1970-01-01T00:18:03Z</time>
        <extensions>
          <gpxtpx:TrackPointExtension>
            <gpxtpx:hr>164</gpxtpx:hr>
          </gpxtpx:TrackPointExtension>
        </extensions>
      </trkpt>
      <trkpt lat="31.23798825679502" lon="121.60449905290183">
        <ele>4.591542217880487</ele>
        <time>1970-01-01T00:18:04Z</time>
        <extensions>
          <gpxtpx:TrackPointExtension>
            <gpxtpx:hr>162</gpxtpx:hr>
          </gpxtpx:TrackPointExtension>
        </extensions>
      </trkpt>
      <trkpt lat="31.238001439716676" lon="121.60447446774243">
        <ele>4.591524226590991</ele>
        <time>1970-01-01T00:18:05Z</time>
        <extensions>
          <gpxtpx:TrackPointExtension>
            <gpxtpx:hr>162</gpxtpx:hr>
          </gpxtpx:TrackPointExtension>
        </extensions>
      </trkpt>
      <trkpt lat="31.238014145494592" lon="121.604450351201">
        <ele>4.591826282441616</ele>
        <time>1970-01-01T00:18:06Z</time>
        <extensions>
          <gpxtpx:TrackPointExtension>
            <gpxtpx:hr>162</gpxtpx:hr>
          </gpxtpx:TrackPointExtension>
        </extensions>
      </trkpt>
      <trkpt lat="31.238026585962764" lon="121.60442674521578">
        <ele>4.593106693588197</ele>
        <time>1970-01-01T00:18:07Z</time>
        <extensions>
          <gpxtpx:TrackPointExtension>
            <gpxtpx:hr>162</gpxtpx:hr>
          </gpxtpx:TrackPointExtension>
        </extensions>
      </trkpt>
      <trkpt lat="31.238038743282697" lon="121.60440349178666">
        <ele>4.595793799497187</ele>
        <time>1970-01-01T00:18:08Z</time>
        <extensions>
          <gpxtpx:TrackPointExtension>
            <gpxtpx:hr>162</gpxtpx:hr>
          </gpxtpx:TrackPointExtension>
        </extensions>
      </trkpt>
      <trkpt lat="31.238050486750236" lon="121.60438034577365">
        <ele>4.6000721752643585</ele>
        <time>1970-01-01T00:18:09Z</time>
        <extensions>
          <gpxtpx:TrackPointExtension>
            <gpxtpx:hr>162</gpxtpx:hr>
          </gpxtpx:TrackPointExtension>
        </extensions>
      </trkpt>
      <trkpt lat="31.238061885075314" lon="121.60435700460114">
        <ele>4.605890411883593</ele>
        <time>1970-01-01T00:18:10Z</time>
        <extensions>
          <gpxtpx:TrackPointExtension>
            <gpxtpx:hr>162</gpxtpx:hr>
          </gpxtpx:TrackPointExtension>
        </extensions>
      </trkpt>
      <trkpt lat="31.238072708385346" lon="121.60433328664959">
        <ele>4.612991356290877</ele>
        <time>1970-01-01T00:18:11Z</time>
        <extensions>
          <gpxtpx:TrackPointExtension>
            <gpxtpx:hr>164</gpxtpx:hr>
          </gpxtpx:TrackPointExtension>
        </extensions>
      </trkpt>
      <trkpt lat="31.23808256665442" lon="121.60430924476132">
        <ele>4.620974635705352</ele>
        <time>1970-01-01T00:18:12Z</time>
        <extensions>
          <gpxtpx:TrackPointExtension>
            <gpxtpx:hr>164</gpxtpx:hr>
          </gpxtpx:TrackPointExtension>
        </extensions>
      </trkpt>
      <trkpt lat="31.238091576638272" lon="121.60428480469662">
        <ele>4.6294389348477125</ele>
        <time>1970-01-01T00:18:13Z</time>
        <extensions>
          <gpxtpx:TrackPointExtension>
            <gpxtpx:hr>164</gpxtpx:hr>
          </gpxtpx:TrackPointExtension>
        </extensions>
      </trkpt>
      <trkpt lat="31.23809984766963" lon="121.60425976112563">
        <ele>4.638151505962014</ele>
        <time>1970-01-01T00:18:14Z</time>
        <extensions>
          <gpxtpx:TrackPointExtension>
            <gpxtpx:hr>164</gpxtpx:hr>
          </gpxtpx:TrackPointExtension>
        </extensions>
      </trkpt>
      <trkpt lat="31.238107084382733" lon="121.60423414178514">
        <ele>4.647127146832645</ele>
        <time>1970-01-01T00:18:15Z</time>
        <extensions>
          <gpxtpx:TrackPointExtension>
            <gpxtpx:hr>164</gpxtpx:hr>
          </gpxtpx:TrackPointExtension>
        </extensions>
      </trkpt>
      <trkpt lat="31.23811317944657" lon="121.60420793301752">
        <ele>4.656589833088219</ele>
        <time>1970-01-01T00:18:16Z</time>
        <extensions>
          <gpxtpx:TrackPointExtension>
            <gpxtpx:hr>164</gpxtpx:hr>
          </gpxtpx:TrackPointExtension>
        </extensions>
      </trkpt>
      <trkpt lat="31.238118121587007" lon="121.60418131591014">
        <ele>4.666857841424644</ele>
        <time>1970-01-01T00:18:17Z</time>
        <extensions>
          <gpxtpx:TrackPointExtension>
            <gpxtpx:hr>164</gpxtpx:hr>
          </gpxtpx:TrackPointExtension>
        </extensions>
      </trkpt>
      <trkpt lat="31.238121716158847" lon="121.60415491056466">
        <ele>4.678147541359067</ele>
        <time>1970-01-01T00:18:18Z</time>
        <extensions>
          <gpxtpx:TrackPointExtension>
            <gpxtpx:hr>164</gpxtpx:hr>
          </gpxtpx:TrackPointExtension>
        </extensions>
      </trkpt>
      <trkpt lat="31.23812397499401" lon="121.60412894780832">
        <ele>4.690311445854604</ele>
        <time>1970-01-01T00:18:19Z</time>
        <extensions>
          <gpxtpx:TrackPointExtension>
            <gpxtpx:hr>164</gpxtpx:hr>
          </gpxtpx:TrackPointExtension>
        </extensions>
      </trkpt>
      <trkpt lat="31.2381255243339" lon="121.60410302067758">
        <ele>4.702616262249649</ele>
        <time>1970-01-01T00:18:20Z</time>
        <extensions>
          <gpxtpx:TrackPointExtension>
            <gpxtpx:hr>165</gpxtpx:hr>
          </gpxtpx:TrackPointExtension>
        </extensions>
      </trkpt>
      <trkpt lat="31.238126610127722" lon="121.6040769702083">
        <ele>4.713609826751053</ele>
        <time>1970-01-01T00:18:21Z</time>
        <extensions>
          <gpxtpx:TrackPointExtension>
            <gpxtpx:hr>165</gpxtpx:hr>
          </gpxtpx:TrackPointExtension>
        </extensions>
      </trkpt>
      <trkpt lat="31.238127263896317" lon="121.6040509298939">
        <ele>4.721165666356683</ele>
        <time>1970-01-01T00:18:22Z</time>
        <extensions>
          <gpxtpx:TrackPointExtension>
            <gpxtpx:hr>165</gpxtpx:hr>
          </gpxtpx:TrackPointExtension>
        </extensions>
      </trkpt>
      <trkpt lat="31.238127922114842" lon="121.60402467498501">
        <ele>4.72293318901211</ele>
        <time>1970-01-01T00:18:23Z</time>
        <extensions>
          <gpxtpx:TrackPointExtension>
            <gpxtpx:hr>165</gpxtpx:hr>
          </gpxtpx:TrackPointExtension>
        </extensions>
      </trkpt>
      <trkpt lat="31.238128810481786" lon="121.60399785684027">
        <ele>4.717184643261135</ele>
        <time>1970-01-01T00:18:24Z</time>
        <extensions>
          <gpxtpx:TrackPointExtension>
            <gpxtpx:hr>165</gpxtpx:hr>
          </gpxtpx:TrackPointExtension>
        </extensions>
      </trkpt>
      <trkpt lat="31.238129997203984" lon="121.60397059457507">
        <ele>4.703484887257218</ele>
        <time>1970-01-01T00:18:25Z</time>
        <extensions>
          <gpxtpx:TrackPointExtension>
            <gpxtpx:hr>165</gpxtpx:hr>
          </gpxtpx:TrackPointExtension>
        </extensions>
      </trkpt>
      <trkpt lat="31.23813184124663" lon="121.60394315618085">
        <ele>4.6827894588932395</ele>
        <time>1970-01-01T00:18:26Z</time>
        <extensions>
          <gpxtpx:TrackPointExtension>
            <gpxtpx:hr>165</gpxtpx:hr>
          </gpxtpx:TrackPointExtension>
        </extensions>
      </trkpt>
      <trkpt lat="31.23813477299881" lon="121.60391573629471">
        <ele>4.657255236059427</ele>
        <time>1970-01-01T00:18:27Z</time>
        <extensions>
          <gpxtpx:TrackPointExtension>
            <gpxtpx:hr>165</gpxtpx:hr>
          </gpxtpx:TrackPointExtension>
        </extensions>
      </trkpt>
      <trkpt lat="31.238138670456074" lon="121.60388853773509">
        <ele>4.629807686433196</ele>
        <time>1970-01-01T00:18:28Z</time>
        <extensions>
          <gpxtpx:TrackPointExtension>
            <gpxtpx:hr>165</gpxtpx:hr>
          </gpxtpx:TrackPointExtension>
        </extensions>
      </trkpt>
      <trkpt lat="31.23814358613115" lon="121.60386135352918">
        <ele>4.603378834202886</ele>
        <time>1970-01-01T00:18:29Z</time>
        <extensions>
          <gpxtpx:TrackPointExtension>
            <gpxtpx:hr>165</gpxtpx:hr>
          </gpxtpx:TrackPointExtension>
        </extensions>
      </trkpt>
      <trkpt lat="31.238149725031803" lon="121.60383385767551">
        <ele>4.5802798280492425</ele>
        <time>1970-01-01T00:18:30Z</time>
        <extensions>
          <gpxtpx:TrackPointExtension>
            <gpxtpx:hr>166</gpxtpx:hr>
          </gpxtpx:TrackPointExtension>
        </extensions>
      </trkpt>
      <trkpt lat="31.238156854963844" lon="121.60380627372673">
        <ele>4.562055206857622</ele>
        <time>1970-01-01T00:18:31Z</time>
        <extensions>
          <gpxtpx:TrackPointExtension>
            <gpxtpx:hr>166</gpxtpx:hr>
          </gpxtpx:TrackPointExtension>
        </extensions>
      </trkpt>
      <trkpt lat="31.238164896362928" lon="121.603778994994">
        <ele>4.549558155238628</ele>
        <time>1970-01-01T00:18:32Z</time>
        <extensions>
          <gpxtpx:TrackPointExtension>
            <gpxtpx:hr>166</gpxtpx:hr>
          </gpxtpx:TrackPointExtension>
        </extensions>
      </trkpt>
      <trkpt lat="31.238173986322476" lon="121.60375218441813">
        <ele>4.543018800206482</ele>
        <time>1970-01-01T00:18:33Z</time>
        <extensions>
          <gpxtpx:TrackPointExtension>
            <gpxtpx:hr>166</gpxtpx:hr>
          </gpxtpx:TrackPointExtension>
        </extensions>
      </trkpt>
      <trkpt lat="31.238183843870807" lon="121.60372591326973">
        <ele>4.54208417236805</ele>
        <time>1970-01-01T00:18:34Z</time>
        <extensions>
          <gpxtpx:TrackPointExtension>
            <gpxtpx:hr>166</gpxtpx:hr>
          </gpxtpx:TrackPointExtension>
        </extensions>
      </trkpt>
      <trkpt lat="31.23819408748879" lon="121.60370015154223">
        <ele>4.545867289416492</ele>
        <time>1970-01-01T00:18:35Z</time>
        <extensions>
          <gpxtpx:TrackPointExtension>
            <gpxtpx:hr>166</gpxtpx:hr>
          </gpxtpx:TrackPointExtension>
        </extensions>
      </trkpt>
      <trkpt lat="31.2382047302796" lon="121.60367466431079">
        <ele>4.5531267784535885</ele>
        <time>1970-01-01T00:18:36Z</time>
        <extensions>
          <gpxtpx:TrackPointExtension>
            <gpxtpx:hr>166</gpxtpx:hr>
          </gpxtpx:TrackPointExtension>
        </extensions>
      </trkpt>
      <trkpt lat="31.23821576738053" lon="121.60364927223844">
        <ele>4.562515291385353</ele>
        <time>1970-01-01T00:18:37Z</time>
        <extensions>
          <gpxtpx:TrackPointExtension>
            <gpxtpx:hr>166</gpxtpx:hr>
          </gpxtpx:TrackPointExtension>
        </extensions>
      </trkpt>
      <trkpt lat="31.238226905453608" lon="121.6036239559696">
        <ele>4.572793516330421</ele>
        <time>1970-01-01T00:18:38Z</time>
        <extensions>
          <gpxtpx:TrackPointExtension>
            <gpxtpx:hr>166</gpxtpx:hr>
          </gpxtpx:TrackPointExtension>
        </extensions>
      </trkpt>
      <trkpt lat="31.23823810503575" lon="121.60359863096922">
        <ele>4.583025795407593</ele>
        <time>1970-01-01T00:18:39Z</time>
        <extensions>
          <gpxtpx:TrackPointExtension>
            <gpxtpx:hr>166</gpxtpx:hr>
          </gpxtpx:TrackPointExtension>
        </extensions>
      </trkpt>
      <trkpt lat="31.238249550068375" lon="121.6035733536112">
        <ele>4.592698586173356</ele>
        <time>1970-01-01T00:18:40Z</time>
        <extensions>
          <gpxtpx:TrackPointExtension>
            <gpxtpx:hr>166</gpxtpx:hr>
          </gpxtpx:TrackPointExtension>
        </extensions>
      </trkpt>
      <trkpt lat="31.23826103527276" lon="121.60354849559153">
        <ele>4.601648877374828</ele>
        <time>1970-01-01T00:18:41Z</time>
        <extensions>
          <gpxtpx:TrackPointExtension>
            <gpxtpx:hr>166</gpxtpx:hr>
          </gpxtpx:TrackPointExtension>
        </extensions>
      </trkpt>
      <trkpt lat="31.238272225304705" lon="121.60352412974179">
        <ele>4.609853013418615</ele>
        <time>1970-01-01T00:18:42Z</time>
        <extensions>
          <gpxtpx:TrackPointExtension>
            <gpxtpx:hr>166</gpxtpx:hr>
          </gpxtpx:TrackPointExtension>
        </extensions>
      </trkpt>
      <trkpt lat="31.23828284214616" lon="121.60349967486586">
        <ele>4.617251940071583</ele>
        <time>1970-01-01T00:18:43Z</time>
        <extensions>
          <gpxtpx:TrackPointExtension>
            <gpxtpx:hr>166</gpxtpx:hr>
          </gpxtpx:TrackPointExtension>
        </extensions>
      </trkpt>
      <trkpt lat="31.238292572929893" lon="121.60347482582912">
        <ele>4.6236966494470835</ele>
        <time>1970-01-01T00:18:44Z</time>
        <extensions>
          <gpxtpx:TrackPointExtension>
            <gpxtpx:hr>166</gpxtpx:hr>
          </gpxtpx:TrackPointExtension>
        </extensions>
      </trkpt>
      <trkpt lat="31.23830126640584" lon="121.60344974375546">
        <ele>4.628968993201852</ele>
        <time>1970-01-01T00:18:45Z</time>
        <extensions>
          <gpxtpx:TrackPointExtension>
            <gpxtpx:hr>166</gpxtpx:hr>
          </gpxtpx:TrackPointExtension>
        </extensions>
      </trkpt>
      <trkpt lat="31.23830917255582" lon="121.60342447231957">
        <ele>4.632859147153795</ele>
        <time>1970-01-01T00:18:46Z</time>
        <extensions>
          <gpxtpx:TrackPointExtension>
            <gpxtpx:hr>166</gpxtpx:hr>
          </gpxtpx:TrackPointExtension>
        </extensions>
      </trkpt>
      <trkpt lat="31.23831617665941" lon="121.60339889154443">
        <ele>4.635309403762221</ele>
        <time>1970-01-01T00:18:47Z</time>
        <extensions>
          <gpxtpx:TrackPointExtension>
            <gpxtpx:hr>166</gpxtpx:hr>
          </gpxtpx:TrackPointExtension>
        </extensions>
      </trkpt>
      <trkpt lat="31.23832172866766" lon="121.6033730153976">
        <ele>4.636499332264066</ele>
        <time>1970-01-01T00:18:48Z</time>
        <extensions>
          <gpxtpx:TrackPointExtension>
            <gpxtpx:hr>166</gpxtpx:hr>
          </gpxtpx:TrackPointExtension>
        </extensions>
      </trkpt>
      <trkpt lat="31.23832589005743" lon="121.6033469656238">
        <ele>4.636747229844332</ele>
        <time>1970-01-01T00:18:49Z</time>
        <extensions>
          <gpxtpx:TrackPointExtension>
            <gpxtpx:hr>166</gpxtpx:hr>
          </gpxtpx:TrackPointExtension>
        </extensions>
      </trkpt>
      <trkpt lat="31.23832870414255" lon="121.60332080646103">
        <ele>4.63634711317718</ele>
        <time>1970-01-01T00:18:50Z</time>
        <extensions>
          <gpxtpx:TrackPointExtension>
            <gpxtpx:hr>166</gpxtpx:hr>
          </gpxtpx:TrackPointExtension>
        </extensions>
      </trkpt>
      <trkpt lat="31.238329822887334" lon="121.60329477628886">
        <ele>4.635550699196756</ele>
        <time>1970-01-01T00:18:51Z</time>
        <extensions>
          <gpxtpx:TrackPointExtension>
            <gpxtpx:hr>166</gpxtpx:hr>
          </gpxtpx:TrackPointExtension>
        </extensions>
      </trkpt>
      <trkpt lat="31.238329778087277" lon="121.60327751490003">
        <ele>4.634953265078366</ele>
        <time>1970-01-01T00:18:51.600000Z</time>
        <extensions>
          <gpxtpx:TrackPointExtension>
            <gpxtpx:hr>166</gpxtpx:hr>
          </gpxtpx:TrackPointExtension>
        </extensions>
      </trkpt>
      <trkpt lat="31.23832908318234" lon="121.60325163394678">
        <ele>4.634233830496669</ele>
        <time>1970-01-01T00:18:52.600000Z</time>
        <extensions>
          <gpxtpx:TrackPointExtension>
            <gpxtpx:hr>166</gpxtpx:hr>
          </gpxtpx:TrackPointExtension>
        </extensions>
      </trkpt>
      <trkpt lat="31.238328005006665" lon="121.60322556712023">
        <ele>4.633934424258769</ele>
        <time>1970-01-01T00:18:53.600000Z</time>
        <extensions>
          <gpxtpx:TrackPointExtension>
            <gpxtpx:hr>166</gpxtpx:hr>
          </gpxtpx:TrackPointExtension>
        </extensions>
      </trkpt>
      <trkpt lat="31.238327014837946" lon="121.60319944964034">
        <ele>4.634365496225655</ele>
        <time>1970-01-01T00:18:54.600000Z</time>
        <extensions>
          <gpxtpx:TrackPointExtension>
            <gpxtpx:hr>167</gpxtpx:hr>
          </gpxtpx:TrackPointExtension>
        </extensions>
      </trkpt>
      <trkpt lat="31.238326580791394" lon="121.60317323499146">
        <ele>4.635929877869785</ele>
        <time>1970-01-01T00:18:55.600000Z</time>
        <extensions>
          <gpxtpx:TrackPointExtension>
            <gpxtpx:hr>167</gpxtpx:hr>
          </gpxtpx:TrackPointExtension>
        </extensions>
      </trkpt>
      <trkpt lat="31.23832719631013" lon="121.60314673192724">
        <ele>4.63919369969517</ele>
        <time>1970-01-01T00:18:56.600000Z</time>
        <extensions>
          <gpxtpx:TrackPointExtension>
            <gpxtpx:hr>167</gpxtpx:hr>
          </gpxtpx:TrackPointExtension>
        </extensions>
      </trkpt>
      <trkpt lat="31.23832884847808" lon="121.6031198582509">
        <ele>4.644624691456556</ele>
        <time>1970-01-01T00:18:57.600000Z</time>
        <extensions>
          <gpxtpx:TrackPointExtension>
            <gpxtpx:hr>167</gpxtpx:hr>
          </gpxtpx:TrackPointExtension>
        </extensions>
      </trkpt>
      <trkpt lat="31.238331455972162" lon="121.60309253375945">
        <ele>4.652158667333424</ele>
        <time>1970-01-01T00:18:58.600000Z</time>
        <extensions>
          <gpxtpx:TrackPointExtension>
            <gpxtpx:hr>167</gpxtpx:hr>
          </gpxtpx:TrackPointExtension>
        </extensions>
      </trkpt>
      <trkpt lat="31.23833509583397" lon="121.6030648724882">
        <ele>4.66162421554327</ele>
        <time>1970-01-01T00:18:59.600000Z</time>
        <extensions>
          <gpxtpx:TrackPointExtension>
            <gpxtpx:hr>167</gpxtpx:hr>
          </gpxtpx:TrackPointExtension>
        </extensions>
      </trkpt>
      <trkpt lat="31.23833965740671" lon="121.60303719309653">
        <ele>4.673048155382276</ele>
        <time>1970-01-01T00:19:00.600000Z</time>
        <extensions>
          <gpxtpx:TrackPointExtension>
            <gpxtpx:hr>167</gpxtpx:hr>
          </gpxtpx:TrackPointExtension>
        </extensions>
      </trkpt>
      <trkpt lat="31.238344929133326" lon="121.60300963032026">
        <ele>4.6862550638616085</ele>
        <time>1970-01-01T00:19:01.600000Z</time>
        <extensions>
          <gpxtpx:TrackPointExtension>
            <gpxtpx:hr>167</gpxtpx:hr>
          </gpxtpx:TrackPointExtension>
        </extensions>
      </trkpt>
      <trkpt lat="31.238350964165175" lon="121.60298213027507">
        <ele>4.700758200138807</ele>
        <time>1970-01-01T00:19:02.700000Z</time>
        <extensions>
          <gpxtpx:TrackPointExtension>
            <gpxtpx:hr>167</gpxtpx:hr>
          </gpxtpx:TrackPointExtension>
        </extensions>
      </trkpt>
      <trkpt lat="31.238357849512465" lon="121.60295488729315">
        <ele>4.715955486521125</ele>
        <time>1970-01-01T00:19:03.700000Z</time>
        <extensions>
          <gpxtpx:TrackPointExtension>
            <gpxtpx:hr>166</gpxtpx:hr>
          </gpxtpx:TrackPointExtension>
        </extensions>
      </trkpt>
      <trkpt lat="31.238365422024657" lon="121.60292821173068">
        <ele>4.731327175162733</ele>
        <time>1970-01-01T00:19:04.700000Z</time>
        <extensions>
          <gpxtpx:TrackPointExtension>
            <gpxtpx:hr>166</gpxtpx:hr>
          </gpxtpx:TrackPointExtension>
        </extensions>
      </trkpt>
      <trkpt lat="31.238374205667895" lon="121.60290236454678">
        <ele>4.746857945807278</ele>
        <time>1970-01-01T00:19:05.700000Z</time>
        <extensions>
          <gpxtpx:TrackPointExtension>
            <gpxtpx:hr>166</gpxtpx:hr>
          </gpxtpx:TrackPointExtension>
        </extensions>
      </trkpt>
      <trkpt lat="31.23838442238414" lon="121.6028772769727">
        <ele>4.762867841869593</ele>
        <time>1970-01-01T00:19:06.700000Z</time>
        <extensions>
          <gpxtpx:TrackPointExtension>
            <gpxtpx:hr>166</gpxtpx:hr>
          </gpxtpx:TrackPointExtension>
        </extensions>
      </trkpt>
      <trkpt lat="31.238395492677583" lon="121.60285248660013">
        <ele>4.779455114156008</ele>
        <time>1970-01-01T00:19:07.700000Z</time>
        <extensions>
          <gpxtpx:TrackPointExtension>
            <gpxtpx:hr>166</gpxtpx:hr>
          </gpxtpx:TrackPointExtension>
        </extensions>
      </trkpt>
      <trkpt lat="31.23840716670443" lon="121.60282743176218">
        <ele>4.796325750648975</ele>
        <time>1970-01-01T00:19:08.700000Z</time>
        <extensions>
          <gpxtpx:TrackPointExtension>
            <gpxtpx:hr>166</gpxtpx:hr>
          </gpxtpx:TrackPointExtension>
        </extensions>
      </trkpt>
      <trkpt lat="31.238419347823864" lon="121.60280188477776">
        <ele>4.812889937311411</ele>
        <time>1970-01-01T00:19:09.700000Z</time>
        <extensions>
          <gpxtpx:TrackPointExtension>
            <gpxtpx:hr>166</gpxtpx:hr>
          </gpxtpx:TrackPointExtension>
        </extensions>
      </trkpt>
      <trkpt lat="31.238431784374658" lon="121.60277619859338">
        <ele>4.828715005889535</ele>
        <time>1970-01-01T00:19:10.700000Z</time>
        <extensions>
          <gpxtpx:TrackPointExtension>
            <gpxtpx:hr>164</gpxtpx:hr>
          </gpxtpx:TrackPointExtension>
        </extensions>
      </trkpt>
      <trkpt lat="31.238444183310204" lon="121.6027507011025">
        <ele>4.843612253665924</ele>
        <time>1970-01-01T00:19:11.700000Z</time>
        <extensions>
          <gpxtpx:TrackPointExtension>
            <gpxtpx:hr>164</gpxtpx:hr>
          </gpxtpx:TrackPointExtension>
        </extensions>
      </trkpt>
      <trkpt lat="31.238456662472558" lon="121.60272560576281">
        <ele>4.8575481893494725</ele>
        <time>1970-01-01T00:19:12.700000Z</time>
        <extensions>
          <gpxtpx:TrackPointExtension>
            <gpxtpx:hr>164</gpxtpx:hr>
          </gpxtpx:TrackPointExtension>
        </extensions>
      </trkpt>
      <trkpt lat="31.238469400043144" lon="121.6027011693536">
        <ele>4.871081889607012</ele>
        <time>1970-01-01T00:19:13.700000Z</time>
        <extensions>
          <gpxtpx:TrackPointExtension>
            <gpxtpx:hr>164</gpxtpx:hr>
          </gpxtpx:TrackPointExtension>
        </extensions>
      </trkpt>
      <trkpt lat="31.238482234894636" lon="121.60267733629115">
        <ele>4.885273903608322</ele>
        <time>1970-01-01T00:19:14.700000Z</time>
        <extensions>
          <gpxtpx:TrackPointExtension>
            <gpxtpx:hr>164</gpxtpx:hr>
          </gpxtpx:TrackPointExtension>
        </extensions>
      </trkpt>
      <trkpt lat="31.238495397255104" lon="121.60265376383965">
        <ele>4.9008739944547415</ele>
        <time>1970-01-01T00:19:15.700000Z</time>
        <extensions>
          <gpxtpx:TrackPointExtension>
            <gpxtpx:hr>164</gpxtpx:hr>
          </gpxtpx:TrackPointExtension>
        </extensions>
      </trkpt>
      <trkpt lat="31.238509458529474" lon="121.60263026022498">
        <ele>4.917821072041988</ele>
        <time>1970-01-01T00:19:16.700000Z</time>
        <extensions>
          <gpxtpx:TrackPointExtension>
            <gpxtpx:hr>164</gpxtpx:hr>
          </gpxtpx:TrackPointExtension>
        </extensions>
      </trkpt>
      <trkpt lat="31.23852443739973" lon="121.60260684291718">
        <ele>4.935455972328782</ele>
        <time>1970-01-01T00:19:17.700000Z</time>
        <extensions>
          <gpxtpx:TrackPointExtension>
            <gpxtpx:hr>164</gpxtpx:hr>
          </gpxtpx:TrackPointExtension>
        </extensions>
      </trkpt>
      <trkpt lat="31.23854037410811" lon="121.60258396865831">
        <ele>4.952951658517122</ele>
        <time>1970-01-01T00:19:18.700000Z</time>
        <extensions>
          <gpxtpx:TrackPointExtension>
            <gpxtpx:hr>165</gpxtpx:hr>
          </gpxtpx:TrackPointExtension>
        </extensions>
      </trkpt>
      <trkpt lat="31.238557141860174" lon="121.60256203562894">
        <ele>4.969901948235929</ele>
        <time>1970-01-01T00:19:19.700000Z</time>
        <extensions>
          <gpxtpx:TrackPointExtension>
            <gpxtpx:hr>165</gpxtpx:hr>
          </gpxtpx:TrackPointExtension>
        </extensions>
      </trkpt>
      <trkpt lat="31.238574059957518" lon="121.60254099733378">
        <ele>4.9863695576786995</ele>
        <time>1970-01-01T00:19:20.700000Z</time>
        <extensions>
          <gpxtpx:TrackPointExtension>
            <gpxtpx:hr>165</gpxtpx:hr>
          </gpxtpx:TrackPointExtension>
        </extensions>
      </trkpt>
      <trkpt lat="31.23859077750115" lon="121.60252056145094">
        <ele>5.0026301965117455</ele>
        <time>1970-01-01T00:19:21.700000Z</time>
        <extensions>
          <gpxtpx:TrackPointExtension>
            <gpxtpx:hr>165</gpxtpx:hr>
          </gpxtpx:TrackPointExtension>
        </extensions>
      </trkpt>
      <trkpt lat="31.2386075678249" lon="121.60250044682512">
        <ele>5.019136595539749</ele>
        <time>1970-01-01T00:19:22.700000Z</time>
        <extensions>
          <gpxtpx:TrackPointExtension>
            <gpxtpx:hr>165</gpxtpx:hr>
          </gpxtpx:TrackPointExtension>
        </extensions>
      </trkpt>
      <trkpt lat="31.238624791494722" lon="121.60248072326982">
        <ele>5.036100745201111</ele>
        <time>1970-01-01T00:19:23.700000Z</time>
        <extensions>
          <gpxtpx:TrackPointExtension>
            <gpxtpx:hr>165</gpxtpx:hr>
          </gpxtpx:TrackPointExtension>
        </extensions>
      </trkpt>
      <trkpt lat="31.23864246015509" lon="121.60246138054525">
        <ele>5.053324623033404</ele>
        <time>1970-01-01T00:19:24.700000Z</time>
        <extensions>
          <gpxtpx:TrackPointExtension>
            <gpxtpx:hr>164</gpxtpx:hr>
          </gpxtpx:TrackPointExtension>
        </extensions>
      </trkpt>
      <trkpt lat="31.23866055006042" lon="121.60244227336406">
        <ele>5.070858024060726</ele>
        <time>1970-01-01T00:19:25.700000Z</time>
        <extensions>
          <gpxtpx:TrackPointExtension>
            <gpxtpx:hr>164</gpxtpx:hr>
          </gpxtpx:TrackPointExtension>
        </extensions>
      </trkpt>
      <trkpt lat="31.23867904193868" lon="121.60242340899015">
        <ele>5.08934442140162</ele>
        <time>1970-01-01T00:19:26.700000Z</time>
        <extensions>
          <gpxtpx:TrackPointExtension>
            <gpxtpx:hr>164</gpxtpx:hr>
          </gpxtpx:TrackPointExtension>
        </extensions>
      </trkpt>
      <trkpt lat="31.238697731588527" lon="121.6024047362858">
        <ele>5.10972832236439</ele>
        <time>1970-01-01T00:19:27.700000Z</time>
        <extensions>
          <gpxtpx:TrackPointExtension>
            <gpxtpx:hr>164</gpxtpx:hr>
          </gpxtpx:TrackPointExtension>
        </extensions>
      </trkpt>
      <trkpt lat="31.238716529353752" lon="121.60238629305348">
        <ele>5.1327614560723305</ele>
        <time>1970-01-01T00:19:28.700000Z</time>
        <extensions>
          <gpxtpx:TrackPointExtension>
            <gpxtpx:hr>164</gpxtpx:hr>
          </gpxtpx:TrackPointExtension>
        </extensions>
      </trkpt>
      <trkpt lat="31.238735505412265" lon="121.60236851891878">
        <ele>5.158821819350123</ele>
        <time>1970-01-01T00:19:29.700000Z</time>
        <extensions>
          <gpxtpx:TrackPointExtension>
            <gpxtpx:hr>164</gpxtpx:hr>
          </gpxtpx:TrackPointExtension>
        </extensions>
      </trkpt>
      <trkpt lat="31.23875462381061" lon="121.60235180386734">
        <ele>5.188031695783138</ele>
        <time>1970-01-01T00:19:30.700000Z</time>
        <extensions>
          <gpxtpx:TrackPointExtension>
            <gpxtpx:hr>165</gpxtpx:hr>
          </gpxtpx:TrackPointExtension>
        </extensions>
      </trkpt>
      <trkpt lat="31.2387739211109" lon="121.6023360902377">
        <ele>5.2197640696540475</ele>
        <time>1970-01-01T00:19:31.700000Z</time>
        <extensions>
          <gpxtpx:TrackPointExtension>
            <gpxtpx:hr>165</gpxtpx:hr>
          </gpxtpx:TrackPointExtension>
        </extensions>
      </trkpt>
      <trkpt lat="31.23879373422143" lon="121.6023212908402">
        <ele>5.252489808946848</ele>
        <time>1970-01-01T00:19:32.700000Z</time>
        <extensions>
          <gpxtpx:TrackPointExtension>
            <gpxtpx:hr>165</gpxtpx:hr>
          </gpxtpx:TrackPointExtension>
        </extensions>
      </trkpt>
      <trkpt lat="31.238814177890127" lon="121.60230730359898">
        <ele>5.285018094815314</ele>
        <time>1970-01-01T00:19:33.700000Z</time>
        <extensions>
          <gpxtpx:TrackPointExtension>
            <gpxtpx:hr>165</gpxtpx:hr>
          </gpxtpx:TrackPointExtension>
        </extensions>
      </trkpt>
      <trkpt lat="31.238834862979413" lon="121.60229402543585">
        <ele>5.317148169502616</ele>
        <time>1970-01-01T00:19:34.700000Z</time>
        <extensions>
          <gpxtpx:TrackPointExtension>
            <gpxtpx:hr>165</gpxtpx:hr>
          </gpxtpx:TrackPointExtension>
        </extensions>
      </trkpt>
      <trkpt lat="31.238855780501794" lon="121.60228144051611">
        <ele>5.348945661447942</ele>
        <time>1970-01-01T00:19:35.700000Z</time>
        <extensions>
          <gpxtpx:TrackPointExtension>
            <gpxtpx:hr>166</gpxtpx:hr>
          </gpxtpx:TrackPointExtension>
        </extensions>
      </trkpt>
      <trkpt lat="31.238877244375697" lon="121.60226957335999">
        <ele>5.380743065848947</ele>
        <time>1970-01-01T00:19:36.700000Z</time>
        <extensions>
          <gpxtpx:TrackPointExtension>
            <gpxtpx:hr>166</gpxtpx:hr>
          </gpxtpx:TrackPointExtension>
        </extensions>
      </trkpt>
      <trkpt lat="31.238899204504065" lon="121.60225864151721">
        <ele>5.413197121582925</ele>
        <time>1970-01-01T00:19:37.700000Z</time>
        <extensions>
          <gpxtpx:TrackPointExtension>
            <gpxtpx:hr>166</gpxtpx:hr>
          </gpxtpx:TrackPointExtension>
        </extensions>
      </trkpt>
      <trkpt lat="31.23892146483824" lon="121.60224843782638">
        <ele>5.4470555214211345</ele>
        <time>1970-01-01T00:19:38.800000Z</time>
        <extensions>
          <gpxtpx:TrackPointExtension>
            <gpxtpx:hr>166</gpxtpx:hr>
          </gpxtpx:TrackPointExtension>
        </extensions>
      </trkpt>
      <trkpt lat="31.238944128703306" lon="121.60223866951591">
        <ele>5.483132320456207</ele>
        <time>1970-01-01T00:19:39.800000Z</time>
        <extensions>
          <gpxtpx:TrackPointExtension>
            <gpxtpx:hr>166</gpxtpx:hr>
          </gpxtpx:TrackPointExtension>
        </extensions>
      </trkpt>
      <trkpt lat="31.238967253250447" lon="121.602229406407">
        <ele>5.521586060523987</ele>
        <time>1970-01-01T00:19:40.800000Z</time>
        <extensions>
          <gpxtpx:TrackPointExtension>
            <gpxtpx:hr>167</gpxtpx:hr>
          </gpxtpx:TrackPointExtension>
        </extensions>
      </trkpt>
      <trkpt lat="31.23899060250095" lon="121.60222048323408">
        <ele>5.561612183228135</ele>
        <time>1970-01-01T00:19:41.800000Z</time>
        <extensions>
          <gpxtpx:TrackPointExtension>
            <gpxtpx:hr>167</gpxtpx:hr>
          </gpxtpx:TrackPointExtension>
        </extensions>
      </trkpt>
      <trkpt lat="31.239014178025464" lon="121.6022117955247">
        <ele>5.601935427635908</ele>
        <time>1970-01-01T00:19:42.800000Z</time>
        <extensions>
          <gpxtpx:TrackPointExtension>
            <gpxtpx:hr>167</gpxtpx:hr>
          </gpxtpx:TrackPointExtension>
        </extensions>
      </trkpt>
      <trkpt lat="31.239037923602986" lon="121.60220331973483">
        <ele>5.64082095772028</ele>
        <time>1970-01-01T00:19:43.800000Z</time>
        <extensions>
          <gpxtpx:TrackPointExtension>
            <gpxtpx:hr>167</gpxtpx:hr>
          </gpxtpx:TrackPointExtension>
        </extensions>
      </trkpt>
      <trkpt lat="31.239061488502553" lon="121.60219479284223">
        <ele>5.676554153673351</ele>
        <time>1970-01-01T00:19:44.800000Z</time>
        <extensions>
          <gpxtpx:TrackPointExtension>
            <gpxtpx:hr>167</gpxtpx:hr>
          </gpxtpx:TrackPointExtension>
        </extensions>
      </trkpt>
      <trkpt lat="31.239084810037728" lon="121.60218612206945">
        <ele>5.707685815170407</ele>
        <time>1970-01-01T00:19:45.800000Z</time>
        <extensions>
          <gpxtpx:TrackPointExtension>
            <gpxtpx:hr>167</gpxtpx:hr>
          </gpxtpx:TrackPointExtension>
        </extensions>
      </trkpt>
      <trkpt lat="31.239107996505457" lon="121.60217728295024">
        <ele>5.732968835160136</ele>
        <time>1970-01-01T00:19:46.800000Z</time>
        <extensions>
          <gpxtpx:TrackPointExtension>
            <gpxtpx:hr>167</gpxtpx:hr>
          </gpxtpx:TrackPointExtension>
        </extensions>
      </trkpt>
      <trkpt lat="31.239130840817705" lon="121.60216789658057">
        <ele>5.751741527579725</ele>
        <time>1970-01-01T00:19:47.800000Z</time>
        <extensions>
          <gpxtpx:TrackPointExtension>
            <gpxtpx:hr>167</gpxtpx:hr>
          </gpxtpx:TrackPointExtension>
        </extensions>
      </trkpt>
      <trkpt lat="31.239153160145516" lon="121.60215760192098">
        <ele>5.763465523719788</ele>
        <time>1970-01-01T00:19:48.800000Z</time>
        <extensions>
          <gpxtpx:TrackPointExtension>
            <gpxtpx:hr>167</gpxtpx:hr>
          </gpxtpx:TrackPointExtension>
        </extensions>
      </trkpt>
      <trkpt lat="31.239175073731737" lon="121.60214630911102">
        <ele>5.767016032710671</ele>
        <time>1970-01-01T00:19:49.800000Z</time>
        <extensions>
          <gpxtpx:TrackPointExtension>
            <gpxtpx:hr>167</gpxtpx:hr>
          </gpxtpx:TrackPointExtension>
        </extensions>
      </trkpt>
      <trkpt lat="31.23919641480873" lon="121.60213408069521">
        <ele>5.761465882882476</ele>
        <time>1970-01-01T00:19:50.800000Z</time>
        <extensions>
          <gpxtpx:TrackPointExtension>
            <gpxtpx:hr>167</gpxtpx:hr>
          </gpxtpx:TrackPointExtension>
        </extensions>
      </trkpt>
      <trkpt lat="31.239216659731714" lon="121.60212087728834">
        <ele>5.74658330809325</ele>
        <time>1970-01-01T00:19:51.800000Z</time>
        <extensions>
          <gpxtpx:TrackPointExtension>
            <gpxtpx:hr>167</gpxtpx:hr>
          </gpxtpx:TrackPointExtension>
        </extensions>
      </trkpt>
      <trkpt lat="31.23923606820399" lon="121.60210684562682">
        <ele>5.722500784322619</ele>
        <time>1970-01-01T00:19:52.800000Z</time>
        <extensions>
          <gpxtpx:TrackPointExtension>
            <gpxtpx:hr>167</gpxtpx:hr>
          </gpxtpx:TrackPointExtension>
        </extensions>
      </trkpt>
      <trkpt lat="31.239255227367753" lon="121.60209219117489">
        <ele>5.689974769949913</ele>
        <time>1970-01-01T00:19:53.800000Z</time>
        <extensions>
          <gpxtpx:TrackPointExtension>
            <gpxtpx:hr>167</gpxtpx:hr>
          </gpxtpx:TrackPointExtension>
        </extensions>
      </trkpt>
      <trkpt lat="31.239274100531762" lon="121.60207687626678">
        <ele>5.650485599413514</ele>
        <time>1970-01-01T00:19:54.800000Z</time>
        <extensions>
          <gpxtpx:TrackPointExtension>
            <gpxtpx:hr>167</gpxtpx:hr>
          </gpxtpx:TrackPointExtension>
        </extensions>
      </trkpt>
      <trkpt lat="31.239292675745343" lon="121.60206110410269">
        <ele>5.605852130800486</ele>
        <time>1970-01-01T00:19:55.800000Z</time>
        <extensions>
          <gpxtpx:TrackPointExtension>
            <gpxtpx:hr>167</gpxtpx:hr>
          </gpxtpx:TrackPointExtension>
        </extensions>
      </trkpt>
      <trkpt lat="31.23931106497102" lon="121.60204494645687">
        <ele>5.558024873025715</ele>
        <time>1970-01-01T00:19:56.800000Z</time>
        <extensions>
          <gpxtpx:TrackPointExtension>
            <gpxtpx:hr>167</gpxtpx:hr>
          </gpxtpx:TrackPointExtension>
        </extensions>
      </trkpt>
      <trkpt lat="31.239328983756728" lon="121.60202811033645">
        <ele>5.508614405989647</ele>
        <time>1970-01-01T00:19:57.800000Z</time>
        <extensions>
          <gpxtpx:TrackPointExtension>
            <gpxtpx:hr>167</gpxtpx:hr>
          </gpxtpx:TrackPointExtension>
        </extensions>
      </trkpt>
      <trkpt lat="31.239346030626535" lon="121.60201038226275">
        <ele>5.458659472875297</ele>
        <time>1970-01-01T00:19:58.800000Z</time>
        <extensions>
          <gpxtpx:TrackPointExtension>
            <gpxtpx:hr>167</gpxtpx:hr>
          </gpxtpx:TrackPointExtension>
        </extensions>
      </trkpt>
      <trkpt lat="31.23936224297391" lon="121.60199181590981">
        <ele>5.409211157821119</ele>
        <time>1970-01-01T00:19:59.800000Z</time>
        <extensions>
          <gpxtpx:TrackPointExtension>
            <gpxtpx:hr>167</gpxtpx:hr>
          </gpxtpx:TrackPointExtension>
        </extensions>
      </trkpt>
      <trkpt lat="31.239377491710346" lon="121.60197229009736">
        <ele>5.3615439143031836</ele>
        <time>1970-01-01T00:20:00.800000Z</time>
        <extensions>
          <gpxtpx:TrackPointExtension>
            <gpxtpx:hr>167</gpxtpx:hr>
          </gpxtpx:TrackPointExtension>
        </extensions>
      </trkpt>
      <trkpt lat="31.239391650547642" lon="121.60195185058079">
        <ele>5.3174201007932425</ele>
        <time>1970-01-01T00:20:01.800000Z</time>
        <extensions>
          <gpxtpx:TrackPointExtension>
            <gpxtpx:hr>167</gpxtpx:hr>
          </gpxtpx:TrackPointExtension>
        </extensions>
      </trkpt>
      <trkpt lat="31.239405222367033" lon="121.60193096251619">
        <ele>5.278844262473285</ele>
        <time>1970-01-01T00:20:02.800000Z</time>
        <extensions>
          <gpxtpx:TrackPointExtension>
            <gpxtpx:hr>167</gpxtpx:hr>
          </gpxtpx:TrackPointExtension>
        </extensions>
      </trkpt>
      <trkpt lat="31.23941862080595" lon="121.6019095825733">
        <ele>5.247452664189041</ele>
        <time>1970-01-01T00:20:03.800000Z</time>
        <extensions>
          <gpxtpx:TrackPointExtension>
            <gpxtpx:hr>167</gpxtpx:hr>
          </gpxtpx:TrackPointExtension>
        </extensions>
      </trkpt>
      <trkpt lat="31.239431698565408" lon="121.60188737972852">
        <ele>5.224260518327355</ele>
        <time>1970-01-01T00:20:04.800000Z</time>
        <extensions>
          <gpxtpx:TrackPointExtension>
            <gpxtpx:hr>168</gpxtpx:hr>
          </gpxtpx:TrackPointExtension>
        </extensions>
      </trkpt>
      <trkpt lat="31.239444235949573" lon="121.6018644000894">
        <ele>5.209771756082773</ele>
        <time>1970-01-01T00:20:05.800000Z</time>
        <extensions>
          <gpxtpx:TrackPointExtension>
            <gpxtpx:hr>168</gpxtpx:hr>
          </gpxtpx:TrackPointExtension>
        </extensions>
      </trkpt>
      <trkpt lat="31.239456162550773" lon="121.60184086934">
        <ele>5.2041180888190866</ele>
        <time>1970-01-01T00:20:06.800000Z</time>
        <extensions>
          <gpxtpx:TrackPointExtension>
            <gpxtpx:hr>168</gpxtpx:hr>
          </gpxtpx:TrackPointExtension>
        </extensions>
      </trkpt>
      <trkpt lat="31.239467086806254" lon="121.60181696563576">
        <ele>5.206846638582647</ele>
        <time>1970-01-01T00:20:07.800000Z</time>
        <extensions>
          <gpxtpx:TrackPointExtension>
            <gpxtpx:hr>168</gpxtpx:hr>
          </gpxtpx:TrackPointExtension>
        </extensions>
      </trkpt>
      <trkpt lat="31.239476921209253" lon="121.60179282785639">
        <ele>5.216896554455161</ele>
        <time>1970-01-01T00:20:08.800000Z</time>
        <extensions>
          <gpxtpx:TrackPointExtension>
            <gpxtpx:hr>168</gpxtpx:hr>
          </gpxtpx:TrackPointExtension>
        </extensions>
      </trkpt>
      <trkpt lat="31.23948627759518" lon="121.60176853332423">
        <ele>5.2330719558522105</ele>
        <time>1970-01-01T00:20:09.800000Z</time>
        <extensions>
          <gpxtpx:TrackPointExtension>
            <gpxtpx:hr>168</gpxtpx:hr>
          </gpxtpx:TrackPointExtension>
        </extensions>
      </trkpt>
      <trkpt lat="31.239495389435177" lon="121.60174387768282">
        <ele>5.254171205684543</ele>
        <time>1970-01-01T00:20:10.800000Z</time>
        <extensions>
          <gpxtpx:TrackPointExtension>
            <gpxtpx:hr>168</gpxtpx:hr>
          </gpxtpx:TrackPointExtension>
        </extensions>
      </trkpt>
      <trkpt lat="31.23950417519648" lon="121.6017187340098">
        <ele>5.278474654071033</ele>
        <time>1970-01-01T00:20:11.800000Z</time>
        <extensions>
          <gpxtpx:TrackPointExtension>
            <gpxtpx:hr>168</gpxtpx:hr>
          </gpxtpx:TrackPointExtension>
        </extensions>
      </trkpt>
      <trkpt lat="31.23951293070389" lon="121.60169327928055">
        <ele>5.303738912567496</ele>
        <time>1970-01-01T00:20:12.800000Z</time>
        <extensions>
          <gpxtpx:TrackPointExtension>
            <gpxtpx:hr>168</gpxtpx:hr>
          </gpxtpx:TrackPointExtension>
        </extensions>
      </trkpt>
      <trkpt lat="31.239521662229404" lon="121.60166753692316">
        <ele>5.327837385237217</ele>
        <time>1970-01-01T00:20:13.800000Z</time>
        <extensions>
          <gpxtpx:TrackPointExtension>
            <gpxtpx:hr>169</gpxtpx:hr>
          </gpxtpx:TrackPointExtension>
        </extensions>
      </trkpt>
      <trkpt lat="31.239530209744526" lon="121.60164150984731">
        <ele>5.349285985343158</ele>
        <time>1970-01-01T00:20:14.900000Z</time>
        <extensions>
          <gpxtpx:TrackPointExtension>
            <gpxtpx:hr>169</gpxtpx:hr>
          </gpxtpx:TrackPointExtension>
        </extensions>
      </trkpt>
      <trkpt lat="31.23953879817706" lon="121.60161545897807">
        <ele>5.367332163266838</ele>
        <time>1970-01-01T00:20:15.900000Z</time>
        <extensions>
          <gpxtpx:TrackPointExtension>
            <gpxtpx:hr>169</gpxtpx:hr>
          </gpxtpx:TrackPointExtension>
        </extensions>
      </trkpt>
      <trkpt lat="31.23954775391509" lon="121.60158951404381">
        <ele>5.381217198446393</ele>
        <time>1970-01-01T00:20:16.900000Z</time>
        <extensions>
          <gpxtpx:TrackPointExtension>
            <gpxtpx:hr>169</gpxtpx:hr>
          </gpxtpx:TrackPointExtension>
        </extensions>
      </trkpt>
      <trkpt lat="31.239557031251465" lon="121.60156369542055">
        <ele>5.389864839613438</ele>
        <time>1970-01-01T00:20:17.900000Z</time>
        <extensions>
          <gpxtpx:TrackPointExtension>
            <gpxtpx:hr>169</gpxtpx:hr>
          </gpxtpx:TrackPointExtension>
        </extensions>
      </trkpt>
      <trkpt lat="31.239566482942084" lon="121.60153824670518">
        <ele>5.392502037808299</ele>
        <time>1970-01-01T00:20:18.900000Z</time>
        <extensions>
          <gpxtpx:TrackPointExtension>
            <gpxtpx:hr>170</gpxtpx:hr>
          </gpxtpx:TrackPointExtension>
        </extensions>
      </trkpt>
      <trkpt lat="31.239576300854576" lon="121.60151330146303">
        <ele>5.38886187132448</ele>
        <time>1970-01-01T00:20:19.900000Z</time>
        <extensions>
          <gpxtpx:TrackPointExtension>
            <gpxtpx:hr>170</gpxtpx:hr>
          </gpxtpx:TrackPointExtension>
        </extensions>
      </trkpt>
      <trkpt lat="31.23958650795399" lon="121.60148864967842">
        <ele>5.379257332533598</ele>
        <time>1970-01-01T00:20:20.900000Z</time>
        <extensions>
          <gpxtpx:TrackPointExtension>
            <gpxtpx:hr>170</gpxtpx:hr>
          </gpxtpx:TrackPointExtension>
        </extensions>
      </trkpt>
      <trkpt lat="31.239597277537783" lon="121.60146417840899">
        <ele>5.364688475616276</ele>
        <time>1970-01-01T00:20:21.900000Z</time>
        <extensions>
          <gpxtpx:TrackPointExtension>
            <gpxtpx:hr>170</gpxtpx:hr>
          </gpxtpx:TrackPointExtension>
        </extensions>
      </trkpt>
      <trkpt lat="31.239609269906207" lon="121.6014400720809">
        <ele>5.346387917175889</ele>
        <time>1970-01-01T00:20:22.900000Z</time>
        <extensions>
          <gpxtpx:TrackPointExtension>
            <gpxtpx:hr>170</gpxtpx:hr>
          </gpxtpx:TrackPointExtension>
        </extensions>
      </trkpt>
      <trkpt lat="31.239622797187437" lon="121.60141660640551">
        <ele>5.3254359336569905</ele>
        <time>1970-01-01T00:20:23.900000Z</time>
        <extensions>
          <gpxtpx:TrackPointExtension>
            <gpxtpx:hr>170</gpxtpx:hr>
          </gpxtpx:TrackPointExtension>
        </extensions>
      </trkpt>
      <trkpt lat="31.239637590361262" lon="121.6013940594559">
        <ele>5.302747879177332</ele>
        <time>1970-01-01T00:20:24.900000Z</time>
        <extensions>
          <gpxtpx:TrackPointExtension>
            <gpxtpx:hr>170</gpxtpx:hr>
          </gpxtpx:TrackPointExtension>
        </extensions>
      </trkpt>
      <trkpt lat="31.239653533775954" lon="121.60137280987057">
        <ele>5.2788990484550595</ele>
        <time>1970-01-01T00:20:25.900000Z</time>
        <extensions>
          <gpxtpx:TrackPointExtension>
            <gpxtpx:hr>170</gpxtpx:hr>
          </gpxtpx:TrackPointExtension>
        </extensions>
      </trkpt>
      <trkpt lat="31.239670648465147" lon="121.60135302730471">
        <ele>5.254053491167724</ele>
        <time>1970-01-01T00:20:26.900000Z</time>
        <extensions>
          <gpxtpx:TrackPointExtension>
            <gpxtpx:hr>170</gpxtpx:hr>
          </gpxtpx:TrackPointExtension>
        </extensions>
      </trkpt>
      <trkpt lat="31.23968884986196" lon="121.60133477596693">
        <ele>5.228262995369732</ele>
        <time>1970-01-01T00:20:27.900000Z</time>
        <extensions>
          <gpxtpx:TrackPointExtension>
            <gpxtpx:hr>170</gpxtpx:hr>
          </gpxtpx:TrackPointExtension>
        </extensions>
      </trkpt>
      <trkpt lat="31.239708178765113" lon="121.60131846573894">
        <ele>5.201977522112429</ele>
        <time>1970-01-01T00:20:28.900000Z</time>
        <extensions>
          <gpxtpx:TrackPointExtension>
            <gpxtpx:hr>170</gpxtpx:hr>
          </gpxtpx:TrackPointExtension>
        </extensions>
      </trkpt>
      <trkpt lat="31.23972875985148" lon="121.60130440326284">
        <ele>5.176091043278575</ele>
        <time>1970-01-01T00:20:29.900000Z</time>
        <extensions>
          <gpxtpx:TrackPointExtension>
            <gpxtpx:hr>170</gpxtpx:hr>
          </gpxtpx:TrackPointExtension>
        </extensions>
      </trkpt>
      <trkpt lat="31.239750413880714" lon="121.60129243456214">
        <ele>5.15130939334631</ele>
        <time>1970-01-01T00:20:30.900000Z</time>
        <extensions>
          <gpxtpx:TrackPointExtension>
            <gpxtpx:hr>170</gpxtpx:hr>
          </gpxtpx:TrackPointExtension>
        </extensions>
      </trkpt>
      <trkpt lat="31.23977281126146" lon="121.60128238185337">
        <ele>5.128095329739153</ele>
        <time>1970-01-01T00:20:31.900000Z</time>
        <extensions>
          <gpxtpx:TrackPointExtension>
            <gpxtpx:hr>170</gpxtpx:hr>
          </gpxtpx:TrackPointExtension>
        </extensions>
      </trkpt>
      <trkpt lat="31.239795782592072" lon="121.60127403356748">
        <ele>5.106930322945118</ele>
        <time>1970-01-01T00:20:32.900000Z</time>
        <extensions>
          <gpxtpx:TrackPointExtension>
            <gpxtpx:hr>170</gpxtpx:hr>
          </gpxtpx:TrackPointExtension>
        </extensions>
      </trkpt>
      <trkpt lat="31.23981922834607" lon="121.6012668710925">
        <ele>5.088269236497581</ele>
        <time>1970-01-01T00:20:33.900000Z</time>
        <extensions>
          <gpxtpx:TrackPointExtension>
            <gpxtpx:hr>170</gpxtpx:hr>
          </gpxtpx:TrackPointExtension>
        </extensions>
      </trkpt>
      <trkpt lat="31.23984301756821" lon="121.6012608469015">
        <ele>5.072800762951374</ele>
        <time>1970-01-01T00:20:34.900000Z</time>
        <extensions>
          <gpxtpx:TrackPointExtension>
            <gpxtpx:hr>171</gpxtpx:hr>
          </gpxtpx:TrackPointExtension>
        </extensions>
      </trkpt>
      <trkpt lat="31.239867153485854" lon="121.60125641915698">
        <ele>5.061421604827046</ele>
        <time>1970-01-01T00:20:35.900000Z</time>
        <extensions>
          <gpxtpx:TrackPointExtension>
            <gpxtpx:hr>171</gpxtpx:hr>
          </gpxtpx:TrackPointExtension>
        </extensions>
      </trkpt>
      <trkpt lat="31.23989172050833" lon="121.60125380587287">
        <ele>5.054632521234453</ele>
        <time>1970-01-01T00:20:36.900000Z</time>
        <extensions>
          <gpxtpx:TrackPointExtension>
            <gpxtpx:hr>171</gpxtpx:hr>
          </gpxtpx:TrackPointExtension>
        </extensions>
      </trkpt>
      <trkpt lat="31.239916665968583" lon="121.60125303278926">
        <ele>5.052283038385212</ele>
        <time>1970-01-01T00:20:37.900000Z</time>
        <extensions>
          <gpxtpx:TrackPointExtension>
            <gpxtpx:hr>171</gpxtpx:hr>
          </gpxtpx:TrackPointExtension>
        </extensions>
      </trkpt>
      <trkpt lat="31.239941903584818" lon="121.60125433143098">
        <ele>5.053464632481337</ele>
        <time>1970-01-01T00:20:38.900000Z</time>
        <extensions>
          <gpxtpx:TrackPointExtension>
            <gpxtpx:hr>171</gpxtpx:hr>
          </gpxtpx:TrackPointExtension>
        </extensions>
      </trkpt>
      <trkpt lat="31.23996729806461" lon="121.60125763489187">
        <ele>5.056644451804459</ele>
        <time>1970-01-01T00:20:39.900000Z</time>
        <extensions>
          <gpxtpx:TrackPointExtension>
            <gpxtpx:hr>171</gpxtpx:hr>
          </gpxtpx:TrackPointExtension>
        </extensions>
      </trkpt>
      <trkpt lat="31.239992436310953" lon="121.60126246777192">
        <ele>5.060347467660904</ele>
        <time>1970-01-01T00:20:40.900000Z</time>
        <extensions>
          <gpxtpx:TrackPointExtension>
            <gpxtpx:hr>171</gpxtpx:hr>
          </gpxtpx:TrackPointExtension>
        </extensions>
      </trkpt>
      <trkpt lat="31.240016800676813" lon="121.60126877086704">
        <ele>5.06321092043072</ele>
        <time>1970-01-01T00:20:41.900000Z</time>
        <extensions>
          <gpxtpx:TrackPointExtension>
            <gpxtpx:hr>171</gpxtpx:hr>
          </gpxtpx:TrackPointExtension>
        </extensions>
      </trkpt>
      <trkpt lat="31.240040459026584" lon="121.60127652711412">
        <ele>5.063648851588368</ele>
        <time>1970-01-01T00:20:42.900000Z</time>
        <extensions>
          <gpxtpx:TrackPointExtension>
            <gpxtpx:hr>171</gpxtpx:hr>
          </gpxtpx:TrackPointExtension>
        </extensions>
      </trkpt>
      <trkpt lat="31.24006366079596" lon="121.6012855219515">
        <ele>5.060252383351326</ele>
        <time>1970-01-01T00:20:43.900000Z</time>
        <extensions>
          <gpxtpx:TrackPointExtension>
            <gpxtpx:hr>171</gpxtpx:hr>
          </gpxtpx:TrackPointExtension>
        </extensions>
      </trkpt>
      <trkpt lat="31.240086372116707" lon="121.60129582116232">
        <ele>5.052205918356776</ele>
        <time>1970-01-01T00:20:44.900000Z</time>
        <extensions>
          <gpxtpx:TrackPointExtension>
            <gpxtpx:hr>171</gpxtpx:hr>
          </gpxtpx:TrackPointExtension>
        </extensions>
      </trkpt>
      <trkpt lat="31.2401087634751" lon="121.60130742733062">
        <ele>5.039437036961317</ele>
        <time>1970-01-01T00:20:45.900000Z</time>
        <extensions>
          <gpxtpx:TrackPointExtension>
            <gpxtpx:hr>171</gpxtpx:hr>
          </gpxtpx:TrackPointExtension>
        </extensions>
      </trkpt>
      <trkpt lat="31.240130901674384" lon="121.60132004993108">
        <ele>5.022377025336027</ele>
        <time>1970-01-01T00:20:46.900000Z</time>
        <extensions>
          <gpxtpx:TrackPointExtension>
            <gpxtpx:hr>171</gpxtpx:hr>
          </gpxtpx:TrackPointExtension>
        </extensions>
      </trkpt>
      <trkpt lat="31.240152450323514" lon="121.60133354022115">
        <ele>5.002068049274385</ele>
        <time>1970-01-01T00:20:47.900000Z</time>
        <extensions>
          <gpxtpx:TrackPointExtension>
            <gpxtpx:hr>171</gpxtpx:hr>
          </gpxtpx:TrackPointExtension>
        </extensions>
      </trkpt>
      <trkpt lat="31.240173097353924" lon="121.60134788524148">
        <ele>4.980929737910628</ele>
        <time>1970-01-01T00:20:48.900000Z</time>
        <extensions>
          <gpxtpx:TrackPointExtension>
            <gpxtpx:hr>171</gpxtpx:hr>
          </gpxtpx:TrackPointExtension>
        </extensions>
      </trkpt>
      <trkpt lat="31.240192938225317" lon="121.60136303820651">
        <ele>4.96260760165751</ele>
        <time>1970-01-01T00:20:49.900000Z</time>
        <extensions>
          <gpxtpx:TrackPointExtension>
            <gpxtpx:hr>171</gpxtpx:hr>
          </gpxtpx:TrackPointExtension>
        </extensions>
      </trkpt>
      <trkpt lat="31.24021221403004" lon="121.60137913717035">
        <ele>4.950822986662388</ele>
        <time>1970-01-01T00:20:51Z</time>
        <extensions>
          <gpxtpx:TrackPointExtension>
            <gpxtpx:hr>171</gpxtpx:hr>
          </gpxtpx:TrackPointExtension>
        </extensions>
      </trkpt>
      <trkpt lat="31.240230967958194" lon="121.60139649213859">
        <ele>4.9479899276047945</ele>
        <time>1970-01-01T00:20:52Z</time>
        <extensions>
          <gpxtpx:TrackPointExtension>
            <gpxtpx:hr>171</gpxtpx:hr>
          </gpxtpx:TrackPointExtension>
        </extensions>
      </trkpt>
      <trkpt lat="31.240249135222758" lon="121.60141485693119">
        <ele>4.955059967003763</ele>
        <time>1970-01-01T00:20:53Z</time>
        <extensions>
          <gpxtpx:TrackPointExtension>
            <gpxtpx:hr>171</gpxtpx:hr>
          </gpxtpx:TrackPointExtension>
        </extensions>
      </trkpt>
      <trkpt lat="31.240266553282062" lon="121.60143395839819">
        <ele>4.972167618572712</ele>
        <time>1970-01-01T00:20:54Z</time>
        <extensions>
          <gpxtpx:TrackPointExtension>
            <gpxtpx:hr>171</gpxtpx:hr>
          </gpxtpx:TrackPointExtension>
        </extensions>
      </trkpt>
      <trkpt lat="31.24028313041872" lon="121.60145406868656">
        <ele>4.999228894710541</ele>
        <time>1970-01-01T00:20:55Z</time>
        <extensions>
          <gpxtpx:TrackPointExtension>
            <gpxtpx:hr>170</gpxtpx:hr>
          </gpxtpx:TrackPointExtension>
        </extensions>
      </trkpt>
      <trkpt lat="31.240299002466543" lon="121.60147516509716">
        <ele>5.036322670057416</ele>
        <time>1970-01-01T00:20:56Z</time>
        <extensions>
          <gpxtpx:TrackPointExtension>
            <gpxtpx:hr>170</gpxtpx:hr>
          </gpxtpx:TrackPointExtension>
        </extensions>
      </trkpt>
      <trkpt lat="31.24031419525103" lon="121.60149696675974">
        <ele>5.083628288470209</ele>
        <time>1970-01-01T00:20:57Z</time>
        <extensions>
          <gpxtpx:TrackPointExtension>
            <gpxtpx:hr>170</gpxtpx:hr>
          </gpxtpx:TrackPointExtension>
        </extensions>
      </trkpt>
      <trkpt lat="31.240328764620727" lon="121.6015195305959">
        <ele>5.1408768352121115</ele>
        <time>1970-01-01T00:20:58Z</time>
        <extensions>
          <gpxtpx:TrackPointExtension>
            <gpxtpx:hr>170</gpxtpx:hr>
          </gpxtpx:TrackPointExtension>
        </extensions>
      </trkpt>
      <trkpt lat="31.240343201089413" lon="121.60154347941257">
        <ele>5.208017325028777</ele>
        <time>1970-01-01T00:20:59Z</time>
        <extensions>
          <gpxtpx:TrackPointExtension>
            <gpxtpx:hr>170</gpxtpx:hr>
          </gpxtpx:TrackPointExtension>
        </extensions>
      </trkpt>
      <trkpt lat="31.240356601378245" lon="121.60156753184356">
        <ele>5.278447346761823</ele>
        <time>1970-01-01T00:21:00Z</time>
        <extensions>
          <gpxtpx:TrackPointExtension>
            <gpxtpx:hr>170</gpxtpx:hr>
          </gpxtpx:TrackPointExtension>
        </extensions>
      </trkpt>
      <trkpt lat="31.240368794750136" lon="121.60159229700518">
        <ele>5.350052626803517</ele>
        <time>1970-01-01T00:21:01Z</time>
        <extensions>
          <gpxtpx:TrackPointExtension>
            <gpxtpx:hr>170</gpxtpx:hr>
          </gpxtpx:TrackPointExtension>
        </extensions>
      </trkpt>
      <trkpt lat="31.24037975967296" lon="121.60161780383748">
        <ele>5.4210403887555</ele>
        <time>1970-01-01T00:21:02Z</time>
        <extensions>
          <gpxtpx:TrackPointExtension>
            <gpxtpx:hr>170</gpxtpx:hr>
          </gpxtpx:TrackPointExtension>
        </extensions>
      </trkpt>
      <trkpt lat="31.24038958083203" lon="121.6016437821161">
        <ele>5.49054142832756</ele>
        <time>1970-01-01T00:21:03Z</time>
        <extensions>
          <gpxtpx:TrackPointExtension>
            <gpxtpx:hr>170</gpxtpx:hr>
          </gpxtpx:TrackPointExtension>
        </extensions>
      </trkpt>
      <trkpt lat="31.240398244555628" lon="121.6016702661271">
        <ele>5.558256534859538</ele>
        <time>1970-01-01T00:21:04Z</time>
        <extensions>
          <gpxtpx:TrackPointExtension>
            <gpxtpx:hr>170</gpxtpx:hr>
          </gpxtpx:TrackPointExtension>
        </extensions>
      </trkpt>
      <trkpt lat="31.240405974320904" lon="121.60169729855335">
        <ele>5.624537564814091</ele>
        <time>1970-01-01T00:21:05Z</time>
        <extensions>
          <gpxtpx:TrackPointExtension>
            <gpxtpx:hr>170</gpxtpx:hr>
          </gpxtpx:TrackPointExtension>
        </extensions>
      </trkpt>
      <trkpt lat="31.240412927367686" lon="121.60172460382348">
        <ele>5.690054923295975</ele>
        <time>1970-01-01T00:21:06Z</time>
        <extensions>
          <gpxtpx:TrackPointExtension>
            <gpxtpx:hr>170</gpxtpx:hr>
          </gpxtpx:TrackPointExtension>
        </extensions>
      </trkpt>
      <trkpt lat="31.240418949022633" lon="121.60175210338008">
        <ele>5.7551680924370885</ele>
        <time>1970-01-01T00:21:07Z</time>
        <extensions>
          <gpxtpx:TrackPointExtension>
            <gpxtpx:hr>170</gpxtpx:hr>
          </gpxtpx:TrackPointExtension>
        </extensions>
      </trkpt>
      <trkpt lat="31.24042415677514" lon="121.60177999859486">
        <ele>5.819216736592352</ele>
        <time>1970-01-01T00:21:08Z</time>
        <extensions>
          <gpxtpx:TrackPointExtension>
            <gpxtpx:hr>170</gpxtpx:hr>
          </gpxtpx:TrackPointExtension>
        </extensions>
      </trkpt>
      <trkpt lat="31.240428934052858" lon="121.60180819703692">
        <ele>5.880978595465422</ele>
        <time>1970-01-01T00:21:09Z</time>
        <extensions>
          <gpxtpx:TrackPointExtension>
            <gpxtpx:hr>170</gpxtpx:hr>
          </gpxtpx:TrackPointExtension>
        </extensions>
      </trkpt>
      <trkpt lat="31.240433262783817" lon="121.6018364418671">
        <ele>5.939642223529518</ele>
        <time>1970-01-01T00:21:10Z</time>
        <extensions>
          <gpxtpx:TrackPointExtension>
            <gpxtpx:hr>170</gpxtpx:hr>
          </gpxtpx:TrackPointExtension>
        </extensions>
      </trkpt>
      <trkpt lat="31.240437361600936" lon="121.60186455820208">
        <ele>5.994821866974235</ele>
        <time>1970-01-01T00:21:11Z</time>
        <extensions>
          <gpxtpx:TrackPointExtension>
            <gpxtpx:hr>170</gpxtpx:hr>
          </gpxtpx:TrackPointExtension>
        </extensions>
      </trkpt>
      <trkpt lat="31.240441377483567" lon="121.60189254643373">
        <ele>6.046173923648894</ele>
        <time>1970-01-01T00:21:12Z</time>
        <extensions>
          <gpxtpx:TrackPointExtension>
            <gpxtpx:hr>170</gpxtpx:hr>
          </gpxtpx:TrackPointExtension>
        </extensions>
      </trkpt>
      <trkpt lat="31.24044494190336" lon="121.60192047452927">
        <ele>6.09301866684109</ele>
        <time>1970-01-01T00:21:13Z</time>
        <extensions>
          <gpxtpx:TrackPointExtension>
            <gpxtpx:hr>170</gpxtpx:hr>
          </gpxtpx:TrackPointExtension>
        </extensions>
      </trkpt>
      <trkpt lat="31.24044814967792" lon="121.60194846584673">
        <ele>6.134531998075545</ele>
        <time>1970-01-01T00:21:14Z</time>
        <extensions>
          <gpxtpx:TrackPointExtension>
            <gpxtpx:hr>170</gpxtpx:hr>
          </gpxtpx:TrackPointExtension>
        </extensions>
      </trkpt>
      <trkpt lat="31.24045140650869" lon="121.6019765845987">
        <ele>6.1705885184928775</ele>
        <time>1970-01-01T00:21:15Z</time>
        <extensions>
          <gpxtpx:TrackPointExtension>
            <gpxtpx:hr>170</gpxtpx:hr>
          </gpxtpx:TrackPointExtension>
        </extensions>
      </trkpt>
      <trkpt lat="31.240454690207656" lon="121.60200455753446">
        <ele>6.202058398164809</ele>
        <time>1970-01-01T00:21:16Z</time>
        <extensions>
          <gpxtpx:TrackPointExtension>
            <gpxtpx:hr>170</gpxtpx:hr>
          </gpxtpx:TrackPointExtension>
        </extensions>
      </trkpt>
      <trkpt lat="31.24045790288817" lon="121.60203219003625">
        <ele>6.230540034361184</ele>
        <time>1970-01-01T00:21:17Z</time>
        <extensions>
          <gpxtpx:TrackPointExtension>
            <gpxtpx:hr>170</gpxtpx:hr>
          </gpxtpx:TrackPointExtension>
        </extensions>
      </trkpt>
      <trkpt lat="31.2404611126612" lon="121.60205954514899">
        <ele>6.257665072567761</ele>
        <time>1970-01-01T00:21:18Z</time>
        <extensions>
          <gpxtpx:TrackPointExtension>
            <gpxtpx:hr>170</gpxtpx:hr>
          </gpxtpx:TrackPointExtension>
        </extensions>
      </trkpt>
      <trkpt lat="31.240464231859665" lon="121.60208688173768">
        <ele>6.283848154358566</ele>
        <time>1970-01-01T00:21:19Z</time>
        <extensions>
          <gpxtpx:TrackPointExtension>
            <gpxtpx:hr>170</gpxtpx:hr>
          </gpxtpx:TrackPointExtension>
        </extensions>
      </trkpt>
      <trkpt lat="31.240467328248453" lon="121.60211459082942">
        <ele>6.3083735704422</ele>
        <time>1970-01-01T00:21:20Z</time>
        <extensions>
          <gpxtpx:TrackPointExtension>
            <gpxtpx:hr>170</gpxtpx:hr>
          </gpxtpx:TrackPointExtension>
        </extensions>
      </trkpt>
      <trkpt lat="31.240470631399866" lon="121.60214265387287">
        <ele>6.330473461188376</ele>
        <time>1970-01-01T00:21:21Z</time>
        <extensions>
          <gpxtpx:TrackPointExtension>
            <gpxtpx:hr>170</gpxtpx:hr>
          </gpxtpx:TrackPointExtension>
        </extensions>
      </trkpt>
      <trkpt lat="31.240474135989423" lon="121.6021704805536">
        <ele>6.349967272020876</ele>
        <time>1970-01-01T00:21:22Z</time>
        <extensions>
          <gpxtpx:TrackPointExtension>
            <gpxtpx:hr>170</gpxtpx:hr>
          </gpxtpx:TrackPointExtension>
        </extensions>
      </trkpt>
      <trkpt lat="31.24047797698262" lon="121.60219759666408">
        <ele>6.367513973265886</ele>
        <time>1970-01-01T00:21:23Z</time>
        <extensions>
          <gpxtpx:TrackPointExtension>
            <gpxtpx:hr>170</gpxtpx:hr>
          </gpxtpx:TrackPointExtension>
        </extensions>
      </trkpt>
      <trkpt lat="31.240482558430507" lon="121.60222430395078">
        <ele>6.383683844469488</ele>
        <time>1970-01-01T00:21:24Z</time>
        <extensions>
          <gpxtpx:TrackPointExtension>
            <gpxtpx:hr>169</gpxtpx:hr>
          </gpxtpx:TrackPointExtension>
        </extensions>
      </trkpt>
      <trkpt lat="31.24048774595205" lon="121.60225100232248">
        <ele>6.398382408544421</ele>
        <time>1970-01-01T00:21:25Z</time>
        <extensions>
          <gpxtpx:TrackPointExtension>
            <gpxtpx:hr>169</gpxtpx:hr>
          </gpxtpx:TrackPointExtension>
        </extensions>
      </trkpt>
      <trkpt lat="31.240493084457366" lon="121.60227795704984">
        <ele>6.411475732922554</ele>
        <time>1970-01-01T00:21:26.100000Z</time>
        <extensions>
          <gpxtpx:TrackPointExtension>
            <gpxtpx:hr>169</gpxtpx:hr>
          </gpxtpx:TrackPointExtension>
        </extensions>
      </trkpt>
      <trkpt lat="31.240498631863105" lon="121.6023053561989">
        <ele>6.423029740341008</ele>
        <time>1970-01-01T00:21:27.100000Z</time>
        <extensions>
          <gpxtpx:TrackPointExtension>
            <gpxtpx:hr>169</gpxtpx:hr>
          </gpxtpx:TrackPointExtension>
        </extensions>
      </trkpt>
      <trkpt lat="31.24050437243473" lon="121.60233280319292">
        <ele>6.433153732679784</ele>
        <time>1970-01-01T00:21:28.100000Z</time>
        <extensions>
          <gpxtpx:TrackPointExtension>
            <gpxtpx:hr>169</gpxtpx:hr>
          </gpxtpx:TrackPointExtension>
        </extensions>
      </trkpt>
      <trkpt lat="31.24050997367465" lon="121.60235978768507">
        <ele>6.441789202392101</ele>
        <time>1970-01-01T00:21:29.100000Z</time>
        <extensions>
          <gpxtpx:TrackPointExtension>
            <gpxtpx:hr>169</gpxtpx:hr>
          </gpxtpx:TrackPointExtension>
        </extensions>
      </trkpt>
      <trkpt lat="31.24051536666727" lon="121.60238634011598">
        <ele>6.4488856960088015</ele>
        <time>1970-01-01T00:21:30.100000Z</time>
        <extensions>
          <gpxtpx:TrackPointExtension>
            <gpxtpx:hr>169</gpxtpx:hr>
          </gpxtpx:TrackPointExtension>
        </extensions>
      </trkpt>
      <trkpt lat="31.24052081233945" lon="121.60241262683617">
        <ele>6.454866292886436</ele>
        <time>1970-01-01T00:21:31.100000Z</time>
        <extensions>
          <gpxtpx:TrackPointExtension>
            <gpxtpx:hr>169</gpxtpx:hr>
          </gpxtpx:TrackPointExtension>
        </extensions>
      </trkpt>
      <trkpt lat="31.24052624972736" lon="121.60243872697765">
        <ele>6.4604074619710445</ele>
        <time>1970-01-01T00:21:32.100000Z</time>
        <extensions>
          <gpxtpx:TrackPointExtension>
            <gpxtpx:hr>169</gpxtpx:hr>
          </gpxtpx:TrackPointExtension>
        </extensions>
      </trkpt>
      <trkpt lat="31.240531666871288" lon="121.60246485823744">
        <ele>6.466048902831972</ele>
        <time>1970-01-01T00:21:33.100000Z</time>
        <extensions>
          <gpxtpx:TrackPointExtension>
            <gpxtpx:hr>169</gpxtpx:hr>
          </gpxtpx:TrackPointExtension>
        </extensions>
      </trkpt>
      <trkpt lat="31.240537464627305" lon="121.60249114578522">
        <ele>6.472396904602647</ele>
        <time>1970-01-01T00:21:34.100000Z</time>
        <extensions>
          <gpxtpx:TrackPointExtension>
            <gpxtpx:hr>169</gpxtpx:hr>
          </gpxtpx:TrackPointExtension>
        </extensions>
      </trkpt>
      <trkpt lat="31.24054363170767" lon="121.60251752887628">
        <ele>6.48020476475358</ele>
        <time>1970-01-01T00:21:35.100000Z</time>
        <extensions>
          <gpxtpx:TrackPointExtension>
            <gpxtpx:hr>169</gpxtpx:hr>
          </gpxtpx:TrackPointExtension>
        </extensions>
      </trkpt>
      <trkpt lat="31.240550108610535" lon="121.60254391671965">
        <ele>6.490171096287668</ele>
        <time>1970-01-01T00:21:36.100000Z</time>
        <extensions>
          <gpxtpx:TrackPointExtension>
            <gpxtpx:hr>170</gpxtpx:hr>
          </gpxtpx:TrackPointExtension>
        </extensions>
      </trkpt>
      <trkpt lat="31.24055713578704" lon="121.60257026134637">
        <ele>6.503010533750057</ele>
        <time>1970-01-01T00:21:37.100000Z</time>
        <extensions>
          <gpxtpx:TrackPointExtension>
            <gpxtpx:hr>170</gpxtpx:hr>
          </gpxtpx:TrackPointExtension>
        </extensions>
      </trkpt>
      <trkpt lat="31.240564535683525" lon="121.60259639827433">
        <ele>6.519162924960256</ele>
        <time>1970-01-01T00:21:38.100000Z</time>
        <extensions>
          <gpxtpx:TrackPointExtension>
            <gpxtpx:hr>170</gpxtpx:hr>
          </gpxtpx:TrackPointExtension>
        </extensions>
      </trkpt>
      <trkpt lat="31.240571901792634" lon="121.6026223732343">
        <ele>6.53844484500587</ele>
        <time>1970-01-01T00:21:39.100000Z</time>
        <extensions>
          <gpxtpx:TrackPointExtension>
            <gpxtpx:hr>170</gpxtpx:hr>
          </gpxtpx:TrackPointExtension>
        </extensions>
      </trkpt>
      <trkpt lat="31.240579556423153" lon="121.60264840751411">
        <ele>6.560489377006888</ele>
        <time>1970-01-01T00:21:40.100000Z</time>
        <extensions>
          <gpxtpx:TrackPointExtension>
            <gpxtpx:hr>170</gpxtpx:hr>
          </gpxtpx:TrackPointExtension>
        </extensions>
      </trkpt>
      <trkpt lat="31.24058793812642" lon="121.60267437586846">
        <ele>6.585282513871789</ele>
        <time>1970-01-01T00:21:41.100000Z</time>
        <extensions>
          <gpxtpx:TrackPointExtension>
            <gpxtpx:hr>169</gpxtpx:hr>
          </gpxtpx:TrackPointExtension>
        </extensions>
      </trkpt>
      <trkpt lat="31.2405970080055" lon="121.60270005518417">
        <ele>6.613320730626583</ele>
        <time>1970-01-01T00:21:42.100000Z</time>
        <extensions>
          <gpxtpx:TrackPointExtension>
            <gpxtpx:hr>169</gpxtpx:hr>
          </gpxtpx:TrackPointExtension>
        </extensions>
      </trkpt>
      <trkpt lat="31.240606649866027" lon="121.60272537930632">
        <ele>6.644786022603512</ele>
        <time>1970-01-01T00:21:43.100000Z</time>
        <extensions>
          <gpxtpx:TrackPointExtension>
            <gpxtpx:hr>169</gpxtpx:hr>
          </gpxtpx:TrackPointExtension>
        </extensions>
      </trkpt>
      <trkpt lat="31.24061654694793" lon="121.60275012393916">
        <ele>6.678601260297</ele>
        <time>1970-01-01T00:21:44.100000Z</time>
        <extensions>
          <gpxtpx:TrackPointExtension>
            <gpxtpx:hr>169</gpxtpx:hr>
          </gpxtpx:TrackPointExtension>
        </extensions>
      </trkpt>
      <trkpt lat="31.24062629390234" lon="121.60277413826184">
        <ele>6.712714997120202</ele>
        <time>1970-01-01T00:21:45.100000Z</time>
        <extensions>
          <gpxtpx:TrackPointExtension>
            <gpxtpx:hr>170</gpxtpx:hr>
          </gpxtpx:TrackPointExtension>
        </extensions>
      </trkpt>
      <trkpt lat="31.240634310174627" lon="121.60279405943514">
        <ele>6.740057879127562</ele>
        <time>1970-01-01T00:21:46Z</time>
        <extensions>
          <gpxtpx:TrackPointExtension>
            <gpxtpx:hr>170</gpxtpx:hr>
          </gpxtpx:TrackPointExtension>
        </extensions>
      </trkpt>
      <trkpt lat="31.24064377516792" lon="121.6028176442659">
        <ele>6.768385189585388</ele>
        <time>1970-01-01T00:21:47Z</time>
        <extensions>
          <gpxtpx:TrackPointExtension>
            <gpxtpx:hr>170</gpxtpx:hr>
          </gpxtpx:TrackPointExtension>
        </extensions>
      </trkpt>
      <trkpt lat="31.24065325678766" lon="121.60284160353903">
        <ele>6.790646438486874</ele>
        <time>1970-01-01T00:21:48Z</time>
        <extensions>
          <gpxtpx:TrackPointExtension>
            <gpxtpx:hr>169</gpxtpx:hr>
          </gpxtpx:TrackPointExtension>
        </extensions>
      </trkpt>
      <trkpt lat="31.24066258222074" lon="121.60286616216804">
        <ele>6.806198442354798</ele>
        <time>1970-01-01T00:21:49Z</time>
        <extensions>
          <gpxtpx:TrackPointExtension>
            <gpxtpx:hr>169</gpxtpx:hr>
          </gpxtpx:TrackPointExtension>
        </extensions>
      </trkpt>
      <trkpt lat="31.240671768503354" lon="121.60289113104103">
        <ele>6.815072763711214</ele>
        <time>1970-01-01T00:21:50Z</time>
        <extensions>
          <gpxtpx:TrackPointExtension>
            <gpxtpx:hr>169</gpxtpx:hr>
          </gpxtpx:TrackPointExtension>
        </extensions>
      </trkpt>
      <trkpt lat="31.240680918713235" lon="121.60291613127742">
        <ele>6.817666193470359</ele>
        <time>1970-01-01T00:21:51Z</time>
        <extensions>
          <gpxtpx:TrackPointExtension>
            <gpxtpx:hr>169</gpxtpx:hr>
          </gpxtpx:TrackPointExtension>
        </extensions>
      </trkpt>
      <trkpt lat="31.240690306762446" lon="121.60294114729243">
        <ele>6.814569599926472</ele>
        <time>1970-01-01T00:21:52Z</time>
        <extensions>
          <gpxtpx:TrackPointExtension>
            <gpxtpx:hr>169</gpxtpx:hr>
          </gpxtpx:TrackPointExtension>
        </extensions>
      </trkpt>
      <trkpt lat="31.240700009386348" lon="121.60296641245392">
        <ele>6.806505640037358</ele>
        <time>1970-01-01T00:21:53Z</time>
        <extensions>
          <gpxtpx:TrackPointExtension>
            <gpxtpx:hr>169</gpxtpx:hr>
          </gpxtpx:TrackPointExtension>
        </extensions>
      </trkpt>
      <trkpt lat="31.240709871218023" lon="121.6029918276217">
        <ele>6.794336169958115</ele>
        <time>1970-01-01T00:21:54Z</time>
        <extensions>
          <gpxtpx:TrackPointExtension>
            <gpxtpx:hr>169</gpxtpx:hr>
          </gpxtpx:TrackPointExtension>
        </extensions>
      </trkpt>
      <trkpt lat="31.240719893965824" lon="121.60301706762584">
        <ele>6.779094487428665</ele>
        <time>1970-01-01T00:21:55Z</time>
        <extensions>
          <gpxtpx:TrackPointExtension>
            <gpxtpx:hr>169</gpxtpx:hr>
          </gpxtpx:TrackPointExtension>
        </extensions>
      </trkpt>
      <trkpt lat="31.240730006268834" lon="121.60304184431837">
        <ele>6.761946327984333</ele>
        <time>1970-01-01T00:21:56Z</time>
        <extensions>
          <gpxtpx:TrackPointExtension>
            <gpxtpx:hr>169</gpxtpx:hr>
          </gpxtpx:TrackPointExtension>
        </extensions>
      </trkpt>
      <trkpt lat="31.24073978604564" lon="121.603066273695">
        <ele>6.744062996469438</ele>
        <time>1970-01-01T00:21:57Z</time>
        <extensions>
          <gpxtpx:TrackPointExtension>
            <gpxtpx:hr>169</gpxtpx:hr>
          </gpxtpx:TrackPointExtension>
        </extensions>
      </trkpt>
      <trkpt lat="31.240749210685202" lon="121.60309049966264">
        <ele>6.726484566926956</ele>
        <time>1970-01-01T00:21:58Z</time>
        <extensions>
          <gpxtpx:TrackPointExtension>
            <gpxtpx:hr>169</gpxtpx:hr>
          </gpxtpx:TrackPointExtension>
        </extensions>
      </trkpt>
      <trkpt lat="31.240758896475725" lon="121.6031145673792">
        <ele>6.709987415932119</ele>
        <time>1970-01-01T00:21:59Z</time>
        <extensions>
          <gpxtpx:TrackPointExtension>
            <gpxtpx:hr>169</gpxtpx:hr>
          </gpxtpx:TrackPointExtension>
        </extensions>
      </trkpt>
      <trkpt lat="31.24076900063488" lon="121.60313877606438">
        <ele>6.694965893402696</ele>
        <time>1970-01-01T00:22:00Z</time>
        <extensions>
          <gpxtpx:TrackPointExtension>
            <gpxtpx:hr>169</gpxtpx:hr>
          </gpxtpx:TrackPointExtension>
        </extensions>
      </trkpt>
      <trkpt lat="31.240779577792377" lon="121.60316313489331">
        <ele>6.681401362642646</ele>
        <time>1970-01-01T00:22:01Z</time>
        <extensions>
          <gpxtpx:TrackPointExtension>
            <gpxtpx:hr>168</gpxtpx:hr>
          </gpxtpx:TrackPointExtension>
        </extensions>
      </trkpt>
      <trkpt lat="31.24079064060524" lon="121.60318743240812">
        <ele>6.668929044157267</ele>
        <time>1970-01-01T00:22:02Z</time>
        <extensions>
          <gpxtpx:TrackPointExtension>
            <gpxtpx:hr>168</gpxtpx:hr>
          </gpxtpx:TrackPointExtension>
        </extensions>
      </trkpt>
      <trkpt lat="31.240801771743936" lon="121.60321130718893">
        <ele>6.6569110890850425</ele>
        <time>1970-01-01T00:22:03Z</time>
        <extensions>
          <gpxtpx:TrackPointExtension>
            <gpxtpx:hr>168</gpxtpx:hr>
          </gpxtpx:TrackPointExtension>
        </extensions>
      </trkpt>
      <trkpt lat="31.240813026511802" lon="121.60323436268041">
        <ele>6.644475877285004</ele>
        <time>1970-01-01T00:22:04Z</time>
        <extensions>
          <gpxtpx:TrackPointExtension>
            <gpxtpx:hr>168</gpxtpx:hr>
          </gpxtpx:TrackPointExtension>
        </extensions>
      </trkpt>
      <trkpt lat="31.240824539880506" lon="121.60325687529442">
        <ele>6.630546970292926</ele>
        <time>1970-01-01T00:22:05Z</time>
        <extensions>
          <gpxtpx:TrackPointExtension>
            <gpxtpx:hr>168</gpxtpx:hr>
          </gpxtpx:TrackPointExtension>
        </extensions>
      </trkpt>
      <trkpt lat="31.240835433566318" lon="121.60327966347833">
        <ele>6.613914525136352</ele>
        <time>1970-01-01T00:22:06Z</time>
        <extensions>
          <gpxtpx:TrackPointExtension>
            <gpxtpx:hr>168</gpxtpx:hr>
          </gpxtpx:TrackPointExtension>
        </extensions>
      </trkpt>
      <trkpt lat="31.240845363647146" lon="121.60330298638843">
        <ele>6.593393758870661</ele>
        <time>1970-01-01T00:22:07Z</time>
        <extensions>
          <gpxtpx:TrackPointExtension>
            <gpxtpx:hr>168</gpxtpx:hr>
          </gpxtpx:TrackPointExtension>
        </extensions>
      </trkpt>
      <trkpt lat="31.240855106132535" lon="121.6033268240044">
        <ele>6.568032477982342</ele>
        <time>1970-01-01T00:22:08Z</time>
        <extensions>
          <gpxtpx:TrackPointExtension>
            <gpxtpx:hr>167</gpxtpx:hr>
          </gpxtpx:TrackPointExtension>
        </extensions>
      </trkpt>
      <trkpt lat="31.24086505680975" lon="121.60335130979448">
        <ele>6.537322385236621</ele>
        <time>1970-01-01T00:22:09Z</time>
        <extensions>
          <gpxtpx:TrackPointExtension>
            <gpxtpx:hr>167</gpxtpx:hr>
          </gpxtpx:TrackPointExtension>
        </extensions>
      </trkpt>
      <trkpt lat="31.24087520129065" lon="121.60337636425561">
        <ele>6.5014385944232345</ele>
        <time>1970-01-01T00:22:10Z</time>
        <extensions>
          <gpxtpx:TrackPointExtension>
            <gpxtpx:hr>167</gpxtpx:hr>
          </gpxtpx:TrackPointExtension>
        </extensions>
      </trkpt>
      <trkpt lat="31.240885383740405" lon="121.60340203090007">
        <ele>6.461324254982173</ele>
        <time>1970-01-01T00:22:11Z</time>
        <extensions>
          <gpxtpx:TrackPointExtension>
            <gpxtpx:hr>167</gpxtpx:hr>
          </gpxtpx:TrackPointExtension>
        </extensions>
      </trkpt>
      <trkpt lat="31.24089526188006" lon="121.60342812513751">
        <ele>6.418449121527374</ele>
        <time>1970-01-01T00:22:12Z</time>
        <extensions>
          <gpxtpx:TrackPointExtension>
            <gpxtpx:hr>167</gpxtpx:hr>
          </gpxtpx:TrackPointExtension>
        </extensions>
      </trkpt>
      <trkpt lat="31.240904818486754" lon="121.60345439224832">
        <ele>6.374466409906745</ele>
        <time>1970-01-01T00:22:13Z</time>
        <extensions>
          <gpxtpx:TrackPointExtension>
            <gpxtpx:hr>167</gpxtpx:hr>
          </gpxtpx:TrackPointExtension>
        </extensions>
      </trkpt>
      <trkpt lat="31.240914448966098" lon="121.60348093245756">
        <ele>6.330923178233206</ele>
        <time>1970-01-01T00:22:14Z</time>
        <extensions>
          <gpxtpx:TrackPointExtension>
            <gpxtpx:hr>168</gpxtpx:hr>
          </gpxtpx:TrackPointExtension>
        </extensions>
      </trkpt>
      <trkpt lat="31.24092426655196" lon="121.6035079017032">
        <ele>6.288976026698947</ele>
        <time>1970-01-01T00:22:15Z</time>
        <extensions>
          <gpxtpx:TrackPointExtension>
            <gpxtpx:hr>168</gpxtpx:hr>
          </gpxtpx:TrackPointExtension>
        </extensions>
      </trkpt>
      <trkpt lat="31.240934025008958" lon="121.60353540976381">
        <ele>6.249200452119112</ele>
        <time>1970-01-01T00:22:16Z</time>
        <extensions>
          <gpxtpx:TrackPointExtension>
            <gpxtpx:hr>168</gpxtpx:hr>
          </gpxtpx:TrackPointExtension>
        </extensions>
      </trkpt>
      <trkpt lat="31.240943621936005" lon="121.60356325989127">
        <ele>6.211597077548504</ele>
        <time>1970-01-01T00:22:17Z</time>
        <extensions>
          <gpxtpx:TrackPointExtension>
            <gpxtpx:hr>168</gpxtpx:hr>
          </gpxtpx:TrackPointExtension>
        </extensions>
      </trkpt>
      <trkpt lat="31.24095274271533" lon="121.6035913531594">
        <ele>6.175685293972492</ele>
        <time>1970-01-01T00:22:18Z</time>
        <extensions>
          <gpxtpx:TrackPointExtension>
            <gpxtpx:hr>168</gpxtpx:hr>
          </gpxtpx:TrackPointExtension>
        </extensions>
      </trkpt>
      <trkpt lat="31.24096075939607" lon="121.60361977659956">
        <ele>6.140632698312402</ele>
        <time>1970-01-01T00:22:19Z</time>
        <extensions>
          <gpxtpx:TrackPointExtension>
            <gpxtpx:hr>168</gpxtpx:hr>
          </gpxtpx:TrackPointExtension>
        </extensions>
      </trkpt>
      <trkpt lat="31.240967590240732" lon="121.60364858105771">
        <ele>6.105453576892614</ele>
        <time>1970-01-01T00:22:20Z</time>
        <extensions>
          <gpxtpx:TrackPointExtension>
            <gpxtpx:hr>168</gpxtpx:hr>
          </gpxtpx:TrackPointExtension>
        </extensions>
      </trkpt>
      <trkpt lat="31.24097367309398" lon="121.60367780162622">
        <ele>6.069197143428028</ele>
        <time>1970-01-01T00:22:21Z</time>
        <extensions>
          <gpxtpx:TrackPointExtension>
            <gpxtpx:hr>168</gpxtpx:hr>
          </gpxtpx:TrackPointExtension>
        </extensions>
      </trkpt>
      <trkpt lat="31.240979244170706" lon="121.60370720397908">
        <ele>6.031080109067261</ele>
        <time>1970-01-01T00:22:22Z</time>
        <extensions>
          <gpxtpx:TrackPointExtension>
            <gpxtpx:hr>168</gpxtpx:hr>
          </gpxtpx:TrackPointExtension>
        </extensions>
      </trkpt>
      <trkpt lat="31.240984300198626" lon="121.6037365718045">
        <ele>5.990594391711056</ele>
        <time>1970-01-01T00:22:23Z</time>
        <extensions>
          <gpxtpx:TrackPointExtension>
            <gpxtpx:hr>168</gpxtpx:hr>
          </gpxtpx:TrackPointExtension>
        </extensions>
      </trkpt>
      <trkpt lat="31.240988457805965" lon="121.60376584530538">
        <ele>5.947574774734676</ele>
        <time>1970-01-01T00:22:24Z</time>
        <extensions>
          <gpxtpx:TrackPointExtension>
            <gpxtpx:hr>168</gpxtpx:hr>
          </gpxtpx:TrackPointExtension>
        </extensions>
      </trkpt>
      <trkpt lat="31.24099134040839" lon="121.6037949337103">
        <ele>5.902220766991377</ele>
        <time>1970-01-01T00:22:25Z</time>
        <extensions>
          <gpxtpx:TrackPointExtension>
            <gpxtpx:hr>167</gpxtpx:hr>
          </gpxtpx:TrackPointExtension>
        </extensions>
      </trkpt>
      <trkpt lat="31.240993018160495" lon="121.60382385695863">
        <ele>5.855099583044648</ele>
        <time>1970-01-01T00:22:26Z</time>
        <extensions>
          <gpxtpx:TrackPointExtension>
            <gpxtpx:hr>167</gpxtpx:hr>
          </gpxtpx:TrackPointExtension>
        </extensions>
      </trkpt>
      <trkpt lat="31.240993274336375" lon="121.60385279984595">
        <ele>5.807117093354464</ele>
        <time>1970-01-01T00:22:27Z</time>
        <extensions>
          <gpxtpx:TrackPointExtension>
            <gpxtpx:hr>167</gpxtpx:hr>
          </gpxtpx:TrackPointExtension>
        </extensions>
      </trkpt>
      <trkpt lat="31.240990952270124" lon="121.603889979956">
        <ele>5.747524625621736</ele>
        <time>1970-01-01T00:22:28.200000Z</time>
        <extensions>
          <gpxtpx:TrackPointExtension>
            <gpxtpx:hr>167</gpxtpx:hr>
          </gpxtpx:TrackPointExtension>
        </extensions>
      </trkpt>
      <trkpt lat="31.24098716529398" lon="121.60391959717197">
        <ele>5.703962647356093</ele>
        <time>1970-01-01T00:22:29.200000Z</time>
        <extensions>
          <gpxtpx:TrackPointExtension>
            <gpxtpx:hr>168</gpxtpx:hr>
          </gpxtpx:TrackPointExtension>
        </extensions>
      </trkpt>
      <trkpt lat="31.240981836946798" lon="121.60394940845418">
        <ele>5.664281588047743</ele>
        <time>1970-01-01T00:22:30.200000Z</time>
        <extensions>
          <gpxtpx:TrackPointExtension>
            <gpxtpx:hr>168</gpxtpx:hr>
          </gpxtpx:TrackPointExtension>
        </extensions>
      </trkpt>
      <trkpt lat="31.240974975304166" lon="121.60397882441704">
        <ele>5.628434809856117</ele>
        <time>1970-01-01T00:22:31.200000Z</time>
        <extensions>
          <gpxtpx:TrackPointExtension>
            <gpxtpx:hr>168</gpxtpx:hr>
          </gpxtpx:TrackPointExtension>
        </extensions>
      </trkpt>
      <trkpt lat="31.240966825618614" lon="121.60400765351335">
        <ele>5.595999644137919</ele>
        <time>1970-01-01T00:22:32.200000Z</time>
        <extensions>
          <gpxtpx:TrackPointExtension>
            <gpxtpx:hr>168</gpxtpx:hr>
          </gpxtpx:TrackPointExtension>
        </extensions>
      </trkpt>
      <trkpt lat="31.240957367964395" lon="121.60403562881737">
        <ele>5.566470020450652</ele>
        <time>1970-01-01T00:22:33.200000Z</time>
        <extensions>
          <gpxtpx:TrackPointExtension>
            <gpxtpx:hr>166</gpxtpx:hr>
          </gpxtpx:TrackPointExtension>
        </extensions>
      </trkpt>
      <trkpt lat="31.24094660561356" lon="121.60406257735232">
        <ele>5.5395290441811085</ele>
        <time>1970-01-01T00:22:34.200000Z</time>
        <extensions>
          <gpxtpx:TrackPointExtension>
            <gpxtpx:hr>166</gpxtpx:hr>
          </gpxtpx:TrackPointExtension>
        </extensions>
      </trkpt>
      <trkpt lat="31.240934819006032" lon="121.60408861877971">
        <ele>5.514878375455737</ele>
        <time>1970-01-01T00:22:35.200000Z</time>
        <extensions>
          <gpxtpx:TrackPointExtension>
            <gpxtpx:hr>166</gpxtpx:hr>
          </gpxtpx:TrackPointExtension>
        </extensions>
      </trkpt>
      <trkpt lat="31.24092191374994" lon="121.60411371614444">
        <ele>5.491936000064015</ele>
        <time>1970-01-01T00:22:36.200000Z</time>
        <extensions>
          <gpxtpx:TrackPointExtension>
            <gpxtpx:hr>166</gpxtpx:hr>
          </gpxtpx:TrackPointExtension>
        </extensions>
      </trkpt>
      <trkpt lat="31.240907743904614" lon="121.60413772944192">
        <ele>5.469871201552451</ele>
        <time>1970-01-01T00:22:37.300000Z</time>
        <extensions>
          <gpxtpx:TrackPointExtension>
            <gpxtpx:hr>166</gpxtpx:hr>
          </gpxtpx:TrackPointExtension>
        </extensions>
      </trkpt>
      <trkpt lat="31.240892421199103" lon="121.60416080619846">
        <ele>5.447387581691146</ele>
        <time>1970-01-01T00:22:38.300000Z</time>
        <extensions>
          <gpxtpx:TrackPointExtension>
            <gpxtpx:hr>167</gpxtpx:hr>
          </gpxtpx:TrackPointExtension>
        </extensions>
      </trkpt>
      <trkpt lat="31.240876198838766" lon="121.60418289127776">
        <ele>5.422889985144138</ele>
        <time>1970-01-01T00:22:39.300000Z</time>
        <extensions>
          <gpxtpx:TrackPointExtension>
            <gpxtpx:hr>167</gpxtpx:hr>
          </gpxtpx:TrackPointExtension>
        </extensions>
      </trkpt>
      <trkpt lat="31.240859186649228" lon="121.6042038685551">
        <ele>5.394939685240388</ele>
        <time>1970-01-01T00:22:40.300000Z</time>
        <extensions>
          <gpxtpx:TrackPointExtension>
            <gpxtpx:hr>167</gpxtpx:hr>
          </gpxtpx:TrackPointExtension>
        </extensions>
      </trkpt>
      <trkpt lat="31.24084138499379" lon="121.6042241386963">
        <ele>5.3627027198672295</ele>
        <time>1970-01-01T00:22:41.300000Z</time>
        <extensions>
          <gpxtpx:TrackPointExtension>
            <gpxtpx:hr>167</gpxtpx:hr>
          </gpxtpx:TrackPointExtension>
        </extensions>
      </trkpt>
      <trkpt lat="31.240822661202692" lon="121.60424393956748">
        <ele>5.326399503275752</ele>
        <time>1970-01-01T00:22:42.300000Z</time>
        <extensions>
          <gpxtpx:TrackPointExtension>
            <gpxtpx:hr>167</gpxtpx:hr>
          </gpxtpx:TrackPointExtension>
        </extensions>
      </trkpt>
      <trkpt lat="31.24080289141952" lon="121.6042630649524">
        <ele>5.2869547149166465</ele>
        <time>1970-01-01T00:22:43.300000Z</time>
        <extensions>
          <gpxtpx:TrackPointExtension>
            <gpxtpx:hr>167</gpxtpx:hr>
          </gpxtpx:TrackPointExtension>
        </extensions>
      </trkpt>
      <trkpt lat="31.24078218650939" lon="121.60428138729455">
        <ele>5.2449562372639775</ele>
        <time>1970-01-01T00:22:44.300000Z</time>
        <extensions>
          <gpxtpx:TrackPointExtension>
            <gpxtpx:hr>168</gpxtpx:hr>
          </gpxtpx:TrackPointExtension>
        </extensions>
      </trkpt>
      <trkpt lat="31.24076062371513" lon="121.60429864352386">
        <ele>5.200231025926769</ele>
        <time>1970-01-01T00:22:45.300000Z</time>
        <extensions>
          <gpxtpx:TrackPointExtension>
            <gpxtpx:hr>168</gpxtpx:hr>
          </gpxtpx:TrackPointExtension>
        </extensions>
      </trkpt>
      <trkpt lat="31.240738346191105" lon="121.60431449415454">
        <ele>5.1520260870456696</ele>
        <time>1970-01-01T00:22:46.300000Z</time>
        <extensions>
          <gpxtpx:TrackPointExtension>
            <gpxtpx:hr>168</gpxtpx:hr>
          </gpxtpx:TrackPointExtension>
        </extensions>
      </trkpt>
      <trkpt lat="31.24071542705948" lon="121.60432906906208">
        <ele>5.099649571813643</ele>
        <time>1970-01-01T00:22:47.300000Z</time>
        <extensions>
          <gpxtpx:TrackPointExtension>
            <gpxtpx:hr>168</gpxtpx:hr>
          </gpxtpx:TrackPointExtension>
        </extensions>
      </trkpt>
      <trkpt lat="31.240691930946703" lon="121.60434255071245">
        <ele>5.042695843614638</ele>
        <time>1970-01-01T00:22:48.300000Z</time>
        <extensions>
          <gpxtpx:TrackPointExtension>
            <gpxtpx:hr>168</gpxtpx:hr>
          </gpxtpx:TrackPointExtension>
        </extensions>
      </trkpt>
      <trkpt lat="31.240668147153183" lon="121.60435511732334">
        <ele>4.98107822611928</ele>
        <time>1970-01-01T00:22:49.300000Z</time>
        <extensions>
          <gpxtpx:TrackPointExtension>
            <gpxtpx:hr>168</gpxtpx:hr>
          </gpxtpx:TrackPointExtension>
        </extensions>
      </trkpt>
      <trkpt lat="31.240644312726413" lon="121.60436718209242">
        <ele>4.915171774104238</ele>
        <time>1970-01-01T00:22:50.300000Z</time>
        <extensions>
          <gpxtpx:TrackPointExtension>
            <gpxtpx:hr>168</gpxtpx:hr>
          </gpxtpx:TrackPointExtension>
        </extensions>
      </trkpt>
      <trkpt lat="31.24062051649163" lon="121.60437895504676">
        <ele>4.845670389011502</ele>
        <time>1970-01-01T00:22:51.300000Z</time>
        <extensions>
          <gpxtpx:TrackPointExtension>
            <gpxtpx:hr>169</gpxtpx:hr>
          </gpxtpx:TrackPointExtension>
        </extensions>
      </trkpt>
      <trkpt lat="31.240596989053046" lon="121.60439066246036">
        <ele>4.773518136702478</ele>
        <time>1970-01-01T00:22:52.300000Z</time>
        <extensions>
          <gpxtpx:TrackPointExtension>
            <gpxtpx:hr>169</gpxtpx:hr>
          </gpxtpx:TrackPointExtension>
        </extensions>
      </trkpt>
      <trkpt lat="31.24057390110014" lon="121.60440278584548">
        <ele>4.699525565840304</ele>
        <time>1970-01-01T00:22:53.300000Z</time>
        <extensions>
          <gpxtpx:TrackPointExtension>
            <gpxtpx:hr>169</gpxtpx:hr>
          </gpxtpx:TrackPointExtension>
        </extensions>
      </trkpt>
      <trkpt lat="31.240550958646903" lon="121.60441519635418">
        <ele>4.6240365551784635</ele>
        <time>1970-01-01T00:22:54.300000Z</time>
        <extensions>
          <gpxtpx:TrackPointExtension>
            <gpxtpx:hr>169</gpxtpx:hr>
          </gpxtpx:TrackPointExtension>
        </extensions>
      </trkpt>
      <trkpt lat="31.240527992035137" lon="121.60442758891404">
        <ele>4.547201641835272</ele>
        <time>1970-01-01T00:22:55.300000Z</time>
        <extensions>
          <gpxtpx:TrackPointExtension>
            <gpxtpx:hr>169</gpxtpx:hr>
          </gpxtpx:TrackPointExtension>
        </extensions>
      </trkpt>
      <trkpt lat="31.24050493631481" lon="121.60443997375059">
        <ele>4.469508537091315</ele>
        <time>1970-01-01T00:22:56.300000Z</time>
        <extensions>
          <gpxtpx:TrackPointExtension>
            <gpxtpx:hr>169</gpxtpx:hr>
          </gpxtpx:TrackPointExtension>
        </extensions>
      </trkpt>
      <trkpt lat="31.24048159328559" lon="121.60445229014438">
        <ele>4.392212989740074</ele>
        <time>1970-01-01T00:22:57.300000Z</time>
        <extensions>
          <gpxtpx:TrackPointExtension>
            <gpxtpx:hr>169</gpxtpx:hr>
          </gpxtpx:TrackPointExtension>
        </extensions>
      </trkpt>
      <trkpt lat="31.240458178728193" lon="121.60446459894165">
        <ele>4.317170375958085</ele>
        <time>1970-01-01T00:22:58.300000Z</time>
        <extensions>
          <gpxtpx:TrackPointExtension>
            <gpxtpx:hr>169</gpxtpx:hr>
          </gpxtpx:TrackPointExtension>
        </extensions>
      </trkpt>
      <trkpt lat="31.24043500485331" lon="121.60447702873154">
        <ele>4.246224951930344</ele>
        <time>1970-01-01T00:22:59.300000Z</time>
        <extensions>
          <gpxtpx:TrackPointExtension>
            <gpxtpx:hr>169</gpxtpx:hr>
          </gpxtpx:TrackPointExtension>
        </extensions>
      </trkpt>
      <trkpt lat="31.240412149241266" lon="121.60448952216952">
        <ele>4.181054969318211</ele>
        <time>1970-01-01T00:23:00.300000Z</time>
        <extensions>
          <gpxtpx:TrackPointExtension>
            <gpxtpx:hr>169</gpxtpx:hr>
          </gpxtpx:TrackPointExtension>
        </extensions>
      </trkpt>
      <trkpt lat="31.240389525492663" lon="121.60450175612819">
        <ele>4.122941069304943</ele>
        <time>1970-01-01T00:23:01.300000Z</time>
        <extensions>
          <gpxtpx:TrackPointExtension>
            <gpxtpx:hr>169</gpxtpx:hr>
          </gpxtpx:TrackPointExtension>
        </extensions>
      </trkpt>
      <trkpt lat="31.24036696016932" lon="121.60451355184098">
        <ele>4.072678457945585</ele>
        <time>1970-01-01T00:23:02.300000Z</time>
        <extensions>
          <gpxtpx:TrackPointExtension>
            <gpxtpx:hr>169</gpxtpx:hr>
          </gpxtpx:TrackPointExtension>
        </extensions>
      </trkpt>
      <trkpt lat="31.240344185674687" lon="121.60452453845235">
        <ele>4.030734126456082</ele>
        <time>1970-01-01T00:23:03.300000Z</time>
        <extensions>
          <gpxtpx:TrackPointExtension>
            <gpxtpx:hr>169</gpxtpx:hr>
          </gpxtpx:TrackPointExtension>
        </extensions>
      </trkpt>
      <trkpt lat="31.240321190038127" lon="121.60453447821908">
        <ele>3.9971655625849962</ele>
        <time>1970-01-01T00:23:04.300000Z</time>
        <extensions>
          <gpxtpx:TrackPointExtension>
            <gpxtpx:hr>169</gpxtpx:hr>
          </gpxtpx:TrackPointExtension>
        </extensions>
      </trkpt>
      <trkpt lat="31.240298082064133" lon="121.60454384564693">
        <ele>3.9716087440028787</ele>
        <time>1970-01-01T00:23:05.300000Z</time>
        <extensions>
          <gpxtpx:TrackPointExtension>
            <gpxtpx:hr>169</gpxtpx:hr>
          </gpxtpx:TrackPointExtension>
        </extensions>
      </trkpt>
      <trkpt lat="31.240274730551405" lon="121.60455288561617">
        <ele>3.9531641928479075</ele>
        <time>1970-01-01T00:23:06.300000Z</time>
        <extensions>
          <gpxtpx:TrackPointExtension>
            <gpxtpx:hr>169</gpxtpx:hr>
          </gpxtpx:TrackPointExtension>
        </extensions>
      </trkpt>
      <trkpt lat="31.240251218971146" lon="121.60456135300711">
        <ele>3.940419729799032</ele>
        <time>1970-01-01T00:23:07.300000Z</time>
        <extensions>
          <gpxtpx:TrackPointExtension>
            <gpxtpx:hr>168</gpxtpx:hr>
          </gpxtpx:TrackPointExtension>
        </extensions>
      </trkpt>
      <trkpt lat="31.24022800968017" lon="121.60456900725255">
        <ele>3.931920307688415</ele>
        <time>1970-01-01T00:23:08.300000Z</time>
        <extensions>
          <gpxtpx:TrackPointExtension>
            <gpxtpx:hr>168</gpxtpx:hr>
          </gpxtpx:TrackPointExtension>
        </extensions>
      </trkpt>
      <trkpt lat="31.24020529170432" lon="121.60457563069384">
        <ele>3.926360188052058</ele>
        <time>1970-01-01T00:23:09.300000Z</time>
        <extensions>
          <gpxtpx:TrackPointExtension>
            <gpxtpx:hr>168</gpxtpx:hr>
          </gpxtpx:TrackPointExtension>
        </extensions>
      </trkpt>
      <trkpt lat="31.2401830527889" lon="121.60458112535258">
        <ele>3.9226934956386685</ele>
        <time>1970-01-01T00:23:10.300000Z</time>
        <extensions>
          <gpxtpx:TrackPointExtension>
            <gpxtpx:hr>168</gpxtpx:hr>
          </gpxtpx:TrackPointExtension>
        </extensions>
      </trkpt>
      <trkpt lat="31.240161159768704" lon="121.60458549820694">
        <ele>3.9202276710420847</ele>
        <time>1970-01-01T00:23:11.300000Z</time>
        <extensions>
          <gpxtpx:TrackPointExtension>
            <gpxtpx:hr>168</gpxtpx:hr>
          </gpxtpx:TrackPointExtension>
        </extensions>
      </trkpt>
      <trkpt lat="31.240139251781724" lon="121.60458807508542">
        <ele>3.9183652168139815</ele>
        <time>1970-01-01T00:23:12.400000Z</time>
        <extensions>
          <gpxtpx:TrackPointExtension>
            <gpxtpx:hr>168</gpxtpx:hr>
          </gpxtpx:TrackPointExtension>
        </extensions>
      </trkpt>
      <trkpt lat="31.2401171470317" lon="121.60458796915592">
        <ele>3.9164536260068417</ele>
        <time>1970-01-01T00:23:13.400000Z</time>
        <extensions>
          <gpxtpx:TrackPointExtension>
            <gpxtpx:hr>168</gpxtpx:hr>
          </gpxtpx:TrackPointExtension>
        </extensions>
      </trkpt>
      <trkpt lat="31.240094902188385" lon="121.60458523524116">
        <ele>3.9138695038855076</ele>
        <time>1970-01-01T00:23:14.400000Z</time>
        <extensions>
          <gpxtpx:TrackPointExtension>
            <gpxtpx:hr>167</gpxtpx:hr>
          </gpxtpx:TrackPointExtension>
        </extensions>
      </trkpt>
      <trkpt lat="31.240072669397676" lon="121.60458052476383">
        <ele>3.910297553986311</ele>
        <time>1970-01-01T00:23:15.400000Z</time>
        <extensions>
          <gpxtpx:TrackPointExtension>
            <gpxtpx:hr>167</gpxtpx:hr>
          </gpxtpx:TrackPointExtension>
        </extensions>
      </trkpt>
      <trkpt lat="31.240050680176214" lon="121.60457489015714">
        <ele>3.9059171630069613</ele>
        <time>1970-01-01T00:23:16.400000Z</time>
        <extensions>
          <gpxtpx:TrackPointExtension>
            <gpxtpx:hr>167</gpxtpx:hr>
          </gpxtpx:TrackPointExtension>
        </extensions>
      </trkpt>
      <trkpt lat="31.240029229667325" lon="121.60456959505878">
        <ele>3.901209649629891</ele>
        <time>1970-01-01T00:23:17.400000Z</time>
        <extensions>
          <gpxtpx:TrackPointExtension>
            <gpxtpx:hr>167</gpxtpx:hr>
          </gpxtpx:TrackPointExtension>
        </extensions>
      </trkpt>
      <trkpt lat="31.24000835235235" lon="121.6045655482861">
        <ele>3.896489151753485</ele>
        <time>1970-01-01T00:23:18.400000Z</time>
        <extensions>
          <gpxtpx:TrackPointExtension>
            <gpxtpx:hr>167</gpxtpx:hr>
          </gpxtpx:TrackPointExtension>
        </extensions>
      </trkpt>
      <trkpt lat="31.23998785734654" lon="121.6045638047411">
        <ele>3.8917165780439973</ele>
        <time>1970-01-01T00:23:19.400000Z</time>
        <extensions>
          <gpxtpx:TrackPointExtension>
            <gpxtpx:hr>167</gpxtpx:hr>
          </gpxtpx:TrackPointExtension>
        </extensions>
      </trkpt>
      <trkpt lat="31.23996792468132" lon="121.60456552733535">
        <ele>3.8867597598582506</ele>
        <time>1970-01-01T00:23:20.400000Z</time>
        <extensions>
          <gpxtpx:TrackPointExtension>
            <gpxtpx:hr>167</gpxtpx:hr>
          </gpxtpx:TrackPointExtension>
        </extensions>
      </trkpt>
      <trkpt lat="31.239949118613293" lon="121.6045720306833">
        <ele>3.8816997203975916</ele>
        <time>1970-01-01T00:23:21.400000Z</time>
        <extensions>
          <gpxtpx:TrackPointExtension>
            <gpxtpx:hr>164</gpxtpx:hr>
          </gpxtpx:TrackPointExtension>
        </extensions>
      </trkpt>
      <trkpt lat="31.23993044908481" lon="121.60458112690355">
        <ele>3.8770235162228346</ele>
        <time>1970-01-01T00:23:22.400000Z</time>
        <extensions>
          <gpxtpx:TrackPointExtension>
            <gpxtpx:hr>164</gpxtpx:hr>
          </gpxtpx:TrackPointExtension>
        </extensions>
      </trkpt>
      <trkpt lat="31.23991070390627" lon="121.6045906188445">
        <ele>3.873587536625564</ele>
        <time>1970-01-01T00:23:23.400000Z</time>
        <extensions>
          <gpxtpx:TrackPointExtension>
            <gpxtpx:hr>164</gpxtpx:hr>
          </gpxtpx:TrackPointExtension>
        </extensions>
      </trkpt>
      <trkpt lat="31.23989023208781" lon="121.60460110776256">
        <ele>3.8724018447101116</ele>
        <time>1970-01-01T00:23:24.400000Z</time>
        <extensions>
          <gpxtpx:TrackPointExtension>
            <gpxtpx:hr>164</gpxtpx:hr>
          </gpxtpx:TrackPointExtension>
        </extensions>
      </trkpt>
      <trkpt lat="31.23986948606164" lon="121.60461260572008">
        <ele>3.874680023640394</ele>
        <time>1970-01-01T00:23:25.400000Z</time>
        <extensions>
          <gpxtpx:TrackPointExtension>
            <gpxtpx:hr>162</gpxtpx:hr>
          </gpxtpx:TrackPointExtension>
        </extensions>
      </trkpt>
      <trkpt lat="31.239849359653395" lon="121.6046256560015">
        <ele>3.881651882082224</ele>
        <time>1970-01-01T00:23:26.400000Z</time>
        <extensions>
          <gpxtpx:TrackPointExtension>
            <gpxtpx:hr>162</gpxtpx:hr>
          </gpxtpx:TrackPointExtension>
        </extensions>
      </trkpt>
      <trkpt lat="31.2398307110953" lon="121.60464100993951">
        <ele>3.894269885495305</ele>
        <time>1970-01-01T00:23:27.400000Z</time>
        <extensions>
          <gpxtpx:TrackPointExtension>
            <gpxtpx:hr>162</gpxtpx:hr>
          </gpxtpx:TrackPointExtension>
        </extensions>
      </trkpt>
      <trkpt lat="31.239813357452828" lon="121.60465780980412">
        <ele>3.9133316595107317</ele>
        <time>1970-01-01T00:23:28.400000Z</time>
        <extensions>
          <gpxtpx:TrackPointExtension>
            <gpxtpx:hr>163</gpxtpx:hr>
          </gpxtpx:TrackPointExtension>
        </extensions>
      </trkpt>
      <trkpt lat="31.239795763095856" lon="121.6046735391878">
        <ele>3.9395935898646712</ele>
        <time>1970-01-01T00:23:29.400000Z</time>
        <extensions>
          <gpxtpx:TrackPointExtension>
            <gpxtpx:hr>163</gpxtpx:hr>
          </gpxtpx:TrackPointExtension>
        </extensions>
      </trkpt>
      <trkpt lat="31.239777066694636" lon="121.60468708876216">
        <ele>3.973874698393047</ele>
        <time>1970-01-01T00:23:30.400000Z</time>
        <extensions>
          <gpxtpx:TrackPointExtension>
            <gpxtpx:hr>163</gpxtpx:hr>
          </gpxtpx:TrackPointExtension>
        </extensions>
      </trkpt>
      <trkpt lat="31.239757592528566" lon="121.60469900398236">
        <ele>4.016827127896249</ele>
        <time>1970-01-01T00:23:31.400000Z</time>
        <extensions>
          <gpxtpx:TrackPointExtension>
            <gpxtpx:hr>163</gpxtpx:hr>
          </gpxtpx:TrackPointExtension>
        </extensions>
      </trkpt>
      <trkpt lat="31.239737232417365" lon="121.60470970581255">
        <ele>4.068018181249499</ele>
        <time>1970-01-01T00:23:32.400000Z</time>
        <extensions>
          <gpxtpx:TrackPointExtension>
            <gpxtpx:hr>163</gpxtpx:hr>
          </gpxtpx:TrackPointExtension>
        </extensions>
      </trkpt>
      <trkpt lat="31.23971576313844" lon="121.60471917327304">
        <ele>4.125602096319199</ele>
        <time>1970-01-01T00:23:33.400000Z</time>
        <extensions>
          <gpxtpx:TrackPointExtension>
            <gpxtpx:hr>162</gpxtpx:hr>
          </gpxtpx:TrackPointExtension>
        </extensions>
      </trkpt>
      <trkpt lat="31.239693331761796" lon="121.60472714332745">
        <ele>4.187001940794289</ele>
        <time>1970-01-01T00:23:34.400000Z</time>
        <extensions>
          <gpxtpx:TrackPointExtension>
            <gpxtpx:hr>162</gpxtpx:hr>
          </gpxtpx:TrackPointExtension>
        </extensions>
      </trkpt>
      <trkpt lat="31.23967049705772" lon="121.6047338385347">
        <ele>4.249940582551062</ele>
        <time>1970-01-01T00:23:35.400000Z</time>
        <extensions>
          <gpxtpx:TrackPointExtension>
            <gpxtpx:hr>162</gpxtpx:hr>
          </gpxtpx:TrackPointExtension>
        </extensions>
      </trkpt>
      <trkpt lat="31.239647707581277" lon="121.60474019569914">
        <ele>4.313278192654252</ele>
        <time>1970-01-01T00:23:36.400000Z</time>
        <extensions>
          <gpxtpx:TrackPointExtension>
            <gpxtpx:hr>162</gpxtpx:hr>
          </gpxtpx:TrackPointExtension>
        </extensions>
      </trkpt>
      <trkpt lat="31.239624961210414" lon="121.60474722486602">
        <ele>4.376912326551974</ele>
        <time>1970-01-01T00:23:37.400000Z</time>
        <extensions>
          <gpxtpx:TrackPointExtension>
            <gpxtpx:hr>162</gpxtpx:hr>
          </gpxtpx:TrackPointExtension>
        </extensions>
      </trkpt>
      <trkpt lat="31.239602015282447" lon="121.60475533579888">
        <ele>4.440857139416039</ele>
        <time>1970-01-01T00:23:38.400000Z</time>
        <extensions>
          <gpxtpx:TrackPointExtension>
            <gpxtpx:hr>163</gpxtpx:hr>
          </gpxtpx:TrackPointExtension>
        </extensions>
      </trkpt>
      <trkpt lat="31.239578704076127" lon="121.60476416177248">
        <ele>4.5043237172067165</ele>
        <time>1970-01-01T00:23:39.400000Z</time>
        <extensions>
          <gpxtpx:TrackPointExtension>
            <gpxtpx:hr>163</gpxtpx:hr>
          </gpxtpx:TrackPointExtension>
        </extensions>
      </trkpt>
      <trkpt lat="31.239555188939566" lon="121.60477322921898">
        <ele>4.565825778990984</ele>
        <time>1970-01-01T00:23:40.400000Z</time>
        <extensions>
          <gpxtpx:TrackPointExtension>
            <gpxtpx:hr>163</gpxtpx:hr>
          </gpxtpx:TrackPointExtension>
        </extensions>
      </trkpt>
      <trkpt lat="31.239531695099373" lon="121.60478226020612">
        <ele>4.624003805220127</ele>
        <time>1970-01-01T00:23:41.400000Z</time>
        <extensions>
          <gpxtpx:TrackPointExtension>
            <gpxtpx:hr>163</gpxtpx:hr>
          </gpxtpx:TrackPointExtension>
        </extensions>
      </trkpt>
      <trkpt lat="31.239508215197954" lon="121.60479093056942">
        <ele>4.678065127693117</ele>
        <time>1970-01-01T00:23:42.400000Z</time>
        <extensions>
          <gpxtpx:TrackPointExtension>
            <gpxtpx:hr>163</gpxtpx:hr>
          </gpxtpx:TrackPointExtension>
        </extensions>
      </trkpt>
      <trkpt lat="31.239484650112164" lon="121.60479905978514">
        <ele>4.727902440354228</ele>
        <time>1970-01-01T00:23:43.400000Z</time>
        <extensions>
          <gpxtpx:TrackPointExtension>
            <gpxtpx:hr>162</gpxtpx:hr>
          </gpxtpx:TrackPointExtension>
        </extensions>
      </trkpt>
      <trkpt lat="31.239460889346997" lon="121.6048062810798">
        <ele>4.773599103093147</ele>
        <time>1970-01-01T00:23:44.400000Z</time>
        <extensions>
          <gpxtpx:TrackPointExtension>
            <gpxtpx:hr>162</gpxtpx:hr>
          </gpxtpx:TrackPointExtension>
        </extensions>
      </trkpt>
      <trkpt lat="31.239436775768578" lon="121.60481208972408">
        <ele>4.814733434468508</ele>
        <time>1970-01-01T00:23:45.400000Z</time>
        <extensions>
          <gpxtpx:TrackPointExtension>
            <gpxtpx:hr>162</gpxtpx:hr>
          </gpxtpx:TrackPointExtension>
        </extensions>
      </trkpt>
      <trkpt lat="31.239412207226245" lon="121.60481624837706">
        <ele>4.850565494969487</ele>
        <time>1970-01-01T00:23:46.400000Z</time>
        <extensions>
          <gpxtpx:TrackPointExtension>
            <gpxtpx:hr>162</gpxtpx:hr>
          </gpxtpx:TrackPointExtension>
        </extensions>
      </trkpt>
      <trkpt lat="31.23938717065985" lon="121.60481870912704">
        <ele>4.880529526621103</ele>
        <time>1970-01-01T00:23:47.400000Z</time>
        <extensions>
          <gpxtpx:TrackPointExtension>
            <gpxtpx:hr>162</gpxtpx:hr>
          </gpxtpx:TrackPointExtension>
        </extensions>
      </trkpt>
      <trkpt lat="31.239361604036993" lon="121.6048193762411">
        <ele>4.904636827297509</ele>
        <time>1970-01-01T00:23:48.500000Z</time>
        <extensions>
          <gpxtpx:TrackPointExtension>
            <gpxtpx:hr>162</gpxtpx:hr>
          </gpxtpx:TrackPointExtension>
        </extensions>
      </trkpt>
      <trkpt lat="31.239335708868055" lon="121.60481853835616">
        <ele>4.923609919846058</ele>
        <time>1970-01-01T00:23:49.500000Z</time>
        <extensions>
          <gpxtpx:TrackPointExtension>
            <gpxtpx:hr>162</gpxtpx:hr>
          </gpxtpx:TrackPointExtension>
        </extensions>
      </trkpt>
      <trkpt lat="31.239309886083962" lon="121.60481676125882">
        <ele>4.938207408413291</ele>
        <time>1970-01-01T00:23:50.500000Z</time>
        <extensions>
          <gpxtpx:TrackPointExtension>
            <gpxtpx:hr>164</gpxtpx:hr>
          </gpxtpx:TrackPointExtension>
        </extensions>
      </trkpt>
      <trkpt lat="31.239284373415305" lon="121.60481409643518">
        <ele>4.948720162734389</ele>
        <time>1970-01-01T00:23:51.500000Z</time>
        <extensions>
          <gpxtpx:TrackPointExtension>
            <gpxtpx:hr>164</gpxtpx:hr>
          </gpxtpx:TrackPointExtension>
        </extensions>
      </trkpt>
      <trkpt lat="31.23925933253694" lon="121.60481063385251">
        <ele>4.955161422491074</ele>
        <time>1970-01-01T00:23:52.500000Z</time>
        <extensions>
          <gpxtpx:TrackPointExtension>
            <gpxtpx:hr>164</gpxtpx:hr>
          </gpxtpx:TrackPointExtension>
        </extensions>
      </trkpt>
      <trkpt lat="31.239234734127454" lon="121.60480663451669">
        <ele>4.95768762845546</ele>
        <time>1970-01-01T00:23:53.500000Z</time>
        <extensions>
          <gpxtpx:TrackPointExtension>
            <gpxtpx:hr>164</gpxtpx:hr>
          </gpxtpx:TrackPointExtension>
        </extensions>
      </trkpt>
      <trkpt lat="31.23921057206878" lon="121.6048018356145">
        <ele>4.956791937351227</ele>
        <time>1970-01-01T00:23:54.500000Z</time>
        <extensions>
          <gpxtpx:TrackPointExtension>
            <gpxtpx:hr>164</gpxtpx:hr>
          </gpxtpx:TrackPointExtension>
        </extensions>
      </trkpt>
      <trkpt lat="31.239186849171727" lon="121.60479567597555">
        <ele>4.9530400317162275</ele>
        <time>1970-01-01T00:23:55.500000Z</time>
        <extensions>
          <gpxtpx:TrackPointExtension>
            <gpxtpx:hr>164</gpxtpx:hr>
          </gpxtpx:TrackPointExtension>
        </extensions>
      </trkpt>
      <trkpt lat="31.23916330235319" lon="121.60478784568686">
        <ele>4.946625656448305</ele>
        <time>1970-01-01T00:23:56.500000Z</time>
        <extensions>
          <gpxtpx:TrackPointExtension>
            <gpxtpx:hr>164</gpxtpx:hr>
          </gpxtpx:TrackPointExtension>
        </extensions>
      </trkpt>
      <trkpt lat="31.239139911743237" lon="121.60477808823079">
        <ele>4.9374284306541085</ele>
        <time>1970-01-01T00:23:57.500000Z</time>
        <extensions>
          <gpxtpx:TrackPointExtension>
            <gpxtpx:hr>164</gpxtpx:hr>
          </gpxtpx:TrackPointExtension>
        </extensions>
      </trkpt>
      <trkpt lat="31.23911687679529" lon="121.60476646355123">
        <ele>4.925602707080543</ele>
        <time>1970-01-01T00:23:58.500000Z</time>
        <extensions>
          <gpxtpx:TrackPointExtension>
            <gpxtpx:hr>164</gpxtpx:hr>
          </gpxtpx:TrackPointExtension>
        </extensions>
      </trkpt>
      <trkpt lat="31.239094070342055" lon="121.60475349175063">
        <ele>4.911777689121664</ele>
        <time>1970-01-01T00:23:59.500000Z</time>
        <extensions>
          <gpxtpx:TrackPointExtension>
            <gpxtpx:hr>164</gpxtpx:hr>
          </gpxtpx:TrackPointExtension>
        </extensions>
      </trkpt>
      <trkpt lat="31.23907126599501" lon="121.60473970236279">
        <ele>4.896694320254028</ele>
        <time>1970-01-01T00:24:00.500000Z</time>
        <extensions>
          <gpxtpx:TrackPointExtension>
            <gpxtpx:hr>164</gpxtpx:hr>
          </gpxtpx:TrackPointExtension>
        </extensions>
      </trkpt>
      <trkpt lat="31.239048476532286" lon="121.60472555437971">
        <ele>4.880835823714733</ele>
        <time>1970-01-01T00:24:01.500000Z</time>
        <extensions>
          <gpxtpx:TrackPointExtension>
            <gpxtpx:hr>164</gpxtpx:hr>
          </gpxtpx:TrackPointExtension>
        </extensions>
      </trkpt>
      <trkpt lat="31.23902596439852" lon="121.60471124222504">
        <ele>4.864388782531023</ele>
        <time>1970-01-01T00:24:02.500000Z</time>
        <extensions>
          <gpxtpx:TrackPointExtension>
            <gpxtpx:hr>164</gpxtpx:hr>
          </gpxtpx:TrackPointExtension>
        </extensions>
      </trkpt>
      <trkpt lat="31.239004044111052" lon="121.60469652980375">
        <ele>4.847546100616455</ele>
        <time>1970-01-01T00:24:03.500000Z</time>
        <extensions>
          <gpxtpx:TrackPointExtension>
            <gpxtpx:hr>164</gpxtpx:hr>
          </gpxtpx:TrackPointExtension>
        </extensions>
      </trkpt>
      <trkpt lat="31.238982890067486" lon="121.6046810946049">
        <ele>4.8306782534345984</ele>
        <time>1970-01-01T00:24:04.500000Z</time>
        <extensions>
          <gpxtpx:TrackPointExtension>
            <gpxtpx:hr>164</gpxtpx:hr>
          </gpxtpx:TrackPointExtension>
        </extensions>
      </trkpt>
      <trkpt lat="31.238962324593594" lon="121.6046648334002">
        <ele>4.814387017861009</ele>
        <time>1970-01-01T00:24:05.500000Z</time>
        <extensions>
          <gpxtpx:TrackPointExtension>
            <gpxtpx:hr>164</gpxtpx:hr>
          </gpxtpx:TrackPointExtension>
        </extensions>
      </trkpt>
      <trkpt lat="31.238942245999976" lon="121.60464755241549">
        <ele>4.799241220578551</ele>
        <time>1970-01-01T00:24:06.500000Z</time>
        <extensions>
          <gpxtpx:TrackPointExtension>
            <gpxtpx:hr>164</gpxtpx:hr>
          </gpxtpx:TrackPointExtension>
        </extensions>
      </trkpt>
      <trkpt lat="31.238922873763933" lon="121.60462916201178">
        <ele>4.785399557091296</ele>
        <time>1970-01-01T00:24:07.500000Z</time>
        <extensions>
          <gpxtpx:TrackPointExtension>
            <gpxtpx:hr>164</gpxtpx:hr>
          </gpxtpx:TrackPointExtension>
        </extensions>
      </trkpt>
      <trkpt lat="31.23890437636825" lon="121.60460992169533">
        <ele>4.772610193118453</ele>
        <time>1970-01-01T00:24:08.500000Z</time>
        <extensions>
          <gpxtpx:TrackPointExtension>
            <gpxtpx:hr>164</gpxtpx:hr>
          </gpxtpx:TrackPointExtension>
        </extensions>
      </trkpt>
      <trkpt lat="31.238887092917466" lon="121.60458976237352">
        <ele>4.760507328435779</ele>
        <time>1970-01-01T00:24:09.500000Z</time>
        <extensions>
          <gpxtpx:TrackPointExtension>
            <gpxtpx:hr>164</gpxtpx:hr>
          </gpxtpx:TrackPointExtension>
        </extensions>
      </trkpt>
      <trkpt lat="31.23887114361365" lon="121.6045687066099">
        <ele>4.748973944224417</ele>
        <time>1970-01-01T00:24:10.500000Z</time>
        <extensions>
          <gpxtpx:TrackPointExtension>
            <gpxtpx:hr>164</gpxtpx:hr>
          </gpxtpx:TrackPointExtension>
        </extensions>
      </trkpt>
      <trkpt lat="31.238856154095533" lon="121.6045467400741">
        <ele>4.7383749559521675</ele>
        <time>1970-01-01T00:24:11.500000Z</time>
        <extensions>
          <gpxtpx:TrackPointExtension>
            <gpxtpx:hr>165</gpxtpx:hr>
          </gpxtpx:TrackPointExtension>
        </extensions>
      </trkpt>
      <trkpt lat="31.238842012521737" lon="121.60452351463569">
        <ele>4.729345112107694</ele>
        <time>1970-01-01T00:24:12.500000Z</time>
        <extensions>
          <gpxtpx:TrackPointExtension>
            <gpxtpx:hr>165</gpxtpx:hr>
          </gpxtpx:TrackPointExtension>
        </extensions>
      </trkpt>
      <trkpt lat="31.2388291749803" lon="121.60449885753282">
        <ele>4.722319790162146</ele>
        <time>1970-01-01T00:24:13.500000Z</time>
        <extensions>
          <gpxtpx:TrackPointExtension>
            <gpxtpx:hr>165</gpxtpx:hr>
          </gpxtpx:TrackPointExtension>
        </extensions>
      </trkpt>
      <trkpt lat="31.238817736356225" lon="121.60447298577992">
        <ele>4.717488479800522</ele>
        <time>1970-01-01T00:24:14.500000Z</time>
        <extensions>
          <gpxtpx:TrackPointExtension>
            <gpxtpx:hr>165</gpxtpx:hr>
          </gpxtpx:TrackPointExtension>
        </extensions>
      </trkpt>
      <trkpt lat="31.23880720772664" lon="121.60444629658002">
        <ele>4.714806652627885</ele>
        <time>1970-01-01T00:24:15.500000Z</time>
        <extensions>
          <gpxtpx:TrackPointExtension>
            <gpxtpx:hr>165</gpxtpx:hr>
          </gpxtpx:TrackPointExtension>
        </extensions>
      </trkpt>
      <trkpt lat="31.23879744950635" lon="121.60441927829902">
        <ele>4.714017778635025</ele>
        <time>1970-01-01T00:24:16.500000Z</time>
        <extensions>
          <gpxtpx:TrackPointExtension>
            <gpxtpx:hr>166</gpxtpx:hr>
          </gpxtpx:TrackPointExtension>
        </extensions>
      </trkpt>
      <trkpt lat="31.238788363760847" lon="121.60439246913737">
        <ele>4.71463455632329</ele>
        <time>1970-01-01T00:24:17.500000Z</time>
        <extensions>
          <gpxtpx:TrackPointExtension>
            <gpxtpx:hr>166</gpxtpx:hr>
          </gpxtpx:TrackPointExtension>
        </extensions>
      </trkpt>
      <trkpt lat="31.238779929998138" lon="121.60436597804373">
        <ele>4.715917620807886</ele>
        <time>1970-01-01T00:24:18.500000Z</time>
        <extensions>
          <gpxtpx:TrackPointExtension>
            <gpxtpx:hr>166</gpxtpx:hr>
          </gpxtpx:TrackPointExtension>
        </extensions>
      </trkpt>
      <trkpt lat="31.23877226060571" lon="121.60433957461358">
        <ele>4.71717160474509</ele>
        <time>1970-01-01T00:24:19.500000Z</time>
        <extensions>
          <gpxtpx:TrackPointExtension>
            <gpxtpx:hr>166</gpxtpx:hr>
          </gpxtpx:TrackPointExtension>
        </extensions>
      </trkpt>
      <trkpt lat="31.238765123584713" lon="121.60431284341203">
        <ele>4.717703873291612</ele>
        <time>1970-01-01T00:24:20.500000Z</time>
        <extensions>
          <gpxtpx:TrackPointExtension>
            <gpxtpx:hr>166</gpxtpx:hr>
          </gpxtpx:TrackPointExtension>
        </extensions>
      </trkpt>
      <trkpt lat="31.23875828404213" lon="121.60428542802518">
        <ele>4.716697596944869</ele>
        <time>1970-01-01T00:24:21.500000Z</time>
        <extensions>
          <gpxtpx:TrackPointExtension>
            <gpxtpx:hr>167</gpxtpx:hr>
          </gpxtpx:TrackPointExtension>
        </extensions>
      </trkpt>
      <trkpt lat="31.238751961919682" lon="121.60425746785486">
        <ele>4.713752434588969</ele>
        <time>1970-01-01T00:24:22.500000Z</time>
        <extensions>
          <gpxtpx:TrackPointExtension>
            <gpxtpx:hr>167</gpxtpx:hr>
          </gpxtpx:TrackPointExtension>
        </extensions>
      </trkpt>
      <trkpt lat="31.238746230203333" lon="121.60422934818763">
        <ele>4.709141658619046</ele>
        <time>1970-01-01T00:24:23.600000Z</time>
        <extensions>
          <gpxtpx:TrackPointExtension>
            <gpxtpx:hr>167</gpxtpx:hr>
          </gpxtpx:TrackPointExtension>
        </extensions>
      </trkpt>
      <trkpt lat="31.238741113617138" lon="121.60420118468018">
        <ele>4.703593265265226</ele>
        <time>1970-01-01T00:24:24.600000Z</time>
        <extensions>
          <gpxtpx:TrackPointExtension>
            <gpxtpx:hr>167</gpxtpx:hr>
          </gpxtpx:TrackPointExtension>
        </extensions>
      </trkpt>
      <trkpt lat="31.238736614822034" lon="121.60417295296926">
        <ele>4.698045860975981</ele>
        <time>1970-01-01T00:24:25.600000Z</time>
        <extensions>
          <gpxtpx:TrackPointExtension>
            <gpxtpx:hr>167</gpxtpx:hr>
          </gpxtpx:TrackPointExtension>
        </extensions>
      </trkpt>
      <trkpt lat="31.2387320453323" lon="121.6041446295787">
        <ele>4.693404162302613</ele>
        <time>1970-01-01T00:24:26.600000Z</time>
        <extensions>
          <gpxtpx:TrackPointExtension>
            <gpxtpx:hr>167</gpxtpx:hr>
          </gpxtpx:TrackPointExtension>
        </extensions>
      </trkpt>
      <trkpt lat="31.238727151051748" lon="121.60411600429525">
        <ele>4.6905625043436885</ele>
        <time>1970-01-01T00:24:27.600000Z</time>
        <extensions>
          <gpxtpx:TrackPointExtension>
            <gpxtpx:hr>167</gpxtpx:hr>
          </gpxtpx:TrackPointExtension>
        </extensions>
      </trkpt>
      <trkpt lat="31.238722268871307" lon="121.60408706632313">
        <ele>4.6905960300937295</ele>
        <time>1970-01-01T00:24:28.600000Z</time>
        <extensions>
          <gpxtpx:TrackPointExtension>
            <gpxtpx:hr>167</gpxtpx:hr>
          </gpxtpx:TrackPointExtension>
        </extensions>
      </trkpt>
      <trkpt lat="31.238717251975213" lon="121.60405816677634">
        <ele>4.69488135818392</ele>
        <time>1970-01-01T00:24:29.600000Z</time>
        <extensions>
          <gpxtpx:TrackPointExtension>
            <gpxtpx:hr>168</gpxtpx:hr>
          </gpxtpx:TrackPointExtension>
        </extensions>
      </trkpt>
      <trkpt lat="31.23871184081368" lon="121.60402948178186">
        <ele>4.7048340095207095</ele>
        <time>1970-01-01T00:24:30.600000Z</time>
        <extensions>
          <gpxtpx:TrackPointExtension>
            <gpxtpx:hr>168</gpxtpx:hr>
          </gpxtpx:TrackPointExtension>
        </extensions>
      </trkpt>
      <trkpt lat="31.23870630012574" lon="121.60400088148582">
        <ele>4.72137067746371</ele>
        <time>1970-01-01T00:24:31.600000Z</time>
        <extensions>
          <gpxtpx:TrackPointExtension>
            <gpxtpx:hr>168</gpxtpx:hr>
          </gpxtpx:TrackPointExtension>
        </extensions>
      </trkpt>
      <trkpt lat="31.238700929495607" lon="121.60397230392132">
        <ele>4.744877423159778</ele>
        <time>1970-01-01T00:24:32.600000Z</time>
        <extensions>
          <gpxtpx:TrackPointExtension>
            <gpxtpx:hr>168</gpxtpx:hr>
          </gpxtpx:TrackPointExtension>
        </extensions>
      </trkpt>
      <trkpt lat="31.238695778914014" lon="121.60394358654699">
        <ele>4.775449397042394</ele>
        <time>1970-01-01T00:24:33.600000Z</time>
        <extensions>
          <gpxtpx:TrackPointExtension>
            <gpxtpx:hr>167</gpxtpx:hr>
          </gpxtpx:TrackPointExtension>
        </extensions>
      </trkpt>
      <trkpt lat="31.238690891985108" lon="121.60391462884786">
        <ele>4.813081513158977</ele>
        <time>1970-01-01T00:24:34.600000Z</time>
        <extensions>
          <gpxtpx:TrackPointExtension>
            <gpxtpx:hr>167</gpxtpx:hr>
          </gpxtpx:TrackPointExtension>
        </extensions>
      </trkpt>
      <trkpt lat="31.238686318305223" lon="121.60388560744163">
        <ele>4.857352392747998</ele>
        <time>1970-01-01T00:24:35.600000Z</time>
        <extensions>
          <gpxtpx:TrackPointExtension>
            <gpxtpx:hr>167</gpxtpx:hr>
          </gpxtpx:TrackPointExtension>
        </extensions>
      </trkpt>
      <trkpt lat="31.238681985446224" lon="121.60385644094633">
        <ele>4.906736658886075</ele>
        <time>1970-01-01T00:24:36.600000Z</time>
        <extensions>
          <gpxtpx:TrackPointExtension>
            <gpxtpx:hr>167</gpxtpx:hr>
          </gpxtpx:TrackPointExtension>
        </extensions>
      </trkpt>
      <trkpt lat="31.23867784963125" lon="121.6038271226716">
        <ele>4.9587999396026134</ele>
        <time>1970-01-01T00:24:37.600000Z</time>
        <extensions>
          <gpxtpx:TrackPointExtension>
            <gpxtpx:hr>167</gpxtpx:hr>
          </gpxtpx:TrackPointExtension>
        </extensions>
      </trkpt>
      <trkpt lat="31.2386737148618" lon="121.60379809755094">
        <ele>5.011002087034285</ele>
        <time>1970-01-01T00:24:38.600000Z</time>
        <extensions>
          <gpxtpx:TrackPointExtension>
            <gpxtpx:hr>167</gpxtpx:hr>
          </gpxtpx:TrackPointExtension>
        </extensions>
      </trkpt>
      <trkpt lat="31.238669121373405" lon="121.60376956959918">
        <ele>5.061171182431281</ele>
        <time>1970-01-01T00:24:39.600000Z</time>
        <extensions>
          <gpxtpx:TrackPointExtension>
            <gpxtpx:hr>167</gpxtpx:hr>
          </gpxtpx:TrackPointExtension>
        </extensions>
      </trkpt>
      <trkpt lat="31.238664081224364" lon="121.60374149805467">
        <ele>5.108119277283549</ele>
        <time>1970-01-01T00:24:40.600000Z</time>
        <extensions>
          <gpxtpx:TrackPointExtension>
            <gpxtpx:hr>167</gpxtpx:hr>
          </gpxtpx:TrackPointExtension>
        </extensions>
      </trkpt>
      <trkpt lat="31.238658713640806" lon="121.60371406532693">
        <ele>5.1518624145537615</ele>
        <time>1970-01-01T00:24:41.600000Z</time>
        <extensions>
          <gpxtpx:TrackPointExtension>
            <gpxtpx:hr>167</gpxtpx:hr>
          </gpxtpx:TrackPointExtension>
        </extensions>
      </trkpt>
      <trkpt lat="31.238652856861137" lon="121.6036869336572">
        <ele>5.193041115999222</ele>
        <time>1970-01-01T00:24:42.600000Z</time>
        <extensions>
          <gpxtpx:TrackPointExtension>
            <gpxtpx:hr>167</gpxtpx:hr>
          </gpxtpx:TrackPointExtension>
        </extensions>
      </trkpt>
      <trkpt lat="31.238646596436453" lon="121.60365945021398">
        <ele>5.232249258086085</ele>
        <time>1970-01-01T00:24:43.600000Z</time>
        <extensions>
          <gpxtpx:TrackPointExtension>
            <gpxtpx:hr>167</gpxtpx:hr>
          </gpxtpx:TrackPointExtension>
        </extensions>
      </trkpt>
      <trkpt lat="31.238639746396768" lon="121.6036317529894">
        <ele>5.269566303119063</ele>
        <time>1970-01-01T00:24:44.600000Z</time>
        <extensions>
          <gpxtpx:TrackPointExtension>
            <gpxtpx:hr>167</gpxtpx:hr>
          </gpxtpx:TrackPointExtension>
        </extensions>
      </trkpt>
      <trkpt lat="31.238631981610684" lon="121.60360421639113">
        <ele>5.304511938244104</ele>
        <time>1970-01-01T00:24:45.600000Z</time>
        <extensions>
          <gpxtpx:TrackPointExtension>
            <gpxtpx:hr>166</gpxtpx:hr>
          </gpxtpx:TrackPointExtension>
        </extensions>
      </trkpt>
      <trkpt lat="31.238623429494503" lon="121.60357701789175">
        <ele>5.336207211017609</ele>
        <time>1970-01-01T00:24:46.600000Z</time>
        <extensions>
          <gpxtpx:TrackPointExtension>
            <gpxtpx:hr>166</gpxtpx:hr>
          </gpxtpx:TrackPointExtension>
        </extensions>
      </trkpt>
      <trkpt lat="31.238614003190815" lon="121.60355045445226">
        <ele>5.363668467849493</ele>
        <time>1970-01-01T00:24:47.600000Z</time>
        <extensions>
          <gpxtpx:TrackPointExtension>
            <gpxtpx:hr>166</gpxtpx:hr>
          </gpxtpx:TrackPointExtension>
        </extensions>
      </trkpt>
      <trkpt lat="31.23860331699834" lon="121.60352470979545">
        <ele>5.385891885496676</ele>
        <time>1970-01-01T00:24:48.600000Z</time>
        <extensions>
          <gpxtpx:TrackPointExtension>
            <gpxtpx:hr>166</gpxtpx:hr>
          </gpxtpx:TrackPointExtension>
        </extensions>
      </trkpt>
      <trkpt lat="31.238591136158636" lon="121.60349974023109">
        <ele>5.4018396800383925</ele>
        <time>1970-01-01T00:24:49.600000Z</time>
        <extensions>
          <gpxtpx:TrackPointExtension>
            <gpxtpx:hr>166</gpxtpx:hr>
          </gpxtpx:TrackPointExtension>
        </extensions>
      </trkpt>
      <trkpt lat="31.238577323194942" lon="121.60347601915359">
        <ele>5.410899670794606</ele>
        <time>1970-01-01T00:24:50.600000Z</time>
        <extensions>
          <gpxtpx:TrackPointExtension>
            <gpxtpx:hr>167</gpxtpx:hr>
          </gpxtpx:TrackPointExtension>
        </extensions>
      </trkpt>
      <trkpt lat="31.23856182736679" lon="121.60345436475262">
        <ele>5.413256974890828</ele>
        <time>1970-01-01T00:24:51.600000Z</time>
        <extensions>
          <gpxtpx:TrackPointExtension>
            <gpxtpx:hr>167</gpxtpx:hr>
          </gpxtpx:TrackPointExtension>
        </extensions>
      </trkpt>
      <trkpt lat="31.238544620899873" lon="121.60343530928776">
        <ele>5.409968977794051</ele>
        <time>1970-01-01T00:24:52.600000Z</time>
        <extensions>
          <gpxtpx:TrackPointExtension>
            <gpxtpx:hr>167</gpxtpx:hr>
          </gpxtpx:TrackPointExtension>
        </extensions>
      </trkpt>
      <trkpt lat="31.238525860139575" lon="121.6034195259684">
        <ele>5.402595707215369</ele>
        <time>1970-01-01T00:24:53.600000Z</time>
        <extensions>
          <gpxtpx:TrackPointExtension>
            <gpxtpx:hr>167</gpxtpx:hr>
          </gpxtpx:TrackPointExtension>
        </extensions>
      </trkpt>
      <trkpt lat="31.238505947767866" lon="121.60340749871852">
        <ele>5.392541968263686</ele>
        <time>1970-01-01T00:24:54.600000Z</time>
        <extensions>
          <gpxtpx:TrackPointExtension>
            <gpxtpx:hr>167</gpxtpx:hr>
          </gpxtpx:TrackPointExtension>
        </extensions>
      </trkpt>
      <trkpt lat="31.238485195671977" lon="121.6033991995518">
        <ele>5.380955549888313</ele>
        <time>1970-01-01T00:24:55.600000Z</time>
        <extensions>
          <gpxtpx:TrackPointExtension>
            <gpxtpx:hr>167</gpxtpx:hr>
          </gpxtpx:TrackPointExtension>
        </extensions>
      </trkpt>
      <trkpt lat="31.238463855188403" lon="121.60339542060906">
        <ele>5.36916193459183</ele>
        <time>1970-01-01T00:24:56.600000Z</time>
        <extensions>
          <gpxtpx:TrackPointExtension>
            <gpxtpx:hr>167</gpxtpx:hr>
          </gpxtpx:TrackPointExtension>
        </extensions>
      </trkpt>
      <trkpt lat="31.238442244259364" lon="121.60339718657804">
        <ele>5.358690371736884</ele>
        <time>1970-01-01T00:24:57.600000Z</time>
        <extensions>
          <gpxtpx:TrackPointExtension>
            <gpxtpx:hr>167</gpxtpx:hr>
          </gpxtpx:TrackPointExtension>
        </extensions>
      </trkpt>
      <trkpt lat="31.238420501767248" lon="121.60340305661181">
        <ele>5.351115889847279</ele>
        <time>1970-01-01T00:24:58.600000Z</time>
        <extensions>
          <gpxtpx:TrackPointExtension>
            <gpxtpx:hr>167</gpxtpx:hr>
          </gpxtpx:TrackPointExtension>
        </extensions>
      </trkpt>
      <trkpt lat="31.23839913428326" lon="121.60341196648068">
        <ele>5.34789760876447</ele>
        <time>1970-01-01T00:24:59.600000Z</time>
        <extensions>
          <gpxtpx:TrackPointExtension>
            <gpxtpx:hr>166</gpxtpx:hr>
          </gpxtpx:TrackPointExtension>
        </extensions>
      </trkpt>
      <trkpt lat="31.2383790491939" lon="121.60342445080845">
        <ele>5.3498830227181315</ele>
        <time>1970-01-01T00:25:00.700000Z</time>
        <extensions>
          <gpxtpx:TrackPointExtension>
            <gpxtpx:hr>166</gpxtpx:hr>
          </gpxtpx:TrackPointExtension>
        </extensions>
      </trkpt>
      <trkpt lat="31.238360657479095" lon="121.60344027403362">
        <ele>5.357104085385799</ele>
        <time>1970-01-01T00:25:01.700000Z</time>
        <extensions>
          <gpxtpx:TrackPointExtension>
            <gpxtpx:hr>166</gpxtpx:hr>
          </gpxtpx:TrackPointExtension>
        </extensions>
      </trkpt>
      <trkpt lat="31.2383440531485" lon="121.60345904504197">
        <ele>5.368976898491383</ele>
        <time>1970-01-01T00:25:02.700000Z</time>
        <extensions>
          <gpxtpx:TrackPointExtension>
            <gpxtpx:hr>166</gpxtpx:hr>
          </gpxtpx:TrackPointExtension>
        </extensions>
      </trkpt>
      <trkpt lat="31.238328994760884" lon="121.60348024820249">
        <ele>5.384358058683574</ele>
        <time>1970-01-01T00:25:03.700000Z</time>
        <extensions>
          <gpxtpx:TrackPointExtension>
            <gpxtpx:hr>166</gpxtpx:hr>
          </gpxtpx:TrackPointExtension>
        </extensions>
      </trkpt>
      <trkpt lat="31.23831490492483" lon="121.60350335811114">
        <ele>5.4015757804736495</ele>
        <time>1970-01-01T00:25:04.700000Z</time>
        <extensions>
          <gpxtpx:TrackPointExtension>
            <gpxtpx:hr>166</gpxtpx:hr>
          </gpxtpx:TrackPointExtension>
        </extensions>
      </trkpt>
      <trkpt lat="31.238301501122752" lon="121.60352798766732">
        <ele>5.418898679316044</ele>
        <time>1970-01-01T00:25:05.700000Z</time>
        <extensions>
          <gpxtpx:TrackPointExtension>
            <gpxtpx:hr>166</gpxtpx:hr>
          </gpxtpx:TrackPointExtension>
        </extensions>
      </trkpt>
      <trkpt lat="31.238288862720015" lon="121.60355363521546">
        <ele>5.4347004517912865</ele>
        <time>1970-01-01T00:25:06.700000Z</time>
        <extensions>
          <gpxtpx:TrackPointExtension>
            <gpxtpx:hr>166</gpxtpx:hr>
          </gpxtpx:TrackPointExtension>
        </extensions>
      </trkpt>
      <trkpt lat="31.238276753088915" lon="121.60357967607115">
        <ele>5.447210590355098</ele>
        <time>1970-01-01T00:25:07.700000Z</time>
        <extensions>
          <gpxtpx:TrackPointExtension>
            <gpxtpx:hr>166</gpxtpx:hr>
          </gpxtpx:TrackPointExtension>
        </extensions>
      </trkpt>
      <trkpt lat="31.238264974004114" lon="121.6036057440629">
        <ele>5.454612030647695</ele>
        <time>1970-01-01T00:25:08.700000Z</time>
        <extensions>
          <gpxtpx:TrackPointExtension>
            <gpxtpx:hr>166</gpxtpx:hr>
          </gpxtpx:TrackPointExtension>
        </extensions>
      </trkpt>
      <trkpt lat="31.238253674087133" lon="121.60363195713408">
        <ele>5.4552446426823735</ele>
        <time>1970-01-01T00:25:09.700000Z</time>
        <extensions>
          <gpxtpx:TrackPointExtension>
            <gpxtpx:hr>163</gpxtpx:hr>
          </gpxtpx:TrackPointExtension>
        </extensions>
      </trkpt>
      <trkpt lat="31.23824272289868" lon="121.60365861060258">
        <ele>5.448020067065954</ele>
        <time>1970-01-01T00:25:10.700000Z</time>
        <extensions>
          <gpxtpx:TrackPointExtension>
            <gpxtpx:hr>163</gpxtpx:hr>
          </gpxtpx:TrackPointExtension>
        </extensions>
      </trkpt>
      <trkpt lat="31.238232004715414" lon="121.60368578358327">
        <ele>5.432714046910405</ele>
        <time>1970-01-01T00:25:11.700000Z</time>
        <extensions>
          <gpxtpx:TrackPointExtension>
            <gpxtpx:hr>163</gpxtpx:hr>
          </gpxtpx:TrackPointExtension>
        </extensions>
      </trkpt>
      <trkpt lat="31.238221601833164" lon="121.60371322394937">
        <ele>5.409345924854279</ele>
        <time>1970-01-01T00:25:12.700000Z</time>
        <extensions>
          <gpxtpx:TrackPointExtension>
            <gpxtpx:hr>163</gpxtpx:hr>
          </gpxtpx:TrackPointExtension>
        </extensions>
      </trkpt>
      <trkpt lat="31.23821149679039" lon="121.60374069431307">
        <ele>5.37767709325999</ele>
        <time>1970-01-01T00:25:13.700000Z</time>
        <extensions>
          <gpxtpx:TrackPointExtension>
            <gpxtpx:hr>163</gpxtpx:hr>
          </gpxtpx:TrackPointExtension>
        </extensions>
      </trkpt>
      <trkpt lat="31.238201807551793" lon="121.60376804364414">
        <ele>5.337509430013597</ele>
        <time>1970-01-01T00:25:14.700000Z</time>
        <extensions>
          <gpxtpx:TrackPointExtension>
            <gpxtpx:hr>163</gpxtpx:hr>
          </gpxtpx:TrackPointExtension>
        </extensions>
      </trkpt>
      <trkpt lat="31.238192641935786" lon="121.60379522546783">
        <ele>5.289215091615915</ele>
        <time>1970-01-01T00:25:15.700000Z</time>
        <extensions>
          <gpxtpx:TrackPointExtension>
            <gpxtpx:hr>164</gpxtpx:hr>
          </gpxtpx:TrackPointExtension>
        </extensions>
      </trkpt>
      <trkpt lat="31.238183813825348" lon="121.60382249422534">
        <ele>5.23425386659801</ele>
        <time>1970-01-01T00:25:16.700000Z</time>
        <extensions>
          <gpxtpx:TrackPointExtension>
            <gpxtpx:hr>164</gpxtpx:hr>
          </gpxtpx:TrackPointExtension>
        </extensions>
      </trkpt>
      <trkpt lat="31.238175460986522" lon="121.60385004258369">
        <ele>5.17484328430146</ele>
        <time>1970-01-01T00:25:17.700000Z</time>
        <extensions>
          <gpxtpx:TrackPointExtension>
            <gpxtpx:hr>164</gpxtpx:hr>
          </gpxtpx:TrackPointExtension>
        </extensions>
      </trkpt>
      <trkpt lat="31.238168204645138" lon="121.60387764803365">
        <ele>5.113229556009173</ele>
        <time>1970-01-01T00:25:18.700000Z</time>
        <extensions>
          <gpxtpx:TrackPointExtension>
            <gpxtpx:hr>164</gpxtpx:hr>
          </gpxtpx:TrackPointExtension>
        </extensions>
      </trkpt>
      <trkpt lat="31.238162212938466" lon="121.60390496760384">
        <ele>5.051453247666359</ele>
        <time>1970-01-01T00:25:19.700000Z</time>
        <extensions>
          <gpxtpx:TrackPointExtension>
            <gpxtpx:hr>164</gpxtpx:hr>
          </gpxtpx:TrackPointExtension>
        </extensions>
      </trkpt>
      <trkpt lat="31.238157269231426" lon="121.60393188953437">
        <ele>4.9910402819514275</ele>
        <time>1970-01-01T00:25:20.700000Z</time>
        <extensions>
          <gpxtpx:TrackPointExtension>
            <gpxtpx:hr>164</gpxtpx:hr>
          </gpxtpx:TrackPointExtension>
        </extensions>
      </trkpt>
      <trkpt lat="31.238153406328063" lon="121.60395841214624">
        <ele>4.932789132930338</ele>
        <time>1970-01-01T00:25:21.700000Z</time>
        <extensions>
          <gpxtpx:TrackPointExtension>
            <gpxtpx:hr>164</gpxtpx:hr>
          </gpxtpx:TrackPointExtension>
        </extensions>
      </trkpt>
      <trkpt lat="31.238150545199776" lon="121.6039846748657">
        <ele>4.876832329668105</ele>
        <time>1970-01-01T00:25:22.700000Z</time>
        <extensions>
          <gpxtpx:TrackPointExtension>
            <gpxtpx:hr>164</gpxtpx:hr>
          </gpxtpx:TrackPointExtension>
        </extensions>
      </trkpt>
      <trkpt lat="31.238148609081453" lon="121.60401089038679">
        <ele>4.8230478297919035</ele>
        <time>1970-01-01T00:25:23.700000Z</time>
        <extensions>
          <gpxtpx:TrackPointExtension>
            <gpxtpx:hr>164</gpxtpx:hr>
          </gpxtpx:TrackPointExtension>
        </extensions>
      </trkpt>
      <trkpt lat="31.238147500730506" lon="121.60403693364657">
        <ele>4.771494976244867</ele>
        <time>1970-01-01T00:25:24.700000Z</time>
        <extensions>
          <gpxtpx:TrackPointExtension>
            <gpxtpx:hr>164</gpxtpx:hr>
          </gpxtpx:TrackPointExtension>
        </extensions>
      </trkpt>
      <trkpt lat="31.238146756316702" lon="121.60406275096422">
        <ele>4.722122948616743</ele>
        <time>1970-01-01T00:25:25.700000Z</time>
        <extensions>
          <gpxtpx:TrackPointExtension>
            <gpxtpx:hr>164</gpxtpx:hr>
          </gpxtpx:TrackPointExtension>
        </extensions>
      </trkpt>
      <trkpt lat="31.23814579215448" lon="121.60408861104617">
        <ele>4.674795888364315</ele>
        <time>1970-01-01T00:25:26.700000Z</time>
        <extensions>
          <gpxtpx:TrackPointExtension>
            <gpxtpx:hr>165</gpxtpx:hr>
          </gpxtpx:TrackPointExtension>
        </extensions>
      </trkpt>
      <trkpt lat="31.23814432803211" lon="121.60411470928871">
        <ele>4.629510210826993</ele>
        <time>1970-01-01T00:25:27.700000Z</time>
        <extensions>
          <gpxtpx:TrackPointExtension>
            <gpxtpx:hr>165</gpxtpx:hr>
          </gpxtpx:TrackPointExtension>
        </extensions>
      </trkpt>
      <trkpt lat="31.238142064433543" lon="121.60414124261942">
        <ele>4.586579601280391</ele>
        <time>1970-01-01T00:25:28.700000Z</time>
        <extensions>
          <gpxtpx:TrackPointExtension>
            <gpxtpx:hr>165</gpxtpx:hr>
          </gpxtpx:TrackPointExtension>
        </extensions>
      </trkpt>
      <trkpt lat="31.238138684380047" lon="121.60416813654821">
        <ele>4.54662636294961</ele>
        <time>1970-01-01T00:25:29.700000Z</time>
        <extensions>
          <gpxtpx:TrackPointExtension>
            <gpxtpx:hr>165</gpxtpx:hr>
          </gpxtpx:TrackPointExtension>
        </extensions>
      </trkpt>
      <trkpt lat="31.238134429070936" lon="121.60419505047356">
        <ele>4.509832070209086</ele>
        <time>1970-01-01T00:25:30.700000Z</time>
        <extensions>
          <gpxtpx:TrackPointExtension>
            <gpxtpx:hr>165</gpxtpx:hr>
          </gpxtpx:TrackPointExtension>
        </extensions>
      </trkpt>
      <trkpt lat="31.238129144385326" lon="121.60422189899639">
        <ele>4.47597720194608</ele>
        <time>1970-01-01T00:25:31.700000Z</time>
        <extensions>
          <gpxtpx:TrackPointExtension>
            <gpxtpx:hr>166</gpxtpx:hr>
          </gpxtpx:TrackPointExtension>
        </extensions>
      </trkpt>
      <trkpt lat="31.238122420043883" lon="121.6042486156309">
        <ele>4.445610326714814</ele>
        <time>1970-01-01T00:25:32.700000Z</time>
        <extensions>
          <gpxtpx:TrackPointExtension>
            <gpxtpx:hr>166</gpxtpx:hr>
          </gpxtpx:TrackPointExtension>
        </extensions>
      </trkpt>
      <trkpt lat="31.23811455306966" lon="121.60427514120704">
        <ele>4.420238011516631</ele>
        <time>1970-01-01T00:25:33.700000Z</time>
        <extensions>
          <gpxtpx:TrackPointExtension>
            <gpxtpx:hr>166</gpxtpx:hr>
          </gpxtpx:TrackPointExtension>
        </extensions>
      </trkpt>
      <trkpt lat="31.238105722074494" lon="121.60430145212419">
        <ele>4.401700612157583</ele>
        <time>1970-01-01T00:25:34.700000Z</time>
        <extensions>
          <gpxtpx:TrackPointExtension>
            <gpxtpx:hr>166</gpxtpx:hr>
          </gpxtpx:TrackPointExtension>
        </extensions>
      </trkpt>
      <trkpt lat="31.238095791705568" lon="121.60432727869814">
        <ele>4.391499262303114</ele>
        <time>1970-01-01T00:25:35.700000Z</time>
        <extensions>
          <gpxtpx:TrackPointExtension>
            <gpxtpx:hr>166</gpxtpx:hr>
          </gpxtpx:TrackPointExtension>
        </extensions>
      </trkpt>
      <trkpt lat="31.238085369926733" lon="121.60435245598698">
        <ele>4.390389380976558</ele>
        <time>1970-01-01T00:25:36.800000Z</time>
        <extensions>
          <gpxtpx:TrackPointExtension>
            <gpxtpx:hr>168</gpxtpx:hr>
          </gpxtpx:TrackPointExtension>
        </extensions>
      </trkpt>
      <trkpt lat="31.23807468279226" lon="121.60437691063709">
        <ele>4.398581919260323</ele>
        <time>1970-01-01T00:25:37.800000Z</time>
        <extensions>
          <gpxtpx:TrackPointExtension>
            <gpxtpx:hr>168</gpxtpx:hr>
          </gpxtpx:TrackPointExtension>
        </extensions>
      </trkpt>
      <trkpt lat="31.23806326056977" lon="121.60440075001381">
        <ele>4.416015327908099</ele>
        <time>1970-01-01T00:25:38.800000Z</time>
        <extensions>
          <gpxtpx:TrackPointExtension>
            <gpxtpx:hr>168</gpxtpx:hr>
          </gpxtpx:TrackPointExtension>
        </extensions>
      </trkpt>
      <trkpt lat="31.238051422374063" lon="121.60442442934128">
        <ele>4.442603152245283</ele>
        <time>1970-01-01T00:25:39.800000Z</time>
        <extensions>
          <gpxtpx:TrackPointExtension>
            <gpxtpx:hr>168</gpxtpx:hr>
          </gpxtpx:TrackPointExtension>
        </extensions>
      </trkpt>
      <trkpt lat="31.238039419624222" lon="121.60444826510589">
        <ele>4.477905552834272</ele>
        <time>1970-01-01T00:25:40.800000Z</time>
        <extensions>
          <gpxtpx:TrackPointExtension>
            <gpxtpx:hr>168</gpxtpx:hr>
          </gpxtpx:TrackPointExtension>
        </extensions>
      </trkpt>
      <trkpt lat="31.238027166886585" lon="121.60447256192447">
        <ele>4.520805003121495</ele>
        <time>1970-01-01T00:25:41.800000Z</time>
        <extensions>
          <gpxtpx:TrackPointExtension>
            <gpxtpx:hr>169</gpxtpx:hr>
          </gpxtpx:TrackPointExtension>
        </extensions>
      </trkpt>
      <trkpt lat="31.238014648222848" lon="121.60449733559342">
        <ele>4.569886397570372</ele>
        <time>1970-01-01T00:25:42.800000Z</time>
        <extensions>
          <gpxtpx:TrackPointExtension>
            <gpxtpx:hr>169</gpxtpx:hr>
          </gpxtpx:TrackPointExtension>
        </extensions>
      </trkpt>
      <trkpt lat="31.238001908697726" lon="121.60452206868312">
        <ele>4.623588553629816</ele>
        <time>1970-01-01T00:25:43.800000Z</time>
        <extensions>
          <gpxtpx:TrackPointExtension>
            <gpxtpx:hr>169</gpxtpx:hr>
          </gpxtpx:TrackPointExtension>
        </extensions>
      </trkpt>
      <trkpt lat="31.23798895753144" lon="121.60454657231645">
        <ele>4.680319118313491</ele>
        <time>1970-01-01T00:25:44.800000Z</time>
        <extensions>
          <gpxtpx:TrackPointExtension>
            <gpxtpx:hr>169</gpxtpx:hr>
          </gpxtpx:TrackPointExtension>
        </extensions>
      </trkpt>
      <trkpt lat="31.237976236112075" lon="121.60457119464198">
        <ele>4.738697124645114</ele>
        <time>1970-01-01T00:25:45.800000Z</time>
        <extensions>
          <gpxtpx:TrackPointExtension>
            <gpxtpx:hr>169</gpxtpx:hr>
          </gpxtpx:TrackPointExtension>
        </extensions>
      </trkpt>
      <trkpt lat="31.23796408299862" lon="121.60459576538281">
        <ele>4.79737697634846</ele>
        <time>1970-01-01T00:25:46.800000Z</time>
        <extensions>
          <gpxtpx:TrackPointExtension>
            <gpxtpx:hr>169</gpxtpx:hr>
          </gpxtpx:TrackPointExtension>
        </extensions>
      </trkpt>
      <trkpt lat="31.237952068235177" lon="121.60461994605139">
        <ele>4.85478312894702</ele>
        <time>1970-01-01T00:25:47.800000Z</time>
        <extensions>
          <gpxtpx:TrackPointExtension>
            <gpxtpx:hr>169</gpxtpx:hr>
          </gpxtpx:TrackPointExtension>
        </extensions>
      </trkpt>
      <trkpt lat="31.23794013510413" lon="121.60464395167585">
        <ele>4.909182737581432</ele>
        <time>1970-01-01T00:25:48.800000Z</time>
        <extensions>
          <gpxtpx:TrackPointExtension>
            <gpxtpx:hr>169</gpxtpx:hr>
          </gpxtpx:TrackPointExtension>
        </extensions>
      </trkpt>
      <trkpt lat="31.237928242555817" lon="121.60466791998137">
        <ele>4.958604128099978</ele>
        <time>1970-01-01T00:25:49.800000Z</time>
        <extensions>
          <gpxtpx:TrackPointExtension>
            <gpxtpx:hr>169</gpxtpx:hr>
          </gpxtpx:TrackPointExtension>
        </extensions>
      </trkpt>
      <trkpt lat="31.23791618586431" lon="121.60469196973789">
        <ele>5.001192328520119</ele>
        <time>1970-01-01T00:25:50.800000Z</time>
        <extensions>
          <gpxtpx:TrackPointExtension>
            <gpxtpx:hr>169</gpxtpx:hr>
          </gpxtpx:TrackPointExtension>
        </extensions>
      </trkpt>
      <trkpt lat="31.23790405066158" lon="121.60471607124497">
        <ele>5.035514681600034</ele>
        <time>1970-01-01T00:25:51.800000Z</time>
        <extensions>
          <gpxtpx:TrackPointExtension>
            <gpxtpx:hr>169</gpxtpx:hr>
          </gpxtpx:TrackPointExtension>
        </extensions>
      </trkpt>
      <trkpt lat="31.237892019050456" lon="121.6047398810367">
        <ele>5.060742416419089</ele>
        <time>1970-01-01T00:25:52.800000Z</time>
        <extensions>
          <gpxtpx:TrackPointExtension>
            <gpxtpx:hr>169</gpxtpx:hr>
          </gpxtpx:TrackPointExtension>
        </extensions>
      </trkpt>
      <trkpt lat="31.237879892042645" lon="121.60476335819001">
        <ele>5.077114409767091</ele>
        <time>1970-01-01T00:25:53.800000Z</time>
        <extensions>
          <gpxtpx:TrackPointExtension>
            <gpxtpx:hr>169</gpxtpx:hr>
          </gpxtpx:TrackPointExtension>
        </extensions>
      </trkpt>
      <trkpt lat="31.237867608455886" lon="121.60478685902542">
        <ele>5.085831072181463</ele>
        <time>1970-01-01T00:25:54.800000Z</time>
        <extensions>
          <gpxtpx:TrackPointExtension>
            <gpxtpx:hr>169</gpxtpx:hr>
          </gpxtpx:TrackPointExtension>
        </extensions>
      </trkpt>
      <trkpt lat="31.237855364261794" lon="121.60481041388793">
        <ele>5.088588888756931</ele>
        <time>1970-01-01T00:25:55.800000Z</time>
        <extensions>
          <gpxtpx:TrackPointExtension>
            <gpxtpx:hr>169</gpxtpx:hr>
          </gpxtpx:TrackPointExtension>
        </extensions>
      </trkpt>
      <trkpt lat="31.23784296985226" lon="121.60483386789333">
        <ele>5.086925266310573</ele>
        <time>1970-01-01T00:25:56.800000Z</time>
        <extensions>
          <gpxtpx:TrackPointExtension>
            <gpxtpx:hr>169</gpxtpx:hr>
          </gpxtpx:TrackPointExtension>
        </extensions>
      </trkpt>
      <trkpt lat="31.23783042016442" lon="121.60485721395882">
        <ele>5.082075379788876</ele>
        <time>1970-01-01T00:25:57.800000Z</time>
        <extensions>
          <gpxtpx:TrackPointExtension>
            <gpxtpx:hr>169</gpxtpx:hr>
          </gpxtpx:TrackPointExtension>
        </extensions>
      </trkpt>
      <trkpt lat="31.23781775933123" lon="121.60488032091358">
        <ele>5.075143286027014</ele>
        <time>1970-01-01T00:25:58.800000Z</time>
        <extensions>
          <gpxtpx:TrackPointExtension>
            <gpxtpx:hr>168</gpxtpx:hr>
          </gpxtpx:TrackPointExtension>
        </extensions>
      </trkpt>
      <trkpt lat="31.237804698059037" lon="121.6049033933117">
        <ele>5.066860816441476</ele>
        <time>1970-01-01T00:25:59.800000Z</time>
        <extensions>
          <gpxtpx:TrackPointExtension>
            <gpxtpx:hr>168</gpxtpx:hr>
          </gpxtpx:TrackPointExtension>
        </extensions>
      </trkpt>
      <trkpt lat="31.237791519843398" lon="121.60492703320168">
        <ele>5.05772630404681</ele>
        <time>1970-01-01T00:26:00.800000Z</time>
        <extensions>
          <gpxtpx:TrackPointExtension>
            <gpxtpx:hr>168</gpxtpx:hr>
          </gpxtpx:TrackPointExtension>
        </extensions>
      </trkpt>
      <trkpt lat="31.23777884043962" lon="121.60495128444784">
        <ele>5.0480581019073725</ele>
        <time>1970-01-01T00:26:01.800000Z</time>
        <extensions>
          <gpxtpx:TrackPointExtension>
            <gpxtpx:hr>168</gpxtpx:hr>
          </gpxtpx:TrackPointExtension>
        </extensions>
      </trkpt>
      <trkpt lat="31.237766892073175" lon="121.60497591940597">
        <ele>5.037871799431741</ele>
        <time>1970-01-01T00:26:02.800000Z</time>
        <extensions>
          <gpxtpx:TrackPointExtension>
            <gpxtpx:hr>168</gpxtpx:hr>
          </gpxtpx:TrackPointExtension>
        </extensions>
      </trkpt>
      <trkpt lat="31.237755800203836" lon="121.60500093391441">
        <ele>5.026908287778497</ele>
        <time>1970-01-01T00:26:03.800000Z</time>
        <extensions>
          <gpxtpx:TrackPointExtension>
            <gpxtpx:hr>168</gpxtpx:hr>
          </gpxtpx:TrackPointExtension>
        </extensions>
      </trkpt>
      <trkpt lat="31.237745561345765" lon="121.60502616240423">
        <ele>5.014654871076345</ele>
        <time>1970-01-01T00:26:04.800000Z</time>
        <extensions>
          <gpxtpx:TrackPointExtension>
            <gpxtpx:hr>168</gpxtpx:hr>
          </gpxtpx:TrackPointExtension>
        </extensions>
      </trkpt>
      <trkpt lat="31.23773549349591" lon="121.60505139249486">
        <ele>5.000513299368322</ele>
        <time>1970-01-01T00:26:05.800000Z</time>
        <extensions>
          <gpxtpx:TrackPointExtension>
            <gpxtpx:hr>168</gpxtpx:hr>
          </gpxtpx:TrackPointExtension>
        </extensions>
      </trkpt>
      <trkpt lat="31.237725211380628" lon="121.60507660038549">
        <ele>4.984169568866491</ele>
        <time>1970-01-01T00:26:06.800000Z</time>
        <extensions>
          <gpxtpx:TrackPointExtension>
            <gpxtpx:hr>168</gpxtpx:hr>
          </gpxtpx:TrackPointExtension>
        </extensions>
      </trkpt>
      <trkpt lat="31.23771503423224" lon="121.60510175187729">
        <ele>4.965838208794594</ele>
        <time>1970-01-01T00:26:07.800000Z</time>
        <extensions>
          <gpxtpx:TrackPointExtension>
            <gpxtpx:hr>168</gpxtpx:hr>
          </gpxtpx:TrackPointExtension>
        </extensions>
      </trkpt>
      <trkpt lat="31.23770488931208" lon="121.60512685549877">
        <ele>4.946233396418393</ele>
        <time>1970-01-01T00:26:08.800000Z</time>
        <extensions>
          <gpxtpx:TrackPointExtension>
            <gpxtpx:hr>168</gpxtpx:hr>
          </gpxtpx:TrackPointExtension>
        </extensions>
      </trkpt>
      <trkpt lat="31.23769498437722" lon="121.6051522010815">
        <ele>4.925926963798702</ele>
        <time>1970-01-01T00:26:09.800000Z</time>
        <extensions>
          <gpxtpx:TrackPointExtension>
            <gpxtpx:hr>168</gpxtpx:hr>
          </gpxtpx:TrackPointExtension>
        </extensions>
      </trkpt>
      <trkpt lat="31.237685537050975" lon="121.60517767679838">
        <ele>4.904935581609607</ele>
        <time>1970-01-01T00:26:10.800000Z</time>
        <extensions>
          <gpxtpx:TrackPointExtension>
            <gpxtpx:hr>168</gpxtpx:hr>
          </gpxtpx:TrackPointExtension>
        </extensions>
      </trkpt>
      <trkpt lat="31.237676087284804" lon="121.60520304306975">
        <ele>4.883177695795894</ele>
        <time>1970-01-01T00:26:11.800000Z</time>
        <extensions>
          <gpxtpx:TrackPointExtension>
            <gpxtpx:hr>168</gpxtpx:hr>
          </gpxtpx:TrackPointExtension>
        </extensions>
      </trkpt>
      <trkpt lat="31.237666379677524" lon="121.60522842443206">
        <ele>4.860908702015877</ele>
        <time>1970-01-01T00:26:12.900000Z</time>
        <extensions>
          <gpxtpx:TrackPointExtension>
            <gpxtpx:hr>168</gpxtpx:hr>
          </gpxtpx:TrackPointExtension>
        </extensions>
      </trkpt>
      <trkpt lat="31.237656659448703" lon="121.60525388317866">
        <ele>4.838749565184116</ele>
        <time>1970-01-01T00:26:13.900000Z</time>
        <extensions>
          <gpxtpx:TrackPointExtension>
            <gpxtpx:hr>168</gpxtpx:hr>
          </gpxtpx:TrackPointExtension>
        </extensions>
      </trkpt>
      <trkpt lat="31.23764683128088" lon="121.60527956676967">
        <ele>4.817540961317718</ele>
        <time>1970-01-01T00:26:14.900000Z</time>
        <extensions>
          <gpxtpx:TrackPointExtension>
            <gpxtpx:hr>168</gpxtpx:hr>
          </gpxtpx:TrackPointExtension>
        </extensions>
      </trkpt>
      <trkpt lat="31.237636930479727" lon="121.60530567938842">
        <ele>4.797999579459429</ele>
        <time>1970-01-01T00:26:15.900000Z</time>
        <extensions>
          <gpxtpx:TrackPointExtension>
            <gpxtpx:hr>168</gpxtpx:hr>
          </gpxtpx:TrackPointExtension>
        </extensions>
      </trkpt>
      <trkpt lat="31.237627291882816" lon="121.60533196686474">
        <ele>4.780104196630418</ele>
        <time>1970-01-01T00:26:16.900000Z</time>
        <extensions>
          <gpxtpx:TrackPointExtension>
            <gpxtpx:hr>170</gpxtpx:hr>
          </gpxtpx:TrackPointExtension>
        </extensions>
      </trkpt>
      <trkpt lat="31.237617974217507" lon="121.60535800098577">
        <ele>4.7629606099799275</ele>
        <time>1970-01-01T00:26:17.900000Z</time>
        <extensions>
          <gpxtpx:TrackPointExtension>
            <gpxtpx:hr>170</gpxtpx:hr>
          </gpxtpx:TrackPointExtension>
        </extensions>
      </trkpt>
      <trkpt lat="31.23760921694974" lon="121.60538380180641">
        <ele>4.745467494241893</ele>
        <time>1970-01-01T00:26:18.900000Z</time>
        <extensions>
          <gpxtpx:TrackPointExtension>
            <gpxtpx:hr>170</gpxtpx:hr>
          </gpxtpx:TrackPointExtension>
        </extensions>
      </trkpt>
      <trkpt lat="31.237600973422005" lon="121.60540955771465">
        <ele>4.726791580207646</ele>
        <time>1970-01-01T00:26:19.900000Z</time>
        <extensions>
          <gpxtpx:TrackPointExtension>
            <gpxtpx:hr>170</gpxtpx:hr>
          </gpxtpx:TrackPointExtension>
        </extensions>
      </trkpt>
      <trkpt lat="31.237592855513956" lon="121.60543564820334">
        <ele>4.70655058696866</ele>
        <time>1970-01-01T00:26:20.900000Z</time>
        <extensions>
          <gpxtpx:TrackPointExtension>
            <gpxtpx:hr>170</gpxtpx:hr>
          </gpxtpx:TrackPointExtension>
        </extensions>
      </trkpt>
      <trkpt lat="31.23758473824094" lon="121.60546230727526">
        <ele>4.685179957188666</ele>
        <time>1970-01-01T00:26:21.900000Z</time>
        <extensions>
          <gpxtpx:TrackPointExtension>
            <gpxtpx:hr>170</gpxtpx:hr>
          </gpxtpx:TrackPointExtension>
        </extensions>
      </trkpt>
      <trkpt lat="31.237576707814696" lon="121.60548917321947">
        <ele>4.663729341700673</ele>
        <time>1970-01-01T00:26:22.900000Z</time>
        <extensions>
          <gpxtpx:TrackPointExtension>
            <gpxtpx:hr>170</gpxtpx:hr>
          </gpxtpx:TrackPointExtension>
        </extensions>
      </trkpt>
      <trkpt lat="31.237568713889896" lon="121.60551610709999">
        <ele>4.643304450437427</ele>
        <time>1970-01-01T00:26:23.900000Z</time>
        <extensions>
          <gpxtpx:TrackPointExtension>
            <gpxtpx:hr>170</gpxtpx:hr>
          </gpxtpx:TrackPointExtension>
        </extensions>
      </trkpt>
      <trkpt lat="31.237560724968464" lon="121.6055432525763">
        <ele>4.624641469679773</ele>
        <time>1970-01-01T00:26:24.900000Z</time>
        <extensions>
          <gpxtpx:TrackPointExtension>
            <gpxtpx:hr>170</gpxtpx:hr>
          </gpxtpx:TrackPointExtension>
        </extensions>
      </trkpt>
      <trkpt lat="31.237552970980058" lon="121.60557046304253">
        <ele>4.607945886440575</ele>
        <time>1970-01-01T00:26:25.900000Z</time>
        <extensions>
          <gpxtpx:TrackPointExtension>
            <gpxtpx:hr>170</gpxtpx:hr>
          </gpxtpx:TrackPointExtension>
        </extensions>
      </trkpt>
      <trkpt lat="31.23754565048896" lon="121.60559775472763">
        <ele>4.593420517630875</ele>
        <time>1970-01-01T00:26:26.900000Z</time>
        <extensions>
          <gpxtpx:TrackPointExtension>
            <gpxtpx:hr>170</gpxtpx:hr>
          </gpxtpx:TrackPointExtension>
        </extensions>
      </trkpt>
      <trkpt lat="31.23753908899089" lon="121.60562555058424">
        <ele>4.581596741452813</ele>
        <time>1970-01-01T00:26:27.900000Z</time>
        <extensions>
          <gpxtpx:TrackPointExtension>
            <gpxtpx:hr>170</gpxtpx:hr>
          </gpxtpx:TrackPointExtension>
        </extensions>
      </trkpt>
      <trkpt lat="31.237533594251165" lon="121.60565380771182">
        <ele>4.572937881574035</ele>
        <time>1970-01-01T00:26:28.900000Z</time>
        <extensions>
          <gpxtpx:TrackPointExtension>
            <gpxtpx:hr>170</gpxtpx:hr>
          </gpxtpx:TrackPointExtension>
        </extensions>
      </trkpt>
      <trkpt lat="31.237528894462997" lon="121.605682075484">
        <ele>4.5672561982646585</ele>
        <time>1970-01-01T00:26:29.900000Z</time>
        <extensions>
          <gpxtpx:TrackPointExtension>
            <gpxtpx:hr>170</gpxtpx:hr>
          </gpxtpx:TrackPointExtension>
        </extensions>
      </trkpt>
      <trkpt lat="31.23752481106128" lon="121.60571018539072">
        <ele>4.56374782230705</ele>
        <time>1970-01-01T00:26:30.900000Z</time>
        <extensions>
          <gpxtpx:TrackPointExtension>
            <gpxtpx:hr>170</gpxtpx:hr>
          </gpxtpx:TrackPointExtension>
        </extensions>
      </trkpt>
      <trkpt lat="31.237521335100418" lon="121.60573805129363">
        <ele>4.561368002556264</ele>
        <time>1970-01-01T00:26:31.900000Z</time>
        <extensions>
          <gpxtpx:TrackPointExtension>
            <gpxtpx:hr>170</gpxtpx:hr>
          </gpxtpx:TrackPointExtension>
        </extensions>
      </trkpt>
      <trkpt lat="31.237518082169593" lon="121.60576585220511">
        <ele>4.5589024955406785</ele>
        <time>1970-01-01T00:26:32.900000Z</time>
        <extensions>
          <gpxtpx:TrackPointExtension>
            <gpxtpx:hr>170</gpxtpx:hr>
          </gpxtpx:TrackPointExtension>
        </extensions>
      </trkpt>
      <trkpt lat="31.23751477298207" lon="121.60579388665663">
        <ele>4.555150993168354</ele>
        <time>1970-01-01T00:26:33.900000Z</time>
        <extensions>
          <gpxtpx:TrackPointExtension>
            <gpxtpx:hr>170</gpxtpx:hr>
          </gpxtpx:TrackPointExtension>
        </extensions>
      </trkpt>
      <trkpt lat="31.23751116988899" lon="121.60582180002136">
        <ele>4.549159341491759</ele>
        <time>1970-01-01T00:26:34.900000Z</time>
        <extensions>
          <gpxtpx:TrackPointExtension>
            <gpxtpx:hr>170</gpxtpx:hr>
          </gpxtpx:TrackPointExtension>
        </extensions>
      </trkpt>
      <trkpt lat="31.237506902501107" lon="121.60584920014193">
        <ele>4.540202612988651</ele>
        <time>1970-01-01T00:26:35.900000Z</time>
        <extensions>
          <gpxtpx:TrackPointExtension>
            <gpxtpx:hr>170</gpxtpx:hr>
          </gpxtpx:TrackPointExtension>
        </extensions>
      </trkpt>
      <trkpt lat="31.23750226231353" lon="121.60587630833164">
        <ele>4.527964608743787</ele>
        <time>1970-01-01T00:26:36.900000Z</time>
        <extensions>
          <gpxtpx:TrackPointExtension>
            <gpxtpx:hr>170</gpxtpx:hr>
          </gpxtpx:TrackPointExtension>
        </extensions>
      </trkpt>
      <trkpt lat="31.23749765148097" lon="121.60590328431803">
        <ele>4.512744856998324</ele>
        <time>1970-01-01T00:26:37.900000Z</time>
        <extensions>
          <gpxtpx:TrackPointExtension>
            <gpxtpx:hr>170</gpxtpx:hr>
          </gpxtpx:TrackPointExtension>
        </extensions>
      </trkpt>
      <trkpt lat="31.23749272964162" lon="121.60592992265258">
        <ele>4.495532306842506</ele>
        <time>1970-01-01T00:26:38.900000Z</time>
        <extensions>
          <gpxtpx:TrackPointExtension>
            <gpxtpx:hr>170</gpxtpx:hr>
          </gpxtpx:TrackPointExtension>
        </extensions>
      </trkpt>
      <trkpt lat="31.23748755892808" lon="121.60595609447988">
        <ele>4.478246411308646</ele>
        <time>1970-01-01T00:26:39.900000Z</time>
        <extensions>
          <gpxtpx:TrackPointExtension>
            <gpxtpx:hr>170</gpxtpx:hr>
          </gpxtpx:TrackPointExtension>
        </extensions>
      </trkpt>
      <trkpt lat="31.237482651575156" lon="121.6059820666326">
        <ele>4.463659469038248</ele>
        <time>1970-01-01T00:26:40.900000Z</time>
        <extensions>
          <gpxtpx:TrackPointExtension>
            <gpxtpx:hr>170</gpxtpx:hr>
          </gpxtpx:TrackPointExtension>
        </extensions>
      </trkpt>
      <trkpt lat="31.237478048435303" lon="121.60600839161268">
        <ele>4.4550252025946975</ele>
        <time>1970-01-01T00:26:41.900000Z</time>
        <extensions>
          <gpxtpx:TrackPointExtension>
            <gpxtpx:hr>170</gpxtpx:hr>
          </gpxtpx:TrackPointExtension>
        </extensions>
      </trkpt>
      <trkpt lat="31.237473644979662" lon="121.60603508635141">
        <ele>4.4551512552425265</ele>
        <time>1970-01-01T00:26:42.900000Z</time>
        <extensions>
          <gpxtpx:TrackPointExtension>
            <gpxtpx:hr>170</gpxtpx:hr>
          </gpxtpx:TrackPointExtension>
        </extensions>
      </trkpt>
      <trkpt lat="31.237469211152423" lon="121.60606176374735">
        <ele>4.465799333527684</ele>
        <time>1970-01-01T00:26:43.900000Z</time>
        <extensions>
          <gpxtpx:TrackPointExtension>
            <gpxtpx:hr>170</gpxtpx:hr>
          </gpxtpx:TrackPointExtension>
        </extensions>
      </trkpt>
      <trkpt lat="31.23746447078131" lon="121.60608840050301">
        <ele>4.487672762945294</ele>
        <time>1970-01-01T00:26:44.900000Z</time>
        <extensions>
          <gpxtpx:TrackPointExtension>
            <gpxtpx:hr>170</gpxtpx:hr>
          </gpxtpx:TrackPointExtension>
        </extensions>
      </trkpt>
      <trkpt lat="31.237459516018504" lon="121.60611500165089">
        <ele>4.519809807650745</ele>
        <time>1970-01-01T00:26:45.900000Z</time>
        <extensions>
          <gpxtpx:TrackPointExtension>
            <gpxtpx:hr>170</gpxtpx:hr>
          </gpxtpx:TrackPointExtension>
        </extensions>
      </trkpt>
      <trkpt lat="31.237454479031097" lon="121.60614132813281">
        <ele>4.559349929913878</ele>
        <time>1970-01-01T00:26:46.900000Z</time>
        <extensions>
          <gpxtpx:TrackPointExtension>
            <gpxtpx:hr>170</gpxtpx:hr>
          </gpxtpx:TrackPointExtension>
        </extensions>
      </trkpt>
      <trkpt lat="31.237449097508577" lon="121.60616728676192">
        <ele>4.601863164454699</ele>
        <time>1970-01-01T00:26:48Z</time>
        <extensions>
          <gpxtpx:TrackPointExtension>
            <gpxtpx:hr>170</gpxtpx:hr>
          </gpxtpx:TrackPointExtension>
        </extensions>
      </trkpt>
      <trkpt lat="31.237443027530535" lon="121.6061927965376">
        <ele>4.642722246237099</ele>
        <time>1970-01-01T00:26:49Z</time>
        <extensions>
          <gpxtpx:TrackPointExtension>
            <gpxtpx:hr>170</gpxtpx:hr>
          </gpxtpx:TrackPointExtension>
        </extensions>
      </trkpt>
      <trkpt lat="31.237437376109987" lon="121.60621827565636">
        <ele>4.67925879266113</ele>
        <time>1970-01-01T00:26:50Z</time>
        <extensions>
          <gpxtpx:TrackPointExtension>
            <gpxtpx:hr>170</gpxtpx:hr>
          </gpxtpx:TrackPointExtension>
        </extensions>
      </trkpt>
      <trkpt lat="31.237433067838058" lon="121.60624429012313">
        <ele>4.710649746470153</ele>
        <time>1970-01-01T00:26:51Z</time>
        <extensions>
          <gpxtpx:TrackPointExtension>
            <gpxtpx:hr>170</gpxtpx:hr>
          </gpxtpx:TrackPointExtension>
        </extensions>
      </trkpt>
      <trkpt lat="31.237429886219335" lon="121.60627072128273">
        <ele>4.7369473380967975</ele>
        <time>1970-01-01T00:26:52Z</time>
        <extensions>
          <gpxtpx:TrackPointExtension>
            <gpxtpx:hr>170</gpxtpx:hr>
          </gpxtpx:TrackPointExtension>
        </extensions>
      </trkpt>
      <trkpt lat="31.237427491108175" lon="121.60629734630878">
        <ele>4.758490498177707</ele>
        <time>1970-01-01T00:26:53Z</time>
        <extensions>
          <gpxtpx:TrackPointExtension>
            <gpxtpx:hr>170</gpxtpx:hr>
          </gpxtpx:TrackPointExtension>
        </extensions>
      </trkpt>
      <trkpt lat="31.237425587764466" lon="121.60632424215805">
        <ele>4.775636907666922</ele>
        <time>1970-01-01T00:26:54Z</time>
        <extensions>
          <gpxtpx:TrackPointExtension>
            <gpxtpx:hr>170</gpxtpx:hr>
          </gpxtpx:TrackPointExtension>
        </extensions>
      </trkpt>
      <trkpt lat="31.237424371091258" lon="121.60635155732815">
        <ele>4.788745820522308</ele>
        <time>1970-01-01T00:26:55Z</time>
        <extensions>
          <gpxtpx:TrackPointExtension>
            <gpxtpx:hr>170</gpxtpx:hr>
          </gpxtpx:TrackPointExtension>
        </extensions>
      </trkpt>
      <trkpt lat="31.237423730654573" lon="121.60637920490142">
        <ele>4.798189357854426</ele>
        <time>1970-01-01T00:26:56Z</time>
        <extensions>
          <gpxtpx:TrackPointExtension>
            <gpxtpx:hr>170</gpxtpx:hr>
          </gpxtpx:TrackPointExtension>
        </extensions>
      </trkpt>
      <trkpt lat="31.237423377818967" lon="121.60640729002807">
        <ele>4.804298415780067</ele>
        <time>1970-01-01T00:26:57Z</time>
        <extensions>
          <gpxtpx:TrackPointExtension>
            <gpxtpx:hr>170</gpxtpx:hr>
          </gpxtpx:TrackPointExtension>
        </extensions>
      </trkpt>
      <trkpt lat="31.23742333761658" lon="121.60643582401926">
        <ele>4.807304175570607</ele>
        <time>1970-01-01T00:26:58Z</time>
        <extensions>
          <gpxtpx:TrackPointExtension>
            <gpxtpx:hr>170</gpxtpx:hr>
          </gpxtpx:TrackPointExtension>
        </extensions>
      </trkpt>
      <trkpt lat="31.237423457766006" lon="121.60646439382347">
        <ele>4.807311907410622</ele>
        <time>1970-01-01T00:26:59Z</time>
        <extensions>
          <gpxtpx:TrackPointExtension>
            <gpxtpx:hr>170</gpxtpx:hr>
          </gpxtpx:TrackPointExtension>
        </extensions>
      </trkpt>
      <trkpt lat="31.237423715810767" lon="121.60649297790418">
        <ele>4.804303822107613</ele>
        <time>1970-01-01T00:27:00Z</time>
        <extensions>
          <gpxtpx:TrackPointExtension>
            <gpxtpx:hr>170</gpxtpx:hr>
          </gpxtpx:TrackPointExtension>
        </extensions>
      </trkpt>
      <trkpt lat="31.237424323321214" lon="121.60652181228447">
        <ele>4.798160784877837</ele>
        <time>1970-01-01T00:27:01Z</time>
        <extensions>
          <gpxtpx:TrackPointExtension>
            <gpxtpx:hr>170</gpxtpx:hr>
          </gpxtpx:TrackPointExtension>
        </extensions>
      </trkpt>
      <trkpt lat="31.237425098595207" lon="121.60655096236161">
        <ele>4.788685935549438</ele>
        <time>1970-01-01T00:27:02Z</time>
        <extensions>
          <gpxtpx:TrackPointExtension>
            <gpxtpx:hr>170</gpxtpx:hr>
          </gpxtpx:TrackPointExtension>
        </extensions>
      </trkpt>
      <trkpt lat="31.23742599965501" lon="121.60658054929796">
        <ele>4.775651240721345</ele>
        <time>1970-01-01T00:27:03Z</time>
        <extensions>
          <gpxtpx:TrackPointExtension>
            <gpxtpx:hr>171</gpxtpx:hr>
          </gpxtpx:TrackPointExtension>
        </extensions>
      </trkpt>
      <trkpt lat="31.237427154003058" lon="121.60661046541533">
        <ele>4.758875662460923</ele>
        <time>1970-01-01T00:27:04Z</time>
        <extensions>
          <gpxtpx:TrackPointExtension>
            <gpxtpx:hr>171</gpxtpx:hr>
          </gpxtpx:TrackPointExtension>
        </extensions>
      </trkpt>
      <trkpt lat="31.237428224472524" lon="121.60664036247546">
        <ele>4.738343637436628</ele>
        <time>1970-01-01T00:27:05Z</time>
        <extensions>
          <gpxtpx:TrackPointExtension>
            <gpxtpx:hr>171</gpxtpx:hr>
          </gpxtpx:TrackPointExtension>
        </extensions>
      </trkpt>
      <trkpt lat="31.237429163998858" lon="121.6066703010014">
        <ele>4.714337907731533</ele>
        <time>1970-01-01T00:27:06Z</time>
        <extensions>
          <gpxtpx:TrackPointExtension>
            <gpxtpx:hr>171</gpxtpx:hr>
          </gpxtpx:TrackPointExtension>
        </extensions>
      </trkpt>
      <trkpt lat="31.23743032284821" lon="121.60670012433249">
        <ele>4.687533175572753</ele>
        <time>1970-01-01T00:27:07Z</time>
        <extensions>
          <gpxtpx:TrackPointExtension>
            <gpxtpx:hr>171</gpxtpx:hr>
          </gpxtpx:TrackPointExtension>
        </extensions>
      </trkpt>
      <trkpt lat="31.23743167392775" lon="121.60672953503088">
        <ele>4.659050814807415</ele>
        <time>1970-01-01T00:27:08Z</time>
        <extensions>
          <gpxtpx:TrackPointExtension>
            <gpxtpx:hr>171</gpxtpx:hr>
          </gpxtpx:TrackPointExtension>
        </extensions>
      </trkpt>
      <trkpt lat="31.2374330580913" lon="121.60675883187704">
        <ele>4.630369662307203</ele>
        <time>1970-01-01T00:27:09Z</time>
        <extensions>
          <gpxtpx:TrackPointExtension>
            <gpxtpx:hr>171</gpxtpx:hr>
          </gpxtpx:TrackPointExtension>
        </extensions>
      </trkpt>
      <trkpt lat="31.237434307936304" lon="121.60678802789077">
        <ele>4.60300593264401</ele>
        <time>1970-01-01T00:27:10Z</time>
        <extensions>
          <gpxtpx:TrackPointExtension>
            <gpxtpx:hr>171</gpxtpx:hr>
          </gpxtpx:TrackPointExtension>
        </extensions>
      </trkpt>
      <trkpt lat="31.23743504098566" lon="121.60681687936041">
        <ele>4.578202735632658</ele>
        <time>1970-01-01T00:27:11Z</time>
        <extensions>
          <gpxtpx:TrackPointExtension>
            <gpxtpx:hr>171</gpxtpx:hr>
          </gpxtpx:TrackPointExtension>
        </extensions>
      </trkpt>
      <trkpt lat="31.237435115492833" lon="121.6068456156698">
        <ele>4.556750547140837</ele>
        <time>1970-01-01T00:27:12Z</time>
        <extensions>
          <gpxtpx:TrackPointExtension>
            <gpxtpx:hr>171</gpxtpx:hr>
          </gpxtpx:TrackPointExtension>
        </extensions>
      </trkpt>
      <trkpt lat="31.237434831808894" lon="121.6068743221144">
        <ele>4.538911199197173</ele>
        <time>1970-01-01T00:27:13Z</time>
        <extensions>
          <gpxtpx:TrackPointExtension>
            <gpxtpx:hr>171</gpxtpx:hr>
          </gpxtpx:TrackPointExtension>
        </extensions>
      </trkpt>
      <trkpt lat="31.237434220911545" lon="121.60690280354876">
        <ele>4.524474201723933</ele>
        <time>1970-01-01T00:27:14Z</time>
        <extensions>
          <gpxtpx:TrackPointExtension>
            <gpxtpx:hr>172</gpxtpx:hr>
          </gpxtpx:TrackPointExtension>
        </extensions>
      </trkpt>
      <trkpt lat="31.237433440423906" lon="121.60693110627467">
        <ele>4.513022524304688</ele>
        <time>1970-01-01T00:27:15Z</time>
        <extensions>
          <gpxtpx:TrackPointExtension>
            <gpxtpx:hr>172</gpxtpx:hr>
          </gpxtpx:TrackPointExtension>
        </extensions>
      </trkpt>
      <trkpt lat="31.237432734625354" lon="121.60695927539878">
        <ele>4.504209265112877</ele>
        <time>1970-01-01T00:27:16Z</time>
        <extensions>
          <gpxtpx:TrackPointExtension>
            <gpxtpx:hr>172</gpxtpx:hr>
          </gpxtpx:TrackPointExtension>
        </extensions>
      </trkpt>
      <trkpt lat="31.23743222127357" lon="121.60698719796818">
        <ele>4.497866896912456</ele>
        <time>1970-01-01T00:27:17Z</time>
        <extensions>
          <gpxtpx:TrackPointExtension>
            <gpxtpx:hr>172</gpxtpx:hr>
          </gpxtpx:TrackPointExtension>
        </extensions>
      </trkpt>
      <trkpt lat="31.237432160788217" lon="121.60701489689676">
        <ele>4.4939841870218515</ele>
        <time>1970-01-01T00:27:18Z</time>
        <extensions>
          <gpxtpx:TrackPointExtension>
            <gpxtpx:hr>172</gpxtpx:hr>
          </gpxtpx:TrackPointExtension>
        </extensions>
      </trkpt>
      <trkpt lat="31.237432464716356" lon="121.60704234740459">
        <ele>4.492636780254543</ele>
        <time>1970-01-01T00:27:19Z</time>
        <extensions>
          <gpxtpx:TrackPointExtension>
            <gpxtpx:hr>172</gpxtpx:hr>
          </gpxtpx:TrackPointExtension>
        </extensions>
      </trkpt>
      <trkpt lat="31.23743285758863" lon="121.60706960648501">
        <ele>4.493907315656543</ele>
        <time>1970-01-01T00:27:20Z</time>
        <extensions>
          <gpxtpx:TrackPointExtension>
            <gpxtpx:hr>172</gpxtpx:hr>
          </gpxtpx:TrackPointExtension>
        </extensions>
      </trkpt>
      <trkpt lat="31.237433489223527" lon="121.60709713622037">
        <ele>4.49780597910285</ele>
        <time>1970-01-01T00:27:21Z</time>
        <extensions>
          <gpxtpx:TrackPointExtension>
            <gpxtpx:hr>172</gpxtpx:hr>
          </gpxtpx:TrackPointExtension>
        </extensions>
      </trkpt>
      <trkpt lat="31.23743444868395" lon="121.60712524322068">
        <ele>4.504241903312504</ele>
        <time>1970-01-01T00:27:22Z</time>
        <extensions>
          <gpxtpx:TrackPointExtension>
            <gpxtpx:hr>172</gpxtpx:hr>
          </gpxtpx:TrackPointExtension>
        </extensions>
      </trkpt>
      <trkpt lat="31.237435509771757" lon="121.60715380215606">
        <ele>4.513042652979493</ele>
        <time>1970-01-01T00:27:23Z</time>
        <extensions>
          <gpxtpx:TrackPointExtension>
            <gpxtpx:hr>172</gpxtpx:hr>
          </gpxtpx:TrackPointExtension>
        </extensions>
      </trkpt>
      <trkpt lat="31.237436588652287" lon="121.60718247809787">
        <ele>4.523949281312525</ele>
        <time>1970-01-01T00:27:24Z</time>
        <extensions>
          <gpxtpx:TrackPointExtension>
            <gpxtpx:hr>172</gpxtpx:hr>
          </gpxtpx:TrackPointExtension>
        </extensions>
      </trkpt>
      <trkpt lat="31.237437691372588" lon="121.60721095014817">
        <ele>4.536553725600243</ele>
        <time>1970-01-01T00:27:25Z</time>
        <extensions>
          <gpxtpx:TrackPointExtension>
            <gpxtpx:hr>172</gpxtpx:hr>
          </gpxtpx:TrackPointExtension>
        </extensions>
      </trkpt>
      <trkpt lat="31.237438868793053" lon="121.60723919233509">
        <ele>4.550220311619341</ele>
        <time>1970-01-01T00:27:26Z</time>
        <extensions>
          <gpxtpx:TrackPointExtension>
            <gpxtpx:hr>172</gpxtpx:hr>
          </gpxtpx:TrackPointExtension>
        </extensions>
      </trkpt>
      <trkpt lat="31.237440173154912" lon="121.6072675094471">
        <ele>4.564105202443898</ele>
        <time>1970-01-01T00:27:27Z</time>
        <extensions>
          <gpxtpx:TrackPointExtension>
            <gpxtpx:hr>172</gpxtpx:hr>
          </gpxtpx:TrackPointExtension>
        </extensions>
      </trkpt>
      <trkpt lat="31.237441442411864" lon="121.60729601727552">
        <ele>4.577317520044744</ele>
        <time>1970-01-01T00:27:28Z</time>
        <extensions>
          <gpxtpx:TrackPointExtension>
            <gpxtpx:hr>172</gpxtpx:hr>
          </gpxtpx:TrackPointExtension>
        </extensions>
      </trkpt>
      <trkpt lat="31.237442589861043" lon="121.60732465228713">
        <ele>4.589101723395288</ele>
        <time>1970-01-01T00:27:29Z</time>
        <extensions>
          <gpxtpx:TrackPointExtension>
            <gpxtpx:hr>172</gpxtpx:hr>
          </gpxtpx:TrackPointExtension>
        </extensions>
      </trkpt>
      <trkpt lat="31.23744369434609" lon="121.60735332218398">
        <ele>4.598956267349422</ele>
        <time>1970-01-01T00:27:30Z</time>
        <extensions>
          <gpxtpx:TrackPointExtension>
            <gpxtpx:hr>173</gpxtpx:hr>
          </gpxtpx:TrackPointExtension>
        </extensions>
      </trkpt>
      <trkpt lat="31.237444406089484" lon="121.60738183137474">
        <ele>4.606718829832971</ele>
        <time>1970-01-01T00:27:31Z</time>
        <extensions>
          <gpxtpx:TrackPointExtension>
            <gpxtpx:hr>173</gpxtpx:hr>
          </gpxtpx:TrackPointExtension>
        </extensions>
      </trkpt>
      <trkpt lat="31.237444604001332" lon="121.6074102897467">
        <ele>4.612576317042112</ele>
        <time>1970-01-01T00:27:32Z</time>
        <extensions>
          <gpxtpx:TrackPointExtension>
            <gpxtpx:hr>173</gpxtpx:hr>
          </gpxtpx:TrackPointExtension>
        </extensions>
      </trkpt>
      <trkpt lat="31.237444712504832" lon="121.60743899283403">
        <ele>4.6169558530673385</ele>
        <time>1970-01-01T00:27:33Z</time>
        <extensions>
          <gpxtpx:TrackPointExtension>
            <gpxtpx:hr>173</gpxtpx:hr>
          </gpxtpx:TrackPointExtension>
        </extensions>
      </trkpt>
      <trkpt lat="31.237444619523302" lon="121.60746784094168">
        <ele>4.620399014092982</ele>
        <time>1970-01-01T00:27:34Z</time>
        <extensions>
          <gpxtpx:TrackPointExtension>
            <gpxtpx:hr>173</gpxtpx:hr>
          </gpxtpx:TrackPointExtension>
        </extensions>
      </trkpt>
      <trkpt lat="31.237443975524073" lon="121.60749650883217">
        <ele>4.623493176884949</ele>
        <time>1970-01-01T00:27:35Z</time>
        <extensions>
          <gpxtpx:TrackPointExtension>
            <gpxtpx:hr>173</gpxtpx:hr>
          </gpxtpx:TrackPointExtension>
        </extensions>
      </trkpt>
      <trkpt lat="31.23744303161542" lon="121.60752517306248">
        <ele>4.626836372539401</ele>
        <time>1970-01-01T00:27:36Z</time>
        <extensions>
          <gpxtpx:TrackPointExtension>
            <gpxtpx:hr>173</gpxtpx:hr>
          </gpxtpx:TrackPointExtension>
        </extensions>
      </trkpt>
      <trkpt lat="31.237441950399386" lon="121.60755402857603">
        <ele>4.630976554006338</ele>
        <time>1970-01-01T00:27:37Z</time>
        <extensions>
          <gpxtpx:TrackPointExtension>
            <gpxtpx:hr>173</gpxtpx:hr>
          </gpxtpx:TrackPointExtension>
        </extensions>
      </trkpt>
      <trkpt lat="31.237440497568347" lon="121.60758283282351">
        <ele>4.636277887970209</ele>
        <time>1970-01-01T00:27:38Z</time>
        <extensions>
          <gpxtpx:TrackPointExtension>
            <gpxtpx:hr>173</gpxtpx:hr>
          </gpxtpx:TrackPointExtension>
        </extensions>
      </trkpt>
      <trkpt lat="31.237438851062375" lon="121.60761144900118">
        <ele>4.642786323092878</ele>
        <time>1970-01-01T00:27:39Z</time>
        <extensions>
          <gpxtpx:TrackPointExtension>
            <gpxtpx:hr>173</gpxtpx:hr>
          </gpxtpx:TrackPointExtension>
        </extensions>
      </trkpt>
      <trkpt lat="31.237437238445725" lon="121.60763995012556">
        <ele>4.650216582231224</ele>
        <time>1970-01-01T00:27:40Z</time>
        <extensions>
          <gpxtpx:TrackPointExtension>
            <gpxtpx:hr>173</gpxtpx:hr>
          </gpxtpx:TrackPointExtension>
        </extensions>
      </trkpt>
      <trkpt lat="31.237435707924853" lon="121.60766840945023">
        <ele>4.658048729412258</ele>
        <time>1970-01-01T00:27:41Z</time>
        <extensions>
          <gpxtpx:TrackPointExtension>
            <gpxtpx:hr>173</gpxtpx:hr>
          </gpxtpx:TrackPointExtension>
        </extensions>
      </trkpt>
      <trkpt lat="31.237434413718507" lon="121.60769691063577">
        <ele>4.6656063087284565</ele>
        <time>1970-01-01T00:27:42Z</time>
        <extensions>
          <gpxtpx:TrackPointExtension>
            <gpxtpx:hr>173</gpxtpx:hr>
          </gpxtpx:TrackPointExtension>
        </extensions>
      </trkpt>
      <trkpt lat="31.237433364377047" lon="121.60772535439382">
        <ele>4.672049860469997</ele>
        <time>1970-01-01T00:27:43Z</time>
        <extensions>
          <gpxtpx:TrackPointExtension>
            <gpxtpx:hr>173</gpxtpx:hr>
          </gpxtpx:TrackPointExtension>
        </extensions>
      </trkpt>
      <trkpt lat="31.237432386171566" lon="121.6077535031037">
        <ele>4.676336022093892</ele>
        <time>1970-01-01T00:27:44Z</time>
        <extensions>
          <gpxtpx:TrackPointExtension>
            <gpxtpx:hr>173</gpxtpx:hr>
          </gpxtpx:TrackPointExtension>
        </extensions>
      </trkpt>
      <trkpt lat="31.237431517930005" lon="121.60778136915847">
        <ele>4.6772064454853535</ele>
        <time>1970-01-01T00:27:45Z</time>
        <extensions>
          <gpxtpx:TrackPointExtension>
            <gpxtpx:hr>173</gpxtpx:hr>
          </gpxtpx:TrackPointExtension>
        </extensions>
      </trkpt>
      <trkpt lat="31.237431093981343" lon="121.60780936572995">
        <ele>4.673233615234494</ele>
        <time>1970-01-01T00:27:46Z</time>
        <extensions>
          <gpxtpx:TrackPointExtension>
            <gpxtpx:hr>173</gpxtpx:hr>
          </gpxtpx:TrackPointExtension>
        </extensions>
      </trkpt>
      <trkpt lat="31.23743139698346" lon="121.60783766714908">
        <ele>4.662947948090732</ele>
        <time>1970-01-01T00:27:47Z</time>
        <extensions>
          <gpxtpx:TrackPointExtension>
            <gpxtpx:hr>173</gpxtpx:hr>
          </gpxtpx:TrackPointExtension>
        </extensions>
      </trkpt>
      <trkpt lat="31.23743243046568" lon="121.60786609046659">
        <ele>4.645086729899049</ele>
        <time>1970-01-01T00:27:48Z</time>
        <extensions>
          <gpxtpx:TrackPointExtension>
            <gpxtpx:hr>173</gpxtpx:hr>
          </gpxtpx:TrackPointExtension>
        </extensions>
      </trkpt>
      <trkpt lat="31.23743386461085" lon="121.60789455011202">
        <ele>4.618940721265972</ele>
        <time>1970-01-01T00:27:49Z</time>
        <extensions>
          <gpxtpx:TrackPointExtension>
            <gpxtpx:hr>173</gpxtpx:hr>
          </gpxtpx:TrackPointExtension>
        </extensions>
      </trkpt>
      <trkpt lat="31.23743508011916" lon="121.60792302834177">
        <ele>4.584594719111919</ele>
        <time>1970-01-01T00:27:50Z</time>
        <extensions>
          <gpxtpx:TrackPointExtension>
            <gpxtpx:hr>173</gpxtpx:hr>
          </gpxtpx:TrackPointExtension>
        </extensions>
      </trkpt>
      <trkpt lat="31.237435811514562" lon="121.60795166255255">
        <ele>4.542982527054846</ele>
        <time>1970-01-01T00:27:51Z</time>
        <extensions>
          <gpxtpx:TrackPointExtension>
            <gpxtpx:hr>172</gpxtpx:hr>
          </gpxtpx:TrackPointExtension>
        </extensions>
      </trkpt>
      <trkpt lat="31.237436349115782" lon="121.60798067255112">
        <ele>4.495844038203359</ele>
        <time>1970-01-01T00:27:52Z</time>
        <extensions>
          <gpxtpx:TrackPointExtension>
            <gpxtpx:hr>172</gpxtpx:hr>
          </gpxtpx:TrackPointExtension>
        </extensions>
      </trkpt>
      <trkpt lat="31.23743670163206" lon="121.60800980130139">
        <ele>4.445515602827072</ele>
        <time>1970-01-01T00:27:53Z</time>
        <extensions>
          <gpxtpx:TrackPointExtension>
            <gpxtpx:hr>172</gpxtpx:hr>
          </gpxtpx:TrackPointExtension>
        </extensions>
      </trkpt>
      <trkpt lat="31.237436874129724" lon="121.6080384446465">
        <ele>4.394589357078075</ele>
        <time>1970-01-01T00:27:54Z</time>
        <extensions>
          <gpxtpx:TrackPointExtension>
            <gpxtpx:hr>172</gpxtpx:hr>
          </gpxtpx:TrackPointExtension>
        </extensions>
      </trkpt>
      <trkpt lat="31.237437185937065" lon="121.60806647964782">
        <ele>4.345572073943913</ele>
        <time>1970-01-01T00:27:55Z</time>
        <extensions>
          <gpxtpx:TrackPointExtension>
            <gpxtpx:hr>172</gpxtpx:hr>
          </gpxtpx:TrackPointExtension>
        </extensions>
      </trkpt>
      <trkpt lat="31.237437671697204" lon="121.6080940415696">
        <ele>4.300512017682195</ele>
        <time>1970-01-01T00:27:56Z</time>
        <extensions>
          <gpxtpx:TrackPointExtension>
            <gpxtpx:hr>171</gpxtpx:hr>
          </gpxtpx:TrackPointExtension>
        </extensions>
      </trkpt>
      <trkpt lat="31.23743834223233" lon="121.60812120091045">
        <ele>4.2606681091710925</ele>
        <time>1970-01-01T00:27:57Z</time>
        <extensions>
          <gpxtpx:TrackPointExtension>
            <gpxtpx:hr>171</gpxtpx:hr>
          </gpxtpx:TrackPointExtension>
        </extensions>
      </trkpt>
      <trkpt lat="31.237439409937817" lon="121.60814820049912">
        <ele>4.226407096721232</ele>
        <time>1970-01-01T00:27:58Z</time>
        <extensions>
          <gpxtpx:TrackPointExtension>
            <gpxtpx:hr>171</gpxtpx:hr>
          </gpxtpx:TrackPointExtension>
        </extensions>
      </trkpt>
      <trkpt lat="31.237440702611952" lon="121.60817518835255">
        <ele>4.197259687818587</ele>
        <time>1970-01-01T00:27:59Z</time>
        <extensions>
          <gpxtpx:TrackPointExtension>
            <gpxtpx:hr>171</gpxtpx:hr>
          </gpxtpx:TrackPointExtension>
        </extensions>
      </trkpt>
      <trkpt lat="31.23744178193663" lon="121.60820225230519">
        <ele>4.172078805975616</ele>
        <time>1970-01-01T00:28:00Z</time>
        <extensions>
          <gpxtpx:TrackPointExtension>
            <gpxtpx:hr>171</gpxtpx:hr>
          </gpxtpx:TrackPointExtension>
        </extensions>
      </trkpt>
      <trkpt lat="31.23744224136637" lon="121.60822951793125">
        <ele>4.149401135742664</ele>
        <time>1970-01-01T00:28:01Z</time>
        <extensions>
          <gpxtpx:TrackPointExtension>
            <gpxtpx:hr>170</gpxtpx:hr>
          </gpxtpx:TrackPointExtension>
        </extensions>
      </trkpt>
      <trkpt lat="31.237441872593017" lon="121.60825680891665">
        <ele>4.1278554098680615</ele>
        <time>1970-01-01T00:28:02Z</time>
        <extensions>
          <gpxtpx:TrackPointExtension>
            <gpxtpx:hr>170</gpxtpx:hr>
          </gpxtpx:TrackPointExtension>
        </extensions>
      </trkpt>
      <trkpt lat="31.237440781275783" lon="121.60828401148032">
        <ele>4.1064442079514265</ele>
        <time>1970-01-01T00:28:03Z</time>
        <extensions>
          <gpxtpx:TrackPointExtension>
            <gpxtpx:hr>170</gpxtpx:hr>
          </gpxtpx:TrackPointExtension>
        </extensions>
      </trkpt>
      <trkpt lat="31.23743936324975" lon="121.60831109739355">
        <ele>4.084741715341806</ele>
        <time>1970-01-01T00:28:04Z</time>
        <extensions>
          <gpxtpx:TrackPointExtension>
            <gpxtpx:hr>170</gpxtpx:hr>
          </gpxtpx:TrackPointExtension>
        </extensions>
      </trkpt>
      <trkpt lat="31.23743796971852" lon="121.6083380030918">
        <ele>4.062939663417637</ele>
        <time>1970-01-01T00:28:05Z</time>
        <extensions>
          <gpxtpx:TrackPointExtension>
            <gpxtpx:hr>170</gpxtpx:hr>
          </gpxtpx:TrackPointExtension>
        </extensions>
      </trkpt>
      <trkpt lat="31.237436515351433" lon="121.60836463602918">
        <ele>4.041598604992032</ele>
        <time>1970-01-01T00:28:06Z</time>
        <extensions>
          <gpxtpx:TrackPointExtension>
            <gpxtpx:hr>169</gpxtpx:hr>
          </gpxtpx:TrackPointExtension>
        </extensions>
      </trkpt>
      <trkpt lat="31.237435057552762" lon="121.60839080347525">
        <ele>4.0212571090087295</ele>
        <time>1970-01-01T00:28:07Z</time>
        <extensions>
          <gpxtpx:TrackPointExtension>
            <gpxtpx:hr>169</gpxtpx:hr>
          </gpxtpx:TrackPointExtension>
        </extensions>
      </trkpt>
      <trkpt lat="31.23743347762425" lon="121.608416361615">
        <ele>4.002191860228777</ele>
        <time>1970-01-01T00:28:08Z</time>
        <extensions>
          <gpxtpx:TrackPointExtension>
            <gpxtpx:hr>169</gpxtpx:hr>
          </gpxtpx:TrackPointExtension>
        </extensions>
      </trkpt>
      <trkpt lat="31.237431297851707" lon="121.60844140044732">
        <ele>3.9843879705294967</ele>
        <time>1970-01-01T00:28:09Z</time>
        <extensions>
          <gpxtpx:TrackPointExtension>
            <gpxtpx:hr>169</gpxtpx:hr>
          </gpxtpx:TrackPointExtension>
        </extensions>
      </trkpt>
      <trkpt lat="31.23742858021341" lon="121.60846643854806">
        <ele>3.9676489299163222</ele>
        <time>1970-01-01T00:28:10Z</time>
        <extensions>
          <gpxtpx:TrackPointExtension>
            <gpxtpx:hr>168</gpxtpx:hr>
          </gpxtpx:TrackPointExtension>
        </extensions>
      </trkpt>
      <trkpt lat="31.237425870149423" lon="121.60849190458212">
        <ele>3.951865720562637</ele>
        <time>1970-01-01T00:28:11Z</time>
        <extensions>
          <gpxtpx:TrackPointExtension>
            <gpxtpx:hr>168</gpxtpx:hr>
          </gpxtpx:TrackPointExtension>
        </extensions>
      </trkpt>
      <trkpt lat="31.237423806612764" lon="121.60851759652404">
        <ele>3.93737359251827</ele>
        <time>1970-01-01T00:28:12Z</time>
        <extensions>
          <gpxtpx:TrackPointExtension>
            <gpxtpx:hr>168</gpxtpx:hr>
          </gpxtpx:TrackPointExtension>
        </extensions>
      </trkpt>
      <trkpt lat="31.237423396841482" lon="121.60854326741917">
        <ele>3.925078117288649</ele>
        <time>1970-01-01T00:28:13Z</time>
        <extensions>
          <gpxtpx:TrackPointExtension>
            <gpxtpx:hr>168</gpxtpx:hr>
          </gpxtpx:TrackPointExtension>
        </extensions>
      </trkpt>
      <trkpt lat="31.237425993318713" lon="121.60856862604199">
        <ele>3.916170736774802</ele>
        <time>1970-01-01T00:28:14Z</time>
        <extensions>
          <gpxtpx:TrackPointExtension>
            <gpxtpx:hr>168</gpxtpx:hr>
          </gpxtpx:TrackPointExtension>
        </extensions>
      </trkpt>
      <trkpt lat="31.237431736097015" lon="121.60859297714055">
        <ele>3.911718798801303</ele>
        <time>1970-01-01T00:28:15Z</time>
        <extensions>
          <gpxtpx:TrackPointExtension>
            <gpxtpx:hr>168</gpxtpx:hr>
          </gpxtpx:TrackPointExtension>
        </extensions>
      </trkpt>
      <trkpt lat="31.237439620002643" lon="121.60861591767375">
        <ele>3.9124231850728393</ele>
        <time>1970-01-01T00:28:16Z</time>
        <extensions>
          <gpxtpx:TrackPointExtension>
            <gpxtpx:hr>168</gpxtpx:hr>
          </gpxtpx:TrackPointExtension>
        </extensions>
      </trkpt>
      <trkpt lat="31.237448386840597" lon="121.60863831413094">
        <ele>3.918477418832481</ele>
        <time>1970-01-01T00:28:17Z</time>
        <extensions>
          <gpxtpx:TrackPointExtension>
            <gpxtpx:hr>168</gpxtpx:hr>
          </gpxtpx:TrackPointExtension>
        </extensions>
      </trkpt>
      <trkpt lat="31.237456818748143" lon="121.60866140971875">
        <ele>3.929540641605854</ele>
        <time>1970-01-01T00:28:18Z</time>
        <extensions>
          <gpxtpx:TrackPointExtension>
            <gpxtpx:hr>168</gpxtpx:hr>
          </gpxtpx:TrackPointExtension>
        </extensions>
      </trkpt>
      <trkpt lat="31.237464864496484" lon="121.60868539543462">
        <ele>3.944936723448336</ele>
        <time>1970-01-01T00:28:19Z</time>
        <extensions>
          <gpxtpx:TrackPointExtension>
            <gpxtpx:hr>168</gpxtpx:hr>
          </gpxtpx:TrackPointExtension>
        </extensions>
      </trkpt>
      <trkpt lat="31.237473415424283" lon="121.60871012129435">
        <ele>3.963877304457128</ele>
        <time>1970-01-01T00:28:20Z</time>
        <extensions>
          <gpxtpx:TrackPointExtension>
            <gpxtpx:hr>168</gpxtpx:hr>
          </gpxtpx:TrackPointExtension>
        </extensions>
      </trkpt>
      <trkpt lat="31.237482764939536" lon="121.60873523538515">
        <ele>3.985490427352488</ele>
        <time>1970-01-01T00:28:21Z</time>
        <extensions>
          <gpxtpx:TrackPointExtension>
            <gpxtpx:hr>168</gpxtpx:hr>
          </gpxtpx:TrackPointExtension>
        </extensions>
      </trkpt>
      <trkpt lat="31.237492267305957" lon="121.60876015253136">
        <ele>4.008670342154801</ele>
        <time>1970-01-01T00:28:22Z</time>
        <extensions>
          <gpxtpx:TrackPointExtension>
            <gpxtpx:hr>168</gpxtpx:hr>
          </gpxtpx:TrackPointExtension>
        </extensions>
      </trkpt>
      <trkpt lat="31.237501139119804" lon="121.60878506092715">
        <ele>4.031948915682733</ele>
        <time>1970-01-01T00:28:23Z</time>
        <extensions>
          <gpxtpx:TrackPointExtension>
            <gpxtpx:hr>168</gpxtpx:hr>
          </gpxtpx:TrackPointExtension>
        </extensions>
      </trkpt>
      <trkpt lat="31.237508683693672" lon="121.6088105237597">
        <ele>4.053583168424666</ele>
        <time>1970-01-01T00:28:24Z</time>
        <extensions>
          <gpxtpx:TrackPointExtension>
            <gpxtpx:hr>168</gpxtpx:hr>
          </gpxtpx:TrackPointExtension>
        </extensions>
      </trkpt>
      <trkpt lat="31.237514444949515" lon="121.60883666075678">
        <ele>4.071780713275075</ele>
        <time>1970-01-01T00:28:25Z</time>
        <extensions>
          <gpxtpx:TrackPointExtension>
            <gpxtpx:hr>166</gpxtpx:hr>
          </gpxtpx:TrackPointExtension>
        </extensions>
      </trkpt>
      <trkpt lat="31.237518498959" lon="121.60886341738714">
        <ele>4.084950030781329</ele>
        <time>1970-01-01T00:28:26Z</time>
        <extensions>
          <gpxtpx:TrackPointExtension>
            <gpxtpx:hr>166</gpxtpx:hr>
          </gpxtpx:TrackPointExtension>
        </extensions>
      </trkpt>
      <trkpt lat="31.237520951217896" lon="121.60889064254127">
        <ele>4.092007679864764</ele>
        <time>1970-01-01T00:28:27Z</time>
        <extensions>
          <gpxtpx:TrackPointExtension>
            <gpxtpx:hr>166</gpxtpx:hr>
          </gpxtpx:TrackPointExtension>
        </extensions>
      </trkpt>
      <trkpt lat="31.237522007215258" lon="121.60891803724944">
        <ele>4.092619561590254</ele>
        <time>1970-01-01T00:28:28Z</time>
        <extensions>
          <gpxtpx:TrackPointExtension>
            <gpxtpx:hr>166</gpxtpx:hr>
          </gpxtpx:TrackPointExtension>
        </extensions>
      </trkpt>
      <trkpt lat="31.237522191577174" lon="121.6089455125803">
        <ele>4.087168331257999</ele>
        <time>1970-01-01T00:28:29Z</time>
        <extensions>
          <gpxtpx:TrackPointExtension>
            <gpxtpx:hr>166</gpxtpx:hr>
          </gpxtpx:TrackPointExtension>
        </extensions>
      </trkpt>
      <trkpt lat="31.23752161176029" lon="121.60897292066443">
        <ele>4.076571223326027</ele>
        <time>1970-01-01T00:28:30Z</time>
        <extensions>
          <gpxtpx:TrackPointExtension>
            <gpxtpx:hr>166</gpxtpx:hr>
          </gpxtpx:TrackPointExtension>
        </extensions>
      </trkpt>
      <trkpt lat="31.23752039047463" lon="121.60900000981246">
        <ele>4.062099356204271</ele>
        <time>1970-01-01T00:28:31Z</time>
        <extensions>
          <gpxtpx:TrackPointExtension>
            <gpxtpx:hr>166</gpxtpx:hr>
          </gpxtpx:TrackPointExtension>
        </extensions>
      </trkpt>
      <trkpt lat="31.237518713239524" lon="121.60902710077059">
        <ele>4.0451754834502935</ele>
        <time>1970-01-01T00:28:32Z</time>
        <extensions>
          <gpxtpx:TrackPointExtension>
            <gpxtpx:hr>167</gpxtpx:hr>
          </gpxtpx:TrackPointExtension>
        </extensions>
      </trkpt>
      <trkpt lat="31.237516832713357" lon="121.60905447742687">
        <ele>4.0271822502836585</ele>
        <time>1970-01-01T00:28:33Z</time>
        <extensions>
          <gpxtpx:TrackPointExtension>
            <gpxtpx:hr>167</gpxtpx:hr>
          </gpxtpx:TrackPointExtension>
        </extensions>
      </trkpt>
      <trkpt lat="31.237515718234768" lon="121.60908180882576">
        <ele>4.009289433248341</ele>
        <time>1970-01-01T00:28:34Z</time>
        <extensions>
          <gpxtpx:TrackPointExtension>
            <gpxtpx:hr>167</gpxtpx:hr>
          </gpxtpx:TrackPointExtension>
        </extensions>
      </trkpt>
      <trkpt lat="31.237515784217024" lon="121.60910918319685">
        <ele>3.992260005325079</ele>
        <time>1970-01-01T00:28:35Z</time>
        <extensions>
          <gpxtpx:TrackPointExtension>
            <gpxtpx:hr>167</gpxtpx:hr>
          </gpxtpx:TrackPointExtension>
        </extensions>
      </trkpt>
      <trkpt lat="31.237516185884836" lon="121.6091370361747">
        <ele>3.9763815319165587</ele>
        <time>1970-01-01T00:28:36Z</time>
        <extensions>
          <gpxtpx:TrackPointExtension>
            <gpxtpx:hr>168</gpxtpx:hr>
          </gpxtpx:TrackPointExtension>
        </extensions>
      </trkpt>
      <trkpt lat="31.237516298338182" lon="121.60916551117046">
        <ele>3.9616090608760715</ele>
        <time>1970-01-01T00:28:37Z</time>
        <extensions>
          <gpxtpx:TrackPointExtension>
            <gpxtpx:hr>168</gpxtpx:hr>
          </gpxtpx:TrackPointExtension>
        </extensions>
      </trkpt>
      <trkpt lat="31.237516497881153" lon="121.60919446597012">
        <ele>3.9477742444723845</ele>
        <time>1970-01-01T00:28:38Z</time>
        <extensions>
          <gpxtpx:TrackPointExtension>
            <gpxtpx:hr>168</gpxtpx:hr>
          </gpxtpx:TrackPointExtension>
        </extensions>
      </trkpt>
      <trkpt lat="31.237516902126757" lon="121.60922356300384">
        <ele>3.934698105789721</ele>
        <time>1970-01-01T00:28:39Z</time>
        <extensions>
          <gpxtpx:TrackPointExtension>
            <gpxtpx:hr>168</gpxtpx:hr>
          </gpxtpx:TrackPointExtension>
        </extensions>
      </trkpt>
      <trkpt lat="31.23751729337546" lon="121.60925255530408">
        <ele>3.9222199134528637</ele>
        <time>1970-01-01T00:28:40Z</time>
        <extensions>
          <gpxtpx:TrackPointExtension>
            <gpxtpx:hr>168</gpxtpx:hr>
          </gpxtpx:TrackPointExtension>
        </extensions>
      </trkpt>
      <trkpt lat="31.237517827330624" lon="121.60928166515396">
        <ele>3.9102188544347882</ele>
        <time>1970-01-01T00:28:41Z</time>
        <extensions>
          <gpxtpx:TrackPointExtension>
            <gpxtpx:hr>168</gpxtpx:hr>
          </gpxtpx:TrackPointExtension>
        </extensions>
      </trkpt>
      <trkpt lat="31.23751852856295" lon="121.60931115648991">
        <ele>3.898687827400863</ele>
        <time>1970-01-01T00:28:42Z</time>
        <extensions>
          <gpxtpx:TrackPointExtension>
            <gpxtpx:hr>168</gpxtpx:hr>
          </gpxtpx:TrackPointExtension>
        </extensions>
      </trkpt>
      <trkpt lat="31.23751927961358" lon="121.60934058392023">
        <ele>3.8878194987773895</ele>
        <time>1970-01-01T00:28:43Z</time>
        <extensions>
          <gpxtpx:TrackPointExtension>
            <gpxtpx:hr>168</gpxtpx:hr>
          </gpxtpx:TrackPointExtension>
        </extensions>
      </trkpt>
      <trkpt lat="31.237520327919263" lon="121.60936956361904">
        <ele>3.878020408563316</ele>
        <time>1970-01-01T00:28:44Z</time>
        <extensions>
          <gpxtpx:TrackPointExtension>
            <gpxtpx:hr>168</gpxtpx:hr>
          </gpxtpx:TrackPointExtension>
        </extensions>
      </trkpt>
      <trkpt lat="31.237521791994553" lon="121.60939842368234">
        <ele>3.8698299704119563</ele>
        <time>1970-01-01T00:28:45Z</time>
        <extensions>
          <gpxtpx:TrackPointExtension>
            <gpxtpx:hr>170</gpxtpx:hr>
          </gpxtpx:TrackPointExtension>
        </extensions>
      </trkpt>
      <trkpt lat="31.23752352595344" lon="121.6094273611822">
        <ele>3.8638010947033763</ele>
        <time>1970-01-01T00:28:46Z</time>
        <extensions>
          <gpxtpx:TrackPointExtension>
            <gpxtpx:hr>170</gpxtpx:hr>
          </gpxtpx:TrackPointExtension>
        </extensions>
      </trkpt>
      <trkpt lat="31.237525345489896" lon="121.60945610443639">
        <ele>3.860375895164907</ele>
        <time>1970-01-01T00:28:47Z</time>
        <extensions>
          <gpxtpx:TrackPointExtension>
            <gpxtpx:hr>170</gpxtpx:hr>
          </gpxtpx:TrackPointExtension>
        </extensions>
      </trkpt>
      <trkpt lat="31.237526756514686" lon="121.60948455007083">
        <ele>3.859752183780074</ele>
        <time>1970-01-01T00:28:48Z</time>
        <extensions>
          <gpxtpx:TrackPointExtension>
            <gpxtpx:hr>170</gpxtpx:hr>
          </gpxtpx:TrackPointExtension>
        </extensions>
      </trkpt>
      <trkpt lat="31.237527682253834" lon="121.60951260821224">
        <ele>3.861820395104587</ele>
        <time>1970-01-01T00:28:49Z</time>
        <extensions>
          <gpxtpx:TrackPointExtension>
            <gpxtpx:hr>170</gpxtpx:hr>
          </gpxtpx:TrackPointExtension>
        </extensions>
      </trkpt>
      <trkpt lat="31.237528646327718" lon="121.60954030990895">
        <ele>3.8662227177992463</ele>
        <time>1970-01-01T00:28:50Z</time>
        <extensions>
          <gpxtpx:TrackPointExtension>
            <gpxtpx:hr>171</gpxtpx:hr>
          </gpxtpx:TrackPointExtension>
        </extensions>
      </trkpt>
      <trkpt lat="31.237529825093755" lon="121.60956805505772">
        <ele>3.872441079467535</ele>
        <time>1970-01-01T00:28:51Z</time>
        <extensions>
          <gpxtpx:TrackPointExtension>
            <gpxtpx:hr>171</gpxtpx:hr>
          </gpxtpx:TrackPointExtension>
        </extensions>
      </trkpt>
      <trkpt lat="31.237530913401557" lon="121.60959588921295">
        <ele>3.8798621045425534</ele>
        <time>1970-01-01T00:28:52Z</time>
        <extensions>
          <gpxtpx:TrackPointExtension>
            <gpxtpx:hr>171</gpxtpx:hr>
          </gpxtpx:TrackPointExtension>
        </extensions>
      </trkpt>
      <trkpt lat="31.237532118230884" lon="121.60962375169127">
        <ele>3.887828091159463</ele>
        <time>1970-01-01T00:28:53Z</time>
        <extensions>
          <gpxtpx:TrackPointExtension>
            <gpxtpx:hr>171</gpxtpx:hr>
          </gpxtpx:TrackPointExtension>
        </extensions>
      </trkpt>
      <trkpt lat="31.237533554774664" lon="121.60965178876694">
        <ele>3.8956729266792536</ele>
        <time>1970-01-01T00:28:54Z</time>
        <extensions>
          <gpxtpx:TrackPointExtension>
            <gpxtpx:hr>171</gpxtpx:hr>
          </gpxtpx:TrackPointExtension>
        </extensions>
      </trkpt>
      <trkpt lat="31.237534908061757" lon="121.60967999615154">
        <ele>3.9027566853910685</ele>
        <time>1970-01-01T00:28:55Z</time>
        <extensions>
          <gpxtpx:TrackPointExtension>
            <gpxtpx:hr>171</gpxtpx:hr>
          </gpxtpx:TrackPointExtension>
        </extensions>
      </trkpt>
      <trkpt lat="31.237536273953975" lon="121.60970856348045">
        <ele>3.9084975821897388</ele>
        <time>1970-01-01T00:28:56Z</time>
        <extensions>
          <gpxtpx:TrackPointExtension>
            <gpxtpx:hr>171</gpxtpx:hr>
          </gpxtpx:TrackPointExtension>
        </extensions>
      </trkpt>
      <trkpt lat="31.237537529282907" lon="121.60973775941675">
        <ele>3.9123889477923512</ele>
        <time>1970-01-01T00:28:57Z</time>
        <extensions>
          <gpxtpx:TrackPointExtension>
            <gpxtpx:hr>171</gpxtpx:hr>
          </gpxtpx:TrackPointExtension>
        </extensions>
      </trkpt>
      <trkpt lat="31.23753851068935" lon="121.60976716070542">
        <ele>3.9140159878879786</ele>
        <time>1970-01-01T00:28:58Z</time>
        <extensions>
          <gpxtpx:TrackPointExtension>
            <gpxtpx:hr>170</gpxtpx:hr>
          </gpxtpx:TrackPointExtension>
        </extensions>
      </trkpt>
      <trkpt lat="31.237539477390364" lon="121.60979619252448">
        <ele>3.9130653142929077</ele>
        <time>1970-01-01T00:28:59Z</time>
        <extensions>
          <gpxtpx:TrackPointExtension>
            <gpxtpx:hr>170</gpxtpx:hr>
          </gpxtpx:TrackPointExtension>
        </extensions>
      </trkpt>
      <trkpt lat="31.23754038814645" lon="121.60982487382857">
        <ele>3.909302206709981</ele>
        <time>1970-01-01T00:29:00Z</time>
        <extensions>
          <gpxtpx:TrackPointExtension>
            <gpxtpx:hr>170</gpxtpx:hr>
          </gpxtpx:TrackPointExtension>
        </extensions>
      </trkpt>
      <trkpt lat="31.23754098878526" lon="121.6098533589893">
        <ele>3.9025748567655683</ele>
        <time>1970-01-01T00:29:01Z</time>
        <extensions>
          <gpxtpx:TrackPointExtension>
            <gpxtpx:hr>170</gpxtpx:hr>
          </gpxtpx:TrackPointExtension>
        </extensions>
      </trkpt>
      <trkpt lat="31.23754151950999" lon="121.60988187875446">
        <ele>3.8929313691332936</ele>
        <time>1970-01-01T00:29:02Z</time>
        <extensions>
          <gpxtpx:TrackPointExtension>
            <gpxtpx:hr>170</gpxtpx:hr>
          </gpxtpx:TrackPointExtension>
        </extensions>
      </trkpt>
      <trkpt lat="31.237542181552996" lon="121.60991073579723">
        <ele>3.88087160512805</ele>
        <time>1970-01-01T00:29:03Z</time>
        <extensions>
          <gpxtpx:TrackPointExtension>
            <gpxtpx:hr>170</gpxtpx:hr>
          </gpxtpx:TrackPointExtension>
        </extensions>
      </trkpt>
      <trkpt lat="31.237543121775122" lon="121.60993969316517">
        <ele>3.867513958364725</ele>
        <time>1970-01-01T00:29:04Z</time>
        <extensions>
          <gpxtpx:TrackPointExtension>
            <gpxtpx:hr>170</gpxtpx:hr>
          </gpxtpx:TrackPointExtension>
        </extensions>
      </trkpt>
      <trkpt lat="31.237544614671382" lon="121.6099683847932">
        <ele>3.854412980377674</ele>
        <time>1970-01-01T00:29:05Z</time>
        <extensions>
          <gpxtpx:TrackPointExtension>
            <gpxtpx:hr>171</gpxtpx:hr>
          </gpxtpx:TrackPointExtension>
        </extensions>
      </trkpt>
      <trkpt lat="31.23754642521609" lon="121.60999699380137">
        <ele>3.843169189989567</ele>
        <time>1970-01-01T00:29:06Z</time>
        <extensions>
          <gpxtpx:TrackPointExtension>
            <gpxtpx:hr>171</gpxtpx:hr>
          </gpxtpx:TrackPointExtension>
        </extensions>
      </trkpt>
      <trkpt lat="31.237548173278856" lon="121.61002564294544">
        <ele>3.8350886963307858</ele>
        <time>1970-01-01T00:29:07Z</time>
        <extensions>
          <gpxtpx:TrackPointExtension>
            <gpxtpx:hr>171</gpxtpx:hr>
          </gpxtpx:TrackPointExtension>
        </extensions>
      </trkpt>
      <trkpt lat="31.2375497635926" lon="121.61005421926264">
        <ele>3.8309136796742678</ele>
        <time>1970-01-01T00:29:08Z</time>
        <extensions>
          <gpxtpx:TrackPointExtension>
            <gpxtpx:hr>171</gpxtpx:hr>
          </gpxtpx:TrackPointExtension>
        </extensions>
      </trkpt>
      <trkpt lat="31.237551148193212" lon="121.6100826382211">
        <ele>3.830665335059166</ele>
        <time>1970-01-01T00:29:09Z</time>
        <extensions>
          <gpxtpx:TrackPointExtension>
            <gpxtpx:hr>171</gpxtpx:hr>
          </gpxtpx:TrackPointExtension>
        </extensions>
      </trkpt>
      <trkpt lat="31.237552205367898" lon="121.6101107978059">
        <ele>3.8337543308734894</ele>
        <time>1970-01-01T00:29:10Z</time>
        <extensions>
          <gpxtpx:TrackPointExtension>
            <gpxtpx:hr>171</gpxtpx:hr>
          </gpxtpx:TrackPointExtension>
        </extensions>
      </trkpt>
      <trkpt lat="31.237553068518597" lon="121.61013877921602">
        <ele>3.8392740190029144</ele>
        <time>1970-01-01T00:29:11Z</time>
        <extensions>
          <gpxtpx:TrackPointExtension>
            <gpxtpx:hr>169</gpxtpx:hr>
          </gpxtpx:TrackPointExtension>
        </extensions>
      </trkpt>
      <trkpt lat="31.237553575022684" lon="121.61016702479111">
        <ele>3.8462577601894736</ele>
        <time>1970-01-01T00:29:12Z</time>
        <extensions>
          <gpxtpx:TrackPointExtension>
            <gpxtpx:hr>169</gpxtpx:hr>
          </gpxtpx:TrackPointExtension>
        </extensions>
      </trkpt>
      <trkpt lat="31.237553433373318" lon="121.61019574415063">
        <ele>3.8538535814732313</ele>
        <time>1970-01-01T00:29:13Z</time>
        <extensions>
          <gpxtpx:TrackPointExtension>
            <gpxtpx:hr>169</gpxtpx:hr>
          </gpxtpx:TrackPointExtension>
        </extensions>
      </trkpt>
      <trkpt lat="31.237552890206107" lon="121.61022471823173">
        <ele>3.8614414213225245</ele>
        <time>1970-01-01T00:29:14Z</time>
        <extensions>
          <gpxtpx:TrackPointExtension>
            <gpxtpx:hr>169</gpxtpx:hr>
          </gpxtpx:TrackPointExtension>
        </extensions>
      </trkpt>
      <trkpt lat="31.237551943985682" lon="121.61025389445619">
        <ele>3.8686930537223816</ele>
        <time>1970-01-01T00:29:15Z</time>
        <extensions>
          <gpxtpx:TrackPointExtension>
            <gpxtpx:hr>169</gpxtpx:hr>
          </gpxtpx:TrackPointExtension>
        </extensions>
      </trkpt>
      <trkpt lat="31.237550490749932" lon="121.61028323124424">
        <ele>3.875600785948336</ele>
        <time>1970-01-01T00:29:16Z</time>
        <extensions>
          <gpxtpx:TrackPointExtension>
            <gpxtpx:hr>169</gpxtpx:hr>
          </gpxtpx:TrackPointExtension>
        </extensions>
      </trkpt>
      <trkpt lat="31.23754888411735" lon="121.61031266118908">
        <ele>3.8824435835704207</ele>
        <time>1970-01-01T00:29:17Z</time>
        <extensions>
          <gpxtpx:TrackPointExtension>
            <gpxtpx:hr>169</gpxtpx:hr>
          </gpxtpx:TrackPointExtension>
        </extensions>
      </trkpt>
      <trkpt lat="31.237547389209706" lon="121.61034239600501">
        <ele>3.88964799977839</ele>
        <time>1970-01-01T00:29:18Z</time>
        <extensions>
          <gpxtpx:TrackPointExtension>
            <gpxtpx:hr>169</gpxtpx:hr>
          </gpxtpx:TrackPointExtension>
        </extensions>
      </trkpt>
      <trkpt lat="31.237546006598578" lon="121.61037239074511">
        <ele>3.8976189149543643</ele>
        <time>1970-01-01T00:29:19Z</time>
        <extensions>
          <gpxtpx:TrackPointExtension>
            <gpxtpx:hr>169</gpxtpx:hr>
          </gpxtpx:TrackPointExtension>
        </extensions>
      </trkpt>
      <trkpt lat="31.23754489648222" lon="121.61040217413928">
        <ele>3.9066688315942883</ele>
        <time>1970-01-01T00:29:20Z</time>
        <extensions>
          <gpxtpx:TrackPointExtension>
            <gpxtpx:hr>170</gpxtpx:hr>
          </gpxtpx:TrackPointExtension>
        </extensions>
      </trkpt>
      <trkpt lat="31.237544160653623" lon="121.61043168328476">
        <ele>3.917043648660183</ele>
        <time>1970-01-01T00:29:21Z</time>
        <extensions>
          <gpxtpx:TrackPointExtension>
            <gpxtpx:hr>170</gpxtpx:hr>
          </gpxtpx:TrackPointExtension>
        </extensions>
      </trkpt>
      <trkpt lat="31.237543749325862" lon="121.61046102235288">
        <ele>3.9289709078148007</ele>
        <time>1970-01-01T00:29:22Z</time>
        <extensions>
          <gpxtpx:TrackPointExtension>
            <gpxtpx:hr>170</gpxtpx:hr>
          </gpxtpx:TrackPointExtension>
        </extensions>
      </trkpt>
      <trkpt lat="31.23754385014141" lon="121.61049002911712">
        <ele>3.9426921913400292</ele>
        <time>1970-01-01T00:29:23Z</time>
        <extensions>
          <gpxtpx:TrackPointExtension>
            <gpxtpx:hr>170</gpxtpx:hr>
          </gpxtpx:TrackPointExtension>
        </extensions>
      </trkpt>
      <trkpt lat="31.237544449548995" lon="121.6105188174743">
        <ele>3.9584697457030416</ele>
        <time>1970-01-01T00:29:24Z</time>
        <extensions>
          <gpxtpx:TrackPointExtension>
            <gpxtpx:hr>170</gpxtpx:hr>
          </gpxtpx:TrackPointExtension>
        </extensions>
      </trkpt>
      <trkpt lat="31.237545308114047" lon="121.61054754863227">
        <ele>3.97654761467129</ele>
        <time>1970-01-01T00:29:25Z</time>
        <extensions>
          <gpxtpx:TrackPointExtension>
            <gpxtpx:hr>170</gpxtpx:hr>
          </gpxtpx:TrackPointExtension>
        </extensions>
      </trkpt>
      <trkpt lat="31.23754646725341" lon="121.61057620497783">
        <ele>3.997056394815445</ele>
        <time>1970-01-01T00:29:26Z</time>
        <extensions>
          <gpxtpx:TrackPointExtension>
            <gpxtpx:hr>170</gpxtpx:hr>
          </gpxtpx:TrackPointExtension>
        </extensions>
      </trkpt>
      <trkpt lat="31.237547868457376" lon="121.61060481520182">
        <ele>4.019932778552175</ele>
        <time>1970-01-01T00:29:27Z</time>
        <extensions>
          <gpxtpx:TrackPointExtension>
            <gpxtpx:hr>170</gpxtpx:hr>
          </gpxtpx:TrackPointExtension>
        </extensions>
      </trkpt>
      <trkpt lat="31.237549235853542" lon="121.61063347550309">
        <ele>4.0449645929038525</ele>
        <time>1970-01-01T00:29:28Z</time>
        <extensions>
          <gpxtpx:TrackPointExtension>
            <gpxtpx:hr>170</gpxtpx:hr>
          </gpxtpx:TrackPointExtension>
        </extensions>
      </trkpt>
      <trkpt lat="31.237550490914483" lon="121.61066225886742">
        <ele>4.071914579719305</ele>
        <time>1970-01-01T00:29:29Z</time>
        <extensions>
          <gpxtpx:TrackPointExtension>
            <gpxtpx:hr>170</gpxtpx:hr>
          </gpxtpx:TrackPointExtension>
        </extensions>
      </trkpt>
      <trkpt lat="31.23755144168971" lon="121.61069125902874">
        <ele>4.10063530318439</ele>
        <time>1970-01-01T00:29:30Z</time>
        <extensions>
          <gpxtpx:TrackPointExtension>
            <gpxtpx:hr>170</gpxtpx:hr>
          </gpxtpx:TrackPointExtension>
        </extensions>
      </trkpt>
      <trkpt lat="31.237551840432683" lon="121.61072035127484">
        <ele>4.1311625968664885</ele>
        <time>1970-01-01T00:29:31Z</time>
        <extensions>
          <gpxtpx:TrackPointExtension>
            <gpxtpx:hr>170</gpxtpx:hr>
          </gpxtpx:TrackPointExtension>
        </extensions>
      </trkpt>
      <trkpt lat="31.23755167456572" lon="121.61074914996908">
        <ele>4.163761372677982</ele>
        <time>1970-01-01T00:29:32Z</time>
        <extensions>
          <gpxtpx:TrackPointExtension>
            <gpxtpx:hr>171</gpxtpx:hr>
          </gpxtpx:TrackPointExtension>
        </extensions>
      </trkpt>
      <trkpt lat="31.237550911099383" lon="121.61077763543562">
        <ele>4.198871375992894</ele>
        <time>1970-01-01T00:29:33Z</time>
        <extensions>
          <gpxtpx:TrackPointExtension>
            <gpxtpx:hr>171</gpxtpx:hr>
          </gpxtpx:TrackPointExtension>
        </extensions>
      </trkpt>
      <trkpt lat="31.23754957126844" lon="121.6108059511827">
        <ele>4.236955152824521</ele>
        <time>1970-01-01T00:29:34Z</time>
        <extensions>
          <gpxtpx:TrackPointExtension>
            <gpxtpx:hr>171</gpxtpx:hr>
          </gpxtpx:TrackPointExtension>
        </extensions>
      </trkpt>
      <trkpt lat="31.23754772184531" lon="121.61083405551813">
        <ele>4.278373472392559</ele>
        <time>1970-01-01T00:29:35Z</time>
        <extensions>
          <gpxtpx:TrackPointExtension>
            <gpxtpx:hr>171</gpxtpx:hr>
          </gpxtpx:TrackPointExtension>
        </extensions>
      </trkpt>
      <trkpt lat="31.237545344033805" lon="121.6108619312975">
        <ele>4.323382660746574</ele>
        <time>1970-01-01T00:29:36Z</time>
        <extensions>
          <gpxtpx:TrackPointExtension>
            <gpxtpx:hr>171</gpxtpx:hr>
          </gpxtpx:TrackPointExtension>
        </extensions>
      </trkpt>
      <trkpt lat="31.237542503069445" lon="121.61088946942817">
        <ele>4.372171748429537</ele>
        <time>1970-01-01T00:29:37Z</time>
        <extensions>
          <gpxtpx:TrackPointExtension>
            <gpxtpx:hr>172</gpxtpx:hr>
          </gpxtpx:TrackPointExtension>
        </extensions>
      </trkpt>
      <trkpt lat="31.237539449490896" lon="121.61091671979429">
        <ele>4.424888733774424</ele>
        <time>1970-01-01T00:29:38Z</time>
        <extensions>
          <gpxtpx:TrackPointExtension>
            <gpxtpx:hr>172</gpxtpx:hr>
          </gpxtpx:TrackPointExtension>
        </extensions>
      </trkpt>
      <trkpt lat="31.23753609049375" lon="121.61094422848015">
        <ele>4.481657411903143</ele>
        <time>1970-01-01T00:29:39Z</time>
        <extensions>
          <gpxtpx:TrackPointExtension>
            <gpxtpx:hr>172</gpxtpx:hr>
          </gpxtpx:TrackPointExtension>
        </extensions>
      </trkpt>
      <trkpt lat="31.237532390606127" lon="121.6109723575727">
        <ele>4.542573670856655</ele>
        <time>1970-01-01T00:29:40Z</time>
        <extensions>
          <gpxtpx:TrackPointExtension>
            <gpxtpx:hr>172</gpxtpx:hr>
          </gpxtpx:TrackPointExtension>
        </extensions>
      </trkpt>
      <trkpt lat="31.2375290944144" lon="121.61100104408698">
        <ele>4.607691679149866</ele>
        <time>1970-01-01T00:29:41Z</time>
        <extensions>
          <gpxtpx:TrackPointExtension>
            <gpxtpx:hr>172</gpxtpx:hr>
          </gpxtpx:TrackPointExtension>
        </extensions>
      </trkpt>
      <trkpt lat="31.23752628793695" lon="121.61103022497097">
        <ele>4.676991431042552</ele>
        <time>1970-01-01T00:29:42Z</time>
        <extensions>
          <gpxtpx:TrackPointExtension>
            <gpxtpx:hr>172</gpxtpx:hr>
          </gpxtpx:TrackPointExtension>
        </extensions>
      </trkpt>
      <trkpt lat="31.23752356969816" lon="121.61105960645368">
        <ele>4.750350780785084</ele>
        <time>1970-01-01T00:29:43Z</time>
        <extensions>
          <gpxtpx:TrackPointExtension>
            <gpxtpx:hr>172</gpxtpx:hr>
          </gpxtpx:TrackPointExtension>
        </extensions>
      </trkpt>
      <trkpt lat="31.237521125316484" lon="121.61108862469487">
        <ele>4.82754378952086</ele>
        <time>1970-01-01T00:29:44Z</time>
        <extensions>
          <gpxtpx:TrackPointExtension>
            <gpxtpx:hr>170</gpxtpx:hr>
          </gpxtpx:TrackPointExtension>
        </extensions>
      </trkpt>
      <trkpt lat="31.237518914384594" lon="121.61111711090211">
        <ele>4.908223983831704</ele>
        <time>1970-01-01T00:29:45Z</time>
        <extensions>
          <gpxtpx:TrackPointExtension>
            <gpxtpx:hr>170</gpxtpx:hr>
          </gpxtpx:TrackPointExtension>
        </extensions>
      </trkpt>
      <trkpt lat="31.237516917445955" lon="121.61114518580135">
        <ele>4.991889470256865</ele>
        <time>1970-01-01T00:29:46Z</time>
        <extensions>
          <gpxtpx:TrackPointExtension>
            <gpxtpx:hr>170</gpxtpx:hr>
          </gpxtpx:TrackPointExtension>
        </extensions>
      </trkpt>
      <trkpt lat="31.237515429234385" lon="121.61117290840008">
        <ele>5.077811905182898</ele>
        <time>1970-01-01T00:29:47Z</time>
        <extensions>
          <gpxtpx:TrackPointExtension>
            <gpxtpx:hr>170</gpxtpx:hr>
          </gpxtpx:TrackPointExtension>
        </extensions>
      </trkpt>
      <trkpt lat="31.23751448858536" lon="121.61120051624938">
        <ele>5.1649007154628634</ele>
        <time>1970-01-01T00:29:48Z</time>
        <extensions>
          <gpxtpx:TrackPointExtension>
            <gpxtpx:hr>170</gpxtpx:hr>
          </gpxtpx:TrackPointExtension>
        </extensions>
      </trkpt>
      <trkpt lat="31.23751399229514" lon="121.6112281236176">
        <ele>5.25150182005018</ele>
        <time>1970-01-01T00:29:49Z</time>
        <extensions>
          <gpxtpx:TrackPointExtension>
            <gpxtpx:hr>172</gpxtpx:hr>
          </gpxtpx:TrackPointExtension>
        </extensions>
      </trkpt>
      <trkpt lat="31.237514097057534" lon="121.61125554928714">
        <ele>5.335236079059541</ele>
        <time>1970-01-01T00:29:50Z</time>
        <extensions>
          <gpxtpx:TrackPointExtension>
            <gpxtpx:hr>172</gpxtpx:hr>
          </gpxtpx:TrackPointExtension>
        </extensions>
      </trkpt>
      <trkpt lat="31.237514600358494" lon="121.61128276297997">
        <ele>5.413063180632889</ele>
        <time>1970-01-01T00:29:51Z</time>
        <extensions>
          <gpxtpx:TrackPointExtension>
            <gpxtpx:hr>172</gpxtpx:hr>
          </gpxtpx:TrackPointExtension>
        </extensions>
      </trkpt>
      <trkpt lat="31.237515052318162" lon="121.61130968569869">
        <ele>5.481579561717808</ele>
        <time>1970-01-01T00:29:52Z</time>
        <extensions>
          <gpxtpx:TrackPointExtension>
            <gpxtpx:hr>172</gpxtpx:hr>
          </gpxtpx:TrackPointExtension>
        </extensions>
      </trkpt>
      <trkpt lat="31.237515468024863" lon="121.6113362382654">
        <ele>5.537301988340914</ele>
        <time>1970-01-01T00:29:53Z</time>
        <extensions>
          <gpxtpx:TrackPointExtension>
            <gpxtpx:hr>172</gpxtpx:hr>
          </gpxtpx:TrackPointExtension>
        </extensions>
      </trkpt>
      <trkpt lat="31.237515960937007" lon="121.61136286646554">
        <ele>5.576811261475086</ele>
        <time>1970-01-01T00:29:54Z</time>
        <extensions>
          <gpxtpx:TrackPointExtension>
            <gpxtpx:hr>172</gpxtpx:hr>
          </gpxtpx:TrackPointExtension>
        </extensions>
      </trkpt>
      <trkpt lat="31.23751664249664" lon="121.61138993155326">
        <ele>5.596882018260658</ele>
        <time>1970-01-01T00:29:55Z</time>
        <extensions>
          <gpxtpx:TrackPointExtension>
            <gpxtpx:hr>171</gpxtpx:hr>
          </gpxtpx:TrackPointExtension>
        </extensions>
      </trkpt>
      <trkpt lat="31.237517721645744" lon="121.61141724218447">
        <ele>5.594565602019429</ele>
        <time>1970-01-01T00:29:56Z</time>
        <extensions>
          <gpxtpx:TrackPointExtension>
            <gpxtpx:hr>171</gpxtpx:hr>
          </gpxtpx:TrackPointExtension>
        </extensions>
      </trkpt>
      <trkpt lat="31.237519118513966" lon="121.61144475598502">
        <ele>5.567297035828233</ele>
        <time>1970-01-01T00:29:57Z</time>
        <extensions>
          <gpxtpx:TrackPointExtension>
            <gpxtpx:hr>171</gpxtpx:hr>
          </gpxtpx:TrackPointExtension>
        </extensions>
      </trkpt>
      <trkpt lat="31.237520787704177" lon="121.61147256333868">
        <ele>5.51326132658869</ele>
        <time>1970-01-01T00:29:58Z</time>
        <extensions>
          <gpxtpx:TrackPointExtension>
            <gpxtpx:hr>171</gpxtpx:hr>
          </gpxtpx:TrackPointExtension>
        </extensions>
      </trkpt>
      <trkpt lat="31.23752307750806" lon="121.61150051561059">
        <ele>5.432110910303891</ele>
        <time>1970-01-01T00:29:59Z</time>
        <extensions>
          <gpxtpx:TrackPointExtension>
            <gpxtpx:hr>171</gpxtpx:hr>
          </gpxtpx:TrackPointExtension>
        </extensions>
      </trkpt>
      <trkpt lat="31.23752627525467" lon="121.61152877362362">
        <ele>5.326170204207301</ele>
        <time>1970-01-01T00:30:00Z</time>
        <extensions>
          <gpxtpx:TrackPointExtension>
            <gpxtpx:hr>171</gpxtpx:hr>
          </gpxtpx:TrackPointExtension>
        </extensions>
      </trkpt>
      <trkpt lat="31.237528286515747" lon="121.61154405856674">
        <ele>5.2619693800807</ele>
        <time>1970-01-01T00:30:00.500000Z</time>
        <extensions>
          <gpxtpx:TrackPointExtension>
            <gpxtpx:hr>171</gpxtpx:hr>
          </gpxtpx:TrackPointExtension>
        </extensions>
      </trkpt>
      <trkpt lat="31.237532001422338" lon="121.61157279951225">
        <ele>5.132635990157723</ele>
        <time>1970-01-01T00:30:01.500000Z</time>
        <extensions>
          <gpxtpx:TrackPointExtension>
            <gpxtpx:hr>172</gpxtpx:hr>
          </gpxtpx:TrackPointExtension>
        </extensions>
      </trkpt>
      <trkpt lat="31.237535557335683" lon="121.61160114890781">
        <ele>4.99410271178931</ele>
        <time>1970-01-01T00:30:02.500000Z</time>
        <extensions>
          <gpxtpx:TrackPointExtension>
            <gpxtpx:hr>172</gpxtpx:hr>
          </gpxtpx:TrackPointExtension>
        </extensions>
      </trkpt>
      <trkpt lat="31.237538884692732" lon="121.61162921213399">
        <ele>4.852729439735413</ele>
        <time>1970-01-01T00:30:03.500000Z</time>
        <extensions>
          <gpxtpx:TrackPointExtension>
            <gpxtpx:hr>172</gpxtpx:hr>
          </gpxtpx:TrackPointExtension>
        </extensions>
      </trkpt>
      <trkpt lat="31.237541580760357" lon="121.61165726821784">
        <ele>4.713729930110276</ele>
        <time>1970-01-01T00:30:04.500000Z</time>
        <extensions>
          <gpxtpx:TrackPointExtension>
            <gpxtpx:hr>172</gpxtpx:hr>
          </gpxtpx:TrackPointExtension>
        </extensions>
      </trkpt>
      <trkpt lat="31.237543626037443" lon="121.6116851965652">
        <ele>4.581836990080774</ele>
        <time>1970-01-01T00:30:05.500000Z</time>
        <extensions>
          <gpxtpx:TrackPointExtension>
            <gpxtpx:hr>173</gpxtpx:hr>
          </gpxtpx:TrackPointExtension>
        </extensions>
      </trkpt>
      <trkpt lat="31.23754528903682" lon="121.61171305164345">
        <ele>4.46068041305989</ele>
        <time>1970-01-01T00:30:06.500000Z</time>
        <extensions>
          <gpxtpx:TrackPointExtension>
            <gpxtpx:hr>173</gpxtpx:hr>
          </gpxtpx:TrackPointExtension>
        </extensions>
      </trkpt>
      <trkpt lat="31.23754689242595" lon="121.61174065796119">
        <ele>4.352289331145585</ele>
        <time>1970-01-01T00:30:07.500000Z</time>
        <extensions>
          <gpxtpx:TrackPointExtension>
            <gpxtpx:hr>173</gpxtpx:hr>
          </gpxtpx:TrackPointExtension>
        </extensions>
      </trkpt>
      <trkpt lat="31.237548905501946" lon="121.61176780987712">
        <ele>4.2576175685971975</ele>
        <time>1970-01-01T00:30:08.500000Z</time>
        <extensions>
          <gpxtpx:TrackPointExtension>
            <gpxtpx:hr>174</gpxtpx:hr>
          </gpxtpx:TrackPointExtension>
        </extensions>
      </trkpt>
      <trkpt lat="31.237551443743246" lon="121.61179463120665">
        <ele>4.1769244791939855</ele>
        <time>1970-01-01T00:30:09.500000Z</time>
        <extensions>
          <gpxtpx:TrackPointExtension>
            <gpxtpx:hr>174</gpxtpx:hr>
          </gpxtpx:TrackPointExtension>
        </extensions>
      </trkpt>
      <trkpt lat="31.237554016689028" lon="121.61182119582432">
        <ele>4.110371446236968</ele>
        <time>1970-01-01T00:30:10.500000Z</time>
        <extensions>
          <gpxtpx:TrackPointExtension>
            <gpxtpx:hr>174</gpxtpx:hr>
          </gpxtpx:TrackPointExtension>
        </extensions>
      </trkpt>
      <trkpt lat="31.23755673255359" lon="121.61184764798207">
        <ele>4.058217358775437</ele>
        <time>1970-01-01T00:30:11.500000Z</time>
        <extensions>
          <gpxtpx:TrackPointExtension>
            <gpxtpx:hr>174</gpxtpx:hr>
          </gpxtpx:TrackPointExtension>
        </extensions>
      </trkpt>
      <trkpt lat="31.23755999965532" lon="121.61187417168473">
        <ele>4.020304125733674</ele>
        <time>1970-01-01T00:30:12.500000Z</time>
        <extensions>
          <gpxtpx:TrackPointExtension>
            <gpxtpx:hr>174</gpxtpx:hr>
          </gpxtpx:TrackPointExtension>
        </extensions>
      </trkpt>
      <trkpt lat="31.237563577601016" lon="121.61190072073632">
        <ele>3.9957790076732635</ele>
        <time>1970-01-01T00:30:13.500000Z</time>
        <extensions>
          <gpxtpx:TrackPointExtension>
            <gpxtpx:hr>174</gpxtpx:hr>
          </gpxtpx:TrackPointExtension>
        </extensions>
      </trkpt>
      <trkpt lat="31.237567321550618" lon="121.61192733014127">
        <ele>3.9830183424055576</ele>
        <time>1970-01-01T00:30:14.500000Z</time>
        <extensions>
          <gpxtpx:TrackPointExtension>
            <gpxtpx:hr>173</gpxtpx:hr>
          </gpxtpx:TrackPointExtension>
        </extensions>
      </trkpt>
      <trkpt lat="31.23757130154075" lon="121.61195440434206">
        <ele>3.9800303438678384</ele>
        <time>1970-01-01T00:30:15.500000Z</time>
        <extensions>
          <gpxtpx:TrackPointExtension>
            <gpxtpx:hr>173</gpxtpx:hr>
          </gpxtpx:TrackPointExtension>
        </extensions>
      </trkpt>
      <trkpt lat="31.237575264620116" lon="121.61198195027453">
        <ele>3.9851702572777867</ele>
        <time>1970-01-01T00:30:16.500000Z</time>
        <extensions>
          <gpxtpx:TrackPointExtension>
            <gpxtpx:hr>173</gpxtpx:hr>
          </gpxtpx:TrackPointExtension>
        </extensions>
      </trkpt>
      <trkpt lat="31.237579386023548" lon="121.61200972447494">
        <ele>3.996972822584212</ele>
        <time>1970-01-01T00:30:17.500000Z</time>
        <extensions>
          <gpxtpx:TrackPointExtension>
            <gpxtpx:hr>173</gpxtpx:hr>
          </gpxtpx:TrackPointExtension>
        </extensions>
      </trkpt>
      <trkpt lat="31.23758416471138" lon="121.61203752362276">
        <ele>4.0138192269951105</ele>
        <time>1970-01-01T00:30:18.500000Z</time>
        <extensions>
          <gpxtpx:TrackPointExtension>
            <gpxtpx:hr>173</gpxtpx:hr>
          </gpxtpx:TrackPointExtension>
        </extensions>
      </trkpt>
      <trkpt lat="31.23758977359565" lon="121.61206534980951">
        <ele>4.033822349272668</ele>
        <time>1970-01-01T00:30:19.500000Z</time>
        <extensions>
          <gpxtpx:TrackPointExtension>
            <gpxtpx:hr>173</gpxtpx:hr>
          </gpxtpx:TrackPointExtension>
        </extensions>
      </trkpt>
      <trkpt lat="31.23759559225032" lon="121.6120929419996">
        <ele>4.055237229913473</ele>
        <time>1970-01-01T00:30:20.500000Z</time>
        <extensions>
          <gpxtpx:TrackPointExtension>
            <gpxtpx:hr>173</gpxtpx:hr>
          </gpxtpx:TrackPointExtension>
        </extensions>
      </trkpt>
      <trkpt lat="31.237601020371503" lon="121.61212013286443">
        <ele>4.07654669508338</ele>
        <time>1970-01-01T00:30:21.500000Z</time>
        <extensions>
          <gpxtpx:TrackPointExtension>
            <gpxtpx:hr>173</gpxtpx:hr>
          </gpxtpx:TrackPointExtension>
        </extensions>
      </trkpt>
      <trkpt lat="31.237606006527187" lon="121.61214678828398">
        <ele>4.096350762993097</ele>
        <time>1970-01-01T00:30:22.500000Z</time>
        <extensions>
          <gpxtpx:TrackPointExtension>
            <gpxtpx:hr>173</gpxtpx:hr>
          </gpxtpx:TrackPointExtension>
        </extensions>
      </trkpt>
      <trkpt lat="31.23761060746342" lon="121.61217260919003">
        <ele>4.113436298444867</ele>
        <time>1970-01-01T00:30:23.600000Z</time>
        <extensions>
          <gpxtpx:TrackPointExtension>
            <gpxtpx:hr>173</gpxtpx:hr>
          </gpxtpx:TrackPointExtension>
        </extensions>
      </trkpt>
      <trkpt lat="31.237614910948245" lon="121.61219756508962">
        <ele>4.126623212359846</ele>
        <time>1970-01-01T00:30:24.600000Z</time>
        <extensions>
          <gpxtpx:TrackPointExtension>
            <gpxtpx:hr>172</gpxtpx:hr>
          </gpxtpx:TrackPointExtension>
        </extensions>
      </trkpt>
      <trkpt lat="31.237618852627485" lon="121.61222151457592">
        <ele>4.13477579317987</ele>
        <time>1970-01-01T00:30:25.600000Z</time>
        <extensions>
          <gpxtpx:TrackPointExtension>
            <gpxtpx:hr>172</gpxtpx:hr>
          </gpxtpx:TrackPointExtension>
        </extensions>
      </trkpt>
      <trkpt lat="31.23762229663158" lon="121.61224416974876">
        <ele>4.137140682898462</ele>
        <time>1970-01-01T00:30:26.600000Z</time>
        <extensions>
          <gpxtpx:TrackPointExtension>
            <gpxtpx:hr>172</gpxtpx:hr>
          </gpxtpx:TrackPointExtension>
        </extensions>
      </trkpt>
      <trkpt lat="31.23762507377318" lon="121.61226524975261">
        <ele>4.133343464694917</ele>
        <time>1970-01-01T00:30:27.600000Z</time>
        <extensions>
          <gpxtpx:TrackPointExtension>
            <gpxtpx:hr>172</gpxtpx:hr>
          </gpxtpx:TrackPointExtension>
        </extensions>
      </trkpt>
      <trkpt lat="31.237626703206253" lon="121.61228470942304">
        <ele>4.122474452480674</ele>
        <time>1970-01-01T00:30:28.600000Z</time>
        <extensions>
          <gpxtpx:TrackPointExtension>
            <gpxtpx:hr>172</gpxtpx:hr>
          </gpxtpx:TrackPointExtension>
        </extensions>
      </trkpt>
      <trkpt lat="31.237626777006632" lon="121.61230299810957">
        <ele>4.103416008874774</ele>
        <time>1970-01-01T00:30:29.600000Z</time>
        <extensions>
          <gpxtpx:TrackPointExtension>
            <gpxtpx:hr>172</gpxtpx:hr>
          </gpxtpx:TrackPointExtension>
        </extensions>
      </trkpt>
      <trkpt lat="31.23762526482843" lon="121.61232029782383">
        <ele>4.075180871412158</ele>
        <time>1970-01-01T00:30:30.600000Z</time>
        <extensions>
          <gpxtpx:TrackPointExtension>
            <gpxtpx:hr>172</gpxtpx:hr>
          </gpxtpx:TrackPointExtension>
        </extensions>
      </trkpt>
      <trkpt lat="31.23762149843195" lon="121.61233614631595">
        <ele>4.037468890659511</ele>
        <time>1970-01-01T00:30:31.600000Z</time>
        <extensions>
          <gpxtpx:TrackPointExtension>
            <gpxtpx:hr>172</gpxtpx:hr>
          </gpxtpx:TrackPointExtension>
        </extensions>
      </trkpt>
      <trkpt lat="31.237615143730054" lon="121.61234990781864">
        <ele>3.990670104511082</ele>
        <time>1970-01-01T00:30:32.600000Z</time>
        <extensions>
          <gpxtpx:TrackPointExtension>
            <gpxtpx:hr>172</gpxtpx:hr>
          </gpxtpx:TrackPointExtension>
        </extensions>
      </trkpt>
      <trkpt lat="31.237607998262227" lon="121.61236207627533">
        <ele>3.935950639657676</ele>
        <time>1970-01-01T00:30:33.600000Z</time>
        <extensions>
          <gpxtpx:TrackPointExtension>
            <gpxtpx:hr>172</gpxtpx:hr>
          </gpxtpx:TrackPointExtension>
        </extensions>
      </trkpt>
      <trkpt lat="31.23760279976157" lon="121.61237342325704">
        <ele>3.8747632475569844</ele>
        <time>1970-01-01T00:30:34.600000Z</time>
        <extensions>
          <gpxtpx:TrackPointExtension>
            <gpxtpx:hr>172</gpxtpx:hr>
          </gpxtpx:TrackPointExtension>
        </extensions>
      </trkpt>
      <trkpt lat="31.237601214808482" lon="121.61238366621131">
        <ele>3.808981891721487</ele>
        <time>1970-01-01T00:30:35.600000Z</time>
        <extensions>
          <gpxtpx:TrackPointExtension>
            <gpxtpx:hr>172</gpxtpx:hr>
          </gpxtpx:TrackPointExtension>
        </extensions>
      </trkpt>
      <trkpt lat="31.237604817918502" lon="121.61239234278284">
        <ele>3.7403915552422404</ele>
        <time>1970-01-01T00:30:36.600000Z</time>
        <extensions>
          <gpxtpx:TrackPointExtension>
            <gpxtpx:hr>171</gpxtpx:hr>
          </gpxtpx:TrackPointExtension>
        </extensions>
      </trkpt>
      <trkpt lat="31.237612681262984" lon="121.61239977829379">
        <ele>3.670832447707653</ele>
        <time>1970-01-01T00:30:37.600000Z</time>
        <extensions>
          <gpxtpx:TrackPointExtension>
            <gpxtpx:hr>171</gpxtpx:hr>
          </gpxtpx:TrackPointExtension>
        </extensions>
      </trkpt>
      <trkpt lat="31.237621101118435" lon="121.61240828869472">
        <ele>3.6017256788909435</ele>
        <time>1970-01-01T00:30:38.600000Z</time>
        <extensions>
          <gpxtpx:TrackPointExtension>
            <gpxtpx:hr>171</gpxtpx:hr>
          </gpxtpx:TrackPointExtension>
        </extensions>
      </trkpt>
      <trkpt lat="31.237629440003353" lon="121.61241820035913">
        <ele>3.534240826033056</ele>
        <time>1970-01-01T00:30:39.600000Z</time>
        <extensions>
          <gpxtpx:TrackPointExtension>
            <gpxtpx:hr>171</gpxtpx:hr>
          </gpxtpx:TrackPointExtension>
        </extensions>
      </trkpt>
      <trkpt lat="31.237639185342417" lon="121.61242740776743">
        <ele>3.4693778213113546</ele>
        <time>1970-01-01T00:30:40.600000Z</time>
        <extensions>
          <gpxtpx:TrackPointExtension>
            <gpxtpx:hr>171</gpxtpx:hr>
          </gpxtpx:TrackPointExtension>
        </extensions>
      </trkpt>
      <trkpt lat="31.237650137890338" lon="121.61243540174233">
        <ele>3.4077979251742363</ele>
        <time>1970-01-01T00:30:41.600000Z</time>
        <extensions>
          <gpxtpx:TrackPointExtension>
            <gpxtpx:hr>171</gpxtpx:hr>
          </gpxtpx:TrackPointExtension>
        </extensions>
      </trkpt>
      <trkpt lat="31.237660531606817" lon="121.61244372886965">
        <ele>3.349873309955001</ele>
        <time>1970-01-01T00:30:42.600000Z</time>
        <extensions>
          <gpxtpx:TrackPointExtension>
            <gpxtpx:hr>171</gpxtpx:hr>
          </gpxtpx:TrackPointExtension>
        </extensions>
      </trkpt>
      <trkpt lat="31.237667948012643" lon="121.6124545095406">
        <ele>3.295552666299045</ele>
        <time>1970-01-01T00:30:43.600000Z</time>
        <extensions>
          <gpxtpx:TrackPointExtension>
            <gpxtpx:hr>171</gpxtpx:hr>
          </gpxtpx:TrackPointExtension>
        </extensions>
      </trkpt>
      <trkpt lat="31.237671222892327" lon="121.6124678883282">
        <ele>3.244620982557535</ele>
        <time>1970-01-01T00:30:44.600000Z</time>
        <extensions>
          <gpxtpx:TrackPointExtension>
            <gpxtpx:hr>160</gpxtpx:hr>
          </gpxtpx:TrackPointExtension>
        </extensions>
      </trkpt>
      <trkpt lat="31.237671429904655" lon="121.61248245772728">
        <ele>3.1969905514270067</ele>
        <time>1970-01-01T00:30:45.600000Z</time>
        <extensions>
          <gpxtpx:TrackPointExtension>
            <gpxtpx:hr>160</gpxtpx:hr>
          </gpxtpx:TrackPointExtension>
        </extensions>
      </trkpt>
      <trkpt lat="31.237669922556268" lon="121.6124974153434">
        <ele>3.1528429817408323</ele>
        <time>1970-01-01T00:30:46.600000Z</time>
        <extensions>
          <gpxtpx:TrackPointExtension>
            <gpxtpx:hr>160</gpxtpx:hr>
          </gpxtpx:TrackPointExtension>
        </extensions>
      </trkpt>
      <trkpt lat="31.237667521803516" lon="121.61251239063813">
        <ele>3.1125621581450105</ele>
        <time>1970-01-01T00:30:47.600000Z</time>
        <extensions>
          <gpxtpx:TrackPointExtension>
            <gpxtpx:hr>160</gpxtpx:hr>
          </gpxtpx:TrackPointExtension>
        </extensions>
      </trkpt>
      <trkpt lat="31.237664701432802" lon="121.61252716368068">
        <ele>3.076551243662834</ele>
        <time>1970-01-01T00:30:48.600000Z</time>
        <extensions>
          <gpxtpx:TrackPointExtension>
            <gpxtpx:hr>160</gpxtpx:hr>
          </gpxtpx:TrackPointExtension>
        </extensions>
      </trkpt>
      <trkpt lat="31.23766145944716" lon="121.61254154865856">
        <ele>3.045576454140246</ele>
        <time>1970-01-01T00:30:49.600000Z</time>
        <extensions>
          <gpxtpx:TrackPointExtension>
            <gpxtpx:hr>160</gpxtpx:hr>
          </gpxtpx:TrackPointExtension>
        </extensions>
      </trkpt>
      <trkpt lat="31.23765747017493" lon="121.61255542350878">
        <ele>3.0203808108344674</ele>
        <time>1970-01-01T00:30:50.600000Z</time>
        <extensions>
          <gpxtpx:TrackPointExtension>
            <gpxtpx:hr>158</gpxtpx:hr>
          </gpxtpx:TrackPointExtension>
        </extensions>
      </trkpt>
      <trkpt lat="31.237652362753465" lon="121.61256862786534">
        <ele>3.0017728321254253</ele>
        <time>1970-01-01T00:30:51.600000Z</time>
        <extensions>
          <gpxtpx:TrackPointExtension>
            <gpxtpx:hr>158</gpxtpx:hr>
          </gpxtpx:TrackPointExtension>
        </extensions>
      </trkpt>
      <trkpt lat="31.23764595290403" lon="121.61258089751973">
        <ele>2.9902993822470307</ele>
        <time>1970-01-01T00:30:52.600000Z</time>
        <extensions>
          <gpxtpx:TrackPointExtension>
            <gpxtpx:hr>158</gpxtpx:hr>
          </gpxtpx:TrackPointExtension>
        </extensions>
      </trkpt>
      <trkpt lat="31.23763841505556" lon="121.61259207875194">
        <ele>2.9863831866532564</ele>
        <time>1970-01-01T00:30:53.600000Z</time>
        <extensions>
          <gpxtpx:TrackPointExtension>
            <gpxtpx:hr>158</gpxtpx:hr>
          </gpxtpx:TrackPointExtension>
        </extensions>
      </trkpt>
      <trkpt lat="31.23763046171169" lon="121.6126025460421">
        <ele>2.9902937272563577</ele>
        <time>1970-01-01T00:30:54.600000Z</time>
        <extensions>
          <gpxtpx:TrackPointExtension>
            <gpxtpx:hr>158</gpxtpx:hr>
          </gpxtpx:TrackPointExtension>
        </extensions>
      </trkpt>
      <trkpt lat="31.237623356171255" lon="121.6126132139623">
        <ele>3.0018912069499493</ele>
        <time>1970-01-01T00:30:55.600000Z</time>
        <extensions>
          <gpxtpx:TrackPointExtension>
            <gpxtpx:hr>153</gpxtpx:hr>
          </gpxtpx:TrackPointExtension>
        </extensions>
      </trkpt>
      <trkpt lat="31.237617890319825" lon="121.61262406818936">
        <ele>3.0210452480241656</ele>
        <time>1970-01-01T00:30:56.600000Z</time>
        <extensions>
          <gpxtpx:TrackPointExtension>
            <gpxtpx:hr>153</gpxtpx:hr>
          </gpxtpx:TrackPointExtension>
        </extensions>
      </trkpt>
      <trkpt lat="31.237614642272373" lon="121.61263398618419">
        <ele>3.047408659942448</ele>
        <time>1970-01-01T00:30:57.600000Z</time>
        <extensions>
          <gpxtpx:TrackPointExtension>
            <gpxtpx:hr>153</gpxtpx:hr>
          </gpxtpx:TrackPointExtension>
        </extensions>
      </trkpt>
      <trkpt lat="31.237614666624715" lon="121.6126414392574">
        <ele>3.080564582720399</ele>
        <time>1970-01-01T00:30:58.600000Z</time>
        <extensions>
          <gpxtpx:TrackPointExtension>
            <gpxtpx:hr>153</gpxtpx:hr>
          </gpxtpx:TrackPointExtension>
        </extensions>
      </trkpt>
      <trkpt lat="31.237616821113374" lon="121.61264621959295">
        <ele>3.1199226463213563</ele>
        <time>1970-01-01T00:30:59.700000Z</time>
        <extensions>
          <gpxtpx:TrackPointExtension>
            <gpxtpx:hr>153</gpxtpx:hr>
          </gpxtpx:TrackPointExtension>
        </extensions>
      </trkpt>
      <trkpt lat="31.237619258282088" lon="121.61264972198697">
        <ele>3.1646494092419744</ele>
        <time>1970-01-01T00:31:00.700000Z</time>
        <extensions>
          <gpxtpx:TrackPointExtension>
            <gpxtpx:hr>153</gpxtpx:hr>
          </gpxtpx:TrackPointExtension>
        </extensions>
      </trkpt>
      <trkpt lat="31.237621757494594" lon="121.61265297927247">
        <ele>3.2140479255467653</ele>
        <time>1970-01-01T00:31:01.700000Z</time>
        <extensions>
          <gpxtpx:TrackPointExtension>
            <gpxtpx:hr>153</gpxtpx:hr>
          </gpxtpx:TrackPointExtension>
        </extensions>
      </trkpt>
      <trkpt lat="31.237624139389904" lon="121.61265672590393">
        <ele>3.2673973673954606</ele>
        <time>1970-01-01T00:31:02.700000Z</time>
        <extensions>
          <gpxtpx:TrackPointExtension>
            <gpxtpx:hr>153</gpxtpx:hr>
          </gpxtpx:TrackPointExtension>
        </extensions>
      </trkpt>
      <trkpt lat="31.23762610194949" lon="121.61266161608445">
        <ele>3.324057323858142</ele>
        <time>1970-01-01T00:31:03.700000Z</time>
        <extensions>
          <gpxtpx:TrackPointExtension>
            <gpxtpx:hr>153</gpxtpx:hr>
          </gpxtpx:TrackPointExtension>
        </extensions>
      </trkpt>
      <trkpt lat="31.237627234498355" lon="121.6126682727652">
        <ele>3.3833296997472644</ele>
        <time>1970-01-01T00:31:04.700000Z</time>
        <extensions>
          <gpxtpx:TrackPointExtension>
            <gpxtpx:hr>146</gpxtpx:hr>
          </gpxtpx:TrackPointExtension>
        </extensions>
      </trkpt>
      <trkpt lat="31.2376273426853" lon="121.61267722382439">
        <ele>3.4443703768774867</ele>
        <time>1970-01-01T00:31:05.700000Z</time>
        <extensions>
          <gpxtpx:TrackPointExtension>
            <gpxtpx:hr>146</gpxtpx:hr>
          </gpxtpx:TrackPointExtension>
        </extensions>
      </trkpt>
      <trkpt lat="31.23762729085485" lon="121.61268933658214">
        <ele>3.5061426674947143</ele>
        <time>1970-01-01T00:31:06.700000Z</time>
        <extensions>
          <gpxtpx:TrackPointExtension>
            <gpxtpx:hr>146</gpxtpx:hr>
          </gpxtpx:TrackPointExtension>
        </extensions>
      </trkpt>
      <trkpt lat="31.237627898928466" lon="121.61270414633061">
        <ele>3.5675402712076902</ele>
        <time>1970-01-01T00:31:07.700000Z</time>
        <extensions>
          <gpxtpx:TrackPointExtension>
            <gpxtpx:hr>146</gpxtpx:hr>
          </gpxtpx:TrackPointExtension>
        </extensions>
      </trkpt>
      <trkpt lat="31.237629279115904" lon="121.61272040124898">
        <ele>3.6275389725342393</ele>
        <time>1970-01-01T00:31:08.700000Z</time>
        <extensions>
          <gpxtpx:TrackPointExtension>
            <gpxtpx:hr>146</gpxtpx:hr>
          </gpxtpx:TrackPointExtension>
        </extensions>
      </trkpt>
      <trkpt lat="31.237631386878736" lon="121.61273803729951">
        <ele>3.685169441625476</ele>
        <time>1970-01-01T00:31:09.700000Z</time>
        <extensions>
          <gpxtpx:TrackPointExtension>
            <gpxtpx:hr>146</gpxtpx:hr>
          </gpxtpx:TrackPointExtension>
        </extensions>
      </trkpt>
      <trkpt lat="31.237633950430162" lon="121.6127564776509">
        <ele>3.739756257273257</ele>
        <time>1970-01-01T00:31:10.700000Z</time>
        <extensions>
          <gpxtpx:TrackPointExtension>
            <gpxtpx:hr>146</gpxtpx:hr>
          </gpxtpx:TrackPointExtension>
        </extensions>
      </trkpt>
      <trkpt lat="31.23763677386571" lon="121.61277519132773">
        <ele>3.7907790653407574</ele>
        <time>1970-01-01T00:31:11.700000Z</time>
        <extensions>
          <gpxtpx:TrackPointExtension>
            <gpxtpx:hr>146</gpxtpx:hr>
          </gpxtpx:TrackPointExtension>
        </extensions>
      </trkpt>
      <trkpt lat="31.237639518530845" lon="121.61279433797938">
        <ele>3.8379198228940368</ele>
        <time>1970-01-01T00:31:12.700000Z</time>
        <extensions>
          <gpxtpx:TrackPointExtension>
            <gpxtpx:hr>145</gpxtpx:hr>
          </gpxtpx:TrackPointExtension>
        </extensions>
      </trkpt>
      <trkpt lat="31.237641883953916" lon="121.61281393741328">
        <ele>3.880959083326161</ele>
        <time>1970-01-01T00:31:13.700000Z</time>
        <extensions>
          <gpxtpx:TrackPointExtension>
            <gpxtpx:hr>145</gpxtpx:hr>
          </gpxtpx:TrackPointExtension>
        </extensions>
      </trkpt>
      <trkpt lat="31.23764420455275" lon="121.61283399498538">
        <ele>3.9195897029712796</ele>
        <time>1970-01-01T00:31:14.700000Z</time>
        <extensions>
          <gpxtpx:TrackPointExtension>
            <gpxtpx:hr>145</gpxtpx:hr>
          </gpxtpx:TrackPointExtension>
        </extensions>
      </trkpt>
      <trkpt lat="31.23764685454781" lon="121.61285472830906">
        <ele>3.9533252734690905</ele>
        <time>1970-01-01T00:31:15.700000Z</time>
        <extensions>
          <gpxtpx:TrackPointExtension>
            <gpxtpx:hr>145</gpxtpx:hr>
          </gpxtpx:TrackPointExtension>
        </extensions>
      </trkpt>
      <trkpt lat="31.23765006438331" lon="121.61287671350378">
        <ele>3.9815182108432055</ele>
        <time>1970-01-01T00:31:16.700000Z</time>
        <extensions>
          <gpxtpx:TrackPointExtension>
            <gpxtpx:hr>145</gpxtpx:hr>
          </gpxtpx:TrackPointExtension>
        </extensions>
      </trkpt>
      <trkpt lat="31.237654501451722" lon="121.61290104592318">
        <ele>4.003686665557325</ele>
        <time>1970-01-01T00:31:17.700000Z</time>
        <extensions>
          <gpxtpx:TrackPointExtension>
            <gpxtpx:hr>145</gpxtpx:hr>
          </gpxtpx:TrackPointExtension>
        </extensions>
      </trkpt>
      <trkpt lat="31.23766070573703" lon="121.61292788441969">
        <ele>4.019623816013336</ele>
        <time>1970-01-01T00:31:18.700000Z</time>
        <extensions>
          <gpxtpx:TrackPointExtension>
            <gpxtpx:hr>145</gpxtpx:hr>
          </gpxtpx:TrackPointExtension>
        </extensions>
      </trkpt>
      <trkpt lat="31.237668902996802" lon="121.61295572331242">
        <ele>4.029497762210667</ele>
        <time>1970-01-01T00:31:19.700000Z</time>
        <extensions>
          <gpxtpx:TrackPointExtension>
            <gpxtpx:hr>146</gpxtpx:hr>
          </gpxtpx:TrackPointExtension>
        </extensions>
      </trkpt>
      <trkpt lat="31.237678355913566" lon="121.6129836486828">
        <ele>4.033929509110749</ele>
        <time>1970-01-01T00:31:20.700000Z</time>
        <extensions>
          <gpxtpx:TrackPointExtension>
            <gpxtpx:hr>146</gpxtpx:hr>
          </gpxtpx:TrackPointExtension>
        </extensions>
      </trkpt>
      <trkpt lat="31.237687590540048" lon="121.61301191222968">
        <ele>4.033926828764379</ele>
        <time>1970-01-01T00:31:21.700000Z</time>
        <extensions>
          <gpxtpx:TrackPointExtension>
            <gpxtpx:hr>146</gpxtpx:hr>
          </gpxtpx:TrackPointExtension>
        </extensions>
      </trkpt>
      <trkpt lat="31.237696284570646" lon="121.61304059420385">
        <ele>4.030545284040272</ele>
        <time>1970-01-01T00:31:22.700000Z</time>
        <extensions>
          <gpxtpx:TrackPointExtension>
            <gpxtpx:hr>146</gpxtpx:hr>
          </gpxtpx:TrackPointExtension>
        </extensions>
      </trkpt>
      <trkpt lat="31.237704695460017" lon="121.61306935379244">
        <ele>4.024346832185984</ele>
        <time>1970-01-01T00:31:23.700000Z</time>
        <extensions>
          <gpxtpx:TrackPointExtension>
            <gpxtpx:hr>146</gpxtpx:hr>
          </gpxtpx:TrackPointExtension>
        </extensions>
      </trkpt>
      <trkpt lat="31.237712832698886" lon="121.61309801757055">
        <ele>4.015199362300336</ele>
        <time>1970-01-01T00:31:24.700000Z</time>
        <extensions>
          <gpxtpx:TrackPointExtension>
            <gpxtpx:hr>146</gpxtpx:hr>
          </gpxtpx:TrackPointExtension>
        </extensions>
      </trkpt>
      <trkpt lat="31.237720873667897" lon="121.6131265638223">
        <ele>4.002592614851892</ele>
        <time>1970-01-01T00:31:25.700000Z</time>
        <extensions>
          <gpxtpx:TrackPointExtension>
            <gpxtpx:hr>146</gpxtpx:hr>
          </gpxtpx:TrackPointExtension>
        </extensions>
      </trkpt>
      <trkpt lat="31.237728715682426" lon="121.6131550145895">
        <ele>3.98588031437248</ele>
        <time>1970-01-01T00:31:26.700000Z</time>
        <extensions>
          <gpxtpx:TrackPointExtension>
            <gpxtpx:hr>146</gpxtpx:hr>
          </gpxtpx:TrackPointExtension>
        </extensions>
      </trkpt>
      <trkpt lat="31.237735986948252" lon="121.61318370601207">
        <ele>3.9644346749410033</ele>
        <time>1970-01-01T00:31:27.700000Z</time>
        <extensions>
          <gpxtpx:TrackPointExtension>
            <gpxtpx:hr>146</gpxtpx:hr>
          </gpxtpx:TrackPointExtension>
        </extensions>
      </trkpt>
      <trkpt lat="31.237742829485512" lon="121.61321267989857">
        <ele>3.938001012429595</ele>
        <time>1970-01-01T00:31:28.700000Z</time>
        <extensions>
          <gpxtpx:TrackPointExtension>
            <gpxtpx:hr>146</gpxtpx:hr>
          </gpxtpx:TrackPointExtension>
        </extensions>
      </trkpt>
      <trkpt lat="31.237749313688305" lon="121.61324167080029">
        <ele>3.9075587326660752</ele>
        <time>1970-01-01T00:31:29.700000Z</time>
        <extensions>
          <gpxtpx:TrackPointExtension>
            <gpxtpx:hr>149</gpxtpx:hr>
          </gpxtpx:TrackPointExtension>
        </extensions>
      </trkpt>
      <trkpt lat="31.237755182781083" lon="121.6132709025462">
        <ele>3.875056923367083</ele>
        <time>1970-01-01T00:31:30.700000Z</time>
        <extensions>
          <gpxtpx:TrackPointExtension>
            <gpxtpx:hr>149</gpxtpx:hr>
          </gpxtpx:TrackPointExtension>
        </extensions>
      </trkpt>
      <trkpt lat="31.23776078762557" lon="121.61330075836389">
        <ele>3.8424635250121355</ele>
        <time>1970-01-01T00:31:31.700000Z</time>
        <extensions>
          <gpxtpx:TrackPointExtension>
            <gpxtpx:hr>149</gpxtpx:hr>
          </gpxtpx:TrackPointExtension>
        </extensions>
      </trkpt>
      <trkpt lat="31.237766616371378" lon="121.61333172158888">
        <ele>3.811249867081642</ele>
        <time>1970-01-01T00:31:32.700000Z</time>
        <extensions>
          <gpxtpx:TrackPointExtension>
            <gpxtpx:hr>149</gpxtpx:hr>
          </gpxtpx:TrackPointExtension>
        </extensions>
      </trkpt>
      <trkpt lat="31.23777252011927" lon="121.61336391562867">
        <ele>3.78199496679008</ele>
        <time>1970-01-01T00:31:33.700000Z</time>
        <extensions>
          <gpxtpx:TrackPointExtension>
            <gpxtpx:hr>149</gpxtpx:hr>
          </gpxtpx:TrackPointExtension>
        </extensions>
      </trkpt>
      <trkpt lat="31.237778261551153" lon="121.6133964659477">
        <ele>3.754280307330191</ele>
        <time>1970-01-01T00:31:34.700000Z</time>
        <extensions>
          <gpxtpx:TrackPointExtension>
            <gpxtpx:hr>149</gpxtpx:hr>
          </gpxtpx:TrackPointExtension>
        </extensions>
      </trkpt>
      <trkpt lat="31.237783744931438" lon="121.61342848323562">
        <ele>3.7263971278443933</ele>
        <time>1970-01-01T00:31:35.800000Z</time>
        <extensions>
          <gpxtpx:TrackPointExtension>
            <gpxtpx:hr>149</gpxtpx:hr>
          </gpxtpx:TrackPointExtension>
        </extensions>
      </trkpt>
      <trkpt lat="31.237788784618758" lon="121.61345979141839">
        <ele>3.6954445550218225</ele>
        <time>1970-01-01T00:31:36.800000Z</time>
        <extensions>
          <gpxtpx:TrackPointExtension>
            <gpxtpx:hr>150</gpxtpx:hr>
          </gpxtpx:TrackPointExtension>
        </extensions>
      </trkpt>
      <trkpt lat="31.237793430266265" lon="121.6134903076302">
        <ele>3.658880226314068</ele>
        <time>1970-01-01T00:31:37.800000Z</time>
        <extensions>
          <gpxtpx:TrackPointExtension>
            <gpxtpx:hr>150</gpxtpx:hr>
          </gpxtpx:TrackPointExtension>
        </extensions>
      </trkpt>
      <trkpt lat="31.23779793380292" lon="121.61352009262542">
        <ele>3.6147600673139095</ele>
        <time>1970-01-01T00:31:38.800000Z</time>
        <extensions>
          <gpxtpx:TrackPointExtension>
            <gpxtpx:hr>150</gpxtpx:hr>
          </gpxtpx:TrackPointExtension>
        </extensions>
      </trkpt>
      <trkpt lat="31.237802339293932" lon="121.61354967000696">
        <ele>3.5615006824955344</ele>
        <time>1970-01-01T00:31:39.800000Z</time>
        <extensions>
          <gpxtpx:TrackPointExtension>
            <gpxtpx:hr>150</gpxtpx:hr>
          </gpxtpx:TrackPointExtension>
        </extensions>
      </trkpt>
      <trkpt lat="31.23780686275339" lon="121.6135792134958">
        <ele>3.499689556658268</ele>
        <time>1970-01-01T00:31:40.800000Z</time>
        <extensions>
          <gpxtpx:TrackPointExtension>
            <gpxtpx:hr>150</gpxtpx:hr>
          </gpxtpx:TrackPointExtension>
        </extensions>
      </trkpt>
      <trkpt lat="31.237811751816817" lon="121.61360839880827">
        <ele>3.4342203130945563</ele>
        <time>1970-01-01T00:31:41.800000Z</time>
        <extensions>
          <gpxtpx:TrackPointExtension>
            <gpxtpx:hr>150</gpxtpx:hr>
          </gpxtpx:TrackPointExtension>
        </extensions>
      </trkpt>
      <trkpt lat="31.237816872357303" lon="121.61363723314071">
        <ele>3.3743291022256017</ele>
        <time>1970-01-01T00:31:42.800000Z</time>
        <extensions>
          <gpxtpx:TrackPointExtension>
            <gpxtpx:hr>153</gpxtpx:hr>
          </gpxtpx:TrackPointExtension>
        </extensions>
      </trkpt>
      <trkpt lat="31.237822599276665" lon="121.61366578026275">
        <ele>3.3299021115526557</ele>
        <time>1970-01-01T00:31:43.800000Z</time>
        <extensions>
          <gpxtpx:TrackPointExtension>
            <gpxtpx:hr>153</gpxtpx:hr>
          </gpxtpx:TrackPointExtension>
        </extensions>
      </trkpt>
      <trkpt lat="31.23782881693628" lon="121.6136940450427">
        <ele>3.307541943155229</ele>
        <time>1970-01-01T00:31:44.800000Z</time>
        <extensions>
          <gpxtpx:TrackPointExtension>
            <gpxtpx:hr>153</gpxtpx:hr>
          </gpxtpx:TrackPointExtension>
        </extensions>
      </trkpt>
      <trkpt lat="31.237834730438678" lon="121.61372209007695">
        <ele>3.308832786977291</ele>
        <time>1970-01-01T00:31:45.800000Z</time>
        <extensions>
          <gpxtpx:TrackPointExtension>
            <gpxtpx:hr>153</gpxtpx:hr>
          </gpxtpx:TrackPointExtension>
        </extensions>
      </trkpt>
      <trkpt lat="31.237840178719328" lon="121.61374996296243">
        <ele>3.3306591399013996</ele>
        <time>1970-01-01T00:31:46.800000Z</time>
        <extensions>
          <gpxtpx:TrackPointExtension>
            <gpxtpx:hr>153</gpxtpx:hr>
          </gpxtpx:TrackPointExtension>
        </extensions>
      </trkpt>
      <trkpt lat="31.23784507091264" lon="121.61377794485249">
        <ele>3.367586763575673</ele>
        <time>1970-01-01T00:31:47.800000Z</time>
        <extensions>
          <gpxtpx:TrackPointExtension>
            <gpxtpx:hr>154</gpxtpx:hr>
          </gpxtpx:TrackPointExtension>
        </extensions>
      </trkpt>
      <trkpt lat="31.237849199955757" lon="121.61380651294377">
        <ele>3.4132744343951344</ele>
        <time>1970-01-01T00:31:48.800000Z</time>
        <extensions>
          <gpxtpx:TrackPointExtension>
            <gpxtpx:hr>154</gpxtpx:hr>
          </gpxtpx:TrackPointExtension>
        </extensions>
      </trkpt>
      <trkpt lat="31.237852743861897" lon="121.61383576212451">
        <ele>3.4621725091710687</ele>
        <time>1970-01-01T00:31:49.800000Z</time>
        <extensions>
          <gpxtpx:TrackPointExtension>
            <gpxtpx:hr>154</gpxtpx:hr>
          </gpxtpx:TrackPointExtension>
        </extensions>
      </trkpt>
      <trkpt lat="31.237855911827115" lon="121.61386551518882">
        <ele>3.510528387501836</ele>
        <time>1970-01-01T00:31:50.800000Z</time>
        <extensions>
          <gpxtpx:TrackPointExtension>
            <gpxtpx:hr>154</gpxtpx:hr>
          </gpxtpx:TrackPointExtension>
        </extensions>
      </trkpt>
      <trkpt lat="31.23785867122722" lon="121.61389586717605">
        <ele>3.555500816553831</ele>
        <time>1970-01-01T00:31:51.800000Z</time>
        <extensions>
          <gpxtpx:TrackPointExtension>
            <gpxtpx:hr>154</gpxtpx:hr>
          </gpxtpx:TrackPointExtension>
        </extensions>
      </trkpt>
      <trkpt lat="31.237861234855945" lon="121.61392668466104">
        <ele>3.5941377878189087</ele>
        <time>1970-01-01T00:31:52.800000Z</time>
        <extensions>
          <gpxtpx:TrackPointExtension>
            <gpxtpx:hr>154</gpxtpx:hr>
          </gpxtpx:TrackPointExtension>
        </extensions>
      </trkpt>
      <trkpt lat="31.237863742079597" lon="121.61395762843497">
        <ele>3.622281741350889</ele>
        <time>1970-01-01T00:31:53.800000Z</time>
        <extensions>
          <gpxtpx:TrackPointExtension>
            <gpxtpx:hr>154</gpxtpx:hr>
          </gpxtpx:TrackPointExtension>
        </extensions>
      </trkpt>
      <trkpt lat="31.237866111571776" lon="121.61398861085965">
        <ele>3.636702239513397</ele>
        <time>1970-01-01T00:31:54.800000Z</time>
        <extensions>
          <gpxtpx:TrackPointExtension>
            <gpxtpx:hr>154</gpxtpx:hr>
          </gpxtpx:TrackPointExtension>
        </extensions>
      </trkpt>
      <trkpt lat="31.23786840493097" lon="121.6140193066293">
        <ele>3.6387561820447445</ele>
        <time>1970-01-01T00:31:55.800000Z</time>
        <extensions>
          <gpxtpx:TrackPointExtension>
            <gpxtpx:hr>154</gpxtpx:hr>
          </gpxtpx:TrackPointExtension>
        </extensions>
      </trkpt>
      <trkpt lat="31.23787068294449" lon="121.61404948069716">
        <ele>3.6323151476681232</ele>
        <time>1970-01-01T00:31:56.800000Z</time>
        <extensions>
          <gpxtpx:TrackPointExtension>
            <gpxtpx:hr>154</gpxtpx:hr>
          </gpxtpx:TrackPointExtension>
        </extensions>
      </trkpt>
      <trkpt lat="31.237873103696508" lon="121.61407935321748">
        <ele>3.619921175763011</ele>
        <time>1970-01-01T00:31:57.800000Z</time>
        <extensions>
          <gpxtpx:TrackPointExtension>
            <gpxtpx:hr>154</gpxtpx:hr>
          </gpxtpx:TrackPointExtension>
        </extensions>
      </trkpt>
      <trkpt lat="31.23787610633748" lon="121.61410889471146">
        <ele>3.6023615691810846</ele>
        <time>1970-01-01T00:31:58.800000Z</time>
        <extensions>
          <gpxtpx:TrackPointExtension>
            <gpxtpx:hr>154</gpxtpx:hr>
          </gpxtpx:TrackPointExtension>
        </extensions>
      </trkpt>
      <trkpt lat="31.237879603449013" lon="121.61413803401096">
        <ele>3.5809399746358395</ele>
        <time>1970-01-01T00:31:59.800000Z</time>
        <extensions>
          <gpxtpx:TrackPointExtension>
            <gpxtpx:hr>156</gpxtpx:hr>
          </gpxtpx:TrackPointExtension>
        </extensions>
      </trkpt>
      <trkpt lat="31.23788323167051" lon="121.61416700976201">
        <ele>3.5606568241491914</ele>
        <time>1970-01-01T00:32:00.800000Z</time>
        <extensions>
          <gpxtpx:TrackPointExtension>
            <gpxtpx:hr>156</gpxtpx:hr>
          </gpxtpx:TrackPointExtension>
        </extensions>
      </trkpt>
      <trkpt lat="31.237887233793867" lon="121.6141958896612">
        <ele>3.5490735974162817</ele>
        <time>1970-01-01T00:32:01.800000Z</time>
        <extensions>
          <gpxtpx:TrackPointExtension>
            <gpxtpx:hr>156</gpxtpx:hr>
          </gpxtpx:TrackPointExtension>
        </extensions>
      </trkpt>
      <trkpt lat="31.237891534161346" lon="121.61422482447692">
        <ele>3.552757343277335</ele>
        <time>1970-01-01T00:32:02.800000Z</time>
        <extensions>
          <gpxtpx:TrackPointExtension>
            <gpxtpx:hr>156</gpxtpx:hr>
          </gpxtpx:TrackPointExtension>
        </extensions>
      </trkpt>
      <trkpt lat="31.237895634204705" lon="121.61425419393946">
        <ele>3.5729283299297094</ele>
        <time>1970-01-01T00:32:03.800000Z</time>
        <extensions>
          <gpxtpx:TrackPointExtension>
            <gpxtpx:hr>156</gpxtpx:hr>
          </gpxtpx:TrackPointExtension>
        </extensions>
      </trkpt>
      <trkpt lat="31.237899502817008" lon="121.61428399060688">
        <ele>3.6054741526022553</ele>
        <time>1970-01-01T00:32:04.800000Z</time>
        <extensions>
          <gpxtpx:TrackPointExtension>
            <gpxtpx:hr>159</gpxtpx:hr>
          </gpxtpx:TrackPointExtension>
        </extensions>
      </trkpt>
      <trkpt lat="31.237903079045168" lon="121.61431402854785">
        <ele>3.646604851819575</ele>
        <time>1970-01-01T00:32:05.800000Z</time>
        <extensions>
          <gpxtpx:TrackPointExtension>
            <gpxtpx:hr>159</gpxtpx:hr>
          </gpxtpx:TrackPointExtension>
        </extensions>
      </trkpt>
      <trkpt lat="31.237906224271335" lon="121.61434419268731">
        <ele>3.6949365632608533</ele>
        <time>1970-01-01T00:32:06.800000Z</time>
        <extensions>
          <gpxtpx:TrackPointExtension>
            <gpxtpx:hr>159</gpxtpx:hr>
          </gpxtpx:TrackPointExtension>
        </extensions>
      </trkpt>
      <trkpt lat="31.23790924560481" lon="121.61437436001401">
        <ele>3.7502253614366055</ele>
        <time>1970-01-01T00:32:07.800000Z</time>
        <extensions>
          <gpxtpx:TrackPointExtension>
            <gpxtpx:hr>159</gpxtpx:hr>
          </gpxtpx:TrackPointExtension>
        </extensions>
      </trkpt>
      <trkpt lat="31.23791223284663" lon="121.61440451104163">
        <ele>3.81071634683758</ele>
        <time>1970-01-01T00:32:08.800000Z</time>
        <extensions>
          <gpxtpx:TrackPointExtension>
            <gpxtpx:hr>159</gpxtpx:hr>
          </gpxtpx:TrackPointExtension>
        </extensions>
      </trkpt>
      <trkpt lat="31.237915114326817" lon="121.61443472113857">
        <ele>3.871673353947699</ele>
        <time>1970-01-01T00:32:09.800000Z</time>
        <extensions>
          <gpxtpx:TrackPointExtension>
            <gpxtpx:hr>159</gpxtpx:hr>
          </gpxtpx:TrackPointExtension>
        </extensions>
      </trkpt>
      <trkpt lat="31.237918144637483" lon="121.61446485392882">
        <ele>3.9275157442316413</ele>
        <time>1970-01-01T00:32:10.800000Z</time>
        <extensions>
          <gpxtpx:TrackPointExtension>
            <gpxtpx:hr>160</gpxtpx:hr>
          </gpxtpx:TrackPointExtension>
        </extensions>
      </trkpt>
      <trkpt lat="31.23792139427649" lon="121.61449454346922">
        <ele>3.972354842349887</ele>
        <time>1970-01-01T00:32:11.900000Z</time>
        <extensions>
          <gpxtpx:TrackPointExtension>
            <gpxtpx:hr>160</gpxtpx:hr>
          </gpxtpx:TrackPointExtension>
        </extensions>
      </trkpt>
      <trkpt lat="31.23792492565252" lon="121.61452379803389">
        <ele>4.000773799605668</ele>
        <time>1970-01-01T00:32:12.900000Z</time>
        <extensions>
          <gpxtpx:TrackPointExtension>
            <gpxtpx:hr>160</gpxtpx:hr>
          </gpxtpx:TrackPointExtension>
        </extensions>
      </trkpt>
      <trkpt lat="31.23792919044936" lon="121.614552941132">
        <ele>4.0110264252871275</ele>
        <time>1970-01-01T00:32:13.900000Z</time>
        <extensions>
          <gpxtpx:TrackPointExtension>
            <gpxtpx:hr>160</gpxtpx:hr>
          </gpxtpx:TrackPointExtension>
        </extensions>
      </trkpt>
      <trkpt lat="31.237933951375005" lon="121.61458203883826">
        <ele>4.004220348782837</ele>
        <time>1970-01-01T00:32:14.900000Z</time>
        <extensions>
          <gpxtpx:TrackPointExtension>
            <gpxtpx:hr>160</gpxtpx:hr>
          </gpxtpx:TrackPointExtension>
        </extensions>
      </trkpt>
      <trkpt lat="31.23793829208833" lon="121.6146111071794">
        <ele>3.983281950466335</ele>
        <time>1970-01-01T00:32:15.900000Z</time>
        <extensions>
          <gpxtpx:TrackPointExtension>
            <gpxtpx:hr>160</gpxtpx:hr>
          </gpxtpx:TrackPointExtension>
        </extensions>
      </trkpt>
      <trkpt lat="31.237941947996937" lon="121.61464013779279">
        <ele>3.9521561535075307</ele>
        <time>1970-01-01T00:32:16.900000Z</time>
        <extensions>
          <gpxtpx:TrackPointExtension>
            <gpxtpx:hr>160</gpxtpx:hr>
          </gpxtpx:TrackPointExtension>
        </extensions>
      </trkpt>
      <trkpt lat="31.237944980165413" lon="121.61466874613427">
        <ele>3.9145704647526145</ele>
        <time>1970-01-01T00:32:17.900000Z</time>
        <extensions>
          <gpxtpx:TrackPointExtension>
            <gpxtpx:hr>160</gpxtpx:hr>
          </gpxtpx:TrackPointExtension>
        </extensions>
      </trkpt>
      <trkpt lat="31.237947567208465" lon="121.6146967584377">
        <ele>3.8740252144634724</ele>
        <time>1970-01-01T00:32:18.900000Z</time>
        <extensions>
          <gpxtpx:TrackPointExtension>
            <gpxtpx:hr>160</gpxtpx:hr>
          </gpxtpx:TrackPointExtension>
        </extensions>
      </trkpt>
      <trkpt lat="31.237950201939157" lon="121.61472445346455">
        <ele>3.8319162651896477</ele>
        <time>1970-01-01T00:32:19.900000Z</time>
        <extensions>
          <gpxtpx:TrackPointExtension>
            <gpxtpx:hr>164</gpxtpx:hr>
          </gpxtpx:TrackPointExtension>
        </extensions>
      </trkpt>
      <trkpt lat="31.23795303907043" lon="121.61475213228165">
        <ele>3.7885349076241255</ele>
        <time>1970-01-01T00:32:20.900000Z</time>
        <extensions>
          <gpxtpx:TrackPointExtension>
            <gpxtpx:hr>164</gpxtpx:hr>
          </gpxtpx:TrackPointExtension>
        </extensions>
      </trkpt>
      <trkpt lat="31.237956101449743" lon="121.61478023175485">
        <ele>3.7420584643259645</ele>
        <time>1970-01-01T00:32:21.900000Z</time>
        <extensions>
          <gpxtpx:TrackPointExtension>
            <gpxtpx:hr>164</gpxtpx:hr>
          </gpxtpx:TrackPointExtension>
        </extensions>
      </trkpt>
      <trkpt lat="31.237959600309125" lon="121.61480910973691">
        <ele>3.6874354779720306</ele>
        <time>1970-01-01T00:32:22.900000Z</time>
        <extensions>
          <gpxtpx:TrackPointExtension>
            <gpxtpx:hr>164</gpxtpx:hr>
          </gpxtpx:TrackPointExtension>
        </extensions>
      </trkpt>
      <trkpt lat="31.237963415070542" lon="121.61483860821352">
        <ele>3.620633088052273</ele>
        <time>1970-01-01T00:32:23.900000Z</time>
        <extensions>
          <gpxtpx:TrackPointExtension>
            <gpxtpx:hr>164</gpxtpx:hr>
          </gpxtpx:TrackPointExtension>
        </extensions>
      </trkpt>
      <trkpt lat="31.2379673681785" lon="121.61486841286954">
        <ele>3.5403892267495394</ele>
        <time>1970-01-01T00:32:24.900000Z</time>
        <extensions>
          <gpxtpx:TrackPointExtension>
            <gpxtpx:hr>164</gpxtpx:hr>
          </gpxtpx:TrackPointExtension>
        </extensions>
      </trkpt>
      <trkpt lat="31.23797152682824" lon="121.6148981614401">
        <ele>3.448288956657052</ele>
        <time>1970-01-01T00:32:25.900000Z</time>
        <extensions>
          <gpxtpx:TrackPointExtension>
            <gpxtpx:hr>164</gpxtpx:hr>
          </gpxtpx:TrackPointExtension>
        </extensions>
      </trkpt>
      <trkpt lat="31.237975672048254" lon="121.61492756669493">
        <ele>3.3471525330096483</ele>
        <time>1970-01-01T00:32:26.900000Z</time>
        <extensions>
          <gpxtpx:TrackPointExtension>
            <gpxtpx:hr>166</gpxtpx:hr>
          </gpxtpx:TrackPointExtension>
        </extensions>
      </trkpt>
      <trkpt lat="31.23797959001586" lon="121.61495674898003">
        <ele>3.2395271146669984</ele>
        <time>1970-01-01T00:32:27.900000Z</time>
        <extensions>
          <gpxtpx:TrackPointExtension>
            <gpxtpx:hr>166</gpxtpx:hr>
          </gpxtpx:TrackPointExtension>
        </extensions>
      </trkpt>
      <trkpt lat="31.23798332711507" lon="121.61498576978464">
        <ele>3.1283144308254123</ele>
        <time>1970-01-01T00:32:28.900000Z</time>
        <extensions>
          <gpxtpx:TrackPointExtension>
            <gpxtpx:hr>166</gpxtpx:hr>
          </gpxtpx:TrackPointExtension>
        </extensions>
      </trkpt>
      <trkpt lat="31.237986641343724" lon="121.61501446531192">
        <ele>3.014438753016293</ele>
        <time>1970-01-01T00:32:29.900000Z</time>
        <extensions>
          <gpxtpx:TrackPointExtension>
            <gpxtpx:hr>166</gpxtpx:hr>
          </gpxtpx:TrackPointExtension>
        </extensions>
      </trkpt>
      <trkpt lat="31.23798951826105" lon="121.61504276887183">
        <ele>2.897759106941521</ele>
        <time>1970-01-01T00:32:30.900000Z</time>
        <extensions>
          <gpxtpx:TrackPointExtension>
            <gpxtpx:hr>166</gpxtpx:hr>
          </gpxtpx:TrackPointExtension>
        </extensions>
      </trkpt>
      <trkpt lat="31.23799233724477" lon="121.61507080349088">
        <ele>2.7815805301070213</ele>
        <time>1970-01-01T00:32:31.900000Z</time>
        <extensions>
          <gpxtpx:TrackPointExtension>
            <gpxtpx:hr>167</gpxtpx:hr>
          </gpxtpx:TrackPointExtension>
        </extensions>
      </trkpt>
      <trkpt lat="31.23799518352019" lon="121.61509868028251">
        <ele>2.6721471324563026</ele>
        <time>1970-01-01T00:32:32.900000Z</time>
        <extensions>
          <gpxtpx:TrackPointExtension>
            <gpxtpx:hr>167</gpxtpx:hr>
          </gpxtpx:TrackPointExtension>
        </extensions>
      </trkpt>
      <trkpt lat="31.237998139631074" lon="121.61512646024883">
        <ele>2.5770943723618984</ele>
        <time>1970-01-01T00:32:33.900000Z</time>
        <extensions>
          <gpxtpx:TrackPointExtension>
            <gpxtpx:hr>167</gpxtpx:hr>
          </gpxtpx:TrackPointExtension>
        </extensions>
      </trkpt>
      <trkpt lat="31.23800147555254" lon="121.61515428525897">
        <ele>2.501112057827413</ele>
        <time>1970-01-01T00:32:34.900000Z</time>
        <extensions>
          <gpxtpx:TrackPointExtension>
            <gpxtpx:hr>167</gpxtpx:hr>
          </gpxtpx:TrackPointExtension>
        </extensions>
      </trkpt>
      <trkpt lat="31.23800502121593" lon="121.61518213535827">
        <ele>2.443865869194269</ele>
        <time>1970-01-01T00:32:35.900000Z</time>
        <extensions>
          <gpxtpx:TrackPointExtension>
            <gpxtpx:hr>168</gpxtpx:hr>
          </gpxtpx:TrackPointExtension>
        </extensions>
      </trkpt>
      <trkpt lat="31.23800872782906" lon="121.6152098295849">
        <ele>2.4031847938895226</ele>
        <time>1970-01-01T00:32:36.900000Z</time>
        <extensions>
          <gpxtpx:TrackPointExtension>
            <gpxtpx:hr>168</gpxtpx:hr>
          </gpxtpx:TrackPointExtension>
        </extensions>
      </trkpt>
      <trkpt lat="31.238012978624862" lon="121.61523740777692">
        <ele>2.3769708974286914</ele>
        <time>1970-01-01T00:32:37.900000Z</time>
        <extensions>
          <gpxtpx:TrackPointExtension>
            <gpxtpx:hr>168</gpxtpx:hr>
          </gpxtpx:TrackPointExtension>
        </extensions>
      </trkpt>
      <trkpt lat="31.23801761978283" lon="121.61526522564907">
        <ele>2.3664368698373437</ele>
        <time>1970-01-01T00:32:38.900000Z</time>
        <extensions>
          <gpxtpx:TrackPointExtension>
            <gpxtpx:hr>168</gpxtpx:hr>
          </gpxtpx:TrackPointExtension>
        </extensions>
      </trkpt>
      <trkpt lat="31.238022481215825" lon="121.61529365641883">
        <ele>2.376007135026157</ele>
        <time>1970-01-01T00:32:39.900000Z</time>
        <extensions>
          <gpxtpx:TrackPointExtension>
            <gpxtpx:hr>168</gpxtpx:hr>
          </gpxtpx:TrackPointExtension>
        </extensions>
      </trkpt>
      <trkpt lat="31.238027539437766" lon="121.61532285539838">
        <ele>2.410342264920473</ele>
        <time>1970-01-01T00:32:40.900000Z</time>
        <extensions>
          <gpxtpx:TrackPointExtension>
            <gpxtpx:hr>169</gpxtpx:hr>
          </gpxtpx:TrackPointExtension>
        </extensions>
      </trkpt>
      <trkpt lat="31.23803232499439" lon="121.61535270516929">
        <ele>2.4729503728449345</ele>
        <time>1970-01-01T00:32:41.900000Z</time>
        <extensions>
          <gpxtpx:TrackPointExtension>
            <gpxtpx:hr>169</gpxtpx:hr>
          </gpxtpx:TrackPointExtension>
        </extensions>
      </trkpt>
      <trkpt lat="31.23803659724472" lon="121.61538296977852">
        <ele>2.565114383585751</ele>
        <time>1970-01-01T00:32:42.900000Z</time>
        <extensions>
          <gpxtpx:TrackPointExtension>
            <gpxtpx:hr>169</gpxtpx:hr>
          </gpxtpx:TrackPointExtension>
        </extensions>
      </trkpt>
      <trkpt lat="31.23804012334462" lon="121.61541342557564">
        <ele>2.6844498962163925</ele>
        <time>1970-01-01T00:32:43.900000Z</time>
        <extensions>
          <gpxtpx:TrackPointExtension>
            <gpxtpx:hr>169</gpxtpx:hr>
          </gpxtpx:TrackPointExtension>
        </extensions>
      </trkpt>
      <trkpt lat="31.238042556933493" lon="121.61544385198266">
        <ele>2.8221038430929184</ele>
        <time>1970-01-01T00:32:44.900000Z</time>
        <extensions>
          <gpxtpx:TrackPointExtension>
            <gpxtpx:hr>169</gpxtpx:hr>
          </gpxtpx:TrackPointExtension>
        </extensions>
      </trkpt>
      <trkpt lat="31.238043987905904" lon="121.61547431803045">
        <ele>2.964326032437384</ele>
        <time>1970-01-01T00:32:45.900000Z</time>
        <extensions>
          <gpxtpx:TrackPointExtension>
            <gpxtpx:hr>169</gpxtpx:hr>
          </gpxtpx:TrackPointExtension>
        </extensions>
      </trkpt>
      <trkpt lat="31.238044551005395" lon="121.61550472065575">
        <ele>3.097975565120578</ele>
        <time>1970-01-01T00:32:47Z</time>
        <extensions>
          <gpxtpx:TrackPointExtension>
            <gpxtpx:hr>169</gpxtpx:hr>
          </gpxtpx:TrackPointExtension>
        </extensions>
      </trkpt>
      <trkpt lat="31.23804384662911" lon="121.61553425569969">
        <ele>3.2129040081053972</ele>
        <time>1970-01-01T00:32:48Z</time>
        <extensions>
          <gpxtpx:TrackPointExtension>
            <gpxtpx:hr>169</gpxtpx:hr>
          </gpxtpx:TrackPointExtension>
        </extensions>
      </trkpt>
      <trkpt lat="31.238043628779103" lon="121.61556316794197">
        <ele>3.30467339605093</ele>
        <time>1970-01-01T00:32:49Z</time>
        <extensions>
          <gpxtpx:TrackPointExtension>
            <gpxtpx:hr>169</gpxtpx:hr>
          </gpxtpx:TrackPointExtension>
        </extensions>
      </trkpt>
      <trkpt lat="31.238045749866025" lon="121.61559230473054">
        <ele>3.373549960553646</ele>
        <time>1970-01-01T00:32:50Z</time>
        <extensions>
          <gpxtpx:TrackPointExtension>
            <gpxtpx:hr>169</gpxtpx:hr>
          </gpxtpx:TrackPointExtension>
        </extensions>
      </trkpt>
      <trkpt lat="31.238049532715287" lon="121.61562206310933">
        <ele>3.4227508706972003</ele>
        <time>1970-01-01T00:32:51Z</time>
        <extensions>
          <gpxtpx:TrackPointExtension>
            <gpxtpx:hr>169</gpxtpx:hr>
          </gpxtpx:TrackPointExtension>
        </extensions>
      </trkpt>
      <trkpt lat="31.238054285457448" lon="121.61565232742849">
        <ele>3.45704076718539</ele>
        <time>1970-01-01T00:32:52Z</time>
        <extensions>
          <gpxtpx:TrackPointExtension>
            <gpxtpx:hr>169</gpxtpx:hr>
          </gpxtpx:TrackPointExtension>
        </extensions>
      </trkpt>
      <trkpt lat="31.23805939828535" lon="121.6156824361871">
        <ele>3.481763412244618</ele>
        <time>1970-01-01T00:32:53Z</time>
        <extensions>
          <gpxtpx:TrackPointExtension>
            <gpxtpx:hr>170</gpxtpx:hr>
          </gpxtpx:TrackPointExtension>
        </extensions>
      </trkpt>
      <trkpt lat="31.238064505015963" lon="121.61571185046643">
        <ele>3.5021373331546783</ele>
        <time>1970-01-01T00:32:54Z</time>
        <extensions>
          <gpxtpx:TrackPointExtension>
            <gpxtpx:hr>170</gpxtpx:hr>
          </gpxtpx:TrackPointExtension>
        </extensions>
      </trkpt>
      <trkpt lat="31.238069670310953" lon="121.61574038437837">
        <ele>3.5228416500613093</ele>
        <time>1970-01-01T00:32:55Z</time>
        <extensions>
          <gpxtpx:TrackPointExtension>
            <gpxtpx:hr>170</gpxtpx:hr>
          </gpxtpx:TrackPointExtension>
        </extensions>
      </trkpt>
      <trkpt lat="31.238074766982475" lon="121.61576818223593">
        <ele>3.5479532554745674</ele>
        <time>1970-01-01T00:32:56Z</time>
        <extensions>
          <gpxtpx:TrackPointExtension>
            <gpxtpx:hr>170</gpxtpx:hr>
          </gpxtpx:TrackPointExtension>
        </extensions>
      </trkpt>
      <trkpt lat="31.238079201945933" lon="121.61579585097014">
        <ele>3.5810179226100445</ele>
        <time>1970-01-01T00:32:57Z</time>
        <extensions>
          <gpxtpx:TrackPointExtension>
            <gpxtpx:hr>170</gpxtpx:hr>
          </gpxtpx:TrackPointExtension>
        </extensions>
      </trkpt>
      <trkpt lat="31.238082907563953" lon="121.61582393679309">
        <ele>3.624925972893834</ele>
        <time>1970-01-01T00:32:58Z</time>
        <extensions>
          <gpxtpx:TrackPointExtension>
            <gpxtpx:hr>169</gpxtpx:hr>
          </gpxtpx:TrackPointExtension>
        </extensions>
      </trkpt>
      <trkpt lat="31.238086228399517" lon="121.6158524319843">
        <ele>3.6814239444211125</ele>
        <time>1970-01-01T00:32:59Z</time>
        <extensions>
          <gpxtpx:TrackPointExtension>
            <gpxtpx:hr>169</gpxtpx:hr>
          </gpxtpx:TrackPointExtension>
        </extensions>
      </trkpt>
      <trkpt lat="31.23808919044359" lon="121.61588112960699">
        <ele>3.75029441062361</ele>
        <time>1970-01-01T00:33:00Z</time>
        <extensions>
          <gpxtpx:TrackPointExtension>
            <gpxtpx:hr>169</gpxtpx:hr>
          </gpxtpx:TrackPointExtension>
        </extensions>
      </trkpt>
      <trkpt lat="31.23809195163803" lon="121.61591120305965">
        <ele>3.8314494360238314</ele>
        <time>1970-01-01T00:33:01Z</time>
        <extensions>
          <gpxtpx:TrackPointExtension>
            <gpxtpx:hr>169</gpxtpx:hr>
          </gpxtpx:TrackPointExtension>
        </extensions>
      </trkpt>
      <trkpt lat="31.238094463663916" lon="121.61594062011682">
        <ele>3.9134294036775827</ele>
        <time>1970-01-01T00:33:02Z</time>
        <extensions>
          <gpxtpx:TrackPointExtension>
            <gpxtpx:hr>169</gpxtpx:hr>
          </gpxtpx:TrackPointExtension>
        </extensions>
      </trkpt>
      <trkpt lat="31.23809681414651" lon="121.61597042837698">
        <ele>3.9940185891464353</ele>
        <time>1970-01-01T00:33:03Z</time>
        <extensions>
          <gpxtpx:TrackPointExtension>
            <gpxtpx:hr>169</gpxtpx:hr>
          </gpxtpx:TrackPointExtension>
        </extensions>
      </trkpt>
      <trkpt lat="31.23809913396305" lon="121.61600053152924">
        <ele>4.069588111713529</ele>
        <time>1970-01-01T00:33:04Z</time>
        <extensions>
          <gpxtpx:TrackPointExtension>
            <gpxtpx:hr>169</gpxtpx:hr>
          </gpxtpx:TrackPointExtension>
        </extensions>
      </trkpt>
      <trkpt lat="31.238101619154" lon="121.61603076865983">
        <ele>4.137815638445318</ele>
        <time>1970-01-01T00:33:05Z</time>
        <extensions>
          <gpxtpx:TrackPointExtension>
            <gpxtpx:hr>170</gpxtpx:hr>
          </gpxtpx:TrackPointExtension>
        </extensions>
      </trkpt>
      <trkpt lat="31.238104103793486" lon="121.61606091387128">
        <ele>4.198001274839044</ele>
        <time>1970-01-01T00:33:06Z</time>
        <extensions>
          <gpxtpx:TrackPointExtension>
            <gpxtpx:hr>170</gpxtpx:hr>
          </gpxtpx:TrackPointExtension>
        </extensions>
      </trkpt>
      <trkpt lat="31.23810653789202" lon="121.61609086526833">
        <ele>4.250587014481425</ele>
        <time>1970-01-01T00:33:07Z</time>
        <extensions>
          <gpxtpx:TrackPointExtension>
            <gpxtpx:hr>170</gpxtpx:hr>
          </gpxtpx:TrackPointExtension>
        </extensions>
      </trkpt>
      <trkpt lat="31.23810882537394" lon="121.6161205461118">
        <ele>4.294837260618806</ele>
        <time>1970-01-01T00:33:08Z</time>
        <extensions>
          <gpxtpx:TrackPointExtension>
            <gpxtpx:hr>170</gpxtpx:hr>
          </gpxtpx:TrackPointExtension>
        </extensions>
      </trkpt>
      <trkpt lat="31.238110852234154" lon="121.61614996286796">
        <ele>4.328251609578729</ele>
        <time>1970-01-01T00:33:09Z</time>
        <extensions>
          <gpxtpx:TrackPointExtension>
            <gpxtpx:hr>170</gpxtpx:hr>
          </gpxtpx:TrackPointExtension>
        </extensions>
      </trkpt>
      <trkpt lat="31.23811304752841" lon="121.61617917618302">
        <ele>4.3485124642029405</ele>
        <time>1970-01-01T00:33:10Z</time>
        <extensions>
          <gpxtpx:TrackPointExtension>
            <gpxtpx:hr>170</gpxtpx:hr>
          </gpxtpx:TrackPointExtension>
        </extensions>
      </trkpt>
      <trkpt lat="31.238115485462167" lon="121.61620809213309">
        <ele>4.35419671330601</ele>
        <time>1970-01-01T00:33:11Z</time>
        <extensions>
          <gpxtpx:TrackPointExtension>
            <gpxtpx:hr>170</gpxtpx:hr>
          </gpxtpx:TrackPointExtension>
        </extensions>
      </trkpt>
      <trkpt lat="31.238118000264585" lon="121.61623661287058">
        <ele>4.345191776752472</ele>
        <time>1970-01-01T00:33:12Z</time>
        <extensions>
          <gpxtpx:TrackPointExtension>
            <gpxtpx:hr>170</gpxtpx:hr>
          </gpxtpx:TrackPointExtension>
        </extensions>
      </trkpt>
      <trkpt lat="31.23812068912744" lon="121.61626485040182">
        <ele>4.322244944982231</ele>
        <time>1970-01-01T00:33:13Z</time>
        <extensions>
          <gpxtpx:TrackPointExtension>
            <gpxtpx:hr>170</gpxtpx:hr>
          </gpxtpx:TrackPointExtension>
        </extensions>
      </trkpt>
      <trkpt lat="31.238123280669928" lon="121.61629323150358">
        <ele>4.287218423560262</ele>
        <time>1970-01-01T00:33:14Z</time>
        <extensions>
          <gpxtpx:TrackPointExtension>
            <gpxtpx:hr>170</gpxtpx:hr>
          </gpxtpx:TrackPointExtension>
        </extensions>
      </trkpt>
      <trkpt lat="31.23812541342358" lon="121.61632200951878">
        <ele>4.2439300157129765</ele>
        <time>1970-01-01T00:33:15Z</time>
        <extensions>
          <gpxtpx:TrackPointExtension>
            <gpxtpx:hr>170</gpxtpx:hr>
          </gpxtpx:TrackPointExtension>
        </extensions>
      </trkpt>
      <trkpt lat="31.238127180533667" lon="121.61634865785928">
        <ele>4.202627262100577</ele>
        <time>1970-01-01T00:33:16Z</time>
        <extensions>
          <gpxtpx:TrackPointExtension>
            <gpxtpx:hr>170</gpxtpx:hr>
          </gpxtpx:TrackPointExtension>
        </extensions>
      </trkpt>
      <trkpt lat="31.2381291645813" lon="121.61637777897086">
        <ele>4.164378950372338</ele>
        <time>1970-01-01T00:33:17Z</time>
        <extensions>
          <gpxtpx:TrackPointExtension>
            <gpxtpx:hr>170</gpxtpx:hr>
          </gpxtpx:TrackPointExtension>
        </extensions>
      </trkpt>
      <trkpt lat="31.23813157930883" lon="121.61640975699628">
        <ele>4.133561896160245</ele>
        <time>1970-01-01T00:33:18Z</time>
        <extensions>
          <gpxtpx:TrackPointExtension>
            <gpxtpx:hr>170</gpxtpx:hr>
          </gpxtpx:TrackPointExtension>
        </extensions>
      </trkpt>
      <trkpt lat="31.238134316129564" lon="121.6164393122786">
        <ele>4.111196204088628</ele>
        <time>1970-01-01T00:33:19Z</time>
        <extensions>
          <gpxtpx:TrackPointExtension>
            <gpxtpx:hr>170</gpxtpx:hr>
          </gpxtpx:TrackPointExtension>
        </extensions>
      </trkpt>
      <trkpt lat="31.238137329353453" lon="121.61646569393415">
        <ele>4.093515829183161</ele>
        <time>1970-01-01T00:33:20Z</time>
        <extensions>
          <gpxtpx:TrackPointExtension>
            <gpxtpx:hr>170</gpxtpx:hr>
          </gpxtpx:TrackPointExtension>
        </extensions>
      </trkpt>
      <trkpt lat="31.23814183521703" lon="121.61649688883996">
        <ele>4.074362480081618</ele>
        <time>1970-01-01T00:33:21Z</time>
        <extensions>
          <gpxtpx:TrackPointExtension>
            <gpxtpx:hr>170</gpxtpx:hr>
          </gpxtpx:TrackPointExtension>
        </extensions>
      </trkpt>
      <trkpt lat="31.238146780948924" lon="121.61652256193142">
        <ele>4.059558724984527</ele>
        <time>1970-01-01T00:33:22Z</time>
        <extensions>
          <gpxtpx:TrackPointExtension>
            <gpxtpx:hr>170</gpxtpx:hr>
          </gpxtpx:TrackPointExtension>
        </extensions>
      </trkpt>
      <trkpt lat="31.238154110061345" lon="121.6165514715874">
        <ele>4.046365823596716</ele>
        <time>1970-01-01T00:33:23Z</time>
        <extensions>
          <gpxtpx:TrackPointExtension>
            <gpxtpx:hr>170</gpxtpx:hr>
          </gpxtpx:TrackPointExtension>
        </extensions>
      </trkpt>
      <trkpt lat="31.238163253635165" lon="121.61658457229531">
        <ele>4.036439884454012</ele>
        <time>1970-01-01T00:33:24.100000Z</time>
        <extensions>
          <gpxtpx:TrackPointExtension>
            <gpxtpx:hr>171</gpxtpx:hr>
          </gpxtpx:TrackPointExtension>
        </extensions>
      </trkpt>
      <trkpt lat="31.238171265795852" lon="121.61661563397521">
        <ele>4.0272077871486545</ele>
        <time>1970-01-01T00:33:25.100000Z</time>
        <extensions>
          <gpxtpx:TrackPointExtension>
            <gpxtpx:hr>171</gpxtpx:hr>
          </gpxtpx:TrackPointExtension>
        </extensions>
      </trkpt>
      <trkpt lat="31.238178700479438" lon="121.61664711468512">
        <ele>4.013588812202215</ele>
        <time>1970-01-01T00:33:26.100000Z</time>
        <extensions>
          <gpxtpx:TrackPointExtension>
            <gpxtpx:hr>171</gpxtpx:hr>
          </gpxtpx:TrackPointExtension>
        </extensions>
      </trkpt>
      <trkpt lat="31.238184730383594" lon="121.61667482931064">
        <ele>3.998995115980506</ele>
        <time>1970-01-01T00:33:27Z</time>
        <extensions>
          <gpxtpx:TrackPointExtension>
            <gpxtpx:hr>171</gpxtpx:hr>
          </gpxtpx:TrackPointExtension>
        </extensions>
      </trkpt>
      <trkpt lat="31.23819101368129" lon="121.61670500085634">
        <ele>3.9845025623217225</ele>
        <time>1970-01-01T00:33:28Z</time>
        <extensions>
          <gpxtpx:TrackPointExtension>
            <gpxtpx:hr>171</gpxtpx:hr>
          </gpxtpx:TrackPointExtension>
        </extensions>
      </trkpt>
      <trkpt lat="31.238197501131676" lon="121.61673745407757">
        <ele>3.9730436373502016</ele>
        <time>1970-01-01T00:33:29.100000Z</time>
        <extensions>
          <gpxtpx:TrackPointExtension>
            <gpxtpx:hr>171</gpxtpx:hr>
          </gpxtpx:TrackPointExtension>
        </extensions>
      </trkpt>
      <trkpt lat="31.238202827179745" lon="121.61676593828089">
        <ele>3.9641768895089626</ele>
        <time>1970-01-01T00:33:30.100000Z</time>
        <extensions>
          <gpxtpx:TrackPointExtension>
            <gpxtpx:hr>171</gpxtpx:hr>
          </gpxtpx:TrackPointExtension>
        </extensions>
      </trkpt>
      <trkpt lat="31.23820794749522" lon="121.61679431953432">
        <ele>3.952138852328062</ele>
        <time>1970-01-01T00:33:31.100000Z</time>
        <extensions>
          <gpxtpx:TrackPointExtension>
            <gpxtpx:hr>170</gpxtpx:hr>
          </gpxtpx:TrackPointExtension>
        </extensions>
      </trkpt>
      <trkpt lat="31.238212632296033" lon="121.61682262680726">
        <ele>3.9342053132131696</ele>
        <time>1970-01-01T00:33:32.100000Z</time>
        <extensions>
          <gpxtpx:TrackPointExtension>
            <gpxtpx:hr>170</gpxtpx:hr>
          </gpxtpx:TrackPointExtension>
        </extensions>
      </trkpt>
      <trkpt lat="31.238216232393057" lon="121.6168508230415">
        <ele>3.9089331859722733</ele>
        <time>1970-01-01T00:33:33.100000Z</time>
        <extensions>
          <gpxtpx:TrackPointExtension>
            <gpxtpx:hr>170</gpxtpx:hr>
          </gpxtpx:TrackPointExtension>
        </extensions>
      </trkpt>
      <trkpt lat="31.238218650296634" lon="121.6168753204274">
        <ele>3.8823116552084684</ele>
        <time>1970-01-01T00:33:34Z</time>
        <extensions>
          <gpxtpx:TrackPointExtension>
            <gpxtpx:hr>170</gpxtpx:hr>
          </gpxtpx:TrackPointExtension>
        </extensions>
      </trkpt>
      <trkpt lat="31.238221466145106" lon="121.61690391148512">
        <ele>3.850552650168538</ele>
        <time>1970-01-01T00:33:35Z</time>
        <extensions>
          <gpxtpx:TrackPointExtension>
            <gpxtpx:hr>170</gpxtpx:hr>
          </gpxtpx:TrackPointExtension>
        </extensions>
      </trkpt>
      <trkpt lat="31.23822488914962" lon="121.61693302226693">
        <ele>3.821141405031085</ele>
        <time>1970-01-01T00:33:36Z</time>
        <extensions>
          <gpxtpx:TrackPointExtension>
            <gpxtpx:hr>170</gpxtpx:hr>
          </gpxtpx:TrackPointExtension>
        </extensions>
      </trkpt>
      <trkpt lat="31.238229009634107" lon="121.61696218907039">
        <ele>3.7964652897790074</ele>
        <time>1970-01-01T00:33:37Z</time>
        <extensions>
          <gpxtpx:TrackPointExtension>
            <gpxtpx:hr>170</gpxtpx:hr>
          </gpxtpx:TrackPointExtension>
        </extensions>
      </trkpt>
      <trkpt lat="31.238233190004934" lon="121.61699085955266">
        <ele>3.77781830355525</ele>
        <time>1970-01-01T00:33:38Z</time>
        <extensions>
          <gpxtpx:TrackPointExtension>
            <gpxtpx:hr>172</gpxtpx:hr>
          </gpxtpx:TrackPointExtension>
        </extensions>
      </trkpt>
      <trkpt lat="31.238236983743874" lon="121.61701893874462">
        <ele>3.7658789604902267</ele>
        <time>1970-01-01T00:33:39Z</time>
        <extensions>
          <gpxtpx:TrackPointExtension>
            <gpxtpx:hr>172</gpxtpx:hr>
          </gpxtpx:TrackPointExtension>
        </extensions>
      </trkpt>
      <trkpt lat="31.238240665084536" lon="121.6170468112367">
        <ele>3.760827163234353</ele>
        <time>1970-01-01T00:33:40Z</time>
        <extensions>
          <gpxtpx:TrackPointExtension>
            <gpxtpx:hr>172</gpxtpx:hr>
          </gpxtpx:TrackPointExtension>
        </extensions>
      </trkpt>
      <trkpt lat="31.23824435885081" lon="121.61707486006325">
        <ele>3.762300243601203</ele>
        <time>1970-01-01T00:33:41Z</time>
        <extensions>
          <gpxtpx:TrackPointExtension>
            <gpxtpx:hr>172</gpxtpx:hr>
          </gpxtpx:TrackPointExtension>
        </extensions>
      </trkpt>
      <trkpt lat="31.238247800857387" lon="121.61710321710515">
        <ele>3.769445262849331</ele>
        <time>1970-01-01T00:33:42Z</time>
        <extensions>
          <gpxtpx:TrackPointExtension>
            <gpxtpx:hr>172</gpxtpx:hr>
          </gpxtpx:TrackPointExtension>
        </extensions>
      </trkpt>
      <trkpt lat="31.23825107361043" lon="121.61713186769822">
        <ele>3.781063387170434</ele>
        <time>1970-01-01T00:33:43Z</time>
        <extensions>
          <gpxtpx:TrackPointExtension>
            <gpxtpx:hr>172</gpxtpx:hr>
          </gpxtpx:TrackPointExtension>
        </extensions>
      </trkpt>
      <trkpt lat="31.238254579566544" lon="121.61716057732414">
        <ele>3.7957989182323217</ele>
        <time>1970-01-01T00:33:44Z</time>
        <extensions>
          <gpxtpx:TrackPointExtension>
            <gpxtpx:hr>172</gpxtpx:hr>
          </gpxtpx:TrackPointExtension>
        </extensions>
      </trkpt>
      <trkpt lat="31.23825833201682" lon="121.61718926125462">
        <ele>3.81244901008904</ele>
        <time>1970-01-01T00:33:45Z</time>
        <extensions>
          <gpxtpx:TrackPointExtension>
            <gpxtpx:hr>172</gpxtpx:hr>
          </gpxtpx:TrackPointExtension>
        </extensions>
      </trkpt>
      <trkpt lat="31.238262391171798" lon="121.61721799822688">
        <ele>3.8302994491532445</ele>
        <time>1970-01-01T00:33:46Z</time>
        <extensions>
          <gpxtpx:TrackPointExtension>
            <gpxtpx:hr>172</gpxtpx:hr>
          </gpxtpx:TrackPointExtension>
        </extensions>
      </trkpt>
      <trkpt lat="31.238267139626792" lon="121.61724665643254">
        <ele>3.849330903030932</ele>
        <time>1970-01-01T00:33:47Z</time>
        <extensions>
          <gpxtpx:TrackPointExtension>
            <gpxtpx:hr>172</gpxtpx:hr>
          </gpxtpx:TrackPointExtension>
        </extensions>
      </trkpt>
      <trkpt lat="31.23827207151935" lon="121.61727521266322">
        <ele>3.870325925759971</ele>
        <time>1970-01-01T00:33:48Z</time>
        <extensions>
          <gpxtpx:TrackPointExtension>
            <gpxtpx:hr>172</gpxtpx:hr>
          </gpxtpx:TrackPointExtension>
        </extensions>
      </trkpt>
      <trkpt lat="31.238276370598204" lon="121.61730382885148">
        <ele>3.894874391146004</ele>
        <time>1970-01-01T00:33:49Z</time>
        <extensions>
          <gpxtpx:TrackPointExtension>
            <gpxtpx:hr>172</gpxtpx:hr>
          </gpxtpx:TrackPointExtension>
        </extensions>
      </trkpt>
      <trkpt lat="31.238279738057216" lon="121.61733256142686">
        <ele>3.9252211526036263</ele>
        <time>1970-01-01T00:33:50Z</time>
        <extensions>
          <gpxtpx:TrackPointExtension>
            <gpxtpx:hr>172</gpxtpx:hr>
          </gpxtpx:TrackPointExtension>
        </extensions>
      </trkpt>
      <trkpt lat="31.23828206634935" lon="121.61736156378126">
        <ele>3.963970319367945</ele>
        <time>1970-01-01T00:33:51Z</time>
        <extensions>
          <gpxtpx:TrackPointExtension>
            <gpxtpx:hr>172</gpxtpx:hr>
          </gpxtpx:TrackPointExtension>
        </extensions>
      </trkpt>
      <trkpt lat="31.238283768670275" lon="121.6173910281188">
        <ele>4.013662718236446</ele>
        <time>1970-01-01T00:33:52Z</time>
        <extensions>
          <gpxtpx:TrackPointExtension>
            <gpxtpx:hr>172</gpxtpx:hr>
          </gpxtpx:TrackPointExtension>
        </extensions>
      </trkpt>
      <trkpt lat="31.238285373618606" lon="121.61742076888595">
        <ele>4.076155946590006</ele>
        <time>1970-01-01T00:33:53Z</time>
        <extensions>
          <gpxtpx:TrackPointExtension>
            <gpxtpx:hr>172</gpxtpx:hr>
          </gpxtpx:TrackPointExtension>
        </extensions>
      </trkpt>
      <trkpt lat="31.238286942856327" lon="121.61745033393015">
        <ele>4.1516102366149426</ele>
        <time>1970-01-01T00:33:54Z</time>
        <extensions>
          <gpxtpx:TrackPointExtension>
            <gpxtpx:hr>172</gpxtpx:hr>
          </gpxtpx:TrackPointExtension>
        </extensions>
      </trkpt>
      <trkpt lat="31.23828884523832" lon="121.61748487769657">
        <ele>4.253792745061219</ele>
        <time>1970-01-01T00:33:55.100000Z</time>
        <extensions>
          <gpxtpx:TrackPointExtension>
            <gpxtpx:hr>173</gpxtpx:hr>
          </gpxtpx:TrackPointExtension>
        </extensions>
      </trkpt>
      <trkpt lat="31.238290411627073" lon="121.61751350437464">
        <ele>4.3425762774422765</ele>
        <time>1970-01-01T00:33:56.100000Z</time>
        <extensions>
          <gpxtpx:TrackPointExtension>
            <gpxtpx:hr>173</gpxtpx:hr>
          </gpxtpx:TrackPointExtension>
        </extensions>
      </trkpt>
      <trkpt lat="31.238291748956804" lon="121.61754214184492">
        <ele>4.426308355294168</ele>
        <time>1970-01-01T00:33:57.100000Z</time>
        <extensions>
          <gpxtpx:TrackPointExtension>
            <gpxtpx:hr>173</gpxtpx:hr>
          </gpxtpx:TrackPointExtension>
        </extensions>
      </trkpt>
      <trkpt lat="31.238293012957374" lon="121.6175709662116">
        <ele>4.5008993903175</ele>
        <time>1970-01-01T00:33:58.200000Z</time>
        <extensions>
          <gpxtpx:TrackPointExtension>
            <gpxtpx:hr>172</gpxtpx:hr>
          </gpxtpx:TrackPointExtension>
        </extensions>
      </trkpt>
      <trkpt lat="31.238294277004112" lon="121.6176000293442">
        <ele>4.564073188230395</ele>
        <time>1970-01-01T00:33:59.200000Z</time>
        <extensions>
          <gpxtpx:TrackPointExtension>
            <gpxtpx:hr>172</gpxtpx:hr>
          </gpxtpx:TrackPointExtension>
        </extensions>
      </trkpt>
      <trkpt lat="31.238295467196686" lon="121.61762922593148">
        <ele>4.615432840771973</ele>
        <time>1970-01-01T00:34:00.200000Z</time>
        <extensions>
          <gpxtpx:TrackPointExtension>
            <gpxtpx:hr>172</gpxtpx:hr>
          </gpxtpx:TrackPointExtension>
        </extensions>
      </trkpt>
      <trkpt lat="31.238296814291843" lon="121.61765842604628">
        <ele>4.656481973826885</ele>
        <time>1970-01-01T00:34:01.200000Z</time>
        <extensions>
          <gpxtpx:TrackPointExtension>
            <gpxtpx:hr>172</gpxtpx:hr>
          </gpxtpx:TrackPointExtension>
        </extensions>
      </trkpt>
      <trkpt lat="31.238298481282836" lon="121.61768766973842">
        <ele>4.690036881715059</ele>
        <time>1970-01-01T00:34:02.200000Z</time>
        <extensions>
          <gpxtpx:TrackPointExtension>
            <gpxtpx:hr>172</gpxtpx:hr>
          </gpxtpx:TrackPointExtension>
        </extensions>
      </trkpt>
      <trkpt lat="31.238300306765264" lon="121.61771699262597">
        <ele>4.719191315583885</ele>
        <time>1970-01-01T00:34:03.200000Z</time>
        <extensions>
          <gpxtpx:TrackPointExtension>
            <gpxtpx:hr>171</gpxtpx:hr>
          </gpxtpx:TrackPointExtension>
        </extensions>
      </trkpt>
      <trkpt lat="31.238302400742178" lon="121.61774639856449">
        <ele>4.744793992489576</ele>
        <time>1970-01-01T00:34:04.200000Z</time>
        <extensions>
          <gpxtpx:TrackPointExtension>
            <gpxtpx:hr>171</gpxtpx:hr>
          </gpxtpx:TrackPointExtension>
        </extensions>
      </trkpt>
      <trkpt lat="31.23830489588781" lon="121.61777581658673">
        <ele>4.765437930822372</ele>
        <time>1970-01-01T00:34:05.200000Z</time>
        <extensions>
          <gpxtpx:TrackPointExtension>
            <gpxtpx:hr>171</gpxtpx:hr>
          </gpxtpx:TrackPointExtension>
        </extensions>
      </trkpt>
      <trkpt lat="31.23830776625935" lon="121.6178052220855">
        <ele>4.780055068433285</ele>
        <time>1970-01-01T00:34:06.200000Z</time>
        <extensions>
          <gpxtpx:TrackPointExtension>
            <gpxtpx:hr>171</gpxtpx:hr>
          </gpxtpx:TrackPointExtension>
        </extensions>
      </trkpt>
      <trkpt lat="31.23831108659855" lon="121.61783478154382">
        <ele>4.788542813621461</ele>
        <time>1970-01-01T00:34:07.200000Z</time>
        <extensions>
          <gpxtpx:TrackPointExtension>
            <gpxtpx:hr>171</gpxtpx:hr>
          </gpxtpx:TrackPointExtension>
        </extensions>
      </trkpt>
      <trkpt lat="31.23831488218388" lon="121.61786447916613">
        <ele>4.7925254087895155</ele>
        <time>1970-01-01T00:34:08.200000Z</time>
        <extensions>
          <gpxtpx:TrackPointExtension>
            <gpxtpx:hr>169</gpxtpx:hr>
          </gpxtpx:TrackPointExtension>
        </extensions>
      </trkpt>
      <trkpt lat="31.238319053267613" lon="121.61789421229156">
        <ele>4.795395557768643</ele>
        <time>1970-01-01T00:34:09.200000Z</time>
        <extensions>
          <gpxtpx:TrackPointExtension>
            <gpxtpx:hr>169</gpxtpx:hr>
          </gpxtpx:TrackPointExtension>
        </extensions>
      </trkpt>
      <trkpt lat="31.238323635360565" lon="121.61792419025">
        <ele>4.800778752192855</ele>
        <time>1970-01-01T00:34:10.200000Z</time>
        <extensions>
          <gpxtpx:TrackPointExtension>
            <gpxtpx:hr>169</gpxtpx:hr>
          </gpxtpx:TrackPointExtension>
        </extensions>
      </trkpt>
      <trkpt lat="31.238328517504215" lon="121.61795454872284">
        <ele>4.810622149147093</ele>
        <time>1970-01-01T00:34:11.200000Z</time>
        <extensions>
          <gpxtpx:TrackPointExtension>
            <gpxtpx:hr>169</gpxtpx:hr>
          </gpxtpx:TrackPointExtension>
        </extensions>
      </trkpt>
      <trkpt lat="31.238333503137667" lon="121.6179850163098">
        <ele>4.822235609404743</ele>
        <time>1970-01-01T00:34:12.200000Z</time>
        <extensions>
          <gpxtpx:TrackPointExtension>
            <gpxtpx:hr>169</gpxtpx:hr>
          </gpxtpx:TrackPointExtension>
        </extensions>
      </trkpt>
      <trkpt lat="31.238338628649277" lon="121.61801539614008">
        <ele>4.828007133677602</ele>
        <time>1970-01-01T00:34:13.200000Z</time>
        <extensions>
          <gpxtpx:TrackPointExtension>
            <gpxtpx:hr>169</gpxtpx:hr>
          </gpxtpx:TrackPointExtension>
        </extensions>
      </trkpt>
      <trkpt lat="31.238343737218806" lon="121.61804570553176">
        <ele>4.819313977845013</ele>
        <time>1970-01-01T00:34:14.200000Z</time>
        <extensions>
          <gpxtpx:TrackPointExtension>
            <gpxtpx:hr>169</gpxtpx:hr>
          </gpxtpx:TrackPointExtension>
        </extensions>
      </trkpt>
      <trkpt lat="31.238348824103237" lon="121.61807589022384">
        <ele>4.7910930989310145</ele>
        <time>1970-01-01T00:34:15.200000Z</time>
        <extensions>
          <gpxtpx:TrackPointExtension>
            <gpxtpx:hr>169</gpxtpx:hr>
          </gpxtpx:TrackPointExtension>
        </extensions>
      </trkpt>
      <trkpt lat="31.238354088354267" lon="121.61810588872954">
        <ele>4.744574087671936</ele>
        <time>1970-01-01T00:34:16.200000Z</time>
        <extensions>
          <gpxtpx:TrackPointExtension>
            <gpxtpx:hr>169</gpxtpx:hr>
          </gpxtpx:TrackPointExtension>
        </extensions>
      </trkpt>
      <trkpt lat="31.23835935167021" lon="121.61813555551431">
        <ele>4.684816463850439</ele>
        <time>1970-01-01T00:34:17.200000Z</time>
        <extensions>
          <gpxtpx:TrackPointExtension>
            <gpxtpx:hr>169</gpxtpx:hr>
          </gpxtpx:TrackPointExtension>
        </extensions>
      </trkpt>
      <trkpt lat="31.238364446764606" lon="121.61816478117149">
        <ele>4.616989838890731</ele>
        <time>1970-01-01T00:34:18.200000Z</time>
        <extensions>
          <gpxtpx:TrackPointExtension>
            <gpxtpx:hr>169</gpxtpx:hr>
          </gpxtpx:TrackPointExtension>
        </extensions>
      </trkpt>
      <trkpt lat="31.238369330732528" lon="121.61819370984385">
        <ele>4.545166792348027</ele>
        <time>1970-01-01T00:34:19.200000Z</time>
        <extensions>
          <gpxtpx:TrackPointExtension>
            <gpxtpx:hr>169</gpxtpx:hr>
          </gpxtpx:TrackPointExtension>
        </extensions>
      </trkpt>
      <trkpt lat="31.238373895375073" lon="121.61822262946559">
        <ele>4.471787984482944</ele>
        <time>1970-01-01T00:34:20.200000Z</time>
        <extensions>
          <gpxtpx:TrackPointExtension>
            <gpxtpx:hr>169</gpxtpx:hr>
          </gpxtpx:TrackPointExtension>
        </extensions>
      </trkpt>
      <trkpt lat="31.23837820384183" lon="121.61825186951053">
        <ele>4.3987797405570745</ele>
        <time>1970-01-01T00:34:21.200000Z</time>
        <extensions>
          <gpxtpx:TrackPointExtension>
            <gpxtpx:hr>168</gpxtpx:hr>
          </gpxtpx:TrackPointExtension>
        </extensions>
      </trkpt>
      <trkpt lat="31.238382589947722" lon="121.61828176229534">
        <ele>4.328348586335778</ele>
        <time>1970-01-01T00:34:22.200000Z</time>
        <extensions>
          <gpxtpx:TrackPointExtension>
            <gpxtpx:hr>168</gpxtpx:hr>
          </gpxtpx:TrackPointExtension>
        </extensions>
      </trkpt>
      <trkpt lat="31.238387277673404" lon="121.61831239375219">
        <ele>4.263491984456778</ele>
        <time>1970-01-01T00:34:23.200000Z</time>
        <extensions>
          <gpxtpx:TrackPointExtension>
            <gpxtpx:hr>168</gpxtpx:hr>
          </gpxtpx:TrackPointExtension>
        </extensions>
      </trkpt>
      <trkpt lat="31.238392125285184" lon="121.6183435459505">
        <ele>4.207155184820294</ele>
        <time>1970-01-01T00:34:24.200000Z</time>
        <extensions>
          <gpxtpx:TrackPointExtension>
            <gpxtpx:hr>168</gpxtpx:hr>
          </gpxtpx:TrackPointExtension>
        </extensions>
      </trkpt>
      <trkpt lat="31.238397269230653" lon="121.61837504255483">
        <ele>4.159670053049922</ele>
        <time>1970-01-01T00:34:25.200000Z</time>
        <extensions>
          <gpxtpx:TrackPointExtension>
            <gpxtpx:hr>168</gpxtpx:hr>
          </gpxtpx:TrackPointExtension>
        </extensions>
      </trkpt>
      <trkpt lat="31.23840288611566" lon="121.61840692505285">
        <ele>4.119118811562657</ele>
        <time>1970-01-01T00:34:26.200000Z</time>
        <extensions>
          <gpxtpx:TrackPointExtension>
            <gpxtpx:hr>168</gpxtpx:hr>
          </gpxtpx:TrackPointExtension>
        </extensions>
      </trkpt>
      <trkpt lat="31.238408773551708" lon="121.61843913192567">
        <ele>4.082228048704565</ele>
        <time>1970-01-01T00:34:27.200000Z</time>
        <extensions>
          <gpxtpx:TrackPointExtension>
            <gpxtpx:hr>168</gpxtpx:hr>
          </gpxtpx:TrackPointExtension>
        </extensions>
      </trkpt>
      <trkpt lat="31.238414925958534" lon="121.61847162321385">
        <ele>4.045803399756551</ele>
        <time>1970-01-01T00:34:28.200000Z</time>
        <extensions>
          <gpxtpx:TrackPointExtension>
            <gpxtpx:hr>168</gpxtpx:hr>
          </gpxtpx:TrackPointExtension>
        </extensions>
      </trkpt>
      <trkpt lat="31.238421379100902" lon="121.61850447193298">
        <ele>4.0102363070473075</ele>
        <time>1970-01-01T00:34:29.200000Z</time>
        <extensions>
          <gpxtpx:TrackPointExtension>
            <gpxtpx:hr>168</gpxtpx:hr>
          </gpxtpx:TrackPointExtension>
        </extensions>
      </trkpt>
      <trkpt lat="31.238428000078034" lon="121.61853726882241">
        <ele>3.9778807563707232</ele>
        <time>1970-01-01T00:34:30.200000Z</time>
        <extensions>
          <gpxtpx:TrackPointExtension>
            <gpxtpx:hr>169</gpxtpx:hr>
          </gpxtpx:TrackPointExtension>
        </extensions>
      </trkpt>
      <trkpt lat="31.238434841538467" lon="121.61856945623478">
        <ele>3.949618684127927</ele>
        <time>1970-01-01T00:34:31.200000Z</time>
        <extensions>
          <gpxtpx:TrackPointExtension>
            <gpxtpx:hr>169</gpxtpx:hr>
          </gpxtpx:TrackPointExtension>
        </extensions>
      </trkpt>
      <trkpt lat="31.238441795959304" lon="121.61860076552861">
        <ele>3.9260594295337796</ele>
        <time>1970-01-01T00:34:32.200000Z</time>
        <extensions>
          <gpxtpx:TrackPointExtension>
            <gpxtpx:hr>169</gpxtpx:hr>
          </gpxtpx:TrackPointExtension>
        </extensions>
      </trkpt>
      <trkpt lat="31.238448391054117" lon="121.61863129237523">
        <ele>3.909208786673844</ele>
        <time>1970-01-01T00:34:33.300000Z</time>
        <extensions>
          <gpxtpx:TrackPointExtension>
            <gpxtpx:hr>168</gpxtpx:hr>
          </gpxtpx:TrackPointExtension>
        </extensions>
      </trkpt>
      <trkpt lat="31.23845454889384" lon="121.61866141365732">
        <ele>3.9028986422345042</ele>
        <time>1970-01-01T00:34:34.300000Z</time>
        <extensions>
          <gpxtpx:TrackPointExtension>
            <gpxtpx:hr>168</gpxtpx:hr>
          </gpxtpx:TrackPointExtension>
        </extensions>
      </trkpt>
      <trkpt lat="31.2384604549124" lon="121.61869157286948">
        <ele>3.9092744439840317</ele>
        <time>1970-01-01T00:34:35.300000Z</time>
        <extensions>
          <gpxtpx:TrackPointExtension>
            <gpxtpx:hr>168</gpxtpx:hr>
          </gpxtpx:TrackPointExtension>
        </extensions>
      </trkpt>
      <trkpt lat="31.238466040262114" lon="121.61872205011515">
        <ele>3.9253659434616566</ele>
        <time>1970-01-01T00:34:36.300000Z</time>
        <extensions>
          <gpxtpx:TrackPointExtension>
            <gpxtpx:hr>168</gpxtpx:hr>
          </gpxtpx:TrackPointExtension>
        </extensions>
      </trkpt>
      <trkpt lat="31.23847133739343" lon="121.61875278895273">
        <ele>3.9452036237344146</ele>
        <time>1970-01-01T00:34:37.300000Z</time>
        <extensions>
          <gpxtpx:TrackPointExtension>
            <gpxtpx:hr>168</gpxtpx:hr>
          </gpxtpx:TrackPointExtension>
        </extensions>
      </trkpt>
      <trkpt lat="31.238476495940365" lon="121.61878377330822">
        <ele>3.963468356989324</ele>
        <time>1970-01-01T00:34:38.300000Z</time>
        <extensions>
          <gpxtpx:TrackPointExtension>
            <gpxtpx:hr>168</gpxtpx:hr>
          </gpxtpx:TrackPointExtension>
        </extensions>
      </trkpt>
      <trkpt lat="31.238481602750667" lon="121.61881509829112">
        <ele>3.978182438760996</ele>
        <time>1970-01-01T00:34:39.300000Z</time>
        <extensions>
          <gpxtpx:TrackPointExtension>
            <gpxtpx:hr>169</gpxtpx:hr>
          </gpxtpx:TrackPointExtension>
        </extensions>
      </trkpt>
      <trkpt lat="31.238486916036372" lon="121.61884667930443">
        <ele>3.9885147688910365</ele>
        <time>1970-01-01T00:34:40.300000Z</time>
        <extensions>
          <gpxtpx:TrackPointExtension>
            <gpxtpx:hr>169</gpxtpx:hr>
          </gpxtpx:TrackPointExtension>
        </extensions>
      </trkpt>
      <trkpt lat="31.238492643355578" lon="121.61887849315356">
        <ele>3.9922446003183722</ele>
        <time>1970-01-01T00:34:41.300000Z</time>
        <extensions>
          <gpxtpx:TrackPointExtension>
            <gpxtpx:hr>169</gpxtpx:hr>
          </gpxtpx:TrackPointExtension>
        </extensions>
      </trkpt>
      <trkpt lat="31.238498593495265" lon="121.61891050601426">
        <ele>3.987459476105869</ele>
        <time>1970-01-01T00:34:42.300000Z</time>
        <extensions>
          <gpxtpx:TrackPointExtension>
            <gpxtpx:hr>169</gpxtpx:hr>
          </gpxtpx:TrackPointExtension>
        </extensions>
      </trkpt>
      <trkpt lat="31.238504763091132" lon="121.61894233999759">
        <ele>3.972424273379147</ele>
        <time>1970-01-01T00:34:43.300000Z</time>
        <extensions>
          <gpxtpx:TrackPointExtension>
            <gpxtpx:hr>169</gpxtpx:hr>
          </gpxtpx:TrackPointExtension>
        </extensions>
      </trkpt>
      <trkpt lat="31.238511047435967" lon="121.61897373294723">
        <ele>3.946182642132044</ele>
        <time>1970-01-01T00:34:44.300000Z</time>
        <extensions>
          <gpxtpx:TrackPointExtension>
            <gpxtpx:hr>169</gpxtpx:hr>
          </gpxtpx:TrackPointExtension>
        </extensions>
      </trkpt>
      <trkpt lat="31.23851677484748" lon="121.61900464239456">
        <ele>3.9111332343891263</ele>
        <time>1970-01-01T00:34:45.300000Z</time>
        <extensions>
          <gpxtpx:TrackPointExtension>
            <gpxtpx:hr>169</gpxtpx:hr>
          </gpxtpx:TrackPointExtension>
        </extensions>
      </trkpt>
      <trkpt lat="31.238521691094615" lon="121.61903531321724">
        <ele>3.8711682418361306</ele>
        <time>1970-01-01T00:34:46.300000Z</time>
        <extensions>
          <gpxtpx:TrackPointExtension>
            <gpxtpx:hr>169</gpxtpx:hr>
          </gpxtpx:TrackPointExtension>
        </extensions>
      </trkpt>
      <trkpt lat="31.23852623231462" lon="121.61906625765491">
        <ele>3.8303973069414496</ele>
        <time>1970-01-01T00:34:47.300000Z</time>
        <extensions>
          <gpxtpx:TrackPointExtension>
            <gpxtpx:hr>169</gpxtpx:hr>
          </gpxtpx:TrackPointExtension>
        </extensions>
      </trkpt>
      <trkpt lat="31.238530572116975" lon="121.61909787786614">
        <ele>3.7937616165727377</ele>
        <time>1970-01-01T00:34:48.300000Z</time>
        <extensions>
          <gpxtpx:TrackPointExtension>
            <gpxtpx:hr>169</gpxtpx:hr>
          </gpxtpx:TrackPointExtension>
        </extensions>
      </trkpt>
      <trkpt lat="31.23853499919201" lon="121.61913005383668">
        <ele>3.764789684675634</ele>
        <time>1970-01-01T00:34:49.300000Z</time>
        <extensions>
          <gpxtpx:TrackPointExtension>
            <gpxtpx:hr>168</gpxtpx:hr>
          </gpxtpx:TrackPointExtension>
        </extensions>
      </trkpt>
      <trkpt lat="31.238539750630462" lon="121.619162558156">
        <ele>3.745739372447133</ele>
        <time>1970-01-01T00:34:50.300000Z</time>
        <extensions>
          <gpxtpx:TrackPointExtension>
            <gpxtpx:hr>168</gpxtpx:hr>
          </gpxtpx:TrackPointExtension>
        </extensions>
      </trkpt>
      <trkpt lat="31.238544651602496" lon="121.61919522903925">
        <ele>3.737868217751384</ele>
        <time>1970-01-01T00:34:51.300000Z</time>
        <extensions>
          <gpxtpx:TrackPointExtension>
            <gpxtpx:hr>168</gpxtpx:hr>
          </gpxtpx:TrackPointExtension>
        </extensions>
      </trkpt>
      <trkpt lat="31.238549685498032" lon="121.6192278142632">
        <ele>3.74064514413476</ele>
        <time>1970-01-01T00:34:52.300000Z</time>
        <extensions>
          <gpxtpx:TrackPointExtension>
            <gpxtpx:hr>168</gpxtpx:hr>
          </gpxtpx:TrackPointExtension>
        </extensions>
      </trkpt>
      <trkpt lat="31.238554951336383" lon="121.61926045611439">
        <ele>3.7519357865676284</ele>
        <time>1970-01-01T00:34:53.300000Z</time>
        <extensions>
          <gpxtpx:TrackPointExtension>
            <gpxtpx:hr>168</gpxtpx:hr>
          </gpxtpx:TrackPointExtension>
        </extensions>
      </trkpt>
      <trkpt lat="31.23856023310869" lon="121.61929343279806">
        <ele>3.7692748503759503</ele>
        <time>1970-01-01T00:34:54.300000Z</time>
        <extensions>
          <gpxtpx:TrackPointExtension>
            <gpxtpx:hr>168</gpxtpx:hr>
          </gpxtpx:TrackPointExtension>
        </extensions>
      </trkpt>
      <trkpt lat="31.238565434479504" lon="121.61932655327455">
        <ele>3.793310268782079</ele>
        <time>1970-01-01T00:34:55.300000Z</time>
        <extensions>
          <gpxtpx:TrackPointExtension>
            <gpxtpx:hr>168</gpxtpx:hr>
          </gpxtpx:TrackPointExtension>
        </extensions>
      </trkpt>
      <trkpt lat="31.238570707316335" lon="121.61935941154186">
        <ele>3.825712598860264</ele>
        <time>1970-01-01T00:34:56.300000Z</time>
        <extensions>
          <gpxtpx:TrackPointExtension>
            <gpxtpx:hr>169</gpxtpx:hr>
          </gpxtpx:TrackPointExtension>
        </extensions>
      </trkpt>
      <trkpt lat="31.23857585172381" lon="121.61939197787014">
        <ele>3.865230891853571</ele>
        <time>1970-01-01T00:34:57.300000Z</time>
        <extensions>
          <gpxtpx:TrackPointExtension>
            <gpxtpx:hr>169</gpxtpx:hr>
          </gpxtpx:TrackPointExtension>
        </extensions>
      </trkpt>
      <trkpt lat="31.238580654489084" lon="121.61942418778308">
        <ele>3.907615647651255</ele>
        <time>1970-01-01T00:34:58.300000Z</time>
        <extensions>
          <gpxtpx:TrackPointExtension>
            <gpxtpx:hr>169</gpxtpx:hr>
          </gpxtpx:TrackPointExtension>
        </extensions>
      </trkpt>
      <trkpt lat="31.238585251353456" lon="121.61945596036315">
        <ele>3.9458331298083067</ele>
        <time>1970-01-01T00:34:59.300000Z</time>
        <extensions>
          <gpxtpx:TrackPointExtension>
            <gpxtpx:hr>168</gpxtpx:hr>
          </gpxtpx:TrackPointExtension>
        </extensions>
      </trkpt>
      <trkpt lat="31.23858949525156" lon="121.61948766403161">
        <ele>3.974492209032178</ele>
        <time>1970-01-01T00:35:00.300000Z</time>
        <extensions>
          <gpxtpx:TrackPointExtension>
            <gpxtpx:hr>168</gpxtpx:hr>
          </gpxtpx:TrackPointExtension>
        </extensions>
      </trkpt>
      <trkpt lat="31.238593252545062" lon="121.61951969860233">
        <ele>3.9943110020831227</ele>
        <time>1970-01-01T00:35:01.300000Z</time>
        <extensions>
          <gpxtpx:TrackPointExtension>
            <gpxtpx:hr>168</gpxtpx:hr>
          </gpxtpx:TrackPointExtension>
        </extensions>
      </trkpt>
      <trkpt lat="31.23859679616537" lon="121.6195523506366">
        <ele>4.009071636013687</ele>
        <time>1970-01-01T00:35:02.300000Z</time>
        <extensions>
          <gpxtpx:TrackPointExtension>
            <gpxtpx:hr>168</gpxtpx:hr>
          </gpxtpx:TrackPointExtension>
        </extensions>
      </trkpt>
      <trkpt lat="31.238600451123027" lon="121.61958568323502">
        <ele>4.0214965315535665</ele>
        <time>1970-01-01T00:35:03.300000Z</time>
        <extensions>
          <gpxtpx:TrackPointExtension>
            <gpxtpx:hr>168</gpxtpx:hr>
          </gpxtpx:TrackPointExtension>
        </extensions>
      </trkpt>
      <trkpt lat="31.23860418223978" lon="121.61961936953129">
        <ele>4.032022161409259</ele>
        <time>1970-01-01T00:35:04.300000Z</time>
        <extensions>
          <gpxtpx:TrackPointExtension>
            <gpxtpx:hr>175</gpxtpx:hr>
          </gpxtpx:TrackPointExtension>
        </extensions>
      </trkpt>
      <trkpt lat="31.238607832920103" lon="121.61965296545031">
        <ele>4.040072934702039</ele>
        <time>1970-01-01T00:35:05.300000Z</time>
        <extensions>
          <gpxtpx:TrackPointExtension>
            <gpxtpx:hr>175</gpxtpx:hr>
          </gpxtpx:TrackPointExtension>
        </extensions>
      </trkpt>
      <trkpt lat="31.238611138744055" lon="121.61968641391569">
        <ele>4.047002787701786</ele>
        <time>1970-01-01T00:35:06.300000Z</time>
        <extensions>
          <gpxtpx:TrackPointExtension>
            <gpxtpx:hr>175</gpxtpx:hr>
          </gpxtpx:TrackPointExtension>
        </extensions>
      </trkpt>
      <trkpt lat="31.238614344123306" lon="121.61971925014342">
        <ele>4.0551206870004535</ele>
        <time>1970-01-01T00:35:07.300000Z</time>
        <extensions>
          <gpxtpx:TrackPointExtension>
            <gpxtpx:hr>175</gpxtpx:hr>
          </gpxtpx:TrackPointExtension>
        </extensions>
      </trkpt>
      <trkpt lat="31.23861810463854" lon="121.61975120067903">
        <ele>4.065227483399212</ele>
        <time>1970-01-01T00:35:08.400000Z</time>
        <extensions>
          <gpxtpx:TrackPointExtension>
            <gpxtpx:hr>175</gpxtpx:hr>
          </gpxtpx:TrackPointExtension>
        </extensions>
      </trkpt>
      <trkpt lat="31.238622417474684" lon="121.61978276326381">
        <ele>4.0765066193416715</ele>
        <time>1970-01-01T00:35:09.400000Z</time>
        <extensions>
          <gpxtpx:TrackPointExtension>
            <gpxtpx:hr>175</gpxtpx:hr>
          </gpxtpx:TrackPointExtension>
        </extensions>
      </trkpt>
      <trkpt lat="31.238626714532224" lon="121.61981443717222">
        <ele>4.087215279228985</ele>
        <time>1970-01-01T00:35:10.400000Z</time>
        <extensions>
          <gpxtpx:TrackPointExtension>
            <gpxtpx:hr>175</gpxtpx:hr>
          </gpxtpx:TrackPointExtension>
        </extensions>
      </trkpt>
      <trkpt lat="31.238631056527407" lon="121.61984618311081">
        <ele>4.09621883649379</ele>
        <time>1970-01-01T00:35:11.400000Z</time>
        <extensions>
          <gpxtpx:TrackPointExtension>
            <gpxtpx:hr>175</gpxtpx:hr>
          </gpxtpx:TrackPointExtension>
        </extensions>
      </trkpt>
      <trkpt lat="31.23863570351693" lon="121.61987786343732">
        <ele>4.103470693342388</ele>
        <time>1970-01-01T00:35:12.400000Z</time>
        <extensions>
          <gpxtpx:TrackPointExtension>
            <gpxtpx:hr>175</gpxtpx:hr>
          </gpxtpx:TrackPointExtension>
        </extensions>
      </trkpt>
      <trkpt lat="31.238640381687304" lon="121.6199093236082">
        <ele>4.109483539126813</ele>
        <time>1970-01-01T00:35:13.400000Z</time>
        <extensions>
          <gpxtpx:TrackPointExtension>
            <gpxtpx:hr>175</gpxtpx:hr>
          </gpxtpx:TrackPointExtension>
        </extensions>
      </trkpt>
      <trkpt lat="31.23864520339257" lon="121.61994036543199">
        <ele>4.114218290895224</ele>
        <time>1970-01-01T00:35:14.400000Z</time>
        <extensions>
          <gpxtpx:TrackPointExtension>
            <gpxtpx:hr>175</gpxtpx:hr>
          </gpxtpx:TrackPointExtension>
        </extensions>
      </trkpt>
      <trkpt lat="31.238650424362465" lon="121.6199714415707">
        <ele>4.116940950974822</ele>
        <time>1970-01-01T00:35:15.400000Z</time>
        <extensions>
          <gpxtpx:TrackPointExtension>
            <gpxtpx:hr>175</gpxtpx:hr>
          </gpxtpx:TrackPointExtension>
        </extensions>
      </trkpt>
      <trkpt lat="31.238655795022506" lon="121.62000297781204">
        <ele>4.117049397900701</ele>
        <time>1970-01-01T00:35:16.400000Z</time>
        <extensions>
          <gpxtpx:TrackPointExtension>
            <gpxtpx:hr>175</gpxtpx:hr>
          </gpxtpx:TrackPointExtension>
        </extensions>
      </trkpt>
      <trkpt lat="31.238661311942074" lon="121.62003473800154">
        <ele>4.114030346274376</ele>
        <time>1970-01-01T00:35:17.400000Z</time>
        <extensions>
          <gpxtpx:TrackPointExtension>
            <gpxtpx:hr>175</gpxtpx:hr>
          </gpxtpx:TrackPointExtension>
        </extensions>
      </trkpt>
      <trkpt lat="31.238667051055018" lon="121.6200666045473">
        <ele>4.107879750430584</ele>
        <time>1970-01-01T00:35:18.400000Z</time>
        <extensions>
          <gpxtpx:TrackPointExtension>
            <gpxtpx:hr>175</gpxtpx:hr>
          </gpxtpx:TrackPointExtension>
        </extensions>
      </trkpt>
      <trkpt lat="31.23867289812176" lon="121.62009854589178">
        <ele>4.099898251704872</ele>
        <time>1970-01-01T00:35:19.400000Z</time>
        <extensions>
          <gpxtpx:TrackPointExtension>
            <gpxtpx:hr>175</gpxtpx:hr>
          </gpxtpx:TrackPointExtension>
        </extensions>
      </trkpt>
      <trkpt lat="31.238678742482634" lon="121.62013027149688">
        <ele>4.091158426366746</ele>
        <time>1970-01-01T00:35:20.400000Z</time>
        <extensions>
          <gpxtpx:TrackPointExtension>
            <gpxtpx:hr>175</gpxtpx:hr>
          </gpxtpx:TrackPointExtension>
        </extensions>
      </trkpt>
      <trkpt lat="31.23868419269793" lon="121.62016162535198">
        <ele>4.081305151805282</ele>
        <time>1970-01-01T00:35:21.400000Z</time>
        <extensions>
          <gpxtpx:TrackPointExtension>
            <gpxtpx:hr>175</gpxtpx:hr>
          </gpxtpx:TrackPointExtension>
        </extensions>
      </trkpt>
      <trkpt lat="31.238688749890418" lon="121.62019262042207">
        <ele>4.070028058253229</ele>
        <time>1970-01-01T00:35:22.400000Z</time>
        <extensions>
          <gpxtpx:TrackPointExtension>
            <gpxtpx:hr>175</gpxtpx:hr>
          </gpxtpx:TrackPointExtension>
        </extensions>
      </trkpt>
      <trkpt lat="31.23869280228279" lon="121.62022322235023">
        <ele>4.058358108624816</ele>
        <time>1970-01-01T00:35:23.400000Z</time>
        <extensions>
          <gpxtpx:TrackPointExtension>
            <gpxtpx:hr>175</gpxtpx:hr>
          </gpxtpx:TrackPointExtension>
        </extensions>
      </trkpt>
      <trkpt lat="31.23869685205769" lon="121.62025364755351">
        <ele>4.0483840852975845</ele>
        <time>1970-01-01T00:35:24.400000Z</time>
        <extensions>
          <gpxtpx:TrackPointExtension>
            <gpxtpx:hr>175</gpxtpx:hr>
          </gpxtpx:TrackPointExtension>
        </extensions>
      </trkpt>
      <trkpt lat="31.238701079489" lon="121.62028421481178">
        <ele>4.041121615096927</ele>
        <time>1970-01-01T00:35:25.400000Z</time>
        <extensions>
          <gpxtpx:TrackPointExtension>
            <gpxtpx:hr>176</gpxtpx:hr>
          </gpxtpx:TrackPointExtension>
        </extensions>
      </trkpt>
      <trkpt lat="31.238705920672924" lon="121.62031490392941">
        <ele>4.035525040701032</ele>
        <time>1970-01-01T00:35:26.400000Z</time>
        <extensions>
          <gpxtpx:TrackPointExtension>
            <gpxtpx:hr>176</gpxtpx:hr>
          </gpxtpx:TrackPointExtension>
        </extensions>
      </trkpt>
      <trkpt lat="31.23871137778025" lon="121.62034539971103">
        <ele>4.029738511890173</ele>
        <time>1970-01-01T00:35:27.400000Z</time>
        <extensions>
          <gpxtpx:TrackPointExtension>
            <gpxtpx:hr>176</gpxtpx:hr>
          </gpxtpx:TrackPointExtension>
        </extensions>
      </trkpt>
      <trkpt lat="31.23871672452109" lon="121.62037550606672">
        <ele>4.021908054128289</ele>
        <time>1970-01-01T00:35:28.400000Z</time>
        <extensions>
          <gpxtpx:TrackPointExtension>
            <gpxtpx:hr>176</gpxtpx:hr>
          </gpxtpx:TrackPointExtension>
        </extensions>
      </trkpt>
      <trkpt lat="31.238721439381813" lon="121.62040526875843">
        <ele>4.010947951115668</ele>
        <time>1970-01-01T00:35:29.400000Z</time>
        <extensions>
          <gpxtpx:TrackPointExtension>
            <gpxtpx:hr>175</gpxtpx:hr>
          </gpxtpx:TrackPointExtension>
        </extensions>
      </trkpt>
      <trkpt lat="31.238725798361124" lon="121.62043475629582">
        <ele>3.996081334538758</ele>
        <time>1970-01-01T00:35:30.400000Z</time>
        <extensions>
          <gpxtpx:TrackPointExtension>
            <gpxtpx:hr>175</gpxtpx:hr>
          </gpxtpx:TrackPointExtension>
        </extensions>
      </trkpt>
      <trkpt lat="31.23872995969917" lon="121.62046411559909">
        <ele>3.975834102369845</ele>
        <time>1970-01-01T00:35:31.400000Z</time>
        <extensions>
          <gpxtpx:TrackPointExtension>
            <gpxtpx:hr>175</gpxtpx:hr>
          </gpxtpx:TrackPointExtension>
        </extensions>
      </trkpt>
      <trkpt lat="31.238734208377412" lon="121.62049283879531">
        <ele>3.9489471931010485</ele>
        <time>1970-01-01T00:35:32.400000Z</time>
        <extensions>
          <gpxtpx:TrackPointExtension>
            <gpxtpx:hr>174</gpxtpx:hr>
          </gpxtpx:TrackPointExtension>
        </extensions>
      </trkpt>
      <trkpt lat="31.23873891841185" lon="121.6205199971634">
        <ele>3.9150464832782745</ele>
        <time>1970-01-01T00:35:33.400000Z</time>
        <extensions>
          <gpxtpx:TrackPointExtension>
            <gpxtpx:hr>174</gpxtpx:hr>
          </gpxtpx:TrackPointExtension>
        </extensions>
      </trkpt>
      <trkpt lat="31.238743538510562" lon="121.62054507378446">
        <ele>3.8747263308614492</ele>
        <time>1970-01-01T00:35:34.400000Z</time>
        <extensions>
          <gpxtpx:TrackPointExtension>
            <gpxtpx:hr>174</gpxtpx:hr>
          </gpxtpx:TrackPointExtension>
        </extensions>
      </trkpt>
      <trkpt lat="31.238747427823267" lon="121.6205673775881">
        <ele>3.8297012401744723</ele>
        <time>1970-01-01T00:35:35.400000Z</time>
        <extensions>
          <gpxtpx:TrackPointExtension>
            <gpxtpx:hr>174</gpxtpx:hr>
          </gpxtpx:TrackPointExtension>
        </extensions>
      </trkpt>
      <trkpt lat="31.23875081782848" lon="121.62058592029398">
        <ele>3.7818385986611247</ele>
        <time>1970-01-01T00:35:36.400000Z</time>
        <extensions>
          <gpxtpx:TrackPointExtension>
            <gpxtpx:hr>174</gpxtpx:hr>
          </gpxtpx:TrackPointExtension>
        </extensions>
      </trkpt>
      <trkpt lat="31.2387533275393" lon="121.62060039296091">
        <ele>3.732443663291633</ele>
        <time>1970-01-01T00:35:37.400000Z</time>
        <extensions>
          <gpxtpx:TrackPointExtension>
            <gpxtpx:hr>174</gpxtpx:hr>
          </gpxtpx:TrackPointExtension>
        </extensions>
      </trkpt>
      <trkpt lat="31.238754093552885" lon="121.6206111650902">
        <ele>3.6828089086338878</ele>
        <time>1970-01-01T00:35:38.400000Z</time>
        <extensions>
          <gpxtpx:TrackPointExtension>
            <gpxtpx:hr>175</gpxtpx:hr>
          </gpxtpx:TrackPointExtension>
        </extensions>
      </trkpt>
      <trkpt lat="31.238752749767" lon="121.6206186889997">
        <ele>3.634463084861636</ele>
        <time>1970-01-01T00:35:39.400000Z</time>
        <extensions>
          <gpxtpx:TrackPointExtension>
            <gpxtpx:hr>175</gpxtpx:hr>
          </gpxtpx:TrackPointExtension>
        </extensions>
      </trkpt>
      <trkpt lat="31.238749020555485" lon="121.62062307079788">
        <ele>3.5886742966249585</ele>
        <time>1970-01-01T00:35:40.400000Z</time>
        <extensions>
          <gpxtpx:TrackPointExtension>
            <gpxtpx:hr>175</gpxtpx:hr>
          </gpxtpx:TrackPointExtension>
        </extensions>
      </trkpt>
      <trkpt lat="31.23874319261537" lon="121.62062433489628">
        <ele>3.5462900660932064</ele>
        <time>1970-01-01T00:35:41.400000Z</time>
        <extensions>
          <gpxtpx:TrackPointExtension>
            <gpxtpx:hr>175</gpxtpx:hr>
          </gpxtpx:TrackPointExtension>
        </extensions>
      </trkpt>
      <trkpt lat="31.238736030948466" lon="121.6206247108269">
        <ele>3.507461588829756</ele>
        <time>1970-01-01T00:35:42.400000Z</time>
        <extensions>
          <gpxtpx:TrackPointExtension>
            <gpxtpx:hr>175</gpxtpx:hr>
          </gpxtpx:TrackPointExtension>
        </extensions>
      </trkpt>
      <trkpt lat="31.238728346638503" lon="121.62062794130512">
        <ele>3.4721927093341947</ele>
        <time>1970-01-01T00:35:43.500000Z</time>
        <extensions>
          <gpxtpx:TrackPointExtension>
            <gpxtpx:hr>175</gpxtpx:hr>
          </gpxtpx:TrackPointExtension>
        </extensions>
      </trkpt>
      <trkpt lat="31.238721034030295" lon="121.6206353924313">
        <ele>3.440758917480707</ele>
        <time>1970-01-01T00:35:44.500000Z</time>
        <extensions>
          <gpxtpx:TrackPointExtension>
            <gpxtpx:hr>175</gpxtpx:hr>
          </gpxtpx:TrackPointExtension>
        </extensions>
      </trkpt>
      <trkpt lat="31.23871471068348" lon="121.62064560945727">
        <ele>3.4139858158305287</ele>
        <time>1970-01-01T00:35:45.500000Z</time>
        <extensions>
          <gpxtpx:TrackPointExtension>
            <gpxtpx:hr>173</gpxtpx:hr>
          </gpxtpx:TrackPointExtension>
        </extensions>
      </trkpt>
      <trkpt lat="31.238709639038436" lon="121.62065639080316">
        <ele>3.3927311142906547</ele>
        <time>1970-01-01T00:35:46.500000Z</time>
        <extensions>
          <gpxtpx:TrackPointExtension>
            <gpxtpx:hr>173</gpxtpx:hr>
          </gpxtpx:TrackPointExtension>
        </extensions>
      </trkpt>
      <trkpt lat="31.23870514130694" lon="121.62066570435928">
        <ele>3.3776585618034005</ele>
        <time>1970-01-01T00:35:47.500000Z</time>
        <extensions>
          <gpxtpx:TrackPointExtension>
            <gpxtpx:hr>173</gpxtpx:hr>
          </gpxtpx:TrackPointExtension>
        </extensions>
      </trkpt>
      <trkpt lat="31.23870024207085" lon="121.62067231945089">
        <ele>3.369155549444258</ele>
        <time>1970-01-01T00:35:48.500000Z</time>
        <extensions>
          <gpxtpx:TrackPointExtension>
            <gpxtpx:hr>173</gpxtpx:hr>
          </gpxtpx:TrackPointExtension>
        </extensions>
      </trkpt>
      <trkpt lat="31.238695087599694" lon="121.62067669795935">
        <ele>3.3676045862957835</ele>
        <time>1970-01-01T00:35:49.500000Z</time>
        <extensions>
          <gpxtpx:TrackPointExtension>
            <gpxtpx:hr>173</gpxtpx:hr>
          </gpxtpx:TrackPointExtension>
        </extensions>
      </trkpt>
      <trkpt lat="31.238690253490617" lon="121.62068021296334">
        <ele>3.373243162408471</ele>
        <time>1970-01-01T00:35:50.500000Z</time>
        <extensions>
          <gpxtpx:TrackPointExtension>
            <gpxtpx:hr>173</gpxtpx:hr>
          </gpxtpx:TrackPointExtension>
        </extensions>
      </trkpt>
      <trkpt lat="31.238686654194975" lon="121.62068377374146">
        <ele>3.385861319489777</ele>
        <time>1970-01-01T00:35:51.500000Z</time>
        <extensions>
          <gpxtpx:TrackPointExtension>
            <gpxtpx:hr>168</gpxtpx:hr>
          </gpxtpx:TrackPointExtension>
        </extensions>
      </trkpt>
      <trkpt lat="31.238685568150125" lon="121.62068780301907">
        <ele>3.404770715162158</ele>
        <time>1970-01-01T00:35:52.500000Z</time>
        <extensions>
          <gpxtpx:TrackPointExtension>
            <gpxtpx:hr>168</gpxtpx:hr>
          </gpxtpx:TrackPointExtension>
        </extensions>
      </trkpt>
      <trkpt lat="31.238686439509156" lon="121.62069274315321">
        <ele>3.4289020923897624</ele>
        <time>1970-01-01T00:35:53.500000Z</time>
        <extensions>
          <gpxtpx:TrackPointExtension>
            <gpxtpx:hr>168</gpxtpx:hr>
          </gpxtpx:TrackPointExtension>
        </extensions>
      </trkpt>
      <trkpt lat="31.238686798509608" lon="121.62069888817932">
        <ele>3.4568397775292397</ele>
        <time>1970-01-01T00:35:54.500000Z</time>
        <extensions>
          <gpxtpx:TrackPointExtension>
            <gpxtpx:hr>167</gpxtpx:hr>
          </gpxtpx:TrackPointExtension>
        </extensions>
      </trkpt>
      <trkpt lat="31.238687071773477" lon="121.62070623678356">
        <ele>3.4870839798823</ele>
        <time>1970-01-01T00:35:55.500000Z</time>
        <extensions>
          <gpxtpx:TrackPointExtension>
            <gpxtpx:hr>167</gpxtpx:hr>
          </gpxtpx:TrackPointExtension>
        </extensions>
      </trkpt>
      <trkpt lat="31.238689199599623" lon="121.62071358103155">
        <ele>3.5182164879515767</ele>
        <time>1970-01-01T00:35:56.500000Z</time>
        <extensions>
          <gpxtpx:TrackPointExtension>
            <gpxtpx:hr>167</gpxtpx:hr>
          </gpxtpx:TrackPointExtension>
        </extensions>
      </trkpt>
      <trkpt lat="31.238691455313486" lon="121.62071994573176">
        <ele>3.5486525343731046</ele>
        <time>1970-01-01T00:35:57.500000Z</time>
        <extensions>
          <gpxtpx:TrackPointExtension>
            <gpxtpx:hr>167</gpxtpx:hr>
          </gpxtpx:TrackPointExtension>
        </extensions>
      </trkpt>
      <trkpt lat="31.23869657096063" lon="121.62072801985505">
        <ele>3.583923331461847</ele>
        <time>1970-01-01T00:35:59Z</time>
        <extensions>
          <gpxtpx:TrackPointExtension>
            <gpxtpx:hr>161</gpxtpx:hr>
          </gpxtpx:TrackPointExtension>
        </extensions>
      </trkpt>
      <trkpt lat="31.238702773600703" lon="121.620732078288">
        <ele>3.5987464524805546</ele>
        <time>1970-01-01T00:36:00Z</time>
        <extensions>
          <gpxtpx:TrackPointExtension>
            <gpxtpx:hr>161</gpxtpx:hr>
          </gpxtpx:TrackPointExtension>
        </extensions>
      </trkpt>
      <trkpt lat="31.238706469895636" lon="121.62073361580258">
        <ele>3.6041158568114042</ele>
        <time>1970-01-01T00:36:00.500000Z</time>
        <extensions>
          <gpxtpx:TrackPointExtension>
            <gpxtpx:hr>161</gpxtpx:hr>
          </gpxtpx:TrackPointExtension>
        </extensions>
      </trkpt>
      <trkpt lat="31.238713220023413" lon="121.62073562504769">
        <ele>3.6101290872320533</ele>
        <time>1970-01-01T00:36:01.500000Z</time>
        <extensions>
          <gpxtpx:TrackPointExtension>
            <gpxtpx:hr>161</gpxtpx:hr>
          </gpxtpx:TrackPointExtension>
        </extensions>
      </trkpt>
      <trkpt lat="31.23871958442128" lon="121.62073700101413">
        <ele>3.6117846528068185</ele>
        <time>1970-01-01T00:36:02.500000Z</time>
        <extensions>
          <gpxtpx:TrackPointExtension>
            <gpxtpx:hr>161</gpxtpx:hr>
          </gpxtpx:TrackPointExtension>
        </extensions>
      </trkpt>
      <trkpt lat="31.23872501603549" lon="121.62073860954571">
        <ele>3.610998754389584</ele>
        <time>1970-01-01T00:36:03.500000Z</time>
        <extensions>
          <gpxtpx:TrackPointExtension>
            <gpxtpx:hr>160</gpxtpx:hr>
          </gpxtpx:TrackPointExtension>
        </extensions>
      </trkpt>
      <trkpt lat="31.23872894547797" lon="121.62074130312216">
        <ele>3.6093395268544555</ele>
        <time>1970-01-01T00:36:04.500000Z</time>
        <extensions>
          <gpxtpx:TrackPointExtension>
            <gpxtpx:hr>160</gpxtpx:hr>
          </gpxtpx:TrackPointExtension>
        </extensions>
      </trkpt>
      <trkpt lat="31.238730145531406" lon="121.62074634174807">
        <ele>3.608023046515882</ele>
        <time>1970-01-01T00:36:05.500000Z</time>
        <extensions>
          <gpxtpx:TrackPointExtension>
            <gpxtpx:hr>160</gpxtpx:hr>
          </gpxtpx:TrackPointExtension>
        </extensions>
      </trkpt>
      <trkpt lat="31.238728280978968" lon="121.62075367511892">
        <ele>3.6079835146665573</ele>
        <time>1970-01-01T00:36:06.500000Z</time>
        <extensions>
          <gpxtpx:TrackPointExtension>
            <gpxtpx:hr>160</gpxtpx:hr>
          </gpxtpx:TrackPointExtension>
        </extensions>
      </trkpt>
      <trkpt lat="31.238724403948716" lon="121.62076179786067">
        <ele>3.609729250892997</ele>
        <time>1970-01-01T00:36:07.500000Z</time>
        <extensions>
          <gpxtpx:TrackPointExtension>
            <gpxtpx:hr>160</gpxtpx:hr>
          </gpxtpx:TrackPointExtension>
        </extensions>
      </trkpt>
      <trkpt lat="31.23871922800604" lon="121.62076977713123">
        <ele>3.613425419665873</ele>
        <time>1970-01-01T00:36:08.500000Z</time>
        <extensions>
          <gpxtpx:TrackPointExtension>
            <gpxtpx:hr>160</gpxtpx:hr>
          </gpxtpx:TrackPointExtension>
        </extensions>
      </trkpt>
      <trkpt lat="31.238712900859145" lon="121.62077698299694">
        <ele>3.618769801221788</ele>
        <time>1970-01-01T00:36:09.500000Z</time>
        <extensions>
          <gpxtpx:TrackPointExtension>
            <gpxtpx:hr>152</gpxtpx:hr>
          </gpxtpx:TrackPointExtension>
        </extensions>
      </trkpt>
      <trkpt lat="31.23870565116729" lon="121.62078323117274">
        <ele>3.6252462547272444</ele>
        <time>1970-01-01T00:36:10.500000Z</time>
        <extensions>
          <gpxtpx:TrackPointExtension>
            <gpxtpx:hr>152</gpxtpx:hr>
          </gpxtpx:TrackPointExtension>
        </extensions>
      </trkpt>
      <trkpt lat="31.238698463571897" lon="121.62078889800233">
        <ele>3.6322489278391004</ele>
        <time>1970-01-01T00:36:11.500000Z</time>
        <extensions>
          <gpxtpx:TrackPointExtension>
            <gpxtpx:hr>152</gpxtpx:hr>
          </gpxtpx:TrackPointExtension>
        </extensions>
      </trkpt>
      <trkpt lat="31.238692457999328" lon="121.6207948145186">
        <ele>3.639313595369458</ele>
        <time>1970-01-01T00:36:12.500000Z</time>
        <extensions>
          <gpxtpx:TrackPointExtension>
            <gpxtpx:hr>152</gpxtpx:hr>
          </gpxtpx:TrackPointExtension>
        </extensions>
      </trkpt>
      <trkpt lat="31.238688137255334" lon="121.62080122846713">
        <ele>3.6462627900764346</ele>
        <time>1970-01-01T00:36:13.500000Z</time>
        <extensions>
          <gpxtpx:TrackPointExtension>
            <gpxtpx:hr>152</gpxtpx:hr>
          </gpxtpx:TrackPointExtension>
        </extensions>
      </trkpt>
      <trkpt lat="31.238685500272027" lon="121.62080703948864">
        <ele>3.6530312448740005</ele>
        <time>1970-01-01T00:36:14.500000Z</time>
        <extensions>
          <gpxtpx:TrackPointExtension>
            <gpxtpx:hr>152</gpxtpx:hr>
          </gpxtpx:TrackPointExtension>
        </extensions>
      </trkpt>
      <trkpt lat="31.238684840446545" lon="121.62081118746624">
        <ele>3.659857040271163</ele>
        <time>1970-01-01T00:36:15.500000Z</time>
        <extensions>
          <gpxtpx:TrackPointExtension>
            <gpxtpx:hr>152</gpxtpx:hr>
          </gpxtpx:TrackPointExtension>
        </extensions>
      </trkpt>
      <trkpt lat="31.238686047306857" lon="121.62081378000201">
        <ele>3.6672322442755103</ele>
        <time>1970-01-01T00:36:16.500000Z</time>
        <extensions>
          <gpxtpx:TrackPointExtension>
            <gpxtpx:hr>149</gpxtpx:hr>
          </gpxtpx:TrackPointExtension>
        </extensions>
      </trkpt>
      <trkpt lat="31.2386877592213" lon="121.62081546994989">
        <ele>3.675912412814796</ele>
        <time>1970-01-01T00:36:17.500000Z</time>
        <extensions>
          <gpxtpx:TrackPointExtension>
            <gpxtpx:hr>149</gpxtpx:hr>
          </gpxtpx:TrackPointExtension>
        </extensions>
      </trkpt>
      <trkpt lat="31.238689167065438" lon="121.62081669268053">
        <ele>3.6868497962132096</ele>
        <time>1970-01-01T00:36:18.500000Z</time>
        <extensions>
          <gpxtpx:TrackPointExtension>
            <gpxtpx:hr>149</gpxtpx:hr>
          </gpxtpx:TrackPointExtension>
        </extensions>
      </trkpt>
      <trkpt lat="31.23869036202432" lon="121.62081772794991">
        <ele>3.7008596528321505</ele>
        <time>1970-01-01T00:36:19.600000Z</time>
        <extensions>
          <gpxtpx:TrackPointExtension>
            <gpxtpx:hr>148</gpxtpx:hr>
          </gpxtpx:TrackPointExtension>
        </extensions>
      </trkpt>
      <trkpt lat="31.23869131641678" lon="121.62081869923713">
        <ele>3.7187043726444244</ele>
        <time>1970-01-01T00:36:20.600000Z</time>
        <extensions>
          <gpxtpx:TrackPointExtension>
            <gpxtpx:hr>148</gpxtpx:hr>
          </gpxtpx:TrackPointExtension>
        </extensions>
      </trkpt>
      <trkpt lat="31.2386919580046" lon="121.62081974081958">
        <ele>3.7409932343289256</ele>
        <time>1970-01-01T00:36:21.600000Z</time>
        <extensions>
          <gpxtpx:TrackPointExtension>
            <gpxtpx:hr>148</gpxtpx:hr>
          </gpxtpx:TrackPointExtension>
        </extensions>
      </trkpt>
      <trkpt lat="31.23869214781824" lon="121.62082094782912">
        <ele>3.7681828904896975</ele>
        <time>1970-01-01T00:36:22.600000Z</time>
        <extensions>
          <gpxtpx:TrackPointExtension>
            <gpxtpx:hr>148</gpxtpx:hr>
          </gpxtpx:TrackPointExtension>
        </extensions>
      </trkpt>
      <trkpt lat="31.23869164026767" lon="121.62082233105184">
        <ele>3.800558469258249</ele>
        <time>1970-01-01T00:36:23.600000Z</time>
        <extensions>
          <gpxtpx:TrackPointExtension>
            <gpxtpx:hr>148</gpxtpx:hr>
          </gpxtpx:TrackPointExtension>
        </extensions>
      </trkpt>
      <trkpt lat="31.238689969988858" lon="121.6208238340817">
        <ele>3.8383741164579988</ele>
        <time>1970-01-01T00:36:24.600000Z</time>
        <extensions>
          <gpxtpx:TrackPointExtension>
            <gpxtpx:hr>140</gpxtpx:hr>
          </gpxtpx:TrackPointExtension>
        </extensions>
      </trkpt>
      <trkpt lat="31.238686228051105" lon="121.6208253511774">
        <ele>3.8817784590646625</ele>
        <time>1970-01-01T00:36:25.600000Z</time>
        <extensions>
          <gpxtpx:TrackPointExtension>
            <gpxtpx:hr>140</gpxtpx:hr>
          </gpxtpx:TrackPointExtension>
        </extensions>
      </trkpt>
      <trkpt lat="31.238680431983163" lon="121.62082769238944">
        <ele>3.930735670030117</ele>
        <time>1970-01-01T00:36:26.600000Z</time>
        <extensions>
          <gpxtpx:TrackPointExtension>
            <gpxtpx:hr>140</gpxtpx:hr>
          </gpxtpx:TrackPointExtension>
        </extensions>
      </trkpt>
      <trkpt lat="31.238673779318347" lon="121.62083346142366">
        <ele>3.984713600948453</ele>
        <time>1970-01-01T00:36:27.600000Z</time>
        <extensions>
          <gpxtpx:TrackPointExtension>
            <gpxtpx:hr>140</gpxtpx:hr>
          </gpxtpx:TrackPointExtension>
        </extensions>
      </trkpt>
      <trkpt lat="31.238667658597045" lon="121.62084594494085">
        <ele>4.042560891248286</ele>
        <time>1970-01-01T00:36:28.600000Z</time>
        <extensions>
          <gpxtpx:TrackPointExtension>
            <gpxtpx:hr>140</gpxtpx:hr>
          </gpxtpx:TrackPointExtension>
        </extensions>
      </trkpt>
      <trkpt lat="31.238662758456112" lon="121.62086620033217">
        <ele>4.10248648468405</ele>
        <time>1970-01-01T00:36:29.600000Z</time>
        <extensions>
          <gpxtpx:TrackPointExtension>
            <gpxtpx:hr>138</gpxtpx:hr>
          </gpxtpx:TrackPointExtension>
        </extensions>
      </trkpt>
      <trkpt lat="31.238659093569314" lon="121.62089304132321">
        <ele>4.162575141526759</ele>
        <time>1970-01-01T00:36:30.600000Z</time>
        <extensions>
          <gpxtpx:TrackPointExtension>
            <gpxtpx:hr>138</gpxtpx:hr>
          </gpxtpx:TrackPointExtension>
        </extensions>
      </trkpt>
      <trkpt lat="31.238656788945278" lon="121.62092486614327">
        <ele>4.221430606208742</ele>
        <time>1970-01-01T00:36:31.600000Z</time>
        <extensions>
          <gpxtpx:TrackPointExtension>
            <gpxtpx:hr>138</gpxtpx:hr>
          </gpxtpx:TrackPointExtension>
        </extensions>
      </trkpt>
      <trkpt lat="31.238655469213217" lon="121.62095967511024">
        <ele>4.277957573533058</ele>
        <time>1970-01-01T00:36:32.600000Z</time>
        <extensions>
          <gpxtpx:TrackPointExtension>
            <gpxtpx:hr>135</gpxtpx:hr>
          </gpxtpx:TrackPointExtension>
        </extensions>
      </trkpt>
      <trkpt lat="31.238654632006934" lon="121.62099561994152">
        <ele>4.331132725812495</ele>
        <time>1970-01-01T00:36:33.600000Z</time>
        <extensions>
          <gpxtpx:TrackPointExtension>
            <gpxtpx:hr>135</gpxtpx:hr>
          </gpxtpx:TrackPointExtension>
        </extensions>
      </trkpt>
      <trkpt lat="31.2386538263081" lon="121.62103183058585">
        <ele>4.3802283043041825</ele>
        <time>1970-01-01T00:36:34.600000Z</time>
        <extensions>
          <gpxtpx:TrackPointExtension>
            <gpxtpx:hr>135</gpxtpx:hr>
          </gpxtpx:TrackPointExtension>
        </extensions>
      </trkpt>
      <trkpt lat="31.238652270663238" lon="121.62106815891745">
        <ele>4.425028458237648</ele>
        <time>1970-01-01T00:36:35.600000Z</time>
        <extensions>
          <gpxtpx:TrackPointExtension>
            <gpxtpx:hr>135</gpxtpx:hr>
          </gpxtpx:TrackPointExtension>
        </extensions>
      </trkpt>
      <trkpt lat="31.238649629945428" lon="121.62110463315804">
        <ele>4.465768969617784</ele>
        <time>1970-01-01T00:36:36.600000Z</time>
        <extensions>
          <gpxtpx:TrackPointExtension>
            <gpxtpx:hr>135</gpxtpx:hr>
          </gpxtpx:TrackPointExtension>
        </extensions>
      </trkpt>
      <trkpt lat="31.238646155068363" lon="121.62114140756908">
        <ele>4.502805368974805</ele>
        <time>1970-01-01T00:36:37.600000Z</time>
        <extensions>
          <gpxtpx:TrackPointExtension>
            <gpxtpx:hr>138</gpxtpx:hr>
          </gpxtpx:TrackPointExtension>
        </extensions>
      </trkpt>
      <trkpt lat="31.23864240289384" lon="121.62117817739261">
        <ele>4.536368201486766</ele>
        <time>1970-01-01T00:36:38.600000Z</time>
        <extensions>
          <gpxtpx:TrackPointExtension>
            <gpxtpx:hr>138</gpxtpx:hr>
          </gpxtpx:TrackPointExtension>
        </extensions>
      </trkpt>
      <trkpt lat="31.23863915206521" lon="121.62121440388485">
        <ele>4.566523456014693</ele>
        <time>1970-01-01T00:36:39.600000Z</time>
        <extensions>
          <gpxtpx:TrackPointExtension>
            <gpxtpx:hr>138</gpxtpx:hr>
          </gpxtpx:TrackPointExtension>
        </extensions>
      </trkpt>
      <trkpt lat="31.2386368351919" lon="121.6212498980686">
        <ele>4.593633430078626</ele>
        <time>1970-01-01T00:36:40.600000Z</time>
        <extensions>
          <gpxtpx:TrackPointExtension>
            <gpxtpx:hr>138</gpxtpx:hr>
          </gpxtpx:TrackPointExtension>
        </extensions>
      </trkpt>
      <trkpt lat="31.238635860699077" lon="121.62128456562519">
        <ele>4.618653527460992</ele>
        <time>1970-01-01T00:36:41.600000Z</time>
        <extensions>
          <gpxtpx:TrackPointExtension>
            <gpxtpx:hr>138</gpxtpx:hr>
          </gpxtpx:TrackPointExtension>
        </extensions>
      </trkpt>
      <trkpt lat="31.238636622845295" lon="121.62131847485368">
        <ele>4.6424599485471845</ele>
        <time>1970-01-01T00:36:42.600000Z</time>
        <extensions>
          <gpxtpx:TrackPointExtension>
            <gpxtpx:hr>138</gpxtpx:hr>
          </gpxtpx:TrackPointExtension>
        </extensions>
      </trkpt>
      <trkpt lat="31.238638705903526" lon="121.62135217200102">
        <ele>4.665503595024347</ele>
        <time>1970-01-01T00:36:43.600000Z</time>
        <extensions>
          <gpxtpx:TrackPointExtension>
            <gpxtpx:hr>138</gpxtpx:hr>
          </gpxtpx:TrackPointExtension>
        </extensions>
      </trkpt>
      <trkpt lat="31.23864147128698" lon="121.62138597323167">
        <ele>4.688199038617313</ele>
        <time>1970-01-01T00:36:44.600000Z</time>
        <extensions>
          <gpxtpx:TrackPointExtension>
            <gpxtpx:hr>143</gpxtpx:hr>
          </gpxtpx:TrackPointExtension>
        </extensions>
      </trkpt>
      <trkpt lat="31.238644919315274" lon="121.62141984652051">
        <ele>4.711063017137349</ele>
        <time>1970-01-01T00:36:45.600000Z</time>
        <extensions>
          <gpxtpx:TrackPointExtension>
            <gpxtpx:hr>143</gpxtpx:hr>
          </gpxtpx:TrackPointExtension>
        </extensions>
      </trkpt>
      <trkpt lat="31.23864888510264" lon="121.62145395630044">
        <ele>4.734776499681175</ele>
        <time>1970-01-01T00:36:46.600000Z</time>
        <extensions>
          <gpxtpx:TrackPointExtension>
            <gpxtpx:hr>143</gpxtpx:hr>
          </gpxtpx:TrackPointExtension>
        </extensions>
      </trkpt>
      <trkpt lat="31.23865301057547" lon="121.62148832294379">
        <ele>4.760098651982844</ele>
        <time>1970-01-01T00:36:47.600000Z</time>
        <extensions>
          <gpxtpx:TrackPointExtension>
            <gpxtpx:hr>143</gpxtpx:hr>
          </gpxtpx:TrackPointExtension>
        </extensions>
      </trkpt>
      <trkpt lat="31.238657019412848" lon="121.62152279279081">
        <ele>4.787842734716833</ele>
        <time>1970-01-01T00:36:48.600000Z</time>
        <extensions>
          <gpxtpx:TrackPointExtension>
            <gpxtpx:hr>143</gpxtpx:hr>
          </gpxtpx:TrackPointExtension>
        </extensions>
      </trkpt>
      <trkpt lat="31.23866042098899" lon="121.62155751351469">
        <ele>4.818302033469081</ele>
        <time>1970-01-01T00:36:49.600000Z</time>
        <extensions>
          <gpxtpx:TrackPointExtension>
            <gpxtpx:hr>145</gpxtpx:hr>
          </gpxtpx:TrackPointExtension>
        </extensions>
      </trkpt>
      <trkpt lat="31.238663199408887" lon="121.62159282128465">
        <ele>4.850853634998202</ele>
        <time>1970-01-01T00:36:50.600000Z</time>
        <extensions>
          <gpxtpx:TrackPointExtension>
            <gpxtpx:hr>145</gpxtpx:hr>
          </gpxtpx:TrackPointExtension>
        </extensions>
      </trkpt>
      <trkpt lat="31.238665665179187" lon="121.6216289343192">
        <ele>4.884337016381323</ele>
        <time>1970-01-01T00:36:51.600000Z</time>
        <extensions>
          <gpxtpx:TrackPointExtension>
            <gpxtpx:hr>145</gpxtpx:hr>
          </gpxtpx:TrackPointExtension>
        </extensions>
      </trkpt>
      <trkpt lat="31.238667766649808" lon="121.62166588448036">
        <ele>4.9173742439597845</ele>
        <time>1970-01-01T00:36:52.600000Z</time>
        <extensions>
          <gpxtpx:TrackPointExtension>
            <gpxtpx:hr>150</gpxtpx:hr>
          </gpxtpx:TrackPointExtension>
        </extensions>
      </trkpt>
      <trkpt lat="31.238669696239263" lon="121.62170316857664">
        <ele>4.948834436945617</ele>
        <time>1970-01-01T00:36:53.600000Z</time>
        <extensions>
          <gpxtpx:TrackPointExtension>
            <gpxtpx:hr>150</gpxtpx:hr>
          </gpxtpx:TrackPointExtension>
        </extensions>
      </trkpt>
      <trkpt lat="31.238671853581284" lon="121.62174006396398">
        <ele>4.978148036636412</ele>
        <time>1970-01-01T00:36:54.700000Z</time>
        <extensions>
          <gpxtpx:TrackPointExtension>
            <gpxtpx:hr>150</gpxtpx:hr>
          </gpxtpx:TrackPointExtension>
        </extensions>
      </trkpt>
      <trkpt lat="31.238674156323498" lon="121.62177646441067">
        <ele>5.005655858665705</ele>
        <time>1970-01-01T00:36:55.700000Z</time>
        <extensions>
          <gpxtpx:TrackPointExtension>
            <gpxtpx:hr>150</gpxtpx:hr>
          </gpxtpx:TrackPointExtension>
        </extensions>
      </trkpt>
      <trkpt lat="31.23867655404391" lon="121.6218125889015">
        <ele>5.0329111674800515</ele>
        <time>1970-01-01T00:36:56.700000Z</time>
        <extensions>
          <gpxtpx:TrackPointExtension>
            <gpxtpx:hr>150</gpxtpx:hr>
          </gpxtpx:TrackPointExtension>
        </extensions>
      </trkpt>
      <trkpt lat="31.23867920272271" lon="121.62184861353343">
        <ele>5.061678276397288</ele>
        <time>1970-01-01T00:36:57.700000Z</time>
        <extensions>
          <gpxtpx:TrackPointExtension>
            <gpxtpx:hr>150</gpxtpx:hr>
          </gpxtpx:TrackPointExtension>
        </extensions>
      </trkpt>
      <trkpt lat="31.238681872519535" lon="121.62188489167026">
        <ele>5.092794306576252</ele>
        <time>1970-01-01T00:36:58.700000Z</time>
        <extensions>
          <gpxtpx:TrackPointExtension>
            <gpxtpx:hr>150</gpxtpx:hr>
          </gpxtpx:TrackPointExtension>
        </extensions>
      </trkpt>
      <trkpt lat="31.238684244638034" lon="121.62192161431675">
        <ele>5.1266232104972005</ele>
        <time>1970-01-01T00:36:59.700000Z</time>
        <extensions>
          <gpxtpx:TrackPointExtension>
            <gpxtpx:hr>154</gpxtpx:hr>
          </gpxtpx:TrackPointExtension>
        </extensions>
      </trkpt>
      <trkpt lat="31.23868620734125" lon="121.62195858760286">
        <ele>5.163896220736206</ele>
        <time>1970-01-01T00:37:00.700000Z</time>
        <extensions>
          <gpxtpx:TrackPointExtension>
            <gpxtpx:hr>154</gpxtpx:hr>
          </gpxtpx:TrackPointExtension>
        </extensions>
      </trkpt>
      <trkpt lat="31.23868751724828" lon="121.6219954918619">
        <ele>5.206136776134372</ele>
        <time>1970-01-01T00:37:01.700000Z</time>
        <extensions>
          <gpxtpx:TrackPointExtension>
            <gpxtpx:hr>154</gpxtpx:hr>
          </gpxtpx:TrackPointExtension>
        </extensions>
      </trkpt>
      <trkpt lat="31.238688196817012" lon="121.62203203910049">
        <ele>5.254385589621961</ele>
        <time>1970-01-01T00:37:02.700000Z</time>
        <extensions>
          <gpxtpx:TrackPointExtension>
            <gpxtpx:hr>154</gpxtpx:hr>
          </gpxtpx:TrackPointExtension>
        </extensions>
      </trkpt>
      <trkpt lat="31.238688634623358" lon="121.62206831994571">
        <ele>5.308469963259995</ele>
        <time>1970-01-01T00:37:03.700000Z</time>
        <extensions>
          <gpxtpx:TrackPointExtension>
            <gpxtpx:hr>154</gpxtpx:hr>
          </gpxtpx:TrackPointExtension>
        </extensions>
      </trkpt>
      <trkpt lat="31.238688897138886" lon="121.62210474763916">
        <ele>5.367870751768351</ele>
        <time>1970-01-01T00:37:04.700000Z</time>
        <extensions>
          <gpxtpx:TrackPointExtension>
            <gpxtpx:hr>155</gpxtpx:hr>
          </gpxtpx:TrackPointExtension>
        </extensions>
      </trkpt>
      <trkpt lat="31.23868898298672" lon="121.62214122145656">
        <ele>5.4318772703409195</ele>
        <time>1970-01-01T00:37:05.700000Z</time>
        <extensions>
          <gpxtpx:TrackPointExtension>
            <gpxtpx:hr>155</gpxtpx:hr>
          </gpxtpx:TrackPointExtension>
        </extensions>
      </trkpt>
      <trkpt lat="31.238688916492457" lon="121.62217744855063">
        <ele>5.500000095926225</ele>
        <time>1970-01-01T00:37:06.700000Z</time>
        <extensions>
          <gpxtpx:TrackPointExtension>
            <gpxtpx:hr>155</gpxtpx:hr>
          </gpxtpx:TrackPointExtension>
        </extensions>
      </trkpt>
      <trkpt lat="31.238688366256177" lon="121.6222136070401">
        <ele>5.571885185316205</ele>
        <time>1970-01-01T00:37:07.700000Z</time>
        <extensions>
          <gpxtpx:TrackPointExtension>
            <gpxtpx:hr>155</gpxtpx:hr>
          </gpxtpx:TrackPointExtension>
        </extensions>
      </trkpt>
      <trkpt lat="31.238687517650376" lon="121.62224991940984">
        <ele>5.647125566378236</ele>
        <time>1970-01-01T00:37:08.700000Z</time>
        <extensions>
          <gpxtpx:TrackPointExtension>
            <gpxtpx:hr>156</gpxtpx:hr>
          </gpxtpx:TrackPointExtension>
        </extensions>
      </trkpt>
      <trkpt lat="31.238687031228004" lon="121.62228644157311">
        <ele>5.725476781837642</ele>
        <time>1970-01-01T00:37:09.700000Z</time>
        <extensions>
          <gpxtpx:TrackPointExtension>
            <gpxtpx:hr>156</gpxtpx:hr>
          </gpxtpx:TrackPointExtension>
        </extensions>
      </trkpt>
      <trkpt lat="31.238686854336834" lon="121.622323274647">
        <ele>5.806434360332787</ele>
        <time>1970-01-01T00:37:10.700000Z</time>
        <extensions>
          <gpxtpx:TrackPointExtension>
            <gpxtpx:hr>156</gpxtpx:hr>
          </gpxtpx:TrackPointExtension>
        </extensions>
      </trkpt>
      <trkpt lat="31.238686918565698" lon="121.62236018012801">
        <ele>5.8893959410488605</ele>
        <time>1970-01-01T00:37:11.700000Z</time>
        <extensions>
          <gpxtpx:TrackPointExtension>
            <gpxtpx:hr>156</gpxtpx:hr>
          </gpxtpx:TrackPointExtension>
        </extensions>
      </trkpt>
      <trkpt lat="31.238687624924943" lon="121.62239667270111">
        <ele>5.973500935360789</ele>
        <time>1970-01-01T00:37:12.700000Z</time>
        <extensions>
          <gpxtpx:TrackPointExtension>
            <gpxtpx:hr>156</gpxtpx:hr>
          </gpxtpx:TrackPointExtension>
        </extensions>
      </trkpt>
      <trkpt lat="31.238688776286455" lon="121.62243262164343">
        <ele>6.056882044300437</ele>
        <time>1970-01-01T00:37:13.700000Z</time>
        <extensions>
          <gpxtpx:TrackPointExtension>
            <gpxtpx:hr>158</gpxtpx:hr>
          </gpxtpx:TrackPointExtension>
        </extensions>
      </trkpt>
      <trkpt lat="31.238689954651637" lon="121.62246801632126">
        <ele>6.1374317817389965</ele>
        <time>1970-01-01T00:37:14.700000Z</time>
        <extensions>
          <gpxtpx:TrackPointExtension>
            <gpxtpx:hr>158</gpxtpx:hr>
          </gpxtpx:TrackPointExtension>
        </extensions>
      </trkpt>
      <trkpt lat="31.238691051340815" lon="121.6225027489021">
        <ele>6.213583246804774</ele>
        <time>1970-01-01T00:37:15.700000Z</time>
        <extensions>
          <gpxtpx:TrackPointExtension>
            <gpxtpx:hr>158</gpxtpx:hr>
          </gpxtpx:TrackPointExtension>
        </extensions>
      </trkpt>
      <trkpt lat="31.238691868848637" lon="121.62253709561433">
        <ele>6.283815447241068</ele>
        <time>1970-01-01T00:37:16.700000Z</time>
        <extensions>
          <gpxtpx:TrackPointExtension>
            <gpxtpx:hr>158</gpxtpx:hr>
          </gpxtpx:TrackPointExtension>
        </extensions>
      </trkpt>
      <trkpt lat="31.238692400192097" lon="121.62257114533415">
        <ele>6.346742978319526</ele>
        <time>1970-01-01T00:37:17.700000Z</time>
        <extensions>
          <gpxtpx:TrackPointExtension>
            <gpxtpx:hr>158</gpxtpx:hr>
          </gpxtpx:TrackPointExtension>
        </extensions>
      </trkpt>
      <trkpt lat="31.238692721769105" lon="121.62260447888075">
        <ele>6.401766182854772</ele>
        <time>1970-01-01T00:37:18.700000Z</time>
        <extensions>
          <gpxtpx:TrackPointExtension>
            <gpxtpx:hr>159</gpxtpx:hr>
          </gpxtpx:TrackPointExtension>
        </extensions>
      </trkpt>
      <trkpt lat="31.238692462145544" lon="121.62263714946778">
        <ele>6.4489705096930265</ele>
        <time>1970-01-01T00:37:19.700000Z</time>
        <extensions>
          <gpxtpx:TrackPointExtension>
            <gpxtpx:hr>159</gpxtpx:hr>
          </gpxtpx:TrackPointExtension>
        </extensions>
      </trkpt>
      <trkpt lat="31.238691752441962" lon="121.62266953076505">
        <ele>6.488252625800669</ele>
        <time>1970-01-01T00:37:20.700000Z</time>
        <extensions>
          <gpxtpx:TrackPointExtension>
            <gpxtpx:hr>159</gpxtpx:hr>
          </gpxtpx:TrackPointExtension>
        </extensions>
      </trkpt>
      <trkpt lat="31.238691148733356" lon="121.62270205479184">
        <ele>6.518668061122298</ele>
        <time>1970-01-01T00:37:21.700000Z</time>
        <extensions>
          <gpxtpx:TrackPointExtension>
            <gpxtpx:hr>159</gpxtpx:hr>
          </gpxtpx:TrackPointExtension>
        </extensions>
      </trkpt>
      <trkpt lat="31.23869050281868" lon="121.62273506282388">
        <ele>6.538816872984171</ele>
        <time>1970-01-01T00:37:22.700000Z</time>
        <extensions>
          <gpxtpx:TrackPointExtension>
            <gpxtpx:hr>159</gpxtpx:hr>
          </gpxtpx:TrackPointExtension>
        </extensions>
      </trkpt>
      <trkpt lat="31.238689801708244" lon="121.62276824455627">
        <ele>6.547503494657576</ele>
        <time>1970-01-01T00:37:23.700000Z</time>
        <extensions>
          <gpxtpx:TrackPointExtension>
            <gpxtpx:hr>160</gpxtpx:hr>
          </gpxtpx:TrackPointExtension>
        </extensions>
      </trkpt>
      <trkpt lat="31.23868908142535" lon="121.62280091563639">
        <ele>6.544143062084913</ele>
        <time>1970-01-01T00:37:24.700000Z</time>
        <extensions>
          <gpxtpx:TrackPointExtension>
            <gpxtpx:hr>160</gpxtpx:hr>
          </gpxtpx:TrackPointExtension>
        </extensions>
      </trkpt>
      <trkpt lat="31.238688073912456" lon="121.62283306174194">
        <ele>6.528643595054746</ele>
        <time>1970-01-01T00:37:25.700000Z</time>
        <extensions>
          <gpxtpx:TrackPointExtension>
            <gpxtpx:hr>160</gpxtpx:hr>
          </gpxtpx:TrackPointExtension>
        </extensions>
      </trkpt>
      <trkpt lat="31.23868703399704" lon="121.62286504671212">
        <ele>6.501298997551203</ele>
        <time>1970-01-01T00:37:26.700000Z</time>
        <extensions>
          <gpxtpx:TrackPointExtension>
            <gpxtpx:hr>160</gpxtpx:hr>
          </gpxtpx:TrackPointExtension>
        </extensions>
      </trkpt>
      <trkpt lat="31.238686319594656" lon="121.62289683899">
        <ele>6.462501363828778</ele>
        <time>1970-01-01T00:37:27.700000Z</time>
        <extensions>
          <gpxtpx:TrackPointExtension>
            <gpxtpx:hr>160</gpxtpx:hr>
          </gpxtpx:TrackPointExtension>
        </extensions>
      </trkpt>
      <trkpt lat="31.238685741170315" lon="121.62292844531467">
        <ele>6.412164364010096</ele>
        <time>1970-01-01T00:37:28.700000Z</time>
        <extensions>
          <gpxtpx:TrackPointExtension>
            <gpxtpx:hr>160</gpxtpx:hr>
          </gpxtpx:TrackPointExtension>
        </extensions>
      </trkpt>
      <trkpt lat="31.238685234680844" lon="121.6229599304322">
        <ele>6.349839280359447</ele>
        <time>1970-01-01T00:37:29.700000Z</time>
        <extensions>
          <gpxtpx:TrackPointExtension>
            <gpxtpx:hr>160</gpxtpx:hr>
          </gpxtpx:TrackPointExtension>
        </extensions>
      </trkpt>
      <trkpt lat="31.238685071536484" lon="121.62299138387858">
        <ele>6.274810808710754</ele>
        <time>1970-01-01T00:37:30.800000Z</time>
        <extensions>
          <gpxtpx:TrackPointExtension>
            <gpxtpx:hr>162</gpxtpx:hr>
          </gpxtpx:TrackPointExtension>
        </extensions>
      </trkpt>
      <trkpt lat="31.238685643544482" lon="121.62302304412623">
        <ele>6.18648268841207</ele>
        <time>1970-01-01T00:37:31.800000Z</time>
        <extensions>
          <gpxtpx:TrackPointExtension>
            <gpxtpx:hr>162</gpxtpx:hr>
          </gpxtpx:TrackPointExtension>
        </extensions>
      </trkpt>
      <trkpt lat="31.238688094999592" lon="121.62305476673964">
        <ele>6.085063369013369</ele>
        <time>1970-01-01T00:37:32.800000Z</time>
        <extensions>
          <gpxtpx:TrackPointExtension>
            <gpxtpx:hr>162</gpxtpx:hr>
          </gpxtpx:TrackPointExtension>
        </extensions>
      </trkpt>
      <trkpt lat="31.23869254513855" lon="121.62308637674197">
        <ele>5.971370404586196</ele>
        <time>1970-01-01T00:37:33.800000Z</time>
        <extensions>
          <gpxtpx:TrackPointExtension>
            <gpxtpx:hr>162</gpxtpx:hr>
          </gpxtpx:TrackPointExtension>
        </extensions>
      </trkpt>
      <trkpt lat="31.238697782224286" lon="121.62311819448945">
        <ele>5.84653161931783</ele>
        <time>1970-01-01T00:37:34.800000Z</time>
        <extensions>
          <gpxtpx:TrackPointExtension>
            <gpxtpx:hr>162</gpxtpx:hr>
          </gpxtpx:TrackPointExtension>
        </extensions>
      </trkpt>
      <trkpt lat="31.23870303814637" lon="121.62315044044111">
        <ele>5.712011804804206</ele>
        <time>1970-01-01T00:37:35.800000Z</time>
        <extensions>
          <gpxtpx:TrackPointExtension>
            <gpxtpx:hr>162</gpxtpx:hr>
          </gpxtpx:TrackPointExtension>
        </extensions>
      </trkpt>
      <trkpt lat="31.238707880186116" lon="121.62318337258823">
        <ele>5.569683901034296</ele>
        <time>1970-01-01T00:37:36.800000Z</time>
        <extensions>
          <gpxtpx:TrackPointExtension>
            <gpxtpx:hr>164</gpxtpx:hr>
          </gpxtpx:TrackPointExtension>
        </extensions>
      </trkpt>
      <trkpt lat="31.238711877507917" lon="121.62321708367276">
        <ele>5.4219517186284065</ele>
        <time>1970-01-01T00:37:37.800000Z</time>
        <extensions>
          <gpxtpx:TrackPointExtension>
            <gpxtpx:hr>164</gpxtpx:hr>
          </gpxtpx:TrackPointExtension>
        </extensions>
      </trkpt>
      <trkpt lat="31.23871471107616" lon="121.62325087023954">
        <ele>5.271723541431129</ele>
        <time>1970-01-01T00:37:38.800000Z</time>
        <extensions>
          <gpxtpx:TrackPointExtension>
            <gpxtpx:hr>164</gpxtpx:hr>
          </gpxtpx:TrackPointExtension>
        </extensions>
      </trkpt>
      <trkpt lat="31.238716144444005" lon="121.62328418555674">
        <ele>5.122286447323859</ele>
        <time>1970-01-01T00:37:39.800000Z</time>
        <extensions>
          <gpxtpx:TrackPointExtension>
            <gpxtpx:hr>164</gpxtpx:hr>
          </gpxtpx:TrackPointExtension>
        </extensions>
      </trkpt>
      <trkpt lat="31.238716404776273" lon="121.62331706570676">
        <ele>4.9764285068959</ele>
        <time>1970-01-01T00:37:40.800000Z</time>
        <extensions>
          <gpxtpx:TrackPointExtension>
            <gpxtpx:hr>164</gpxtpx:hr>
          </gpxtpx:TrackPointExtension>
        </extensions>
      </trkpt>
      <trkpt lat="31.23871609560476" lon="121.6233496179164">
        <ele>4.836148072034121</ele>
        <time>1970-01-01T00:37:41.800000Z</time>
        <extensions>
          <gpxtpx:TrackPointExtension>
            <gpxtpx:hr>164</gpxtpx:hr>
          </gpxtpx:TrackPointExtension>
        </extensions>
      </trkpt>
      <trkpt lat="31.238715243415587" lon="121.62338194257391">
        <ele>4.702590433880687</ele>
        <time>1970-01-01T00:37:42.800000Z</time>
        <extensions>
          <gpxtpx:TrackPointExtension>
            <gpxtpx:hr>164</gpxtpx:hr>
          </gpxtpx:TrackPointExtension>
        </extensions>
      </trkpt>
      <trkpt lat="31.238713790119736" lon="121.62341407802462">
        <ele>4.576898009516299</ele>
        <time>1970-01-01T00:37:43.800000Z</time>
        <extensions>
          <gpxtpx:TrackPointExtension>
            <gpxtpx:hr>164</gpxtpx:hr>
          </gpxtpx:TrackPointExtension>
        </extensions>
      </trkpt>
      <trkpt lat="31.23871204041095" lon="121.6234458998166">
        <ele>4.460569862276316</ele>
        <time>1970-01-01T00:37:44.800000Z</time>
        <extensions>
          <gpxtpx:TrackPointExtension>
            <gpxtpx:hr>167</gpxtpx:hr>
          </gpxtpx:TrackPointExtension>
        </extensions>
      </trkpt>
      <trkpt lat="31.23871010045427" lon="121.62347741795037">
        <ele>4.355165835469961</ele>
        <time>1970-01-01T00:37:45.800000Z</time>
        <extensions>
          <gpxtpx:TrackPointExtension>
            <gpxtpx:hr>167</gpxtpx:hr>
          </gpxtpx:TrackPointExtension>
        </extensions>
      </trkpt>
      <trkpt lat="31.238707943932862" lon="121.62350904611287">
        <ele>4.26154815312475</ele>
        <time>1970-01-01T00:37:46.800000Z</time>
        <extensions>
          <gpxtpx:TrackPointExtension>
            <gpxtpx:hr>167</gpxtpx:hr>
          </gpxtpx:TrackPointExtension>
        </extensions>
      </trkpt>
      <trkpt lat="31.238705911130708" lon="121.62354105465306">
        <ele>4.179727264679968</ele>
        <time>1970-01-01T00:37:47.800000Z</time>
        <extensions>
          <gpxtpx:TrackPointExtension>
            <gpxtpx:hr>167</gpxtpx:hr>
          </gpxtpx:TrackPointExtension>
        </extensions>
      </trkpt>
      <trkpt lat="31.238704177903042" lon="121.6235733444535">
        <ele>4.108980091288686</ele>
        <time>1970-01-01T00:37:48.800000Z</time>
        <extensions>
          <gpxtpx:TrackPointExtension>
            <gpxtpx:hr>167</gpxtpx:hr>
          </gpxtpx:TrackPointExtension>
        </extensions>
      </trkpt>
      <trkpt lat="31.238702705651846" lon="121.62360593421164">
        <ele>4.048180419020355</ele>
        <time>1970-01-01T00:37:49.800000Z</time>
        <extensions>
          <gpxtpx:TrackPointExtension>
            <gpxtpx:hr>167</gpxtpx:hr>
          </gpxtpx:TrackPointExtension>
        </extensions>
      </trkpt>
      <trkpt lat="31.23870172893513" lon="121.62363885451768">
        <ele>3.996321741491556</ele>
        <time>1970-01-01T00:37:50.800000Z</time>
        <extensions>
          <gpxtpx:TrackPointExtension>
            <gpxtpx:hr>169</gpxtpx:hr>
          </gpxtpx:TrackPointExtension>
        </extensions>
      </trkpt>
      <trkpt lat="31.23870098789515" lon="121.6236719361553">
        <ele>3.9526903461664915</ele>
        <time>1970-01-01T00:37:51.800000Z</time>
        <extensions>
          <gpxtpx:TrackPointExtension>
            <gpxtpx:hr>169</gpxtpx:hr>
          </gpxtpx:TrackPointExtension>
        </extensions>
      </trkpt>
      <trkpt lat="31.2387002673109" lon="121.62370519088431">
        <ele>3.916818249039352</ele>
        <time>1970-01-01T00:37:52.800000Z</time>
        <extensions>
          <gpxtpx:TrackPointExtension>
            <gpxtpx:hr>169</gpxtpx:hr>
          </gpxtpx:TrackPointExtension>
        </extensions>
      </trkpt>
      <trkpt lat="31.238700179719" lon="121.62373842096979">
        <ele>3.887931632809341</ele>
        <time>1970-01-01T00:37:53.800000Z</time>
        <extensions>
          <gpxtpx:TrackPointExtension>
            <gpxtpx:hr>169</gpxtpx:hr>
          </gpxtpx:TrackPointExtension>
        </extensions>
      </trkpt>
      <trkpt lat="31.23870094204073" lon="121.62377135492726">
        <ele>3.8648150227963924</ele>
        <time>1970-01-01T00:37:54.800000Z</time>
        <extensions>
          <gpxtpx:TrackPointExtension>
            <gpxtpx:hr>169</gpxtpx:hr>
          </gpxtpx:TrackPointExtension>
        </extensions>
      </trkpt>
      <trkpt lat="31.238702223903676" lon="121.62380402865854">
        <ele>3.8462833585217595</ele>
        <time>1970-01-01T00:37:55.800000Z</time>
        <extensions>
          <gpxtpx:TrackPointExtension>
            <gpxtpx:hr>169</gpxtpx:hr>
          </gpxtpx:TrackPointExtension>
        </extensions>
      </trkpt>
      <trkpt lat="31.23870428165097" lon="121.6238363574783">
        <ele>3.8315251525491476</ele>
        <time>1970-01-01T00:37:56.800000Z</time>
        <extensions>
          <gpxtpx:TrackPointExtension>
            <gpxtpx:hr>169</gpxtpx:hr>
          </gpxtpx:TrackPointExtension>
        </extensions>
      </trkpt>
      <trkpt lat="31.238707186945597" lon="121.62386791371353">
        <ele>3.8205355498939753</ele>
        <time>1970-01-01T00:37:57.800000Z</time>
        <extensions>
          <gpxtpx:TrackPointExtension>
            <gpxtpx:hr>169</gpxtpx:hr>
          </gpxtpx:TrackPointExtension>
        </extensions>
      </trkpt>
      <trkpt lat="31.238709896834887" lon="121.62389798940826">
        <ele>3.813718135468662</ele>
        <time>1970-01-01T00:37:58.800000Z</time>
        <extensions>
          <gpxtpx:TrackPointExtension>
            <gpxtpx:hr>169</gpxtpx:hr>
          </gpxtpx:TrackPointExtension>
        </extensions>
      </trkpt>
      <trkpt lat="31.238711823910723" lon="121.62392593171757">
        <ele>3.8110368326306343</ele>
        <time>1970-01-01T00:37:59.800000Z</time>
        <extensions>
          <gpxtpx:TrackPointExtension>
            <gpxtpx:hr>171</gpxtpx:hr>
          </gpxtpx:TrackPointExtension>
        </extensions>
      </trkpt>
      <trkpt lat="31.238713475433293" lon="121.62395212895231">
        <ele>3.81199758592993</ele>
        <time>1970-01-01T00:38:00.800000Z</time>
        <extensions>
          <gpxtpx:TrackPointExtension>
            <gpxtpx:hr>171</gpxtpx:hr>
          </gpxtpx:TrackPointExtension>
        </extensions>
      </trkpt>
      <trkpt lat="31.238715495868696" lon="121.62397807830783">
        <ele>3.8156669484451413</ele>
        <time>1970-01-01T00:38:01.800000Z</time>
        <extensions>
          <gpxtpx:TrackPointExtension>
            <gpxtpx:hr>171</gpxtpx:hr>
          </gpxtpx:TrackPointExtension>
        </extensions>
      </trkpt>
      <trkpt lat="31.238717640475954" lon="121.62400530878392">
        <ele>3.821123607456684</ele>
        <time>1970-01-01T00:38:02.800000Z</time>
        <extensions>
          <gpxtpx:TrackPointExtension>
            <gpxtpx:hr>171</gpxtpx:hr>
          </gpxtpx:TrackPointExtension>
        </extensions>
      </trkpt>
      <trkpt lat="31.238719247821344" lon="121.6240347538772">
        <ele>3.828158746473491</ele>
        <time>1970-01-01T00:38:03.800000Z</time>
        <extensions>
          <gpxtpx:TrackPointExtension>
            <gpxtpx:hr>171</gpxtpx:hr>
          </gpxtpx:TrackPointExtension>
        </extensions>
      </trkpt>
      <trkpt lat="31.238720226840215" lon="121.62406644436712">
        <ele>3.837258688174188</ele>
        <time>1970-01-01T00:38:04.800000Z</time>
        <extensions>
          <gpxtpx:TrackPointExtension>
            <gpxtpx:hr>171</gpxtpx:hr>
          </gpxtpx:TrackPointExtension>
        </extensions>
      </trkpt>
      <trkpt lat="31.23872053817132" lon="121.62409958135022">
        <ele>3.8489424977451563</ele>
        <time>1970-01-01T00:38:05.900000Z</time>
        <extensions>
          <gpxtpx:TrackPointExtension>
            <gpxtpx:hr>171</gpxtpx:hr>
          </gpxtpx:TrackPointExtension>
        </extensions>
      </trkpt>
      <trkpt lat="31.238720140441007" lon="121.62413296942805">
        <ele>3.8636600291356444</ele>
        <time>1970-01-01T00:38:06.900000Z</time>
        <extensions>
          <gpxtpx:TrackPointExtension>
            <gpxtpx:hr>172</gpxtpx:hr>
          </gpxtpx:TrackPointExtension>
        </extensions>
      </trkpt>
      <trkpt lat="31.23871910310322" lon="121.62416573069811">
        <ele>3.8818421186879277</ele>
        <time>1970-01-01T00:38:07.900000Z</time>
        <extensions>
          <gpxtpx:TrackPointExtension>
            <gpxtpx:hr>172</gpxtpx:hr>
          </gpxtpx:TrackPointExtension>
        </extensions>
      </trkpt>
      <trkpt lat="31.23871749076909" lon="121.6241980868185">
        <ele>3.9031520476564765</ele>
        <time>1970-01-01T00:38:08.900000Z</time>
        <extensions>
          <gpxtpx:TrackPointExtension>
            <gpxtpx:hr>172</gpxtpx:hr>
          </gpxtpx:TrackPointExtension>
        </extensions>
      </trkpt>
      <trkpt lat="31.238715679205136" lon="121.62423086924127">
        <ele>3.9262318508699536</ele>
        <time>1970-01-01T00:38:09.900000Z</time>
        <extensions>
          <gpxtpx:TrackPointExtension>
            <gpxtpx:hr>172</gpxtpx:hr>
          </gpxtpx:TrackPointExtension>
        </extensions>
      </trkpt>
      <trkpt lat="31.238714009408845" lon="121.62426399318292">
        <ele>3.9492231402546167</ele>
        <time>1970-01-01T00:38:10.900000Z</time>
        <extensions>
          <gpxtpx:TrackPointExtension>
            <gpxtpx:hr>172</gpxtpx:hr>
          </gpxtpx:TrackPointExtension>
        </extensions>
      </trkpt>
      <trkpt lat="31.238712332635416" lon="121.62429680644223">
        <ele>3.9706223160028458</ele>
        <time>1970-01-01T00:38:11.900000Z</time>
        <extensions>
          <gpxtpx:TrackPointExtension>
            <gpxtpx:hr>175</gpxtpx:hr>
          </gpxtpx:TrackPointExtension>
        </extensions>
      </trkpt>
      <trkpt lat="31.23871077314379" lon="121.62432885771678">
        <ele>3.9891638588160276</ele>
        <time>1970-01-01T00:38:12.900000Z</time>
        <extensions>
          <gpxtpx:TrackPointExtension>
            <gpxtpx:hr>175</gpxtpx:hr>
          </gpxtpx:TrackPointExtension>
        </extensions>
      </trkpt>
      <trkpt lat="31.238709566017242" lon="121.62435972349876">
        <ele>4.003438088111579</ele>
        <time>1970-01-01T00:38:13.900000Z</time>
        <extensions>
          <gpxtpx:TrackPointExtension>
            <gpxtpx:hr>175</gpxtpx:hr>
          </gpxtpx:TrackPointExtension>
        </extensions>
      </trkpt>
      <trkpt lat="31.23870841843558" lon="121.62438956712425">
        <ele>4.012410537339747</ele>
        <time>1970-01-01T00:38:14.900000Z</time>
        <extensions>
          <gpxtpx:TrackPointExtension>
            <gpxtpx:hr>176</gpxtpx:hr>
          </gpxtpx:TrackPointExtension>
        </extensions>
      </trkpt>
      <trkpt lat="31.238707470260064" lon="121.62441917310089">
        <ele>4.015736971050501</ele>
        <time>1970-01-01T00:38:15.900000Z</time>
        <extensions>
          <gpxtpx:TrackPointExtension>
            <gpxtpx:hr>176</gpxtpx:hr>
          </gpxtpx:TrackPointExtension>
        </extensions>
      </trkpt>
      <trkpt lat="31.238707156954625" lon="121.62444924777475">
        <ele>4.013903179205954</ele>
        <time>1970-01-01T00:38:16.900000Z</time>
        <extensions>
          <gpxtpx:TrackPointExtension>
            <gpxtpx:hr>176</gpxtpx:hr>
          </gpxtpx:TrackPointExtension>
        </extensions>
      </trkpt>
      <trkpt lat="31.238707478038453" lon="121.62448022485395">
        <ele>4.007925824262202</ele>
        <time>1970-01-01T00:38:17.900000Z</time>
        <extensions>
          <gpxtpx:TrackPointExtension>
            <gpxtpx:hr>176</gpxtpx:hr>
          </gpxtpx:TrackPointExtension>
        </extensions>
      </trkpt>
      <trkpt lat="31.238708850815833" lon="121.62451186159535">
        <ele>3.998907891102135</ele>
        <time>1970-01-01T00:38:18.900000Z</time>
        <extensions>
          <gpxtpx:TrackPointExtension>
            <gpxtpx:hr>176</gpxtpx:hr>
          </gpxtpx:TrackPointExtension>
        </extensions>
      </trkpt>
      <trkpt lat="31.238711111851405" lon="121.62454324855852">
        <ele>3.9880888974294066</ele>
        <time>1970-01-01T00:38:19.900000Z</time>
        <extensions>
          <gpxtpx:TrackPointExtension>
            <gpxtpx:hr>176</gpxtpx:hr>
          </gpxtpx:TrackPointExtension>
        </extensions>
      </trkpt>
      <trkpt lat="31.23871318293395" lon="121.62457403688572">
        <ele>3.9767017671838403</ele>
        <time>1970-01-01T00:38:20.900000Z</time>
        <extensions>
          <gpxtpx:TrackPointExtension>
            <gpxtpx:hr>176</gpxtpx:hr>
          </gpxtpx:TrackPointExtension>
        </extensions>
      </trkpt>
      <trkpt lat="31.238714925310866" lon="121.62460438349525">
        <ele>3.9658717773854733</ele>
        <time>1970-01-01T00:38:21.900000Z</time>
        <extensions>
          <gpxtpx:TrackPointExtension>
            <gpxtpx:hr>176</gpxtpx:hr>
          </gpxtpx:TrackPointExtension>
        </extensions>
      </trkpt>
      <trkpt lat="31.238716791687473" lon="121.62463424430102">
        <ele>3.9561325507238507</ele>
        <time>1970-01-01T00:38:22.900000Z</time>
        <extensions>
          <gpxtpx:TrackPointExtension>
            <gpxtpx:hr>176</gpxtpx:hr>
          </gpxtpx:TrackPointExtension>
        </extensions>
      </trkpt>
      <trkpt lat="31.23871966680803" lon="121.62466379609707">
        <ele>3.9470821851864457</ele>
        <time>1970-01-01T00:38:23.900000Z</time>
        <extensions>
          <gpxtpx:TrackPointExtension>
            <gpxtpx:hr>176</gpxtpx:hr>
          </gpxtpx:TrackPointExtension>
        </extensions>
      </trkpt>
      <trkpt lat="31.238724744918485" lon="121.624692979502">
        <ele>3.938166675157845</ele>
        <time>1970-01-01T00:38:24.900000Z</time>
        <extensions>
          <gpxtpx:TrackPointExtension>
            <gpxtpx:hr>176</gpxtpx:hr>
          </gpxtpx:TrackPointExtension>
        </extensions>
      </trkpt>
      <trkpt lat="31.23873220276582" lon="121.6247210145695">
        <ele>3.9287989139556885</ele>
        <time>1970-01-01T00:38:25.900000Z</time>
        <extensions>
          <gpxtpx:TrackPointExtension>
            <gpxtpx:hr>176</gpxtpx:hr>
          </gpxtpx:TrackPointExtension>
        </extensions>
      </trkpt>
      <trkpt lat="31.23874173925383" lon="121.62474760335586">
        <ele>3.918453519232571</ele>
        <time>1970-01-01T00:38:26.900000Z</time>
        <extensions>
          <gpxtpx:TrackPointExtension>
            <gpxtpx:hr>176</gpxtpx:hr>
          </gpxtpx:TrackPointExtension>
        </extensions>
      </trkpt>
      <trkpt lat="31.23875373418783" lon="121.62477301520184">
        <ele>3.90698682423681</ele>
        <time>1970-01-01T00:38:27.900000Z</time>
        <extensions>
          <gpxtpx:TrackPointExtension>
            <gpxtpx:hr>176</gpxtpx:hr>
          </gpxtpx:TrackPointExtension>
        </extensions>
      </trkpt>
      <trkpt lat="31.23876844400826" lon="121.62479686132976">
        <ele>3.8941289512440562</ele>
        <time>1970-01-01T00:38:28.900000Z</time>
        <extensions>
          <gpxtpx:TrackPointExtension>
            <gpxtpx:hr>177</gpxtpx:hr>
          </gpxtpx:TrackPointExtension>
        </extensions>
      </trkpt>
      <trkpt lat="31.238785723990382" lon="121.62481838233411">
        <ele>3.87940242420882</ele>
        <time>1970-01-01T00:38:29.900000Z</time>
        <extensions>
          <gpxtpx:TrackPointExtension>
            <gpxtpx:hr>177</gpxtpx:hr>
          </gpxtpx:TrackPointExtension>
        </extensions>
      </trkpt>
      <trkpt lat="31.238805430657276" lon="121.62483664815313">
        <ele>3.862392785027623</ele>
        <time>1970-01-01T00:38:30.900000Z</time>
        <extensions>
          <gpxtpx:TrackPointExtension>
            <gpxtpx:hr>177</gpxtpx:hr>
          </gpxtpx:TrackPointExtension>
        </extensions>
      </trkpt>
      <trkpt lat="31.238826963087458" lon="121.62485076164492">
        <ele>3.842841327190399</ele>
        <time>1970-01-01T00:38:31.900000Z</time>
        <extensions>
          <gpxtpx:TrackPointExtension>
            <gpxtpx:hr>177</gpxtpx:hr>
          </gpxtpx:TrackPointExtension>
        </extensions>
      </trkpt>
      <trkpt lat="31.238849847421957" lon="121.6248604858495">
        <ele>3.820567222312093</ele>
        <time>1970-01-01T00:38:32.900000Z</time>
        <extensions>
          <gpxtpx:TrackPointExtension>
            <gpxtpx:hr>177</gpxtpx:hr>
          </gpxtpx:TrackPointExtension>
        </extensions>
      </trkpt>
      <trkpt lat="31.2388739712344" lon="121.6248657682393">
        <ele>3.7953060725703835</ele>
        <time>1970-01-01T00:38:33.900000Z</time>
        <extensions>
          <gpxtpx:TrackPointExtension>
            <gpxtpx:hr>177</gpxtpx:hr>
          </gpxtpx:TrackPointExtension>
        </extensions>
      </trkpt>
      <trkpt lat="31.23889888447863" lon="121.6248667362081">
        <ele>3.7669462179765105</ele>
        <time>1970-01-01T00:38:34.900000Z</time>
        <extensions>
          <gpxtpx:TrackPointExtension>
            <gpxtpx:hr>177</gpxtpx:hr>
          </gpxtpx:TrackPointExtension>
        </extensions>
      </trkpt>
      <trkpt lat="31.238924292184794" lon="121.62486550919257">
        <ele>3.7358623119071126</ele>
        <time>1970-01-01T00:38:35.900000Z</time>
        <extensions>
          <gpxtpx:TrackPointExtension>
            <gpxtpx:hr>177</gpxtpx:hr>
          </gpxtpx:TrackPointExtension>
        </extensions>
      </trkpt>
      <trkpt lat="31.238950049246192" lon="121.62486408491799">
        <ele>3.703224294818938</ele>
        <time>1970-01-01T00:38:36.900000Z</time>
        <extensions>
          <gpxtpx:TrackPointExtension>
            <gpxtpx:hr>177</gpxtpx:hr>
          </gpxtpx:TrackPointExtension>
        </extensions>
      </trkpt>
      <trkpt lat="31.238975799742597" lon="121.62486308687402">
        <ele>3.670599586330354</ele>
        <time>1970-01-01T00:38:37.900000Z</time>
        <extensions>
          <gpxtpx:TrackPointExtension>
            <gpxtpx:hr>177</gpxtpx:hr>
          </gpxtpx:TrackPointExtension>
        </extensions>
      </trkpt>
      <trkpt lat="31.23900156574123" lon="121.62486305169423">
        <ele>3.6389584466814995</ele>
        <time>1970-01-01T00:38:38.900000Z</time>
        <extensions>
          <gpxtpx:TrackPointExtension>
            <gpxtpx:hr>177</gpxtpx:hr>
          </gpxtpx:TrackPointExtension>
        </extensions>
      </trkpt>
      <trkpt lat="31.239027639235587" lon="121.62486389510896">
        <ele>3.6086213272064924</ele>
        <time>1970-01-01T00:38:39.900000Z</time>
        <extensions>
          <gpxtpx:TrackPointExtension>
            <gpxtpx:hr>177</gpxtpx:hr>
          </gpxtpx:TrackPointExtension>
        </extensions>
      </trkpt>
      <trkpt lat="31.239053858393333" lon="121.624865937952">
        <ele>3.5803311048075557</ele>
        <time>1970-01-01T00:38:41Z</time>
        <extensions>
          <gpxtpx:TrackPointExtension>
            <gpxtpx:hr>177</gpxtpx:hr>
          </gpxtpx:TrackPointExtension>
        </extensions>
      </trkpt>
      <trkpt lat="31.239080197279826" lon="121.6248687669957">
        <ele>3.5554232075810432</ele>
        <time>1970-01-01T00:38:42Z</time>
        <extensions>
          <gpxtpx:TrackPointExtension>
            <gpxtpx:hr>177</gpxtpx:hr>
          </gpxtpx:TrackPointExtension>
        </extensions>
      </trkpt>
      <trkpt lat="31.239106969594477" lon="121.62487130721586">
        <ele>3.534747683443129</ele>
        <time>1970-01-01T00:38:43Z</time>
        <extensions>
          <gpxtpx:TrackPointExtension>
            <gpxtpx:hr>177</gpxtpx:hr>
          </gpxtpx:TrackPointExtension>
        </extensions>
      </trkpt>
      <trkpt lat="31.23913399041793" lon="121.62487307893524">
        <ele>3.5184708377346396</ele>
        <time>1970-01-01T00:38:44Z</time>
        <extensions>
          <gpxtpx:TrackPointExtension>
            <gpxtpx:hr>177</gpxtpx:hr>
          </gpxtpx:TrackPointExtension>
        </extensions>
      </trkpt>
      <trkpt lat="31.239161245865333" lon="121.62487380712919">
        <ele>3.5060956133529544</ele>
        <time>1970-01-01T00:38:45Z</time>
        <extensions>
          <gpxtpx:TrackPointExtension>
            <gpxtpx:hr>177</gpxtpx:hr>
          </gpxtpx:TrackPointExtension>
        </extensions>
      </trkpt>
      <trkpt lat="31.23918899301012" lon="121.62487331723139">
        <ele>3.496517049148679</ele>
        <time>1970-01-01T00:38:46Z</time>
        <extensions>
          <gpxtpx:TrackPointExtension>
            <gpxtpx:hr>177</gpxtpx:hr>
          </gpxtpx:TrackPointExtension>
        </extensions>
      </trkpt>
      <trkpt lat="31.239217753496657" lon="121.62487180862934">
        <ele>3.4877420188859105</ele>
        <time>1970-01-01T00:38:47Z</time>
        <extensions>
          <gpxtpx:TrackPointExtension>
            <gpxtpx:hr>177</gpxtpx:hr>
          </gpxtpx:TrackPointExtension>
        </extensions>
      </trkpt>
      <trkpt lat="31.23924687540185" lon="121.62486971771865">
        <ele>3.478304644115269</ele>
        <time>1970-01-01T00:38:48Z</time>
        <extensions>
          <gpxtpx:TrackPointExtension>
            <gpxtpx:hr>177</gpxtpx:hr>
          </gpxtpx:TrackPointExtension>
        </extensions>
      </trkpt>
      <trkpt lat="31.239276406357178" lon="121.62486698077346">
        <ele>3.4688454465940595</ele>
        <time>1970-01-01T00:38:49Z</time>
        <extensions>
          <gpxtpx:TrackPointExtension>
            <gpxtpx:hr>177</gpxtpx:hr>
          </gpxtpx:TrackPointExtension>
        </extensions>
      </trkpt>
      <trkpt lat="31.2393076953878" lon="121.62486350827886">
        <ele>3.461921274662018</ele>
        <time>1970-01-01T00:38:50Z</time>
        <extensions>
          <gpxtpx:TrackPointExtension>
            <gpxtpx:hr>177</gpxtpx:hr>
          </gpxtpx:TrackPointExtension>
        </extensions>
      </trkpt>
      <trkpt lat="31.239339890310085" lon="121.62485986504936">
        <ele>3.4607745865359902</ele>
        <time>1970-01-01T00:38:51Z</time>
        <extensions>
          <gpxtpx:TrackPointExtension>
            <gpxtpx:hr>177</gpxtpx:hr>
          </gpxtpx:TrackPointExtension>
        </extensions>
      </trkpt>
      <trkpt lat="31.239372413271845" lon="121.62485603879203">
        <ele>3.467517058365047</ele>
        <time>1970-01-01T00:38:52Z</time>
        <extensions>
          <gpxtpx:TrackPointExtension>
            <gpxtpx:hr>177</gpxtpx:hr>
          </gpxtpx:TrackPointExtension>
        </extensions>
      </trkpt>
      <trkpt lat="31.239405026799542" lon="121.62485204839888">
        <ele>3.483989325352013</ele>
        <time>1970-01-01T00:38:53Z</time>
        <extensions>
          <gpxtpx:TrackPointExtension>
            <gpxtpx:hr>177</gpxtpx:hr>
          </gpxtpx:TrackPointExtension>
        </extensions>
      </trkpt>
      <trkpt lat="31.239437816124113" lon="121.62484852632564">
        <ele>3.512472378090024</ele>
        <time>1970-01-01T00:38:54Z</time>
        <extensions>
          <gpxtpx:TrackPointExtension>
            <gpxtpx:hr>177</gpxtpx:hr>
          </gpxtpx:TrackPointExtension>
        </extensions>
      </trkpt>
      <trkpt lat="31.2394707037428" lon="121.62484559744398">
        <ele>3.556084191426635</ele>
        <time>1970-01-01T00:38:55Z</time>
        <extensions>
          <gpxtpx:TrackPointExtension>
            <gpxtpx:hr>177</gpxtpx:hr>
          </gpxtpx:TrackPointExtension>
        </extensions>
      </trkpt>
      <trkpt lat="31.239503287683323" lon="121.62484348064964">
        <ele>3.6187871992588043</ele>
        <time>1970-01-01T00:38:56Z</time>
        <extensions>
          <gpxtpx:TrackPointExtension>
            <gpxtpx:hr>177</gpxtpx:hr>
          </gpxtpx:TrackPointExtension>
        </extensions>
      </trkpt>
      <trkpt lat="31.23953552979222" lon="121.6248424585774">
        <ele>3.704988630488515</ele>
        <time>1970-01-01T00:38:57Z</time>
        <extensions>
          <gpxtpx:TrackPointExtension>
            <gpxtpx:hr>177</gpxtpx:hr>
          </gpxtpx:TrackPointExtension>
        </extensions>
      </trkpt>
      <trkpt lat="31.23956776470017" lon="121.62484199354671">
        <ele>3.818613711744547</ele>
        <time>1970-01-01T00:38:58Z</time>
        <extensions>
          <gpxtpx:TrackPointExtension>
            <gpxtpx:hr>177</gpxtpx:hr>
          </gpxtpx:TrackPointExtension>
        </extensions>
      </trkpt>
      <trkpt lat="31.239599871065206" lon="121.62484165757951">
        <ele>3.9615874039009213</ele>
        <time>1970-01-01T00:38:59Z</time>
        <extensions>
          <gpxtpx:TrackPointExtension>
            <gpxtpx:hr>177</gpxtpx:hr>
          </gpxtpx:TrackPointExtension>
        </extensions>
      </trkpt>
      <trkpt lat="31.239631716470814" lon="121.62484143875145">
        <ele>4.1318189753219485</ele>
        <time>1970-01-01T00:39:00Z</time>
        <extensions>
          <gpxtpx:TrackPointExtension>
            <gpxtpx:hr>177</gpxtpx:hr>
          </gpxtpx:TrackPointExtension>
        </extensions>
      </trkpt>
      <trkpt lat="31.239663309668938" lon="121.62484094134794">
        <ele>4.320645589381456</ele>
        <time>1970-01-01T00:39:01Z</time>
        <extensions>
          <gpxtpx:TrackPointExtension>
            <gpxtpx:hr>177</gpxtpx:hr>
          </gpxtpx:TrackPointExtension>
        </extensions>
      </trkpt>
      <trkpt lat="31.239694265873865" lon="121.62483998126217">
        <ele>4.514451963827014</ele>
        <time>1970-01-01T00:39:02Z</time>
        <extensions>
          <gpxtpx:TrackPointExtension>
            <gpxtpx:hr>177</gpxtpx:hr>
          </gpxtpx:TrackPointExtension>
        </extensions>
      </trkpt>
      <trkpt lat="31.23972455908416" lon="121.62483878862733">
        <ele>4.701418179087341</ele>
        <time>1970-01-01T00:39:03Z</time>
        <extensions>
          <gpxtpx:TrackPointExtension>
            <gpxtpx:hr>177</gpxtpx:hr>
          </gpxtpx:TrackPointExtension>
        </extensions>
      </trkpt>
      <trkpt lat="31.239754834389135" lon="121.6248370670659">
        <ele>4.8740143133327365</ele>
        <time>1970-01-01T00:39:04Z</time>
        <extensions>
          <gpxtpx:TrackPointExtension>
            <gpxtpx:hr>177</gpxtpx:hr>
          </gpxtpx:TrackPointExtension>
        </extensions>
      </trkpt>
      <trkpt lat="31.239785200310788" lon="121.62483496436037">
        <ele>5.027321279980242</ele>
        <time>1970-01-01T00:39:05Z</time>
        <extensions>
          <gpxtpx:TrackPointExtension>
            <gpxtpx:hr>177</gpxtpx:hr>
          </gpxtpx:TrackPointExtension>
        </extensions>
      </trkpt>
      <trkpt lat="31.239815119629217" lon="121.62483329106492">
        <ele>5.158401533961296</ele>
        <time>1970-01-01T00:39:06Z</time>
        <extensions>
          <gpxtpx:TrackPointExtension>
            <gpxtpx:hr>179</gpxtpx:hr>
          </gpxtpx:TrackPointExtension>
        </extensions>
      </trkpt>
      <trkpt lat="31.239844460847294" lon="121.62483198633782">
        <ele>5.266077523119748</ele>
        <time>1970-01-01T00:39:07Z</time>
        <extensions>
          <gpxtpx:TrackPointExtension>
            <gpxtpx:hr>179</gpxtpx:hr>
          </gpxtpx:TrackPointExtension>
        </extensions>
      </trkpt>
      <trkpt lat="31.239873608300737" lon="121.62483083460366">
        <ele>5.35084861330688</ele>
        <time>1970-01-01T00:39:08Z</time>
        <extensions>
          <gpxtpx:TrackPointExtension>
            <gpxtpx:hr>179</gpxtpx:hr>
          </gpxtpx:TrackPointExtension>
        </extensions>
      </trkpt>
      <trkpt lat="31.239902972107124" lon="121.62483016395886">
        <ele>5.414209575392306</ele>
        <time>1970-01-01T00:39:09Z</time>
        <extensions>
          <gpxtpx:TrackPointExtension>
            <gpxtpx:hr>179</gpxtpx:hr>
          </gpxtpx:TrackPointExtension>
        </extensions>
      </trkpt>
      <trkpt lat="31.239932753768443" lon="121.6248297961071">
        <ele>5.458080002106726</ele>
        <time>1970-01-01T00:39:10Z</time>
        <extensions>
          <gpxtpx:TrackPointExtension>
            <gpxtpx:hr>179</gpxtpx:hr>
          </gpxtpx:TrackPointExtension>
        </extensions>
      </trkpt>
      <trkpt lat="31.239962642539236" lon="121.6248295434813">
        <ele>5.484923921525478</ele>
        <time>1970-01-01T00:39:11Z</time>
        <extensions>
          <gpxtpx:TrackPointExtension>
            <gpxtpx:hr>181</gpxtpx:hr>
          </gpxtpx:TrackPointExtension>
        </extensions>
      </trkpt>
      <trkpt lat="31.239992251499853" lon="121.62482966980879">
        <ele>5.497201973572373</ele>
        <time>1970-01-01T00:39:12Z</time>
        <extensions>
          <gpxtpx:TrackPointExtension>
            <gpxtpx:hr>181</gpxtpx:hr>
          </gpxtpx:TrackPointExtension>
        </extensions>
      </trkpt>
      <trkpt lat="31.240021600898437" lon="121.62483011548957">
        <ele>5.496863785199821</ele>
        <time>1970-01-01T00:39:13Z</time>
        <extensions>
          <gpxtpx:TrackPointExtension>
            <gpxtpx:hr>181</gpxtpx:hr>
          </gpxtpx:TrackPointExtension>
        </extensions>
      </trkpt>
      <trkpt lat="31.24005050813323" lon="121.62483061804916">
        <ele>5.485632909461856</ele>
        <time>1970-01-01T00:39:14Z</time>
        <extensions>
          <gpxtpx:TrackPointExtension>
            <gpxtpx:hr>181</gpxtpx:hr>
          </gpxtpx:TrackPointExtension>
        </extensions>
      </trkpt>
      <trkpt lat="31.240078527173107" lon="121.62483155048776">
        <ele>5.465053747408092</ele>
        <time>1970-01-01T00:39:15Z</time>
        <extensions>
          <gpxtpx:TrackPointExtension>
            <gpxtpx:hr>181</gpxtpx:hr>
          </gpxtpx:TrackPointExtension>
        </extensions>
      </trkpt>
      <trkpt lat="31.240105514598916" lon="121.62483317119785">
        <ele>5.436577250249684</ele>
        <time>1970-01-01T00:39:16Z</time>
        <extensions>
          <gpxtpx:TrackPointExtension>
            <gpxtpx:hr>183</gpxtpx:hr>
          </gpxtpx:TrackPointExtension>
        </extensions>
      </trkpt>
      <trkpt lat="31.2401312699224" lon="121.62483542938394">
        <ele>5.401895331218839</ele>
        <time>1970-01-01T00:39:17Z</time>
        <extensions>
          <gpxtpx:TrackPointExtension>
            <gpxtpx:hr>183</gpxtpx:hr>
          </gpxtpx:TrackPointExtension>
        </extensions>
      </trkpt>
      <trkpt lat="31.24015548260478" lon="121.62483873343523">
        <ele>5.362892873585224</ele>
        <time>1970-01-01T00:39:18Z</time>
        <extensions>
          <gpxtpx:TrackPointExtension>
            <gpxtpx:hr>183</gpxtpx:hr>
          </gpxtpx:TrackPointExtension>
        </extensions>
      </trkpt>
      <trkpt lat="31.240177572494435" lon="121.62484333892476">
        <ele>5.321588794700801</ele>
        <time>1970-01-01T00:39:19Z</time>
        <extensions>
          <gpxtpx:TrackPointExtension>
            <gpxtpx:hr>183</gpxtpx:hr>
          </gpxtpx:TrackPointExtension>
        </extensions>
      </trkpt>
      <trkpt lat="31.240196287921005" lon="121.62484822797224">
        <ele>5.279985322616994</ele>
        <time>1970-01-01T00:39:20Z</time>
        <extensions>
          <gpxtpx:TrackPointExtension>
            <gpxtpx:hr>183</gpxtpx:hr>
          </gpxtpx:TrackPointExtension>
        </extensions>
      </trkpt>
      <trkpt lat="31.240210517451594" lon="121.62485149830974">
        <ele>5.239806476049125</ele>
        <time>1970-01-01T00:39:21Z</time>
        <extensions>
          <gpxtpx:TrackPointExtension>
            <gpxtpx:hr>183</gpxtpx:hr>
          </gpxtpx:TrackPointExtension>
        </extensions>
      </trkpt>
      <trkpt lat="31.240220377025075" lon="121.62485483752359">
        <ele>5.202218275517225</ele>
        <time>1970-01-01T00:39:22Z</time>
        <extensions>
          <gpxtpx:TrackPointExtension>
            <gpxtpx:hr>183</gpxtpx:hr>
          </gpxtpx:TrackPointExtension>
        </extensions>
      </trkpt>
      <trkpt lat="31.240227557510693" lon="121.62485965335108">
        <ele>5.167525392025709</ele>
        <time>1970-01-01T00:39:23Z</time>
        <extensions>
          <gpxtpx:TrackPointExtension>
            <gpxtpx:hr>183</gpxtpx:hr>
          </gpxtpx:TrackPointExtension>
        </extensions>
      </trkpt>
      <trkpt lat="31.240233873320655" lon="121.62486473252238">
        <ele>5.135134000331163</ele>
        <time>1970-01-01T00:39:24Z</time>
        <extensions>
          <gpxtpx:TrackPointExtension>
            <gpxtpx:hr>183</gpxtpx:hr>
          </gpxtpx:TrackPointExtension>
        </extensions>
      </trkpt>
    </trkseg>
  </trk>
</gpx>