<?xml version="1.0" encoding="UTF-8"?>
<gpx xmlns="http://www.topografix.com/GPX/1/1" xmlns:gpxtpx="http://www.garmin.com/xmlschemas/TrackPointExtension/v1" xmlns:xsi="http://www.w3.org/2001/XMLSchema-instance" xsi:schemaLocation="http://www.topografix.com/GPX/1/1 http://www.topografix.com/GPX/1/1/gpx.xsd" version="1.1" creator="gpx.py -- https://github.com/tkrajina/gpxpy">
  <trk>
    <name>gpx from keep</name>
    <type>Run</type>
    <trkseg>
      <trkpt lat="31.24233748517692" lon="121.622680314472">
        <ele>4.784790316596627</ele>
        <time>7636-03-21T21:23:29.700012Z</time>
      </trkpt>
      <trkpt lat="31.242341954573025" lon="121.62271725856009">
        <ele>4.795160489156842</ele>
        <time>1970-01-01T00:00:01Z</time>
        <extensions>
          <gpxtpx:TrackPointExtension>
            <gpxtpx:hr>105</gpxtpx:hr>
          </gpxtpx:TrackPointExtension>
        </extensions>
      </trkpt>
      <trkpt lat="31.24234624030826" lon="121.62275225878592">
        <ele>4.805807271040976</ele>
        <time>1970-01-01T00:00:02Z</time>
        <extensions>
          <gpxtpx:TrackPointExtension>
            <gpxtpx:hr>105</gpxtpx:hr>
          </gpxtpx:TrackPointExtension>
        </extensions>
      </trkpt>
      <trkpt lat="31.242350635685284" lon="121.62278840614489">
        <ele>4.818262306973338</ele>
        <time>1970-01-01T00:00:03Z</time>
        <extensions>
          <gpxtpx:TrackPointExtension>
            <gpxtpx:hr>105</gpxtpx:hr>
          </gpxtpx:TrackPointExtension>
        </extensions>
      </trkpt>
      <trkpt lat="31.24235444481572" lon="121.62282517258612">
        <ele>4.833453485742211</ele>
        <time>1970-01-01T00:00:04Z</time>
        <extensions>
          <gpxtpx:TrackPointExtension>
            <gpxtpx:hr>105</gpxtpx:hr>
          </gpxtpx:TrackPointExtension>
        </extensions>
      </trkpt>
      <trkpt lat="31.242358093916057" lon="121.62286108599591">
        <ele>4.852045795880258</ele>
        <time>1970-01-01T00:00:05.100000Z</time>
        <extensions>
          <gpxtpx:TrackPointExtension>
            <gpxtpx:hr>105</gpxtpx:hr>
          </gpxtpx:TrackPointExtension>
        </extensions>
      </trkpt>
      <trkpt lat="31.24236126849577" lon="121.62289540540137">
        <ele>4.873884924687445</ele>
        <time>1970-01-01T00:00:06.100000Z</time>
        <extensions>
          <gpxtpx:TrackPointExtension>
            <gpxtpx:hr>108</gpxtpx:hr>
          </gpxtpx:TrackPointExtension>
        </extensions>
      </trkpt>
      <trkpt lat="31.24236055299235" lon="121.62292879397806">
        <ele>4.898212755098939</ele>
        <time>1970-01-01T00:00:07.100000Z</time>
        <extensions>
          <gpxtpx:TrackPointExtension>
            <gpxtpx:hr>108</gpxtpx:hr>
          </gpxtpx:TrackPointExtension>
        </extensions>
      </trkpt>
      <trkpt lat="31.242354860995306" lon="121.62296196855114">
        <ele>4.924067954532802</ele>
        <time>1970-01-01T00:00:08.100000Z</time>
        <extensions>
          <gpxtpx:TrackPointExtension>
            <gpxtpx:hr>108</gpxtpx:hr>
          </gpxtpx:TrackPointExtension>
        </extensions>
      </trkpt>
      <trkpt lat="31.242348354173874" lon="121.62299580100412">
        <ele>4.950103118084371</ele>
        <time>1970-01-01T00:00:09.100000Z</time>
        <extensions>
          <gpxtpx:TrackPointExtension>
            <gpxtpx:hr>108</gpxtpx:hr>
          </gpxtpx:TrackPointExtension>
        </extensions>
      </trkpt>
      <trkpt lat="31.242343883570143" lon="121.62303031729161">
        <ele>4.974741211161017</ele>
        <time>1970-01-01T00:00:10.100000Z</time>
        <extensions>
          <gpxtpx:TrackPointExtension>
            <gpxtpx:hr>108</gpxtpx:hr>
          </gpxtpx:TrackPointExtension>
        </extensions>
      </trkpt>
      <trkpt lat="31.24233984670622" lon="121.62306423620572">
        <ele>4.9969626609236</ele>
        <time>1970-01-01T00:00:11.100000Z</time>
        <extensions>
          <gpxtpx:TrackPointExtension>
            <gpxtpx:hr>108</gpxtpx:hr>
          </gpxtpx:TrackPointExtension>
        </extensions>
      </trkpt>
      <trkpt lat="31.24233342165449" lon="121.62309615331846">
        <ele>5.016765335574746</ele>
        <time>1970-01-01T00:00:12.100000Z</time>
        <extensions>
          <gpxtpx:TrackPointExtension>
            <gpxtpx:hr>108</gpxtpx:hr>
          </gpxtpx:TrackPointExtension>
        </extensions>
      </trkpt>
      <trkpt lat="31.242322432222586" lon="121.62312475073341">
        <ele>5.0347856394946575</ele>
        <time>1970-01-01T00:00:13.100000Z</time>
        <extensions>
          <gpxtpx:TrackPointExtension>
            <gpxtpx:hr>120</gpxtpx:hr>
          </gpxtpx:TrackPointExtension>
        </extensions>
      </trkpt>
      <trkpt lat="31.242306204723775" lon="121.62314871725738">
        <ele>5.051540441811085</ele>
        <time>1970-01-01T00:00:14.100000Z</time>
        <extensions>
          <gpxtpx:TrackPointExtension>
            <gpxtpx:hr>120</gpxtpx:hr>
          </gpxtpx:TrackPointExtension>
        </extensions>
      </trkpt>
      <trkpt lat="31.242285710341655" lon="121.62316727984549">
        <ele>5.066992833279073</ele>
        <time>1970-01-01T00:00:15.100000Z</time>
        <extensions>
          <gpxtpx:TrackPointExtension>
            <gpxtpx:hr>120</gpxtpx:hr>
          </gpxtpx:TrackPointExtension>
        </extensions>
      </trkpt>
      <trkpt lat="31.242262418698502" lon="121.62318025209493">
        <ele>5.080619345419109</ele>
        <time>1970-01-01T00:00:16.100000Z</time>
        <extensions>
          <gpxtpx:TrackPointExtension>
            <gpxtpx:hr>120</gpxtpx:hr>
          </gpxtpx:TrackPointExtension>
        </extensions>
      </trkpt>
      <trkpt lat="31.242237343315946" lon="121.62318822399472">
        <ele>5.091772901825607</ele>
        <time>1970-01-01T00:00:17.100000Z</time>
        <extensions>
          <gpxtpx:TrackPointExtension>
            <gpxtpx:hr>120</gpxtpx:hr>
          </gpxtpx:TrackPointExtension>
        </extensions>
      </trkpt>
      <trkpt lat="31.242210913989723" lon="121.6231931548102">
        <ele>5.10009930934757</ele>
        <time>1970-01-01T00:00:18.100000Z</time>
        <extensions>
          <gpxtpx:TrackPointExtension>
            <gpxtpx:hr>118</gpxtpx:hr>
          </gpxtpx:TrackPointExtension>
        </extensions>
      </trkpt>
      <trkpt lat="31.242183230286933" lon="121.62319687562163">
        <ele>5.105705019086599</ele>
        <time>1970-01-01T00:00:19.100000Z</time>
        <extensions>
          <gpxtpx:TrackPointExtension>
            <gpxtpx:hr>118</gpxtpx:hr>
          </gpxtpx:TrackPointExtension>
        </extensions>
      </trkpt>
      <trkpt lat="31.242154468381976" lon="121.62320004832827">
        <ele>5.109042505733669</ele>
        <time>1970-01-01T00:00:20.100000Z</time>
        <extensions>
          <gpxtpx:TrackPointExtension>
            <gpxtpx:hr>118</gpxtpx:hr>
          </gpxtpx:TrackPointExtension>
        </extensions>
      </trkpt>
      <trkpt lat="31.24212455431326" lon="121.62320258755997">
        <ele>5.1107011288404465</ele>
        <time>1970-01-01T00:00:21.100000Z</time>
        <extensions>
          <gpxtpx:TrackPointExtension>
            <gpxtpx:hr>118</gpxtpx:hr>
          </gpxtpx:TrackPointExtension>
        </extensions>
      </trkpt>
      <trkpt lat="31.242093655363128" lon="121.62320464343479">
        <ele>5.111300701275468</ele>
        <time>1970-01-01T00:00:22.100000Z</time>
        <extensions>
          <gpxtpx:TrackPointExtension>
            <gpxtpx:hr>122</gpxtpx:hr>
          </gpxtpx:TrackPointExtension>
        </extensions>
      </trkpt>
      <trkpt lat="31.242062248836007" lon="121.62320645839802">
        <ele>5.111414796672761</ele>
        <time>1970-01-01T00:00:23.100000Z</time>
        <extensions>
          <gpxtpx:TrackPointExtension>
            <gpxtpx:hr>122</gpxtpx:hr>
          </gpxtpx:TrackPointExtension>
        </extensions>
      </trkpt>
      <trkpt lat="31.24203073703579" lon="121.62320738102702">
        <ele>5.111564337275922</ele>
        <time>1970-01-01T00:00:24.100000Z</time>
        <extensions>
          <gpxtpx:TrackPointExtension>
            <gpxtpx:hr>122</gpxtpx:hr>
          </gpxtpx:TrackPointExtension>
        </extensions>
      </trkpt>
      <trkpt lat="31.241999328003214" lon="121.62320675908171">
        <ele>5.112289363518357</ele>
        <time>1970-01-01T00:00:25.100000Z</time>
        <extensions>
          <gpxtpx:TrackPointExtension>
            <gpxtpx:hr>122</gpxtpx:hr>
          </gpxtpx:TrackPointExtension>
        </extensions>
      </trkpt>
      <trkpt lat="31.24196826521183" lon="121.62320412360621">
        <ele>5.114187131635845</ele>
        <time>1970-01-01T00:00:26.100000Z</time>
        <extensions>
          <gpxtpx:TrackPointExtension>
            <gpxtpx:hr>122</gpxtpx:hr>
          </gpxtpx:TrackPointExtension>
        </extensions>
      </trkpt>
      <trkpt lat="31.241937970082592" lon="121.62319829733312">
        <ele>5.117858326993883</ele>
        <time>1970-01-01T00:00:27.100000Z</time>
        <extensions>
          <gpxtpx:TrackPointExtension>
            <gpxtpx:hr>122</gpxtpx:hr>
          </gpxtpx:TrackPointExtension>
        </extensions>
      </trkpt>
      <trkpt lat="31.241908996800625" lon="121.62318841518987">
        <ele>5.123774394392967</ele>
        <time>1970-01-01T00:00:28.100000Z</time>
        <extensions>
          <gpxtpx:TrackPointExtension>
            <gpxtpx:hr>126</gpxtpx:hr>
          </gpxtpx:TrackPointExtension>
        </extensions>
      </trkpt>
      <trkpt lat="31.24188197799029" lon="121.62317427091624">
        <ele>5.132190437056124</ele>
        <time>1970-01-01T00:00:29.100000Z</time>
        <extensions>
          <gpxtpx:TrackPointExtension>
            <gpxtpx:hr>126</gpxtpx:hr>
          </gpxtpx:TrackPointExtension>
        </extensions>
      </trkpt>
      <trkpt lat="31.241857341910155" lon="121.62315613631439">
        <ele>5.143048855476081</ele>
        <time>1970-01-01T00:00:30.100000Z</time>
        <extensions>
          <gpxtpx:TrackPointExtension>
            <gpxtpx:hr>126</gpxtpx:hr>
          </gpxtpx:TrackPointExtension>
        </extensions>
      </trkpt>
      <trkpt lat="31.24183441274396" lon="121.62313602483009">
        <ele>5.155894745141268</ele>
        <time>1970-01-01T00:00:31.100000Z</time>
        <extensions>
          <gpxtpx:TrackPointExtension>
            <gpxtpx:hr>126</gpxtpx:hr>
          </gpxtpx:TrackPointExtension>
        </extensions>
      </trkpt>
      <trkpt lat="31.241811139100903" lon="121.62311793623165">
        <ele>5.169968239963055</ele>
        <time>1970-01-01T00:00:32.200000Z</time>
        <extensions>
          <gpxtpx:TrackPointExtension>
            <gpxtpx:hr>126</gpxtpx:hr>
          </gpxtpx:TrackPointExtension>
        </extensions>
      </trkpt>
      <trkpt lat="31.241786537492693" lon="121.62310451819947">
        <ele>5.184245563112199</ele>
        <time>1970-01-01T00:00:33.200000Z</time>
        <extensions>
          <gpxtpx:TrackPointExtension>
            <gpxtpx:hr>126</gpxtpx:hr>
          </gpxtpx:TrackPointExtension>
        </extensions>
      </trkpt>
      <trkpt lat="31.241761453012074" lon="121.6230957058214">
        <ele>5.197246219031513</ele>
        <time>1970-01-01T00:00:34.200000Z</time>
        <extensions>
          <gpxtpx:TrackPointExtension>
            <gpxtpx:hr>123</gpxtpx:hr>
          </gpxtpx:TrackPointExtension>
        </extensions>
      </trkpt>
      <trkpt lat="31.241736239102856" lon="121.62309086675579">
        <ele>5.20682140532881</ele>
        <time>1970-01-01T00:00:35.200000Z</time>
        <extensions>
          <gpxtpx:TrackPointExtension>
            <gpxtpx:hr>123</gpxtpx:hr>
          </gpxtpx:TrackPointExtension>
        </extensions>
      </trkpt>
      <trkpt lat="31.241710759715602" lon="121.62308948263906">
        <ele>5.211116368882358</ele>
        <time>1970-01-01T00:00:36.200000Z</time>
        <extensions>
          <gpxtpx:TrackPointExtension>
            <gpxtpx:hr>123</gpxtpx:hr>
          </gpxtpx:TrackPointExtension>
        </extensions>
      </trkpt>
      <trkpt lat="31.241685187983773" lon="121.62309076826313">
        <ele>5.2097246972844005</ele>
        <time>1970-01-01T00:00:37.200000Z</time>
        <extensions>
          <gpxtpx:TrackPointExtension>
            <gpxtpx:hr>123</gpxtpx:hr>
          </gpxtpx:TrackPointExtension>
        </extensions>
      </trkpt>
      <trkpt lat="31.241659648814373" lon="121.62309363862899">
        <ele>5.203294804319739</ele>
        <time>1970-01-01T00:00:38.200000Z</time>
        <extensions>
          <gpxtpx:TrackPointExtension>
            <gpxtpx:hr>124</gpxtpx:hr>
          </gpxtpx:TrackPointExtension>
        </extensions>
      </trkpt>
      <trkpt lat="31.24163398873943" lon="121.62309715657402">
        <ele>5.1929379273206</ele>
        <time>1970-01-01T00:00:39.200000Z</time>
        <extensions>
          <gpxtpx:TrackPointExtension>
            <gpxtpx:hr>124</gpxtpx:hr>
          </gpxtpx:TrackPointExtension>
        </extensions>
      </trkpt>
      <trkpt lat="31.241608069544636" lon="121.6231007457452">
        <ele>5.179652179591358</ele>
        <time>1970-01-01T00:00:40.200000Z</time>
        <extensions>
          <gpxtpx:TrackPointExtension>
            <gpxtpx:hr>124</gpxtpx:hr>
          </gpxtpx:TrackPointExtension>
        </extensions>
      </trkpt>
      <trkpt lat="31.2415821523561" lon="121.62310403721513">
        <ele>5.163773884996772</ele>
        <time>1970-01-01T00:00:41.200000Z</time>
        <extensions>
          <gpxtpx:TrackPointExtension>
            <gpxtpx:hr>124</gpxtpx:hr>
          </gpxtpx:TrackPointExtension>
        </extensions>
      </trkpt>
      <trkpt lat="31.241556598811766" lon="121.62310787408909">
        <ele>5.145418024621904</ele>
        <time>1970-01-01T00:00:42.200000Z</time>
        <extensions>
          <gpxtpx:TrackPointExtension>
            <gpxtpx:hr>124</gpxtpx:hr>
          </gpxtpx:TrackPointExtension>
        </extensions>
      </trkpt>
      <trkpt lat="31.241531539180016" lon="121.6231137304139">
        <ele>5.124377427622676</ele>
        <time>1970-01-01T00:00:43.200000Z</time>
        <extensions>
          <gpxtpx:TrackPointExtension>
            <gpxtpx:hr>124</gpxtpx:hr>
          </gpxtpx:TrackPointExtension>
        </extensions>
      </trkpt>
      <trkpt lat="31.24150733353812" lon="121.62312237298721">
        <ele>5.099639474414289</ele>
        <time>1970-01-01T00:00:44.200000Z</time>
        <extensions>
          <gpxtpx:TrackPointExtension>
            <gpxtpx:hr>124</gpxtpx:hr>
          </gpxtpx:TrackPointExtension>
        </extensions>
      </trkpt>
      <trkpt lat="31.241484884739748" lon="121.62313429540323">
        <ele>5.06966307759285</ele>
        <time>1970-01-01T00:00:45.200000Z</time>
        <extensions>
          <gpxtpx:TrackPointExtension>
            <gpxtpx:hr>124</gpxtpx:hr>
          </gpxtpx:TrackPointExtension>
        </extensions>
      </trkpt>
      <trkpt lat="31.24146501998005" lon="121.62314990317509">
        <ele>5.032986829057336</ele>
        <time>1970-01-01T00:00:46.200000Z</time>
        <extensions>
          <gpxtpx:TrackPointExtension>
            <gpxtpx:hr>126</gpxtpx:hr>
          </gpxtpx:TrackPointExtension>
        </extensions>
      </trkpt>
      <trkpt lat="31.24144816198584" lon="121.62316884462241">
        <ele>4.988752136938274</ele>
        <time>1970-01-01T00:00:47.200000Z</time>
        <extensions>
          <gpxtpx:TrackPointExtension>
            <gpxtpx:hr>126</gpxtpx:hr>
          </gpxtpx:TrackPointExtension>
        </extensions>
      </trkpt>
      <trkpt lat="31.241434546955954" lon="121.62318992848893">
        <ele>4.936766016297042</ele>
        <time>1970-01-01T00:00:48.200000Z</time>
        <extensions>
          <gpxtpx:TrackPointExtension>
            <gpxtpx:hr>126</gpxtpx:hr>
          </gpxtpx:TrackPointExtension>
        </extensions>
      </trkpt>
      <trkpt lat="31.241424375656244" lon="121.62321228278395">
        <ele>4.877126364968717</ele>
        <time>1970-01-01T00:00:49.200000Z</time>
        <extensions>
          <gpxtpx:TrackPointExtension>
            <gpxtpx:hr>126</gpxtpx:hr>
          </gpxtpx:TrackPointExtension>
        </extensions>
      </trkpt>
      <trkpt lat="31.241418651459625" lon="121.62323604719347">
        <ele>4.810385857708752</ele>
        <time>1970-01-01T00:00:50.200000Z</time>
        <extensions>
          <gpxtpx:TrackPointExtension>
            <gpxtpx:hr>129</gpxtpx:hr>
          </gpxtpx:TrackPointExtension>
        </extensions>
      </trkpt>
      <trkpt lat="31.24141787021753" lon="121.62326054848886">
        <ele>4.738290443085134</ele>
        <time>1970-01-01T00:00:51.200000Z</time>
        <extensions>
          <gpxtpx:TrackPointExtension>
            <gpxtpx:hr>129</gpxtpx:hr>
          </gpxtpx:TrackPointExtension>
        </extensions>
      </trkpt>
      <trkpt lat="31.241418267448292" lon="121.62328675326178">
        <ele>4.663870285265148</ele>
        <time>1970-01-01T00:00:52.200000Z</time>
        <extensions>
          <gpxtpx:TrackPointExtension>
            <gpxtpx:hr>129</gpxtpx:hr>
          </gpxtpx:TrackPointExtension>
        </extensions>
      </trkpt>
      <trkpt lat="31.241417172334838" lon="121.62331638968614">
        <ele>4.590801076032221</ele>
        <time>1970-01-01T00:00:53.200000Z</time>
        <extensions>
          <gpxtpx:TrackPointExtension>
            <gpxtpx:hr>129</gpxtpx:hr>
          </gpxtpx:TrackPointExtension>
        </extensions>
      </trkpt>
      <trkpt lat="31.241415166605204" lon="121.62334789334388">
        <ele>4.522523986175656</ele>
        <time>1970-01-01T00:00:54.200000Z</time>
        <extensions>
          <gpxtpx:TrackPointExtension>
            <gpxtpx:hr>129</gpxtpx:hr>
          </gpxtpx:TrackPointExtension>
        </extensions>
      </trkpt>
      <trkpt lat="31.241412499029273" lon="121.62337887159391">
        <ele>4.461787595413625</ele>
        <time>1970-01-01T00:00:55.200000Z</time>
        <extensions>
          <gpxtpx:TrackPointExtension>
            <gpxtpx:hr>130</gpxtpx:hr>
          </gpxtpx:TrackPointExtension>
        </extensions>
      </trkpt>
      <trkpt lat="31.241409676567088" lon="121.62340809717783">
        <ele>4.410933057777584</ele>
        <time>1970-01-01T00:00:56.200000Z</time>
        <extensions>
          <gpxtpx:TrackPointExtension>
            <gpxtpx:hr>130</gpxtpx:hr>
          </gpxtpx:TrackPointExtension>
        </extensions>
      </trkpt>
      <trkpt lat="31.241406865566177" lon="121.62343624593713">
        <ele>4.371415063738823</ele>
        <time>1970-01-01T00:00:57.200000Z</time>
        <extensions>
          <gpxtpx:TrackPointExtension>
            <gpxtpx:hr>130</gpxtpx:hr>
          </gpxtpx:TrackPointExtension>
        </extensions>
      </trkpt>
      <trkpt lat="31.24140419476033" lon="121.62346445467385">
        <ele>4.343361812643707</ele>
        <time>1970-01-01T00:00:58.200000Z</time>
        <extensions>
          <gpxtpx:TrackPointExtension>
            <gpxtpx:hr>130</gpxtpx:hr>
          </gpxtpx:TrackPointExtension>
        </extensions>
      </trkpt>
      <trkpt lat="31.241401997152398" lon="121.62349322242716">
        <ele>4.32623552903533</ele>
        <time>1970-01-01T00:00:59.200000Z</time>
        <extensions>
          <gpxtpx:TrackPointExtension>
            <gpxtpx:hr>130</gpxtpx:hr>
          </gpxtpx:TrackPointExtension>
        </extensions>
      </trkpt>
      <trkpt lat="31.241400332890017" lon="121.62352238969518">
        <ele>4.319303737021983</ele>
        <time>1970-01-01T00:01:00.200000Z</time>
        <extensions>
          <gpxtpx:TrackPointExtension>
            <gpxtpx:hr>132</gpxtpx:hr>
          </gpxtpx:TrackPointExtension>
        </extensions>
      </trkpt>
      <trkpt lat="31.241398946513176" lon="121.62355164313989">
        <ele>4.322098107077181</ele>
        <time>1970-01-01T00:01:01.200000Z</time>
        <extensions>
          <gpxtpx:TrackPointExtension>
            <gpxtpx:hr>132</gpxtpx:hr>
          </gpxtpx:TrackPointExtension>
        </extensions>
      </trkpt>
      <trkpt lat="31.24139801108449" lon="121.6235811318635">
        <ele>4.333732615225017</ele>
        <time>1970-01-01T00:01:02.200000Z</time>
        <extensions>
          <gpxtpx:TrackPointExtension>
            <gpxtpx:hr>132</gpxtpx:hr>
          </gpxtpx:TrackPointExtension>
        </extensions>
      </trkpt>
      <trkpt lat="31.241397572742038" lon="121.6236110280633">
        <ele>4.352039845660329</ele>
        <time>1970-01-01T00:01:03.200000Z</time>
        <extensions>
          <gpxtpx:TrackPointExtension>
            <gpxtpx:hr>132</gpxtpx:hr>
          </gpxtpx:TrackPointExtension>
        </extensions>
      </trkpt>
      <trkpt lat="31.241397215297127" lon="121.62364119993016">
        <ele>4.374979637563229</ele>
        <time>1970-01-01T00:01:04.200000Z</time>
        <extensions>
          <gpxtpx:TrackPointExtension>
            <gpxtpx:hr>132</gpxtpx:hr>
          </gpxtpx:TrackPointExtension>
        </extensions>
      </trkpt>
      <trkpt lat="31.241396942739854" lon="121.6236712163531">
        <ele>4.401294915936887</ele>
        <time>1970-01-01T00:01:05.300000Z</time>
        <extensions>
          <gpxtpx:TrackPointExtension>
            <gpxtpx:hr>134</gpxtpx:hr>
          </gpxtpx:TrackPointExtension>
        </extensions>
      </trkpt>
      <trkpt lat="31.24139714187197" lon="121.62370087925808">
        <ele>4.428993419744074</ele>
        <time>1970-01-01T00:01:06.300000Z</time>
        <extensions>
          <gpxtpx:TrackPointExtension>
            <gpxtpx:hr>134</gpxtpx:hr>
          </gpxtpx:TrackPointExtension>
        </extensions>
      </trkpt>
      <trkpt lat="31.24139770161541" lon="121.62373054546364">
        <ele>4.455522655509412</ele>
        <time>1970-01-01T00:01:07.300000Z</time>
        <extensions>
          <gpxtpx:TrackPointExtension>
            <gpxtpx:hr>134</gpxtpx:hr>
          </gpxtpx:TrackPointExtension>
        </extensions>
      </trkpt>
      <trkpt lat="31.24139827336054" lon="121.62376043069848">
        <ele>4.479422357864678</ele>
        <time>1970-01-01T00:01:08.300000Z</time>
        <extensions>
          <gpxtpx:TrackPointExtension>
            <gpxtpx:hr>134</gpxtpx:hr>
          </gpxtpx:TrackPointExtension>
        </extensions>
      </trkpt>
      <trkpt lat="31.241398810628187" lon="121.62379039885118">
        <ele>4.500369992107153</ele>
        <time>1970-01-01T00:01:09.300000Z</time>
        <extensions>
          <gpxtpx:TrackPointExtension>
            <gpxtpx:hr>134</gpxtpx:hr>
          </gpxtpx:TrackPointExtension>
        </extensions>
      </trkpt>
      <trkpt lat="31.24139924004054" lon="121.62382034039634">
        <ele>4.518653812818229</ele>
        <time>1970-01-01T00:01:10.300000Z</time>
        <extensions>
          <gpxtpx:TrackPointExtension>
            <gpxtpx:hr>135</gpxtpx:hr>
          </gpxtpx:TrackPointExtension>
        </extensions>
      </trkpt>
      <trkpt lat="31.241399700255876" lon="121.62385044339426">
        <ele>4.53476888127625</ele>
        <time>1970-01-01T00:01:11.300000Z</time>
        <extensions>
          <gpxtpx:TrackPointExtension>
            <gpxtpx:hr>135</gpxtpx:hr>
          </gpxtpx:TrackPointExtension>
        </extensions>
      </trkpt>
      <trkpt lat="31.24140064998781" lon="121.62388066985164">
        <ele>4.549211364239454</ele>
        <time>1970-01-01T00:01:12.300000Z</time>
        <extensions>
          <gpxtpx:TrackPointExtension>
            <gpxtpx:hr>135</gpxtpx:hr>
          </gpxtpx:TrackPointExtension>
        </extensions>
      </trkpt>
      <trkpt lat="31.241402377504798" lon="121.62391086046343">
        <ele>4.562886569648981</ele>
        <time>1970-01-01T00:01:13.300000Z</time>
        <extensions>
          <gpxtpx:TrackPointExtension>
            <gpxtpx:hr>135</gpxtpx:hr>
          </gpxtpx:TrackPointExtension>
        </extensions>
      </trkpt>
      <trkpt lat="31.241404925284176" lon="121.62394101897912">
        <ele>4.576467478647828</ele>
        <time>1970-01-01T00:01:14.300000Z</time>
        <extensions>
          <gpxtpx:TrackPointExtension>
            <gpxtpx:hr>135</gpxtpx:hr>
          </gpxtpx:TrackPointExtension>
        </extensions>
      </trkpt>
      <trkpt lat="31.24140824214144" lon="121.6239711440167">
        <ele>4.589461983181536</ele>
        <time>1970-01-01T00:01:15.300000Z</time>
        <extensions>
          <gpxtpx:TrackPointExtension>
            <gpxtpx:hr>135</gpxtpx:hr>
          </gpxtpx:TrackPointExtension>
        </extensions>
      </trkpt>
      <trkpt lat="31.241412022750364" lon="121.62400143151719">
        <ele>4.600776929408312</ele>
        <time>1970-01-01T00:01:16.300000Z</time>
        <extensions>
          <gpxtpx:TrackPointExtension>
            <gpxtpx:hr>135</gpxtpx:hr>
          </gpxtpx:TrackPointExtension>
        </extensions>
      </trkpt>
      <trkpt lat="31.24141559836811" lon="121.62403232255095">
        <ele>4.609907907433808</ele>
        <time>1970-01-01T00:01:17.300000Z</time>
        <extensions>
          <gpxtpx:TrackPointExtension>
            <gpxtpx:hr>135</gpxtpx:hr>
          </gpxtpx:TrackPointExtension>
        </extensions>
      </trkpt>
      <trkpt lat="31.24141857083563" lon="121.62406351173938">
        <ele>4.617745377123356</ele>
        <time>1970-01-01T00:01:18.300000Z</time>
        <extensions>
          <gpxtpx:TrackPointExtension>
            <gpxtpx:hr>135</gpxtpx:hr>
          </gpxtpx:TrackPointExtension>
        </extensions>
      </trkpt>
      <trkpt lat="31.24142107683207" lon="121.62409430799522">
        <ele>4.62607704102993</ele>
        <time>1970-01-01T00:01:19.300000Z</time>
        <extensions>
          <gpxtpx:TrackPointExtension>
            <gpxtpx:hr>135</gpxtpx:hr>
          </gpxtpx:TrackPointExtension>
        </extensions>
      </trkpt>
      <trkpt lat="31.241423021092736" lon="121.62412464463986">
        <ele>4.636822591535747</ele>
        <time>1970-01-01T00:01:20.300000Z</time>
        <extensions>
          <gpxtpx:TrackPointExtension>
            <gpxtpx:hr>135</gpxtpx:hr>
          </gpxtpx:TrackPointExtension>
        </extensions>
      </trkpt>
      <trkpt lat="31.241424039850866" lon="121.62415463728672">
        <ele>4.651790134608746</ele>
        <time>1970-01-01T00:01:21.300000Z</time>
        <extensions>
          <gpxtpx:TrackPointExtension>
            <gpxtpx:hr>135</gpxtpx:hr>
          </gpxtpx:TrackPointExtension>
        </extensions>
      </trkpt>
      <trkpt lat="31.241424308416818" lon="121.62418415237605">
        <ele>4.6724452171474695</ele>
        <time>1970-01-01T00:01:22.300000Z</time>
        <extensions>
          <gpxtpx:TrackPointExtension>
            <gpxtpx:hr>140</gpxtpx:hr>
          </gpxtpx:TrackPointExtension>
        </extensions>
      </trkpt>
      <trkpt lat="31.24142423378247" lon="121.62421329979952">
        <ele>4.699527290649712</ele>
        <time>1970-01-01T00:01:23.300000Z</time>
        <extensions>
          <gpxtpx:TrackPointExtension>
            <gpxtpx:hr>140</gpxtpx:hr>
          </gpxtpx:TrackPointExtension>
        </extensions>
      </trkpt>
      <trkpt lat="31.24142397146541" lon="121.62424270074851">
        <ele>4.733181358315051</ele>
        <time>1970-01-01T00:01:24.300000Z</time>
        <extensions>
          <gpxtpx:TrackPointExtension>
            <gpxtpx:hr>140</gpxtpx:hr>
          </gpxtpx:TrackPointExtension>
        </extensions>
      </trkpt>
      <trkpt lat="31.241423759347796" lon="121.62427289813232">
        <ele>4.773155133239925</ele>
        <time>1970-01-01T00:01:25.300000Z</time>
        <extensions>
          <gpxtpx:TrackPointExtension>
            <gpxtpx:hr>140</gpxtpx:hr>
          </gpxtpx:TrackPointExtension>
        </extensions>
      </trkpt>
      <trkpt lat="31.241423827079256" lon="121.62430374279737">
        <ele>4.818606503307819</ele>
        <time>1970-01-01T00:01:26.300000Z</time>
        <extensions>
          <gpxtpx:TrackPointExtension>
            <gpxtpx:hr>140</gpxtpx:hr>
          </gpxtpx:TrackPointExtension>
        </extensions>
      </trkpt>
      <trkpt lat="31.24142389836229" lon="121.62433464579452">
        <ele>4.86853632517159</ele>
        <time>1970-01-01T00:01:27.300000Z</time>
        <extensions>
          <gpxtpx:TrackPointExtension>
            <gpxtpx:hr>140</gpxtpx:hr>
          </gpxtpx:TrackPointExtension>
        </extensions>
      </trkpt>
      <trkpt lat="31.241423666470705" lon="121.62436524474909">
        <ele>4.921917390078306</ele>
        <time>1970-01-01T00:01:28.300000Z</time>
        <extensions>
          <gpxtpx:TrackPointExtension>
            <gpxtpx:hr>140</gpxtpx:hr>
          </gpxtpx:TrackPointExtension>
        </extensions>
      </trkpt>
      <trkpt lat="31.24142330997339" lon="121.62439551322827">
        <ele>4.977502226829529</ele>
        <time>1970-01-01T00:01:29.300000Z</time>
        <extensions>
          <gpxtpx:TrackPointExtension>
            <gpxtpx:hr>140</gpxtpx:hr>
          </gpxtpx:TrackPointExtension>
        </extensions>
      </trkpt>
      <trkpt lat="31.24142300466448" lon="121.62442556366132">
        <ele>5.034324808977544</ele>
        <time>1970-01-01T00:01:30.300000Z</time>
        <extensions>
          <gpxtpx:TrackPointExtension>
            <gpxtpx:hr>140</gpxtpx:hr>
          </gpxtpx:TrackPointExtension>
        </extensions>
      </trkpt>
      <trkpt lat="31.241422737960203" lon="121.62445554654808">
        <ele>5.0914098201319575</ele>
        <time>1970-01-01T00:01:31.300000Z</time>
        <extensions>
          <gpxtpx:TrackPointExtension>
            <gpxtpx:hr>140</gpxtpx:hr>
          </gpxtpx:TrackPointExtension>
        </extensions>
      </trkpt>
      <trkpt lat="31.241422597754156" lon="121.62448557687759">
        <ele>5.14732211548835</ele>
        <time>1970-01-01T00:01:32.300000Z</time>
        <extensions>
          <gpxtpx:TrackPointExtension>
            <gpxtpx:hr>141</gpxtpx:hr>
          </gpxtpx:TrackPointExtension>
        </extensions>
      </trkpt>
      <trkpt lat="31.241422742330148" lon="121.62451577281523">
        <ele>5.200665763579309</ele>
        <time>1970-01-01T00:01:33.300000Z</time>
        <extensions>
          <gpxtpx:TrackPointExtension>
            <gpxtpx:hr>141</gpxtpx:hr>
          </gpxtpx:TrackPointExtension>
        </extensions>
      </trkpt>
      <trkpt lat="31.24142320311136" lon="121.62454603424825">
        <ele>5.250593796372414</ele>
        <time>1970-01-01T00:01:34.300000Z</time>
        <extensions>
          <gpxtpx:TrackPointExtension>
            <gpxtpx:hr>141</gpxtpx:hr>
          </gpxtpx:TrackPointExtension>
        </extensions>
      </trkpt>
      <trkpt lat="31.241424066330126" lon="121.62457589506232">
        <ele>5.297010897658765</ele>
        <time>1970-01-01T00:01:35.300000Z</time>
        <extensions>
          <gpxtpx:TrackPointExtension>
            <gpxtpx:hr>141</gpxtpx:hr>
          </gpxtpx:TrackPointExtension>
        </extensions>
      </trkpt>
      <trkpt lat="31.241425149806947" lon="121.62460498618566">
        <ele>5.340149326249957</ele>
        <time>1970-01-01T00:01:36.300000Z</time>
        <extensions>
          <gpxtpx:TrackPointExtension>
            <gpxtpx:hr>142</gpxtpx:hr>
          </gpxtpx:TrackPointExtension>
        </extensions>
      </trkpt>
      <trkpt lat="31.241425701216773" lon="121.62463336136268">
        <ele>5.380305434577167</ele>
        <time>1970-01-01T00:01:37.300000Z</time>
        <extensions>
          <gpxtpx:TrackPointExtension>
            <gpxtpx:hr>142</gpxtpx:hr>
          </gpxtpx:TrackPointExtension>
        </extensions>
      </trkpt>
      <trkpt lat="31.241424997595047" lon="121.62466085714487">
        <ele>5.418058634735644</ele>
        <time>1970-01-01T00:01:38.300000Z</time>
        <extensions>
          <gpxtpx:TrackPointExtension>
            <gpxtpx:hr>142</gpxtpx:hr>
          </gpxtpx:TrackPointExtension>
        </extensions>
      </trkpt>
      <trkpt lat="31.241422897533546" lon="121.62468686357751">
        <ele>5.454079375602305</ele>
        <time>1970-01-01T00:01:39.400000Z</time>
        <extensions>
          <gpxtpx:TrackPointExtension>
            <gpxtpx:hr>142</gpxtpx:hr>
          </gpxtpx:TrackPointExtension>
        </extensions>
      </trkpt>
      <trkpt lat="31.241419296920164" lon="121.62471085585311">
        <ele>5.488579318858683</ele>
        <time>1970-01-01T00:01:40.400000Z</time>
        <extensions>
          <gpxtpx:TrackPointExtension>
            <gpxtpx:hr>142</gpxtpx:hr>
          </gpxtpx:TrackPointExtension>
        </extensions>
      </trkpt>
      <trkpt lat="31.24141421015029" lon="121.6247322362438">
        <ele>5.52106729708612</ele>
        <time>1970-01-01T00:01:41.400000Z</time>
        <extensions>
          <gpxtpx:TrackPointExtension>
            <gpxtpx:hr>144</gpxtpx:hr>
          </gpxtpx:TrackPointExtension>
        </extensions>
      </trkpt>
      <trkpt lat="31.241408176808804" lon="121.62475010025652">
        <ele>5.550695561803877</ele>
        <time>1970-01-01T00:01:42.400000Z</time>
        <extensions>
          <gpxtpx:TrackPointExtension>
            <gpxtpx:hr>144</gpxtpx:hr>
          </gpxtpx:TrackPointExtension>
        </extensions>
      </trkpt>
      <trkpt lat="31.241401474483165" lon="121.62476295060591">
        <ele>5.576606398448348</ele>
        <time>1970-01-01T00:01:43.400000Z</time>
        <extensions>
          <gpxtpx:TrackPointExtension>
            <gpxtpx:hr>144</gpxtpx:hr>
          </gpxtpx:TrackPointExtension>
        </extensions>
      </trkpt>
      <trkpt lat="31.24139498250925" lon="121.62477095243429">
        <ele>5.598326586186886</ele>
        <time>1970-01-01T00:01:44.400000Z</time>
        <extensions>
          <gpxtpx:TrackPointExtension>
            <gpxtpx:hr>144</gpxtpx:hr>
          </gpxtpx:TrackPointExtension>
        </extensions>
      </trkpt>
      <trkpt lat="31.24138942856795" lon="121.62477629367194">
        <ele>5.615999596193433</ele>
        <time>1970-01-01T00:01:45.400000Z</time>
        <extensions>
          <gpxtpx:TrackPointExtension>
            <gpxtpx:hr>144</gpxtpx:hr>
          </gpxtpx:TrackPointExtension>
        </extensions>
      </trkpt>
      <trkpt lat="31.241384289409257" lon="121.6247804518059">
        <ele>5.630355890840292</ele>
        <time>1970-01-01T00:01:46.400000Z</time>
        <extensions>
          <gpxtpx:TrackPointExtension>
            <gpxtpx:hr>144</gpxtpx:hr>
          </gpxtpx:TrackPointExtension>
        </extensions>
      </trkpt>
      <trkpt lat="31.24137881062967" lon="121.62478411949972">
        <ele>5.642471369355917</ele>
        <time>1970-01-01T00:01:47.400000Z</time>
        <extensions>
          <gpxtpx:TrackPointExtension>
            <gpxtpx:hr>144</gpxtpx:hr>
          </gpxtpx:TrackPointExtension>
        </extensions>
      </trkpt>
      <trkpt lat="31.24137211915442" lon="121.6247878254426">
        <ele>5.653394525870681</ele>
        <time>1970-01-01T00:01:48.400000Z</time>
        <extensions>
          <gpxtpx:TrackPointExtension>
            <gpxtpx:hr>144</gpxtpx:hr>
          </gpxtpx:TrackPointExtension>
        </extensions>
      </trkpt>
      <trkpt lat="31.24136331467914" lon="121.62479207565161">
        <ele>5.663757008500397</ele>
        <time>1970-01-01T00:01:49.400000Z</time>
        <extensions>
          <gpxtpx:TrackPointExtension>
            <gpxtpx:hr>144</gpxtpx:hr>
          </gpxtpx:TrackPointExtension>
        </extensions>
      </trkpt>
      <trkpt lat="31.24135135036283" lon="121.62479739176185">
        <ele>5.673608060926199</ele>
        <time>1970-01-01T00:01:50.400000Z</time>
        <extensions>
          <gpxtpx:TrackPointExtension>
            <gpxtpx:hr>144</gpxtpx:hr>
          </gpxtpx:TrackPointExtension>
        </extensions>
      </trkpt>
      <trkpt lat="31.241335134207553" lon="121.6248042484895">
        <ele>5.682409196160734</ele>
        <time>1970-01-01T00:01:51.400000Z</time>
        <extensions>
          <gpxtpx:TrackPointExtension>
            <gpxtpx:hr>144</gpxtpx:hr>
          </gpxtpx:TrackPointExtension>
        </extensions>
      </trkpt>
      <trkpt lat="31.241314556802216" lon="121.62481238136738">
        <ele>5.689122201874852</ele>
        <time>1970-01-01T00:01:52.400000Z</time>
        <extensions>
          <gpxtpx:TrackPointExtension>
            <gpxtpx:hr>144</gpxtpx:hr>
          </gpxtpx:TrackPointExtension>
        </extensions>
      </trkpt>
      <trkpt lat="31.241291008837035" lon="121.62482114225875">
        <ele>5.692473266273737</ele>
        <time>1970-01-01T00:01:53.400000Z</time>
      </trkpt>
      <trkpt lat="31.24126611261789" lon="121.6248304794556">
        <ele>5.691335389390588</ele>
        <time>1970-01-01T00:01:54.400000Z</time>
      </trkpt>
      <trkpt lat="31.241240699338466" lon="121.62484026007085">
        <ele>5.685193044133484</ele>
        <time>1970-01-01T00:01:55.400000Z</time>
      </trkpt>
      <trkpt lat="31.241215029353" lon="121.62484991722837">
        <ele>5.674168851226568</ele>
        <time>1970-01-01T00:01:56.400000Z</time>
      </trkpt>
      <trkpt lat="31.241188984582337" lon="121.62485913688607">
        <ele>5.658409014344215</ele>
        <time>1970-01-01T00:01:57.400000Z</time>
      </trkpt>
      <trkpt lat="31.241162258715427" lon="121.62486783682732">
        <ele>5.637823458760977</ele>
        <time>1970-01-01T00:01:58.400000Z</time>
      </trkpt>
      <trkpt lat="31.241134961316302" lon="121.6248755720307">
        <ele>5.612489180639386</ele>
        <time>1970-01-01T00:01:59.400000Z</time>
      </trkpt>
      <trkpt lat="31.241107665451782" lon="121.62488212996423">
        <ele>5.582823131233454</ele>
        <time>1970-01-01T00:02:00.400000Z</time>
      </trkpt>
      <trkpt lat="31.241080436846193" lon="121.62488769237584">
        <ele>5.549470737576485</ele>
        <time>1970-01-01T00:02:01.400000Z</time>
      </trkpt>
      <trkpt lat="31.24105287246857" lon="121.62489203181735">
        <ele>5.5131533006206155</ele>
        <time>1970-01-01T00:02:02.400000Z</time>
      </trkpt>
      <trkpt lat="31.241025097125902" lon="121.62489465910292">
        <ele>5.474572160281241</ele>
        <time>1970-01-01T00:02:03.400000Z</time>
      </trkpt>
      <trkpt lat="31.24099746475395" lon="121.62489602177273">
        <ele>5.4346467247232795</ele>
        <time>1970-01-01T00:02:04.400000Z</time>
      </trkpt>
      <trkpt lat="31.240969906541736" lon="121.62489699132182">
        <ele>5.394381341524422</ele>
        <time>1970-01-01T00:02:05.400000Z</time>
      </trkpt>
      <trkpt lat="31.24094222397877" lon="121.62489792868406">
        <ele>5.354565939866006</ele>
        <time>1970-01-01T00:02:06.400000Z</time>
      </trkpt>
      <trkpt lat="31.240914345426056" lon="121.624899416631">
        <ele>5.3159226113930345</ele>
        <time>1970-01-01T00:02:07.400000Z</time>
      </trkpt>
      <trkpt lat="31.240886016893693" lon="121.62490195354397">
        <ele>5.279136519879103</ele>
        <time>1970-01-01T00:02:08.400000Z</time>
      </trkpt>
      <trkpt lat="31.240857317734225" lon="121.62490376861062">
        <ele>5.244722951203585</ele>
        <time>1970-01-01T00:02:09.400000Z</time>
      </trkpt>
      <trkpt lat="31.240828883163708" lon="121.62490486295722">
        <ele>5.212760606780648</ele>
        <time>1970-01-01T00:02:10.400000Z</time>
      </trkpt>
      <trkpt lat="31.240801377054463" lon="121.62490911645368">
        <ele>5.18302368093282</ele>
        <time>1970-01-01T00:02:11.400000Z</time>
      </trkpt>
      <trkpt lat="31.240776030685428" lon="121.62491991158426">
        <ele>5.155184662900865</ele>
        <time>1970-01-01T00:02:12.400000Z</time>
      </trkpt>
      <trkpt lat="31.240751815493912" lon="121.62493356736081">
        <ele>5.129001839086413</ele>
        <time>1970-01-01T00:02:13.500000Z</time>
      </trkpt>
      <trkpt lat="31.240727146740827" lon="121.6249456969777">
        <ele>5.104518732987344</ele>
        <time>1970-01-01T00:02:14.500000Z</time>
      </trkpt>
      <trkpt lat="31.240702415796004" lon="121.62495682426896">
        <ele>5.0820374907925725</ele>
        <time>1970-01-01T00:02:15.500000Z</time>
      </trkpt>
      <trkpt lat="31.240677588593112" lon="121.62496615493818">
        <ele>5.061872499994934</ele>
        <time>1970-01-01T00:02:16.500000Z</time>
      </trkpt>
      <trkpt lat="31.240652620726447" lon="121.62497346388298">
        <ele>5.044190094806254</ele>
        <time>1970-01-01T00:02:17.500000Z</time>
        <extensions>
          <gpxtpx:TrackPointExtension>
            <gpxtpx:hr>141</gpxtpx:hr>
          </gpxtpx:TrackPointExtension>
        </extensions>
      </trkpt>
      <trkpt lat="31.24062757874378" lon="121.6249791715968">
        <ele>5.029117906466126</ele>
        <time>1970-01-01T00:02:18.500000Z</time>
        <extensions>
          <gpxtpx:TrackPointExtension>
            <gpxtpx:hr>141</gpxtpx:hr>
          </gpxtpx:TrackPointExtension>
        </extensions>
      </trkpt>
      <trkpt lat="31.240602505855332" lon="121.62498306376345">
        <ele>5.01683343667537</ele>
        <time>1970-01-01T00:02:19.500000Z</time>
        <extensions>
          <gpxtpx:TrackPointExtension>
            <gpxtpx:hr>141</gpxtpx:hr>
          </gpxtpx:TrackPointExtension>
        </extensions>
      </trkpt>
      <trkpt lat="31.24057748485189" lon="121.62498543631301">
        <ele>5.007582364603877</ele>
        <time>1970-01-01T00:02:20.500000Z</time>
        <extensions>
          <gpxtpx:TrackPointExtension>
            <gpxtpx:hr>141</gpxtpx:hr>
          </gpxtpx:TrackPointExtension>
        </extensions>
      </trkpt>
      <trkpt lat="31.24055253963077" lon="121.62498696198917">
        <ele>5.001548897475004</ele>
        <time>1970-01-01T00:02:21.500000Z</time>
        <extensions>
          <gpxtpx:TrackPointExtension>
            <gpxtpx:hr>141</gpxtpx:hr>
          </gpxtpx:TrackPointExtension>
        </extensions>
      </trkpt>
      <trkpt lat="31.240527487706217" lon="121.62498741320951">
        <ele>4.998694530688226</ele>
        <time>1970-01-01T00:02:22.500000Z</time>
        <extensions>
          <gpxtpx:TrackPointExtension>
            <gpxtpx:hr>141</gpxtpx:hr>
          </gpxtpx:TrackPointExtension>
        </extensions>
      </trkpt>
      <trkpt lat="31.240502232252442" lon="121.62498623451383">
        <ele>4.99876500479877</ele>
        <time>1970-01-01T00:02:23.500000Z</time>
        <extensions>
          <gpxtpx:TrackPointExtension>
            <gpxtpx:hr>141</gpxtpx:hr>
          </gpxtpx:TrackPointExtension>
        </extensions>
      </trkpt>
      <trkpt lat="31.240476751691258" lon="121.62498364615315">
        <ele>5.001420891843736</ele>
        <time>1970-01-01T00:02:24.500000Z</time>
        <extensions>
          <gpxtpx:TrackPointExtension>
            <gpxtpx:hr>141</gpxtpx:hr>
          </gpxtpx:TrackPointExtension>
        </extensions>
      </trkpt>
      <trkpt lat="31.24045106173729" lon="121.62498029663539">
        <ele>5.006302264519036</ele>
        <time>1970-01-01T00:02:25.500000Z</time>
        <extensions>
          <gpxtpx:TrackPointExtension>
            <gpxtpx:hr>141</gpxtpx:hr>
          </gpxtpx:TrackPointExtension>
        </extensions>
      </trkpt>
      <trkpt lat="31.240425261157945" lon="121.62497642898003">
        <ele>5.013010788708925</ele>
        <time>1970-01-01T00:02:26.500000Z</time>
        <extensions>
          <gpxtpx:TrackPointExtension>
            <gpxtpx:hr>141</gpxtpx:hr>
          </gpxtpx:TrackPointExtension>
        </extensions>
      </trkpt>
      <trkpt lat="31.240399312850844" lon="121.62497235476631">
        <ele>5.021080224774778</ele>
        <time>1970-01-01T00:02:27.500000Z</time>
        <extensions>
          <gpxtpx:TrackPointExtension>
            <gpxtpx:hr>141</gpxtpx:hr>
          </gpxtpx:TrackPointExtension>
        </extensions>
      </trkpt>
      <trkpt lat="31.24037321683927" lon="121.62496834747166">
        <ele>5.030020448379219</ele>
        <time>1970-01-01T00:02:28.500000Z</time>
        <extensions>
          <gpxtpx:TrackPointExtension>
            <gpxtpx:hr>140</gpxtpx:hr>
          </gpxtpx:TrackPointExtension>
        </extensions>
      </trkpt>
      <trkpt lat="31.240347108148736" lon="121.62496409309423">
        <ele>5.039386993274093</ele>
        <time>1970-01-01T00:02:29.500000Z</time>
        <extensions>
          <gpxtpx:TrackPointExtension>
            <gpxtpx:hr>140</gpxtpx:hr>
          </gpxtpx:TrackPointExtension>
        </extensions>
      </trkpt>
      <trkpt lat="31.24032103335482" lon="121.62495962310524">
        <ele>5.048826356418431</ele>
        <time>1970-01-01T00:02:30.500000Z</time>
        <extensions>
          <gpxtpx:TrackPointExtension>
            <gpxtpx:hr>140</gpxtpx:hr>
          </gpxtpx:TrackPointExtension>
        </extensions>
      </trkpt>
      <trkpt lat="31.240294896871415" lon="121.62495594576946">
        <ele>5.05805548466742</ele>
        <time>1970-01-01T00:02:31.500000Z</time>
        <extensions>
          <gpxtpx:TrackPointExtension>
            <gpxtpx:hr>140</gpxtpx:hr>
          </gpxtpx:TrackPointExtension>
        </extensions>
      </trkpt>
      <trkpt lat="31.2402686963369" lon="121.62495368273304">
        <ele>5.066761251538992</ele>
        <time>1970-01-01T00:02:32.500000Z</time>
        <extensions>
          <gpxtpx:TrackPointExtension>
            <gpxtpx:hr>140</gpxtpx:hr>
          </gpxtpx:TrackPointExtension>
        </extensions>
      </trkpt>
      <trkpt lat="31.240242657784442" lon="121.62495269026431">
        <ele>5.074392125941813</ele>
        <time>1970-01-01T00:02:33.500000Z</time>
        <extensions>
          <gpxtpx:TrackPointExtension>
            <gpxtpx:hr>140</gpxtpx:hr>
          </gpxtpx:TrackPointExtension>
        </extensions>
      </trkpt>
      <trkpt lat="31.240216763980843" lon="121.6249528237427">
        <ele>5.080464834347367</ele>
        <time>1970-01-01T00:02:34.500000Z</time>
        <extensions>
          <gpxtpx:TrackPointExtension>
            <gpxtpx:hr>140</gpxtpx:hr>
          </gpxtpx:TrackPointExtension>
        </extensions>
      </trkpt>
      <trkpt lat="31.24019075796277" lon="121.6249538499186">
        <ele>5.084975607693195</ele>
        <time>1970-01-01T00:02:35.500000Z</time>
        <extensions>
          <gpxtpx:TrackPointExtension>
            <gpxtpx:hr>140</gpxtpx:hr>
          </gpxtpx:TrackPointExtension>
        </extensions>
      </trkpt>
      <trkpt lat="31.24016448861677" lon="121.62495533535012">
        <ele>5.087982500903308</ele>
        <time>1970-01-01T00:02:36.500000Z</time>
        <extensions>
          <gpxtpx:TrackPointExtension>
            <gpxtpx:hr>140</gpxtpx:hr>
          </gpxtpx:TrackPointExtension>
        </extensions>
      </trkpt>
      <trkpt lat="31.24013815824902" lon="121.6249572073549">
        <ele>5.089515450410545</ele>
        <time>1970-01-01T00:02:37.500000Z</time>
        <extensions>
          <gpxtpx:TrackPointExtension>
            <gpxtpx:hr>140</gpxtpx:hr>
          </gpxtpx:TrackPointExtension>
        </extensions>
      </trkpt>
      <trkpt lat="31.24011206570085" lon="121.62495965001453">
        <ele>5.090092186816037</ele>
        <time>1970-01-01T00:02:38.500000Z</time>
        <extensions>
          <gpxtpx:TrackPointExtension>
            <gpxtpx:hr>140</gpxtpx:hr>
          </gpxtpx:TrackPointExtension>
        </extensions>
      </trkpt>
      <trkpt lat="31.24008605315988" lon="121.62496217135096">
        <ele>5.090427851304412</ele>
        <time>1970-01-01T00:02:39.500000Z</time>
        <extensions>
          <gpxtpx:TrackPointExtension>
            <gpxtpx:hr>144</gpxtpx:hr>
          </gpxtpx:TrackPointExtension>
        </extensions>
      </trkpt>
      <trkpt lat="31.240060064428448" lon="121.62496429211312">
        <ele>5.091072916984558</ele>
        <time>1970-01-01T00:02:40.500000Z</time>
        <extensions>
          <gpxtpx:TrackPointExtension>
            <gpxtpx:hr>144</gpxtpx:hr>
          </gpxtpx:TrackPointExtension>
        </extensions>
      </trkpt>
      <trkpt lat="31.240034327117915" lon="121.62496615675792">
        <ele>5.092548028565943</ele>
        <time>1970-01-01T00:02:41.500000Z</time>
        <extensions>
          <gpxtpx:TrackPointExtension>
            <gpxtpx:hr>144</gpxtpx:hr>
          </gpxtpx:TrackPointExtension>
        </extensions>
      </trkpt>
      <trkpt lat="31.240008741755734" lon="121.62496774948389">
        <ele>5.09528783056885</ele>
        <time>1970-01-01T00:02:42.500000Z</time>
        <extensions>
          <gpxtpx:TrackPointExtension>
            <gpxtpx:hr>144</gpxtpx:hr>
          </gpxtpx:TrackPointExtension>
        </extensions>
      </trkpt>
      <trkpt lat="31.239983054808125" lon="121.62496896181997">
        <ele>5.099744635634124</ele>
        <time>1970-01-01T00:02:43.500000Z</time>
        <extensions>
          <gpxtpx:TrackPointExtension>
            <gpxtpx:hr>144</gpxtpx:hr>
          </gpxtpx:TrackPointExtension>
        </extensions>
      </trkpt>
      <trkpt lat="31.239957299834366" lon="121.6249699524065">
        <ele>5.106151141226292</ele>
        <time>1970-01-01T00:02:44.500000Z</time>
        <extensions>
          <gpxtpx:TrackPointExtension>
            <gpxtpx:hr>144</gpxtpx:hr>
          </gpxtpx:TrackPointExtension>
        </extensions>
      </trkpt>
      <trkpt lat="31.23993155767682" lon="121.62497111404898">
        <ele>5.113698333501816</ele>
        <time>1970-01-01T00:02:45.500000Z</time>
        <extensions>
          <gpxtpx:TrackPointExtension>
            <gpxtpx:hr>144</gpxtpx:hr>
          </gpxtpx:TrackPointExtension>
        </extensions>
      </trkpt>
      <trkpt lat="31.239905834766883" lon="121.62497248523222">
        <ele>5.120904208160937</ele>
        <time>1970-01-01T00:02:46.500000Z</time>
        <extensions>
          <gpxtpx:TrackPointExtension>
            <gpxtpx:hr>144</gpxtpx:hr>
          </gpxtpx:TrackPointExtension>
        </extensions>
      </trkpt>
      <trkpt lat="31.239880214392258" lon="121.6249738553789">
        <ele>5.126667816191912</ele>
        <time>1970-01-01T00:02:47.600000Z</time>
        <extensions>
          <gpxtpx:TrackPointExtension>
            <gpxtpx:hr>144</gpxtpx:hr>
          </gpxtpx:TrackPointExtension>
        </extensions>
      </trkpt>
      <trkpt lat="31.23985463077034" lon="121.6249754415541">
        <ele>5.130258170887828</ele>
        <time>1970-01-01T00:02:48.600000Z</time>
        <extensions>
          <gpxtpx:TrackPointExtension>
            <gpxtpx:hr>144</gpxtpx:hr>
          </gpxtpx:TrackPointExtension>
        </extensions>
      </trkpt>
      <trkpt lat="31.239828828923137" lon="121.62497710651535">
        <ele>5.1310618268325925</ele>
        <time>1970-01-01T00:02:49.600000Z</time>
        <extensions>
          <gpxtpx:TrackPointExtension>
            <gpxtpx:hr>144</gpxtpx:hr>
          </gpxtpx:TrackPointExtension>
        </extensions>
      </trkpt>
      <trkpt lat="31.23980275608898" lon="121.62497862954667">
        <ele>5.128676186315715</ele>
        <time>1970-01-01T00:02:50.600000Z</time>
        <extensions>
          <gpxtpx:TrackPointExtension>
            <gpxtpx:hr>144</gpxtpx:hr>
          </gpxtpx:TrackPointExtension>
        </extensions>
      </trkpt>
      <trkpt lat="31.239776486547395" lon="121.62498008120848">
        <ele>5.12293250951916</ele>
        <time>1970-01-01T00:02:51.600000Z</time>
      </trkpt>
      <trkpt lat="31.239749728730914" lon="121.62498133252181">
        <ele>5.1141946744173765</ele>
        <time>1970-01-01T00:02:52.600000Z</time>
      </trkpt>
      <trkpt lat="31.239722184803888" lon="121.62498213896619">
        <ele>5.103257955983281</ele>
        <time>1970-01-01T00:02:53.600000Z</time>
      </trkpt>
      <trkpt lat="31.23969413185099" lon="121.62498266819428">
        <ele>5.090750870294869</ele>
        <time>1970-01-01T00:02:54.600000Z</time>
      </trkpt>
      <trkpt lat="31.239666113233692" lon="121.6249834405663">
        <ele>5.076945352368057</ele>
        <time>1970-01-01T00:02:55.600000Z</time>
      </trkpt>
      <trkpt lat="31.239638377562102" lon="121.62498467215957">
        <ele>5.061898895539343</ele>
        <time>1970-01-01T00:02:56.600000Z</time>
      </trkpt>
      <trkpt lat="31.23961097867758" lon="121.62498639800928">
        <ele>5.045640944503248</ele>
        <time>1970-01-01T00:02:57.600000Z</time>
      </trkpt>
      <trkpt lat="31.23958404801743" lon="121.62498846215716">
        <ele>5.028046014718711</ele>
        <time>1970-01-01T00:02:58.600000Z</time>
      </trkpt>
      <trkpt lat="31.239557504175934" lon="121.62499059074219">
        <ele>5.008660374209285</ele>
        <time>1970-01-01T00:02:59.600000Z</time>
      </trkpt>
      <trkpt lat="31.239531142928907" lon="121.62499277917152">
        <ele>4.987131973728538</ele>
        <time>1970-01-01T00:03:00.600000Z</time>
      </trkpt>
      <trkpt lat="31.23950499919491" lon="121.62499535827874">
        <ele>4.963338835164905</ele>
        <time>1970-01-01T00:03:01.600000Z</time>
      </trkpt>
      <trkpt lat="31.239478911523847" lon="121.62499841758857">
        <ele>4.937075285241008</ele>
        <time>1970-01-01T00:03:02.600000Z</time>
      </trkpt>
      <trkpt lat="31.239452567141452" lon="121.62500169408655">
        <ele>4.90820099785924</ele>
        <time>1970-01-01T00:03:03.600000Z</time>
      </trkpt>
      <trkpt lat="31.239426063060804" lon="121.62500512826364">
        <ele>4.8767198557034135</ele>
        <time>1970-01-01T00:03:04.600000Z</time>
      </trkpt>
      <trkpt lat="31.239399615624823" lon="121.62500824745257">
        <ele>4.842837114818394</ele>
        <time>1970-01-01T00:03:05.600000Z</time>
      </trkpt>
      <trkpt lat="31.239373287449915" lon="121.62501056247817">
        <ele>4.807554527185857</ele>
        <time>1970-01-01T00:03:06.600000Z</time>
      </trkpt>
      <trkpt lat="31.239347184351146" lon="121.62501215264236">
        <ele>4.772415752522647</ele>
        <time>1970-01-01T00:03:07.600000Z</time>
      </trkpt>
      <trkpt lat="31.23932150009331" lon="121.62501303325502">
        <ele>4.738581068813801</ele>
        <time>1970-01-01T00:03:08.600000Z</time>
      </trkpt>
      <trkpt lat="31.239296082783007" lon="121.62501312310344">
        <ele>4.706681029871106</ele>
        <time>1970-01-01T00:03:09.600000Z</time>
      </trkpt>
      <trkpt lat="31.23927071218753" lon="121.62501277172981">
        <ele>4.676959275268018</ele>
        <time>1970-01-01T00:03:10.600000Z</time>
      </trkpt>
      <trkpt lat="31.239245444289324" lon="121.62501233043217">
        <ele>4.649448781274259</ele>
        <time>1970-01-01T00:03:11.600000Z</time>
      </trkpt>
      <trkpt lat="31.23922020658703" lon="121.62501179514966">
        <ele>4.623735927976668</ele>
        <time>1970-01-01T00:03:12.600000Z</time>
      </trkpt>
      <trkpt lat="31.239194972930278" lon="121.62501158688492">
        <ele>4.5989750772714615</ele>
        <time>1970-01-01T00:03:13.600000Z</time>
      </trkpt>
      <trkpt lat="31.239169981001375" lon="121.62501237281253">
        <ele>4.57445973623544</ele>
        <time>1970-01-01T00:03:14.600000Z</time>
      </trkpt>
      <trkpt lat="31.23914537985168" lon="121.6250140975624">
        <ele>4.550119053572416</ele>
        <time>1970-01-01T00:03:15.600000Z</time>
      </trkpt>
      <trkpt lat="31.239121309810827" lon="121.62501628387923">
        <ele>4.526715120300651</ele>
        <time>1970-01-01T00:03:16.600000Z</time>
      </trkpt>
      <trkpt lat="31.23909781169421" lon="121.62501849277281">
        <ele>4.505156510509551</ele>
        <time>1970-01-01T00:03:17.600000Z</time>
      </trkpt>
      <trkpt lat="31.23907470445878" lon="121.62502007467809">
        <ele>4.485842289403081</ele>
        <time>1970-01-01T00:03:18.600000Z</time>
      </trkpt>
      <trkpt lat="31.239051614443774" lon="121.62502080690923">
        <ele>4.46918223798275</ele>
        <time>1970-01-01T00:03:19.600000Z</time>
      </trkpt>
      <trkpt lat="31.239028192735653" lon="121.62502112906968">
        <ele>4.456146134994924</ele>
        <time>1970-01-01T00:03:20.600000Z</time>
      </trkpt>
      <trkpt lat="31.239004446519377" lon="121.62502132979225">
        <ele>4.447416138835251</ele>
        <time>1970-01-01T00:03:21.700000Z</time>
        <extensions>
          <gpxtpx:TrackPointExtension>
            <gpxtpx:hr>155</gpxtpx:hr>
          </gpxtpx:TrackPointExtension>
        </extensions>
      </trkpt>
      <trkpt lat="31.23898041657877" lon="121.62502135422896">
        <ele>4.442595086991787</ele>
        <time>1970-01-01T00:03:22.700000Z</time>
        <extensions>
          <gpxtpx:TrackPointExtension>
            <gpxtpx:hr>155</gpxtpx:hr>
          </gpxtpx:TrackPointExtension>
        </extensions>
      </trkpt>
      <trkpt lat="31.238956171067052" lon="121.62502148449212">
        <ele>4.441207370720804</ele>
        <time>1970-01-01T00:03:23.700000Z</time>
        <extensions>
          <gpxtpx:TrackPointExtension>
            <gpxtpx:hr>155</gpxtpx:hr>
          </gpxtpx:TrackPointExtension>
        </extensions>
      </trkpt>
      <trkpt lat="31.238931918936263" lon="121.62502241769282">
        <ele>4.4432922983542085</ele>
        <time>1970-01-01T00:03:24.700000Z</time>
        <extensions>
          <gpxtpx:TrackPointExtension>
            <gpxtpx:hr>155</gpxtpx:hr>
          </gpxtpx:TrackPointExtension>
        </extensions>
      </trkpt>
      <trkpt lat="31.238907818825613" lon="121.62502447271935">
        <ele>4.449194181710482</ele>
        <time>1970-01-01T00:03:25.700000Z</time>
        <extensions>
          <gpxtpx:TrackPointExtension>
            <gpxtpx:hr>155</gpxtpx:hr>
          </gpxtpx:TrackPointExtension>
        </extensions>
      </trkpt>
      <trkpt lat="31.238883890715773" lon="121.62502797372588">
        <ele>4.4588425094261765</ele>
        <time>1970-01-01T00:03:26.700000Z</time>
        <extensions>
          <gpxtpx:TrackPointExtension>
            <gpxtpx:hr>155</gpxtpx:hr>
          </gpxtpx:TrackPointExtension>
        </extensions>
      </trkpt>
      <trkpt lat="31.238860359280793" lon="121.6250336279231">
        <ele>4.471398715861142</ele>
        <time>1970-01-01T00:03:27.700000Z</time>
        <extensions>
          <gpxtpx:TrackPointExtension>
            <gpxtpx:hr>155</gpxtpx:hr>
          </gpxtpx:TrackPointExtension>
        </extensions>
      </trkpt>
      <trkpt lat="31.238837416817063" lon="121.62504178868042">
        <ele>4.485726671293378</ele>
        <time>1970-01-01T00:03:28.700000Z</time>
        <extensions>
          <gpxtpx:TrackPointExtension>
            <gpxtpx:hr>155</gpxtpx:hr>
          </gpxtpx:TrackPointExtension>
        </extensions>
      </trkpt>
      <trkpt lat="31.23881524768017" lon="121.6250527721263">
        <ele>4.500379654578865</ele>
        <time>1970-01-01T00:03:29.700000Z</time>
        <extensions>
          <gpxtpx:TrackPointExtension>
            <gpxtpx:hr>155</gpxtpx:hr>
          </gpxtpx:TrackPointExtension>
        </extensions>
      </trkpt>
      <trkpt lat="31.238794557071046" lon="121.62506700666358">
        <ele>4.513571094721556</ele>
        <time>1970-01-01T00:03:30.700000Z</time>
        <extensions>
          <gpxtpx:TrackPointExtension>
            <gpxtpx:hr>155</gpxtpx:hr>
          </gpxtpx:TrackPointExtension>
        </extensions>
      </trkpt>
      <trkpt lat="31.238775889450185" lon="121.62508426421043">
        <ele>4.523500733077526</ele>
        <time>1970-01-01T00:03:31.700000Z</time>
        <extensions>
          <gpxtpx:TrackPointExtension>
            <gpxtpx:hr>155</gpxtpx:hr>
          </gpxtpx:TrackPointExtension>
        </extensions>
      </trkpt>
      <trkpt lat="31.238759650549564" lon="121.6251042287602">
        <ele>4.5285863885656</ele>
        <time>1970-01-01T00:03:32.700000Z</time>
        <extensions>
          <gpxtpx:TrackPointExtension>
            <gpxtpx:hr>155</gpxtpx:hr>
          </gpxtpx:TrackPointExtension>
        </extensions>
      </trkpt>
      <trkpt lat="31.238746701279542" lon="121.62512681292486">
        <ele>4.5279284892603755</ele>
        <time>1970-01-01T00:03:33.700000Z</time>
        <extensions>
          <gpxtpx:TrackPointExtension>
            <gpxtpx:hr>155</gpxtpx:hr>
          </gpxtpx:TrackPointExtension>
        </extensions>
      </trkpt>
      <trkpt lat="31.238737586577436" lon="121.6251512237756">
        <ele>4.521419639699161</ele>
        <time>1970-01-01T00:03:34.700000Z</time>
        <extensions>
          <gpxtpx:TrackPointExtension>
            <gpxtpx:hr>155</gpxtpx:hr>
          </gpxtpx:TrackPointExtension>
        </extensions>
      </trkpt>
      <trkpt lat="31.238732105196704" lon="121.62517681610905">
        <ele>4.509466133080423</ele>
        <time>1970-01-01T00:03:35.700000Z</time>
        <extensions>
          <gpxtpx:TrackPointExtension>
            <gpxtpx:hr>155</gpxtpx:hr>
          </gpxtpx:TrackPointExtension>
        </extensions>
      </trkpt>
      <trkpt lat="31.23872972533501" lon="121.6252035217487">
        <ele>4.4927856512367725</ele>
        <time>1970-01-01T00:03:36.700000Z</time>
        <extensions>
          <gpxtpx:TrackPointExtension>
            <gpxtpx:hr>155</gpxtpx:hr>
          </gpxtpx:TrackPointExtension>
        </extensions>
      </trkpt>
      <trkpt lat="31.23872959376954" lon="121.62523122515094">
        <ele>4.472023033536971</ele>
        <time>1970-01-01T00:03:37.700000Z</time>
        <extensions>
          <gpxtpx:TrackPointExtension>
            <gpxtpx:hr>155</gpxtpx:hr>
          </gpxtpx:TrackPointExtension>
        </extensions>
      </trkpt>
      <trkpt lat="31.238730497919175" lon="121.6252598396797">
        <ele>4.447522700764239</ele>
        <time>1970-01-01T00:03:38.700000Z</time>
        <extensions>
          <gpxtpx:TrackPointExtension>
            <gpxtpx:hr>155</gpxtpx:hr>
          </gpxtpx:TrackPointExtension>
        </extensions>
      </trkpt>
      <trkpt lat="31.238731653279494" lon="121.62528887819444">
        <ele>4.4195820316672325</ele>
        <time>1970-01-01T00:03:39.700000Z</time>
        <extensions>
          <gpxtpx:TrackPointExtension>
            <gpxtpx:hr>155</gpxtpx:hr>
          </gpxtpx:TrackPointExtension>
        </extensions>
      </trkpt>
      <trkpt lat="31.23873279917144" lon="121.62531758230621">
        <ele>4.388589773327112</ele>
        <time>1970-01-01T00:03:40.700000Z</time>
        <extensions>
          <gpxtpx:TrackPointExtension>
            <gpxtpx:hr>155</gpxtpx:hr>
          </gpxtpx:TrackPointExtension>
        </extensions>
      </trkpt>
      <trkpt lat="31.23873366699105" lon="121.62534576622575">
        <ele>4.354925660416484</ele>
        <time>1970-01-01T00:03:41.700000Z</time>
      </trkpt>
      <trkpt lat="31.238734278520386" lon="121.62537352166761">
        <ele>4.318746246397495</ele>
        <time>1970-01-01T00:03:42.700000Z</time>
      </trkpt>
      <trkpt lat="31.238734802952496" lon="121.62540069511964">
        <ele>4.280154837295413</ele>
        <time>1970-01-01T00:03:43.700000Z</time>
      </trkpt>
      <trkpt lat="31.238734988180312" lon="121.62542745237593">
        <ele>4.240154190920293</ele>
        <time>1970-01-01T00:03:44.700000Z</time>
      </trkpt>
      <trkpt lat="31.23873469784531" lon="121.62545432692782">
        <ele>4.200279748998582</ele>
        <time>1970-01-01T00:03:45.700000Z</time>
      </trkpt>
      <trkpt lat="31.23873434282971" lon="121.62548147654026">
        <ele>4.161350487731397</ele>
        <time>1970-01-01T00:03:46.700000Z</time>
      </trkpt>
      <trkpt lat="31.238734263073315" lon="121.62550871325493">
        <ele>4.123639965429902</ele>
        <time>1970-01-01T00:03:47.700000Z</time>
      </trkpt>
      <trkpt lat="31.23873446279996" lon="121.62553605207759">
        <ele>4.087490094825625</ele>
        <time>1970-01-01T00:03:48.700000Z</time>
      </trkpt>
      <trkpt lat="31.238734937850694" lon="121.62556351779473">
        <ele>4.053848532959819</ele>
        <time>1970-01-01T00:03:49.700000Z</time>
      </trkpt>
      <trkpt lat="31.238735676001387" lon="121.62559096216404">
        <ele>4.023881838656962</ele>
        <time>1970-01-01T00:03:50.700000Z</time>
      </trkpt>
      <trkpt lat="31.23873654674298" lon="121.62561836496467">
        <ele>3.998165245167911</ele>
        <time>1970-01-01T00:03:51.700000Z</time>
      </trkpt>
      <trkpt lat="31.238737593546958" lon="121.62564577300202">
        <ele>3.9774096747860312</ele>
        <time>1970-01-01T00:03:52.700000Z</time>
      </trkpt>
      <trkpt lat="31.238738636423683" lon="121.62567297936786">
        <ele>3.963258975185454</ele>
        <time>1970-01-01T00:03:53.700000Z</time>
      </trkpt>
      <trkpt lat="31.2387392758261" lon="121.62569994347236">
        <ele>3.9571372577920556</ele>
        <time>1970-01-01T00:03:54.700000Z</time>
      </trkpt>
      <trkpt lat="31.23873952203543" lon="121.62572696969943">
        <ele>3.9590998962521553</ele>
        <time>1970-01-01T00:03:55.700000Z</time>
        <extensions>
          <gpxtpx:TrackPointExtension>
            <gpxtpx:hr>162</gpxtpx:hr>
          </gpxtpx:TrackPointExtension>
        </extensions>
      </trkpt>
      <trkpt lat="31.23873942869529" lon="121.62575420097643">
        <ele>3.9684479907155037</ele>
        <time>1970-01-01T00:03:56.800000Z</time>
        <extensions>
          <gpxtpx:TrackPointExtension>
            <gpxtpx:hr>162</gpxtpx:hr>
          </gpxtpx:TrackPointExtension>
        </extensions>
      </trkpt>
      <trkpt lat="31.2387386234107" lon="121.62578159655274">
        <ele>3.984269971959293</ele>
        <time>1970-01-01T00:03:57.800000Z</time>
        <extensions>
          <gpxtpx:TrackPointExtension>
            <gpxtpx:hr>162</gpxtpx:hr>
          </gpxtpx:TrackPointExtension>
        </extensions>
      </trkpt>
      <trkpt lat="31.238737083125688" lon="121.62580928117515">
        <ele>4.005382071249187</ele>
        <time>1970-01-01T00:03:58.800000Z</time>
        <extensions>
          <gpxtpx:TrackPointExtension>
            <gpxtpx:hr>162</gpxtpx:hr>
          </gpxtpx:TrackPointExtension>
        </extensions>
      </trkpt>
      <trkpt lat="31.238735734599363" lon="121.62583736239468">
        <ele>4.03004480805248</ele>
        <time>1970-01-01T00:03:59.800000Z</time>
        <extensions>
          <gpxtpx:TrackPointExtension>
            <gpxtpx:hr>162</gpxtpx:hr>
          </gpxtpx:TrackPointExtension>
        </extensions>
      </trkpt>
      <trkpt lat="31.238735012233313" lon="121.62586529984348">
        <ele>4.056015481241047</ele>
        <time>1970-01-01T00:04:00.800000Z</time>
        <extensions>
          <gpxtpx:TrackPointExtension>
            <gpxtpx:hr>162</gpxtpx:hr>
          </gpxtpx:TrackPointExtension>
        </extensions>
      </trkpt>
      <trkpt lat="31.2387344217697" lon="121.62589276516368">
        <ele>4.081153892911971</ele>
        <time>1970-01-01T00:04:01.800000Z</time>
        <extensions>
          <gpxtpx:TrackPointExtension>
            <gpxtpx:hr>162</gpxtpx:hr>
          </gpxtpx:TrackPointExtension>
        </extensions>
      </trkpt>
      <trkpt lat="31.23873373145102" lon="121.62592014329157">
        <ele>4.1036418210715055</ele>
        <time>1970-01-01T00:04:02.800000Z</time>
        <extensions>
          <gpxtpx:TrackPointExtension>
            <gpxtpx:hr>162</gpxtpx:hr>
          </gpxtpx:TrackPointExtension>
        </extensions>
      </trkpt>
      <trkpt lat="31.238732996006107" lon="121.62594770304379">
        <ele>4.122220545075834</ele>
        <time>1970-01-01T00:04:03.800000Z</time>
        <extensions>
          <gpxtpx:TrackPointExtension>
            <gpxtpx:hr>162</gpxtpx:hr>
          </gpxtpx:TrackPointExtension>
        </extensions>
      </trkpt>
      <trkpt lat="31.23873192948849" lon="121.62597551575531">
        <ele>4.136198462918401</ele>
        <time>1970-01-01T00:04:04.800000Z</time>
        <extensions>
          <gpxtpx:TrackPointExtension>
            <gpxtpx:hr>162</gpxtpx:hr>
          </gpxtpx:TrackPointExtension>
        </extensions>
      </trkpt>
      <trkpt lat="31.238730342282878" lon="121.62600358057256">
        <ele>4.145031752064824</ele>
        <time>1970-01-01T00:04:05.800000Z</time>
        <extensions>
          <gpxtpx:TrackPointExtension>
            <gpxtpx:hr>162</gpxtpx:hr>
          </gpxtpx:TrackPointExtension>
        </extensions>
      </trkpt>
      <trkpt lat="31.238728598114935" lon="121.62603180249539">
        <ele>4.148348149843514</ele>
        <time>1970-01-01T00:04:06.800000Z</time>
        <extensions>
          <gpxtpx:TrackPointExtension>
            <gpxtpx:hr>162</gpxtpx:hr>
          </gpxtpx:TrackPointExtension>
        </extensions>
      </trkpt>
      <trkpt lat="31.23872676120751" lon="121.62606011303876">
        <ele>4.145847398787737</ele>
        <time>1970-01-01T00:04:07.800000Z</time>
        <extensions>
          <gpxtpx:TrackPointExtension>
            <gpxtpx:hr>162</gpxtpx:hr>
          </gpxtpx:TrackPointExtension>
        </extensions>
      </trkpt>
      <trkpt lat="31.238724597899513" lon="121.62608876124389">
        <ele>4.137124702334404</ele>
        <time>1970-01-01T00:04:08.800000Z</time>
        <extensions>
          <gpxtpx:TrackPointExtension>
            <gpxtpx:hr>167</gpxtpx:hr>
          </gpxtpx:TrackPointExtension>
        </extensions>
      </trkpt>
      <trkpt lat="31.238722258900886" lon="121.62611803442248">
        <ele>4.122119998559356</ele>
        <time>1970-01-01T00:04:09.800000Z</time>
        <extensions>
          <gpxtpx:TrackPointExtension>
            <gpxtpx:hr>167</gpxtpx:hr>
          </gpxtpx:TrackPointExtension>
        </extensions>
      </trkpt>
      <trkpt lat="31.23871978470872" lon="121.6261475675828">
        <ele>4.101061713881791</ele>
        <time>1970-01-01T00:04:10.800000Z</time>
        <extensions>
          <gpxtpx:TrackPointExtension>
            <gpxtpx:hr>167</gpxtpx:hr>
          </gpxtpx:TrackPointExtension>
        </extensions>
      </trkpt>
      <trkpt lat="31.238717052800194" lon="121.62617692085432">
        <ele>4.074212617240846</ele>
        <time>1970-01-01T00:04:11.800000Z</time>
        <extensions>
          <gpxtpx:TrackPointExtension>
            <gpxtpx:hr>167</gpxtpx:hr>
          </gpxtpx:TrackPointExtension>
        </extensions>
      </trkpt>
      <trkpt lat="31.23871430283511" lon="121.62620603671155">
        <ele>4.042421969585121</ele>
        <time>1970-01-01T00:04:12.800000Z</time>
        <extensions>
          <gpxtpx:TrackPointExtension>
            <gpxtpx:hr>167</gpxtpx:hr>
          </gpxtpx:TrackPointExtension>
        </extensions>
      </trkpt>
      <trkpt lat="31.23871209452302" lon="121.6262349317653">
        <ele>4.007353510707617</ele>
        <time>1970-01-01T00:04:13.800000Z</time>
        <extensions>
          <gpxtpx:TrackPointExtension>
            <gpxtpx:hr>167</gpxtpx:hr>
          </gpxtpx:TrackPointExtension>
        </extensions>
      </trkpt>
      <trkpt lat="31.238710554318047" lon="121.62626373111127">
        <ele>3.971065887250006</ele>
        <time>1970-01-01T00:04:14.800000Z</time>
        <extensions>
          <gpxtpx:TrackPointExtension>
            <gpxtpx:hr>171</gpxtpx:hr>
          </gpxtpx:TrackPointExtension>
        </extensions>
      </trkpt>
      <trkpt lat="31.23870956764983" lon="121.62629261002006">
        <ele>3.935350959189236</ele>
        <time>1970-01-01T00:04:15.800000Z</time>
        <extensions>
          <gpxtpx:TrackPointExtension>
            <gpxtpx:hr>171</gpxtpx:hr>
          </gpxtpx:TrackPointExtension>
        </extensions>
      </trkpt>
      <trkpt lat="31.238709187242172" lon="121.62632149200874">
        <ele>3.9014672925695777</ele>
        <time>1970-01-01T00:04:16.800000Z</time>
        <extensions>
          <gpxtpx:TrackPointExtension>
            <gpxtpx:hr>171</gpxtpx:hr>
          </gpxtpx:TrackPointExtension>
        </extensions>
      </trkpt>
      <trkpt lat="31.238709256805823" lon="121.62635040157414">
        <ele>3.870525708422065</ele>
        <time>1970-01-01T00:04:17.800000Z</time>
        <extensions>
          <gpxtpx:TrackPointExtension>
            <gpxtpx:hr>171</gpxtpx:hr>
          </gpxtpx:TrackPointExtension>
        </extensions>
      </trkpt>
      <trkpt lat="31.23870969612869" lon="121.62637970842684">
        <ele>3.8432649429887533</ele>
        <time>1970-01-01T00:04:18.800000Z</time>
        <extensions>
          <gpxtpx:TrackPointExtension>
            <gpxtpx:hr>171</gpxtpx:hr>
          </gpxtpx:TrackPointExtension>
        </extensions>
      </trkpt>
      <trkpt lat="31.23871051209187" lon="121.62640931373643">
        <ele>3.8196557788178325</ele>
        <time>1970-01-01T00:04:19.800000Z</time>
        <extensions>
          <gpxtpx:TrackPointExtension>
            <gpxtpx:hr>171</gpxtpx:hr>
          </gpxtpx:TrackPointExtension>
        </extensions>
      </trkpt>
      <trkpt lat="31.23871148508888" lon="121.6264387984284">
        <ele>3.7992783216759562</ele>
        <time>1970-01-01T00:04:20.800000Z</time>
        <extensions>
          <gpxtpx:TrackPointExtension>
            <gpxtpx:hr>171</gpxtpx:hr>
          </gpxtpx:TrackPointExtension>
        </extensions>
      </trkpt>
      <trkpt lat="31.238712394027246" lon="121.6264680898356">
        <ele>3.7817188706249</ele>
        <time>1970-01-01T00:04:21.800000Z</time>
        <extensions>
          <gpxtpx:TrackPointExtension>
            <gpxtpx:hr>171</gpxtpx:hr>
          </gpxtpx:TrackPointExtension>
        </extensions>
      </trkpt>
      <trkpt lat="31.23871331635878" lon="121.62649726910813">
        <ele>3.7666702643036842</ele>
        <time>1970-01-01T00:04:22.800000Z</time>
        <extensions>
          <gpxtpx:TrackPointExtension>
            <gpxtpx:hr>172</gpxtpx:hr>
          </gpxtpx:TrackPointExtension>
        </extensions>
      </trkpt>
      <trkpt lat="31.23871421766654" lon="121.62652636123185">
        <ele>3.753724219277501</ele>
        <time>1970-01-01T00:04:23.800000Z</time>
        <extensions>
          <gpxtpx:TrackPointExtension>
            <gpxtpx:hr>172</gpxtpx:hr>
          </gpxtpx:TrackPointExtension>
        </extensions>
      </trkpt>
      <trkpt lat="31.238715025677354" lon="121.62655535742147">
        <ele>3.742176143452525</ele>
        <time>1970-01-01T00:04:24.800000Z</time>
        <extensions>
          <gpxtpx:TrackPointExtension>
            <gpxtpx:hr>172</gpxtpx:hr>
          </gpxtpx:TrackPointExtension>
        </extensions>
      </trkpt>
      <trkpt lat="31.238715896976853" lon="121.6265846211951">
        <ele>3.7312674075365067</ele>
        <time>1970-01-01T00:04:25.800000Z</time>
        <extensions>
          <gpxtpx:TrackPointExtension>
            <gpxtpx:hr>172</gpxtpx:hr>
          </gpxtpx:TrackPointExtension>
        </extensions>
      </trkpt>
      <trkpt lat="31.238716767869548" lon="121.6266142624569">
        <ele>3.72034624312073</ele>
        <time>1970-01-01T00:04:26.800000Z</time>
        <extensions>
          <gpxtpx:TrackPointExtension>
            <gpxtpx:hr>172</gpxtpx:hr>
          </gpxtpx:TrackPointExtension>
        </extensions>
      </trkpt>
      <trkpt lat="31.238717242193225" lon="121.62664397775906">
        <ele>3.708696194924414</ele>
        <time>1970-01-01T00:04:27.800000Z</time>
        <extensions>
          <gpxtpx:TrackPointExtension>
            <gpxtpx:hr>172</gpxtpx:hr>
          </gpxtpx:TrackPointExtension>
        </extensions>
      </trkpt>
      <trkpt lat="31.238717104412423" lon="121.62667376678891">
        <ele>3.695589709095657</ele>
        <time>1970-01-01T00:04:28.800000Z</time>
        <extensions>
          <gpxtpx:TrackPointExtension>
            <gpxtpx:hr>173</gpxtpx:hr>
          </gpxtpx:TrackPointExtension>
        </extensions>
      </trkpt>
      <trkpt lat="31.238716157082603" lon="121.62670355227156">
        <ele>3.680506316013634</ele>
        <time>1970-01-01T00:04:29.800000Z</time>
        <extensions>
          <gpxtpx:TrackPointExtension>
            <gpxtpx:hr>173</gpxtpx:hr>
          </gpxtpx:TrackPointExtension>
        </extensions>
      </trkpt>
      <trkpt lat="31.238713839506783" lon="121.62673314815378">
        <ele>3.6632497664541006</ele>
        <time>1970-01-01T00:04:30.800000Z</time>
        <extensions>
          <gpxtpx:TrackPointExtension>
            <gpxtpx:hr>173</gpxtpx:hr>
          </gpxtpx:TrackPointExtension>
        </extensions>
      </trkpt>
      <trkpt lat="31.23870978365137" lon="121.62676226196429">
        <ele>3.6443471498787403</ele>
        <time>1970-01-01T00:04:31.900000Z</time>
        <extensions>
          <gpxtpx:TrackPointExtension>
            <gpxtpx:hr>173</gpxtpx:hr>
          </gpxtpx:TrackPointExtension>
        </extensions>
      </trkpt>
      <trkpt lat="31.23870575912361" lon="121.62679129216687">
        <ele>3.624657765030861</ele>
        <time>1970-01-01T00:04:32.900000Z</time>
        <extensions>
          <gpxtpx:TrackPointExtension>
            <gpxtpx:hr>173</gpxtpx:hr>
          </gpxtpx:TrackPointExtension>
        </extensions>
      </trkpt>
      <trkpt lat="31.23870305398033" lon="121.62682059079413">
        <ele>3.6051334142684937</ele>
        <time>1970-01-01T00:04:33.900000Z</time>
        <extensions>
          <gpxtpx:TrackPointExtension>
            <gpxtpx:hr>173</gpxtpx:hr>
          </gpxtpx:TrackPointExtension>
        </extensions>
      </trkpt>
      <trkpt lat="31.238700928195637" lon="121.62685067723483">
        <ele>3.586475031450391</ele>
        <time>1970-01-01T00:04:34.900000Z</time>
        <extensions>
          <gpxtpx:TrackPointExtension>
            <gpxtpx:hr>173</gpxtpx:hr>
          </gpxtpx:TrackPointExtension>
        </extensions>
      </trkpt>
      <trkpt lat="31.23869942622549" lon="121.6268814089385">
        <ele>3.5691960835829377</ele>
        <time>1970-01-01T00:04:35.900000Z</time>
        <extensions>
          <gpxtpx:TrackPointExtension>
            <gpxtpx:hr>173</gpxtpx:hr>
          </gpxtpx:TrackPointExtension>
        </extensions>
      </trkpt>
      <trkpt lat="31.238698559507753" lon="121.62691234975331">
        <ele>3.553046640008688</ele>
        <time>1970-01-01T00:04:36.900000Z</time>
        <extensions>
          <gpxtpx:TrackPointExtension>
            <gpxtpx:hr>173</gpxtpx:hr>
          </gpxtpx:TrackPointExtension>
        </extensions>
      </trkpt>
      <trkpt lat="31.238698133231154" lon="121.62694344671841">
        <ele>3.5376046365126967</ele>
        <time>1970-01-01T00:04:37.900000Z</time>
        <extensions>
          <gpxtpx:TrackPointExtension>
            <gpxtpx:hr>173</gpxtpx:hr>
          </gpxtpx:TrackPointExtension>
        </extensions>
      </trkpt>
      <trkpt lat="31.238698283518147" lon="121.62697472385638">
        <ele>3.5226054582744837</ele>
        <time>1970-01-01T00:04:38.900000Z</time>
        <extensions>
          <gpxtpx:TrackPointExtension>
            <gpxtpx:hr>173</gpxtpx:hr>
          </gpxtpx:TrackPointExtension>
        </extensions>
      </trkpt>
      <trkpt lat="31.23869880113714" lon="121.62700577176241">
        <ele>3.508128554560244</ele>
        <time>1970-01-01T00:04:39.900000Z</time>
        <extensions>
          <gpxtpx:TrackPointExtension>
            <gpxtpx:hr>173</gpxtpx:hr>
          </gpxtpx:TrackPointExtension>
        </extensions>
      </trkpt>
      <trkpt lat="31.23869938175343" lon="121.62703631318405">
        <ele>3.4945997949689627</ele>
        <time>1970-01-01T00:04:40.900000Z</time>
        <extensions>
          <gpxtpx:TrackPointExtension>
            <gpxtpx:hr>173</gpxtpx:hr>
          </gpxtpx:TrackPointExtension>
        </extensions>
      </trkpt>
      <trkpt lat="31.23870032332419" lon="121.6270666273016">
        <ele>3.4825854040682316</ele>
        <time>1970-01-01T00:04:41.900000Z</time>
        <extensions>
          <gpxtpx:TrackPointExtension>
            <gpxtpx:hr>172</gpxtpx:hr>
          </gpxtpx:TrackPointExtension>
        </extensions>
      </trkpt>
      <trkpt lat="31.23870185713587" lon="121.62709701198968">
        <ele>3.4725624760612845</ele>
        <time>1970-01-01T00:04:42.900000Z</time>
        <extensions>
          <gpxtpx:TrackPointExtension>
            <gpxtpx:hr>172</gpxtpx:hr>
          </gpxtpx:TrackPointExtension>
        </extensions>
      </trkpt>
      <trkpt lat="31.238703682752824" lon="121.62712748981443">
        <ele>3.464810180477798</ele>
        <time>1970-01-01T00:04:43.900000Z</time>
        <extensions>
          <gpxtpx:TrackPointExtension>
            <gpxtpx:hr>172</gpxtpx:hr>
          </gpxtpx:TrackPointExtension>
        </extensions>
      </trkpt>
      <trkpt lat="31.238705654245123" lon="121.62715805279518">
        <ele>3.4593730438500643</ele>
        <time>1970-01-01T00:04:44.900000Z</time>
        <extensions>
          <gpxtpx:TrackPointExtension>
            <gpxtpx:hr>172</gpxtpx:hr>
          </gpxtpx:TrackPointExtension>
        </extensions>
      </trkpt>
      <trkpt lat="31.23870792274453" lon="121.62718857797154">
        <ele>3.4561109775677323</ele>
        <time>1970-01-01T00:04:45.900000Z</time>
        <extensions>
          <gpxtpx:TrackPointExtension>
            <gpxtpx:hr>172</gpxtpx:hr>
          </gpxtpx:TrackPointExtension>
        </extensions>
      </trkpt>
      <trkpt lat="31.238710275808312" lon="121.62721900485545">
        <ele>3.4548704465851188</ele>
        <time>1970-01-01T00:04:46.900000Z</time>
        <extensions>
          <gpxtpx:TrackPointExtension>
            <gpxtpx:hr>173</gpxtpx:hr>
          </gpxtpx:TrackPointExtension>
        </extensions>
      </trkpt>
      <trkpt lat="31.23871238740612" lon="121.62724934666386">
        <ele>3.4556620540097356</ele>
        <time>1970-01-01T00:04:47.900000Z</time>
        <extensions>
          <gpxtpx:TrackPointExtension>
            <gpxtpx:hr>173</gpxtpx:hr>
          </gpxtpx:TrackPointExtension>
        </extensions>
      </trkpt>
      <trkpt lat="31.23871426812276" lon="121.62727963811567">
        <ele>3.4587492970749736</ele>
        <time>1970-01-01T00:04:48.900000Z</time>
        <extensions>
          <gpxtpx:TrackPointExtension>
            <gpxtpx:hr>173</gpxtpx:hr>
          </gpxtpx:TrackPointExtension>
        </extensions>
      </trkpt>
      <trkpt lat="31.23871575792976" lon="121.62730986956208">
        <ele>3.464661207050085</ele>
        <time>1970-01-01T00:04:49.900000Z</time>
        <extensions>
          <gpxtpx:TrackPointExtension>
            <gpxtpx:hr>173</gpxtpx:hr>
          </gpxtpx:TrackPointExtension>
        </extensions>
      </trkpt>
      <trkpt lat="31.238716741838214" lon="121.62734003766418">
        <ele>3.4741828199476004</ele>
        <time>1970-01-01T00:04:50.900000Z</time>
        <extensions>
          <gpxtpx:TrackPointExtension>
            <gpxtpx:hr>173</gpxtpx:hr>
          </gpxtpx:TrackPointExtension>
        </extensions>
      </trkpt>
      <trkpt lat="31.23871738173222" lon="121.62737052826365">
        <ele>3.4883249923586845</ele>
        <time>1970-01-01T00:04:51.900000Z</time>
        <extensions>
          <gpxtpx:TrackPointExtension>
            <gpxtpx:hr>173</gpxtpx:hr>
          </gpxtpx:TrackPointExtension>
        </extensions>
      </trkpt>
      <trkpt lat="31.238717624671665" lon="121.62740130188249">
        <ele>3.508251733146608</ele>
        <time>1970-01-01T00:04:52.900000Z</time>
        <extensions>
          <gpxtpx:TrackPointExtension>
            <gpxtpx:hr>174</gpxtpx:hr>
          </gpxtpx:TrackPointExtension>
        </extensions>
      </trkpt>
      <trkpt lat="31.238717459202775" lon="121.6274321336082">
        <ele>3.535111295990646</ele>
        <time>1970-01-01T00:04:53.900000Z</time>
        <extensions>
          <gpxtpx:TrackPointExtension>
            <gpxtpx:hr>174</gpxtpx:hr>
          </gpxtpx:TrackPointExtension>
        </extensions>
      </trkpt>
      <trkpt lat="31.23871722825692" lon="121.62746312124898">
        <ele>3.569743709638715</ele>
        <time>1970-01-01T00:04:54.900000Z</time>
        <extensions>
          <gpxtpx:TrackPointExtension>
            <gpxtpx:hr>174</gpxtpx:hr>
          </gpxtpx:TrackPointExtension>
        </extensions>
      </trkpt>
      <trkpt lat="31.238717273979997" lon="121.62749413374564">
        <ele>3.6122274482622743</ele>
        <time>1970-01-01T00:04:55.900000Z</time>
        <extensions>
          <gpxtpx:TrackPointExtension>
            <gpxtpx:hr>174</gpxtpx:hr>
          </gpxtpx:TrackPointExtension>
        </extensions>
      </trkpt>
      <trkpt lat="31.23871752929959" lon="121.62752719916855">
        <ele>3.6650261161848903</ele>
        <time>1970-01-01T00:04:56.900000Z</time>
        <extensions>
          <gpxtpx:TrackPointExtension>
            <gpxtpx:hr>174</gpxtpx:hr>
          </gpxtpx:TrackPointExtension>
        </extensions>
      </trkpt>
      <trkpt lat="31.238717984817878" lon="121.6275579191297">
        <ele>3.718672465533018</ele>
        <time>1970-01-01T00:04:57.900000Z</time>
        <extensions>
          <gpxtpx:TrackPointExtension>
            <gpxtpx:hr>174</gpxtpx:hr>
          </gpxtpx:TrackPointExtension>
        </extensions>
      </trkpt>
      <trkpt lat="31.23871873378192" lon="121.6275861412102">
        <ele>3.7701561115682125</ele>
        <time>1970-01-01T00:04:58.900000Z</time>
        <extensions>
          <gpxtpx:TrackPointExtension>
            <gpxtpx:hr>174</gpxtpx:hr>
          </gpxtpx:TrackPointExtension>
        </extensions>
      </trkpt>
      <trkpt lat="31.23871985909813" lon="121.62761899609652">
        <ele>3.8305966099724174</ele>
        <time>1970-01-01T00:04:59.900000Z</time>
        <extensions>
          <gpxtpx:TrackPointExtension>
            <gpxtpx:hr>174</gpxtpx:hr>
          </gpxtpx:TrackPointExtension>
        </extensions>
      </trkpt>
      <trkpt lat="31.2387210281503" lon="121.62764953992999">
        <ele>3.8829798167571425</ele>
        <time>1970-01-01T00:05:00.900000Z</time>
        <extensions>
          <gpxtpx:TrackPointExtension>
            <gpxtpx:hr>174</gpxtpx:hr>
          </gpxtpx:TrackPointExtension>
        </extensions>
      </trkpt>
      <trkpt lat="31.2387221831418" lon="121.62768000625927">
        <ele>3.9274481050670147</ele>
        <time>1970-01-01T00:05:01.900000Z</time>
        <extensions>
          <gpxtpx:TrackPointExtension>
            <gpxtpx:hr>174</gpxtpx:hr>
          </gpxtpx:TrackPointExtension>
        </extensions>
      </trkpt>
      <trkpt lat="31.238722872074202" lon="121.62770996873438">
        <ele>3.961406495422125</ele>
        <time>1970-01-01T00:05:02.900000Z</time>
        <extensions>
          <gpxtpx:TrackPointExtension>
            <gpxtpx:hr>174</gpxtpx:hr>
          </gpxtpx:TrackPointExtension>
        </extensions>
      </trkpt>
      <trkpt lat="31.238722974024615" lon="121.62773939446332">
        <ele>3.983611848205328</ele>
        <time>1970-01-01T00:05:03.900000Z</time>
        <extensions>
          <gpxtpx:TrackPointExtension>
            <gpxtpx:hr>174</gpxtpx:hr>
          </gpxtpx:TrackPointExtension>
        </extensions>
      </trkpt>
      <trkpt lat="31.238722726375578" lon="121.62776870922217">
        <ele>3.9944629818201065</ele>
        <time>1970-01-01T00:05:04.900000Z</time>
        <extensions>
          <gpxtpx:TrackPointExtension>
            <gpxtpx:hr>174</gpxtpx:hr>
          </gpxtpx:TrackPointExtension>
        </extensions>
      </trkpt>
      <trkpt lat="31.238721975761063" lon="121.6277982833888">
        <ele>3.9955668579787016</ele>
        <time>1970-01-01T00:05:05.900000Z</time>
        <extensions>
          <gpxtpx:TrackPointExtension>
            <gpxtpx:hr>174</gpxtpx:hr>
          </gpxtpx:TrackPointExtension>
        </extensions>
      </trkpt>
      <trkpt lat="31.23872037115755" lon="121.62782794474056">
        <ele>3.989011498168111</ele>
        <time>1970-01-01T00:05:07Z</time>
        <extensions>
          <gpxtpx:TrackPointExtension>
            <gpxtpx:hr>174</gpxtpx:hr>
          </gpxtpx:TrackPointExtension>
        </extensions>
      </trkpt>
      <trkpt lat="31.238717725551208" lon="121.62785742984924">
        <ele>3.9773913230746984</ele>
        <time>1970-01-01T00:05:08Z</time>
        <extensions>
          <gpxtpx:TrackPointExtension>
            <gpxtpx:hr>174</gpxtpx:hr>
          </gpxtpx:TrackPointExtension>
        </extensions>
      </trkpt>
      <trkpt lat="31.238713594887564" lon="121.6278861861943">
        <ele>3.9639930091798306</ele>
        <time>1970-01-01T00:05:09Z</time>
        <extensions>
          <gpxtpx:TrackPointExtension>
            <gpxtpx:hr>174</gpxtpx:hr>
          </gpxtpx:TrackPointExtension>
        </extensions>
      </trkpt>
      <trkpt lat="31.238707048085328" lon="121.62791354267202">
        <ele>3.953172386623919</ele>
        <time>1970-01-01T00:05:10Z</time>
        <extensions>
          <gpxtpx:TrackPointExtension>
            <gpxtpx:hr>174</gpxtpx:hr>
          </gpxtpx:TrackPointExtension>
        </extensions>
      </trkpt>
      <trkpt lat="31.238698695125542" lon="121.62793662166159">
        <ele>3.949595831334591</ele>
        <time>1970-01-01T00:05:10.900000Z</time>
        <extensions>
          <gpxtpx:TrackPointExtension>
            <gpxtpx:hr>174</gpxtpx:hr>
          </gpxtpx:TrackPointExtension>
        </extensions>
      </trkpt>
      <trkpt lat="31.238686791416736" lon="121.62796124317649">
        <ele>3.9569322038441896</ele>
        <time>1970-01-01T00:05:11.900000Z</time>
        <extensions>
          <gpxtpx:TrackPointExtension>
            <gpxtpx:hr>174</gpxtpx:hr>
          </gpxtpx:TrackPointExtension>
        </extensions>
      </trkpt>
      <trkpt lat="31.23867323182759" lon="121.62798482996399">
        <ele>3.978273630142212</ele>
        <time>1970-01-01T00:05:12.900000Z</time>
        <extensions>
          <gpxtpx:TrackPointExtension>
            <gpxtpx:hr>174</gpxtpx:hr>
          </gpxtpx:TrackPointExtension>
        </extensions>
      </trkpt>
      <trkpt lat="31.23865705858866" lon="121.62801078347105">
        <ele>4.0156347416341305</ele>
        <time>1970-01-01T00:05:14Z</time>
        <extensions>
          <gpxtpx:TrackPointExtension>
            <gpxtpx:hr>174</gpxtpx:hr>
          </gpxtpx:TrackPointExtension>
        </extensions>
      </trkpt>
      <trkpt lat="31.238643078822083" lon="121.62803456032776">
        <ele>4.054802670143545</ele>
        <time>1970-01-01T00:05:15Z</time>
        <extensions>
          <gpxtpx:TrackPointExtension>
            <gpxtpx:hr>174</gpxtpx:hr>
          </gpxtpx:TrackPointExtension>
        </extensions>
      </trkpt>
      <trkpt lat="31.23863143507459" lon="121.6280595679723">
        <ele>4.0928831696510315</ele>
        <time>1970-01-01T00:05:16Z</time>
        <extensions>
          <gpxtpx:TrackPointExtension>
            <gpxtpx:hr>173</gpxtpx:hr>
          </gpxtpx:TrackPointExtension>
        </extensions>
      </trkpt>
      <trkpt lat="31.238622895237864" lon="121.6280858122955">
        <ele>4.125754335895181</ele>
        <time>1970-01-01T00:05:17Z</time>
        <extensions>
          <gpxtpx:TrackPointExtension>
            <gpxtpx:hr>173</gpxtpx:hr>
          </gpxtpx:TrackPointExtension>
        </extensions>
      </trkpt>
      <trkpt lat="31.2386173290886" lon="121.62811310936631">
        <ele>4.150307481177151</ele>
        <time>1970-01-01T00:05:18Z</time>
        <extensions>
          <gpxtpx:TrackPointExtension>
            <gpxtpx:hr>173</gpxtpx:hr>
          </gpxtpx:TrackPointExtension>
        </extensions>
      </trkpt>
      <trkpt lat="31.23861384704008" lon="121.62814115036582">
        <ele>4.164473999291658</ele>
        <time>1970-01-01T00:05:19Z</time>
        <extensions>
          <gpxtpx:TrackPointExtension>
            <gpxtpx:hr>173</gpxtpx:hr>
          </gpxtpx:TrackPointExtension>
        </extensions>
      </trkpt>
      <trkpt lat="31.238611785390948" lon="121.62817000429588">
        <ele>4.167355188168585</ele>
        <time>1970-01-01T00:05:20Z</time>
        <extensions>
          <gpxtpx:TrackPointExtension>
            <gpxtpx:hr>173</gpxtpx:hr>
          </gpxtpx:TrackPointExtension>
        </extensions>
      </trkpt>
      <trkpt lat="31.238610966842348" lon="121.62819938846403">
        <ele>4.159530331380665</ele>
        <time>1970-01-01T00:05:21Z</time>
        <extensions>
          <gpxtpx:TrackPointExtension>
            <gpxtpx:hr>173</gpxtpx:hr>
          </gpxtpx:TrackPointExtension>
        </extensions>
      </trkpt>
      <trkpt lat="31.23861084060394" lon="121.62822872289384">
        <ele>4.143097169697285</ele>
        <time>1970-01-01T00:05:22Z</time>
        <extensions>
          <gpxtpx:TrackPointExtension>
            <gpxtpx:hr>173</gpxtpx:hr>
          </gpxtpx:TrackPointExtension>
        </extensions>
      </trkpt>
      <trkpt lat="31.238610870684617" lon="121.62825373403568">
        <ele>4.124936829321086</ele>
        <time>1970-01-01T00:05:22.900000Z</time>
        <extensions>
          <gpxtpx:TrackPointExtension>
            <gpxtpx:hr>173</gpxtpx:hr>
          </gpxtpx:TrackPointExtension>
        </extensions>
      </trkpt>
      <trkpt lat="31.238610762001365" lon="121.628287685386">
        <ele>4.098956825211644</ele>
        <time>1970-01-01T00:05:24Z</time>
        <extensions>
          <gpxtpx:TrackPointExtension>
            <gpxtpx:hr>173</gpxtpx:hr>
          </gpxtpx:TrackPointExtension>
        </extensions>
      </trkpt>
      <trkpt lat="31.238609905502056" lon="121.62831764133216">
        <ele>4.077415930107236</ele>
        <time>1970-01-01T00:05:25Z</time>
        <extensions>
          <gpxtpx:TrackPointExtension>
            <gpxtpx:hr>173</gpxtpx:hr>
          </gpxtpx:TrackPointExtension>
        </extensions>
      </trkpt>
      <trkpt lat="31.238608182545857" lon="121.62834286177115">
        <ele>4.0625841319561005</ele>
        <time>1970-01-01T00:05:25.900000Z</time>
        <extensions>
          <gpxtpx:TrackPointExtension>
            <gpxtpx:hr>173</gpxtpx:hr>
          </gpxtpx:TrackPointExtension>
        </extensions>
      </trkpt>
      <trkpt lat="31.238604779910744" lon="121.62837215748382">
        <ele>4.053912092000246</ele>
        <time>1970-01-01T00:05:26.900000Z</time>
        <extensions>
          <gpxtpx:TrackPointExtension>
            <gpxtpx:hr>174</gpxtpx:hr>
          </gpxtpx:TrackPointExtension>
        </extensions>
      </trkpt>
      <trkpt lat="31.238599431438583" lon="121.62840070037811">
        <ele>4.059095905162394</ele>
        <time>1970-01-01T00:05:27.900000Z</time>
        <extensions>
          <gpxtpx:TrackPointExtension>
            <gpxtpx:hr>174</gpxtpx:hr>
          </gpxtpx:TrackPointExtension>
        </extensions>
      </trkpt>
      <trkpt lat="31.238591553943767" lon="121.62842791169592">
        <ele>4.08035987149924</ele>
        <time>1970-01-01T00:05:28.900000Z</time>
        <extensions>
          <gpxtpx:TrackPointExtension>
            <gpxtpx:hr>174</gpxtpx:hr>
          </gpxtpx:TrackPointExtension>
        </extensions>
      </trkpt>
      <trkpt lat="31.23858079293299" lon="121.62845337375468">
        <ele>4.118226590566337</ele>
        <time>1970-01-01T00:05:29.900000Z</time>
        <extensions>
          <gpxtpx:TrackPointExtension>
            <gpxtpx:hr>174</gpxtpx:hr>
          </gpxtpx:TrackPointExtension>
        </extensions>
      </trkpt>
      <trkpt lat="31.238567046878806" lon="121.62847683904161">
        <ele>4.171643231995404</ele>
        <time>1970-01-01T00:05:30.900000Z</time>
        <extensions>
          <gpxtpx:TrackPointExtension>
            <gpxtpx:hr>174</gpxtpx:hr>
          </gpxtpx:TrackPointExtension>
        </extensions>
      </trkpt>
      <trkpt lat="31.23855031943265" lon="121.62849759625573">
        <ele>4.237729632295668</ele>
        <time>1970-01-01T00:05:31.900000Z</time>
        <extensions>
          <gpxtpx:TrackPointExtension>
            <gpxtpx:hr>174</gpxtpx:hr>
          </gpxtpx:TrackPointExtension>
        </extensions>
      </trkpt>
      <trkpt lat="31.23852712295546" lon="121.62851779232342">
        <ele>4.323856440372765</ele>
        <time>1970-01-01T00:05:33Z</time>
        <extensions>
          <gpxtpx:TrackPointExtension>
            <gpxtpx:hr>175</gpxtpx:hr>
          </gpxtpx:TrackPointExtension>
        </extensions>
      </trkpt>
      <trkpt lat="31.238504886483074" lon="121.62853100767413">
        <ele>4.396498518995941</ele>
        <time>1970-01-01T00:05:34Z</time>
        <extensions>
          <gpxtpx:TrackPointExtension>
            <gpxtpx:hr>175</gpxtpx:hr>
          </gpxtpx:TrackPointExtension>
        </extensions>
      </trkpt>
      <trkpt lat="31.23848115562922" lon="121.62854001277682">
        <ele>4.461501342244446</ele>
        <time>1970-01-01T00:05:35Z</time>
        <extensions>
          <gpxtpx:TrackPointExtension>
            <gpxtpx:hr>175</gpxtpx:hr>
          </gpxtpx:TrackPointExtension>
        </extensions>
      </trkpt>
      <trkpt lat="31.238456405621637" lon="121.62854532502581">
        <ele>4.51560309715569</ele>
        <time>1970-01-01T00:05:36Z</time>
        <extensions>
          <gpxtpx:TrackPointExtension>
            <gpxtpx:hr>175</gpxtpx:hr>
          </gpxtpx:TrackPointExtension>
        </extensions>
      </trkpt>
      <trkpt lat="31.23843104498444" lon="121.62854777405404">
        <ele>4.557547406293452</ele>
        <time>1970-01-01T00:05:37Z</time>
        <extensions>
          <gpxtpx:TrackPointExtension>
            <gpxtpx:hr>175</gpxtpx:hr>
          </gpxtpx:TrackPointExtension>
        </extensions>
      </trkpt>
      <trkpt lat="31.23840567629609" lon="121.62854793005276">
        <ele>4.58744927123189</ele>
        <time>1970-01-01T00:05:38Z</time>
        <extensions>
          <gpxtpx:TrackPointExtension>
            <gpxtpx:hr>174</gpxtpx:hr>
          </gpxtpx:TrackPointExtension>
        </extensions>
      </trkpt>
      <trkpt lat="31.23838059793369" lon="121.62854663466204">
        <ele>4.60645270999521</ele>
        <time>1970-01-01T00:05:39Z</time>
        <extensions>
          <gpxtpx:TrackPointExtension>
            <gpxtpx:hr>174</gpxtpx:hr>
          </gpxtpx:TrackPointExtension>
        </extensions>
      </trkpt>
      <trkpt lat="31.238355809098593" lon="121.62854459318271">
        <ele>4.616991905495524</ele>
        <time>1970-01-01T00:05:40Z</time>
        <extensions>
          <gpxtpx:TrackPointExtension>
            <gpxtpx:hr>174</gpxtpx:hr>
          </gpxtpx:TrackPointExtension>
        </extensions>
      </trkpt>
      <trkpt lat="31.238331304838884" lon="121.62854232735398">
        <ele>4.622926557436585</ele>
        <time>1970-01-01T00:05:41Z</time>
        <extensions>
          <gpxtpx:TrackPointExtension>
            <gpxtpx:hr>174</gpxtpx:hr>
          </gpxtpx:TrackPointExtension>
        </extensions>
      </trkpt>
      <trkpt lat="31.238311669886603" lon="121.62854074878605">
        <ele>4.6275750286877155</ele>
        <time>1970-01-01T00:05:41.900000Z</time>
        <extensions>
          <gpxtpx:TrackPointExtension>
            <gpxtpx:hr>174</gpxtpx:hr>
          </gpxtpx:TrackPointExtension>
        </extensions>
      </trkpt>
      <trkpt lat="31.238286778793704" lon="121.62853951368658">
        <ele>4.638169336132705</ele>
        <time>1970-01-01T00:05:42.900000Z</time>
        <extensions>
          <gpxtpx:TrackPointExtension>
            <gpxtpx:hr>174</gpxtpx:hr>
          </gpxtpx:TrackPointExtension>
        </extensions>
      </trkpt>
      <trkpt lat="31.238261783199853" lon="121.62853926303791">
        <ele>4.657234804704785</ele>
        <time>1970-01-01T00:05:43.900000Z</time>
        <extensions>
          <gpxtpx:TrackPointExtension>
            <gpxtpx:hr>174</gpxtpx:hr>
          </gpxtpx:TrackPointExtension>
        </extensions>
      </trkpt>
      <trkpt lat="31.23823718257223" lon="121.62853986537236">
        <ele>4.68574867490679</ele>
        <time>1970-01-01T00:05:44.900000Z</time>
        <extensions>
          <gpxtpx:TrackPointExtension>
            <gpxtpx:hr>174</gpxtpx:hr>
          </gpxtpx:TrackPointExtension>
        </extensions>
      </trkpt>
      <trkpt lat="31.23821303293642" lon="121.62854096783518">
        <ele>4.7233930649235845</ele>
        <time>1970-01-01T00:05:45.900000Z</time>
        <extensions>
          <gpxtpx:TrackPointExtension>
            <gpxtpx:hr>174</gpxtpx:hr>
          </gpxtpx:TrackPointExtension>
        </extensions>
      </trkpt>
      <trkpt lat="31.238189294175886" lon="121.62854213160651">
        <ele>4.769402490928769</ele>
        <time>1970-01-01T00:05:46.900000Z</time>
        <extensions>
          <gpxtpx:TrackPointExtension>
            <gpxtpx:hr>174</gpxtpx:hr>
          </gpxtpx:TrackPointExtension>
        </extensions>
      </trkpt>
      <trkpt lat="31.23816582546326" lon="121.62854347655443">
        <ele>4.8230949537828565</ele>
        <time>1970-01-01T00:05:47.900000Z</time>
        <extensions>
          <gpxtpx:TrackPointExtension>
            <gpxtpx:hr>174</gpxtpx:hr>
          </gpxtpx:TrackPointExtension>
        </extensions>
      </trkpt>
      <trkpt lat="31.238142397921834" lon="121.62854544182436">
        <ele>4.884151696227491</ele>
        <time>1970-01-01T00:05:48.900000Z</time>
        <extensions>
          <gpxtpx:TrackPointExtension>
            <gpxtpx:hr>174</gpxtpx:hr>
          </gpxtpx:TrackPointExtension>
        </extensions>
      </trkpt>
      <trkpt lat="31.238118852467267" lon="121.6285477747632">
        <ele>4.952665069140494</ele>
        <time>1970-01-01T00:05:49.900000Z</time>
        <extensions>
          <gpxtpx:TrackPointExtension>
            <gpxtpx:hr>174</gpxtpx:hr>
          </gpxtpx:TrackPointExtension>
        </extensions>
      </trkpt>
      <trkpt lat="31.238095170202122" lon="121.628549868442">
        <ele>5.02893556561321</ele>
        <time>1970-01-01T00:05:50.900000Z</time>
        <extensions>
          <gpxtpx:TrackPointExtension>
            <gpxtpx:hr>174</gpxtpx:hr>
          </gpxtpx:TrackPointExtension>
        </extensions>
      </trkpt>
      <trkpt lat="31.238071468876274" lon="121.62855169229917">
        <ele>5.113129970617592</ele>
        <time>1970-01-01T00:05:51.900000Z</time>
        <extensions>
          <gpxtpx:TrackPointExtension>
            <gpxtpx:hr>174</gpxtpx:hr>
          </gpxtpx:TrackPointExtension>
        </extensions>
      </trkpt>
      <trkpt lat="31.238047855090464" lon="121.62855297054833">
        <ele>5.204977541230619</ele>
        <time>1970-01-01T00:05:52.900000Z</time>
        <extensions>
          <gpxtpx:TrackPointExtension>
            <gpxtpx:hr>174</gpxtpx:hr>
          </gpxtpx:TrackPointExtension>
        </extensions>
      </trkpt>
      <trkpt lat="31.23802445500662" lon="121.62855274424012">
        <ele>5.303463316522539</ele>
        <time>1970-01-01T00:05:53.900000Z</time>
        <extensions>
          <gpxtpx:TrackPointExtension>
            <gpxtpx:hr>174</gpxtpx:hr>
          </gpxtpx:TrackPointExtension>
        </extensions>
      </trkpt>
      <trkpt lat="31.23800153278706" lon="121.62855103067382">
        <ele>5.406667039729655</ele>
        <time>1970-01-01T00:05:54.900000Z</time>
        <extensions>
          <gpxtpx:TrackPointExtension>
            <gpxtpx:hr>174</gpxtpx:hr>
          </gpxtpx:TrackPointExtension>
        </extensions>
      </trkpt>
      <trkpt lat="31.237979094918895" lon="121.62854882311944">
        <ele>5.511985655874014</ele>
        <time>1970-01-01T00:05:55.900000Z</time>
        <extensions>
          <gpxtpx:TrackPointExtension>
            <gpxtpx:hr>175</gpxtpx:hr>
          </gpxtpx:TrackPointExtension>
        </extensions>
      </trkpt>
      <trkpt lat="31.237956990697977" lon="121.62854694746177">
        <ele>5.616517957299948</ele>
        <time>1970-01-01T00:05:56.900000Z</time>
        <extensions>
          <gpxtpx:TrackPointExtension>
            <gpxtpx:hr>175</gpxtpx:hr>
          </gpxtpx:TrackPointExtension>
        </extensions>
      </trkpt>
      <trkpt lat="31.237935044329486" lon="121.62854605429357">
        <ele>5.717315221205354</ele>
        <time>1970-01-01T00:05:57.900000Z</time>
        <extensions>
          <gpxtpx:TrackPointExtension>
            <gpxtpx:hr>175</gpxtpx:hr>
          </gpxtpx:TrackPointExtension>
        </extensions>
      </trkpt>
      <trkpt lat="31.23791289806625" lon="121.62854629531928">
        <ele>5.811530943959951</ele>
        <time>1970-01-01T00:05:58.900000Z</time>
        <extensions>
          <gpxtpx:TrackPointExtension>
            <gpxtpx:hr>175</gpxtpx:hr>
          </gpxtpx:TrackPointExtension>
        </extensions>
      </trkpt>
      <trkpt lat="31.2378904598889" lon="121.6285466558661">
        <ele>5.8965236730873585</ele>
        <time>1970-01-01T00:05:59.900000Z</time>
        <extensions>
          <gpxtpx:TrackPointExtension>
            <gpxtpx:hr>175</gpxtpx:hr>
          </gpxtpx:TrackPointExtension>
        </extensions>
      </trkpt>
      <trkpt lat="31.23786784305129" lon="121.6285463626362">
        <ele>5.969897450879216</ele>
        <time>1970-01-01T00:06:00.900000Z</time>
        <extensions>
          <gpxtpx:TrackPointExtension>
            <gpxtpx:hr>176</gpxtpx:hr>
          </gpxtpx:TrackPointExtension>
        </extensions>
      </trkpt>
      <trkpt lat="31.23784497952752" lon="121.62854538074197">
        <ele>6.029647493734956</ele>
        <time>1970-01-01T00:06:01.900000Z</time>
        <extensions>
          <gpxtpx:TrackPointExtension>
            <gpxtpx:hr>176</gpxtpx:hr>
          </gpxtpx:TrackPointExtension>
        </extensions>
      </trkpt>
      <trkpt lat="31.237821911604414" lon="121.6285433819649">
        <ele>6.074666410684586</ele>
        <time>1970-01-01T00:06:02.900000Z</time>
        <extensions>
          <gpxtpx:TrackPointExtension>
            <gpxtpx:hr>176</gpxtpx:hr>
          </gpxtpx:TrackPointExtension>
        </extensions>
      </trkpt>
      <trkpt lat="31.23779296162508" lon="121.62853958178911">
        <ele>6.109358770772815</ele>
        <time>1970-01-01T00:06:04.100000Z</time>
        <extensions>
          <gpxtpx:TrackPointExtension>
            <gpxtpx:hr>176</gpxtpx:hr>
          </gpxtpx:TrackPointExtension>
        </extensions>
      </trkpt>
      <trkpt lat="31.237769937850395" lon="121.6285369066195">
        <ele>6.122055269777775</ele>
        <time>1970-01-01T00:06:05.100000Z</time>
        <extensions>
          <gpxtpx:TrackPointExtension>
            <gpxtpx:hr>176</gpxtpx:hr>
          </gpxtpx:TrackPointExtension>
        </extensions>
      </trkpt>
      <trkpt lat="31.23774635747798" lon="121.62853568575102">
        <ele>6.126499395817518</ele>
        <time>1970-01-01T00:06:06.100000Z</time>
        <extensions>
          <gpxtpx:TrackPointExtension>
            <gpxtpx:hr>177</gpxtpx:hr>
          </gpxtpx:TrackPointExtension>
        </extensions>
      </trkpt>
      <trkpt lat="31.237722413759066" lon="121.628535379904">
        <ele>6.12460477463901</ele>
        <time>1970-01-01T00:06:07.100000Z</time>
        <extensions>
          <gpxtpx:TrackPointExtension>
            <gpxtpx:hr>177</gpxtpx:hr>
          </gpxtpx:TrackPointExtension>
        </extensions>
      </trkpt>
      <trkpt lat="31.237698369340855" lon="121.62853535715902">
        <ele>6.117562968283892</ele>
        <time>1970-01-01T00:06:08.100000Z</time>
        <extensions>
          <gpxtpx:TrackPointExtension>
            <gpxtpx:hr>177</gpxtpx:hr>
          </gpxtpx:TrackPointExtension>
        </extensions>
      </trkpt>
      <trkpt lat="31.23767440559152" lon="121.62853528842321">
        <ele>6.106448478996754</ele>
        <time>1970-01-01T00:06:09.100000Z</time>
        <extensions>
          <gpxtpx:TrackPointExtension>
            <gpxtpx:hr>177</gpxtpx:hr>
          </gpxtpx:TrackPointExtension>
        </extensions>
      </trkpt>
      <trkpt lat="31.2376507438524" lon="121.62853487896881">
        <ele>6.092727886512876</ele>
        <time>1970-01-01T00:06:10.100000Z</time>
        <extensions>
          <gpxtpx:TrackPointExtension>
            <gpxtpx:hr>177</gpxtpx:hr>
          </gpxtpx:TrackPointExtension>
        </extensions>
      </trkpt>
      <trkpt lat="31.237627350214364" lon="121.62853426269076">
        <ele>6.077930428087711</ele>
        <time>1970-01-01T00:06:11.100000Z</time>
        <extensions>
          <gpxtpx:TrackPointExtension>
            <gpxtpx:hr>176</gpxtpx:hr>
          </gpxtpx:TrackPointExtension>
        </extensions>
      </trkpt>
      <trkpt lat="31.23760396053451" lon="121.6285334314407">
        <ele>6.063185564242303</ele>
        <time>1970-01-01T00:06:12.100000Z</time>
        <extensions>
          <gpxtpx:TrackPointExtension>
            <gpxtpx:hr>176</gpxtpx:hr>
          </gpxtpx:TrackPointExtension>
        </extensions>
      </trkpt>
      <trkpt lat="31.237580441426555" lon="121.62853207006825">
        <ele>6.049060610122979</ele>
        <time>1970-01-01T00:06:13.100000Z</time>
        <extensions>
          <gpxtpx:TrackPointExtension>
            <gpxtpx:hr>176</gpxtpx:hr>
          </gpxtpx:TrackPointExtension>
        </extensions>
      </trkpt>
      <trkpt lat="31.23755680243118" lon="121.62853013403665">
        <ele>6.035706968978047</ele>
        <time>1970-01-01T00:06:14.100000Z</time>
        <extensions>
          <gpxtpx:TrackPointExtension>
            <gpxtpx:hr>176</gpxtpx:hr>
          </gpxtpx:TrackPointExtension>
        </extensions>
      </trkpt>
      <trkpt lat="31.237532949988253" lon="121.62852788123347">
        <ele>6.023269104771316</ele>
        <time>1970-01-01T00:06:15.100000Z</time>
        <extensions>
          <gpxtpx:TrackPointExtension>
            <gpxtpx:hr>176</gpxtpx:hr>
          </gpxtpx:TrackPointExtension>
        </extensions>
      </trkpt>
      <trkpt lat="31.237509008891553" lon="121.6285254166309">
        <ele>6.011756197549403</ele>
        <time>1970-01-01T00:06:16.100000Z</time>
        <extensions>
          <gpxtpx:TrackPointExtension>
            <gpxtpx:hr>176</gpxtpx:hr>
          </gpxtpx:TrackPointExtension>
        </extensions>
      </trkpt>
      <trkpt lat="31.237485188799962" lon="121.62852294994676">
        <ele>6.000825780443847</ele>
        <time>1970-01-01T00:06:17.200000Z</time>
        <extensions>
          <gpxtpx:TrackPointExtension>
            <gpxtpx:hr>176</gpxtpx:hr>
          </gpxtpx:TrackPointExtension>
        </extensions>
      </trkpt>
      <trkpt lat="31.23746138391377" lon="121.62852090203295">
        <ele>5.98986058216542</ele>
        <time>1970-01-01T00:06:18.200000Z</time>
        <extensions>
          <gpxtpx:TrackPointExtension>
            <gpxtpx:hr>176</gpxtpx:hr>
          </gpxtpx:TrackPointExtension>
        </extensions>
      </trkpt>
      <trkpt lat="31.237437497814124" lon="121.62851919520637">
        <ele>5.978149854578078</ele>
        <time>1970-01-01T00:06:19.200000Z</time>
        <extensions>
          <gpxtpx:TrackPointExtension>
            <gpxtpx:hr>176</gpxtpx:hr>
          </gpxtpx:TrackPointExtension>
        </extensions>
      </trkpt>
      <trkpt lat="31.237413697605742" lon="121.62851754604964">
        <ele>5.965253354981542</ele>
        <time>1970-01-01T00:06:20.200000Z</time>
        <extensions>
          <gpxtpx:TrackPointExtension>
            <gpxtpx:hr>176</gpxtpx:hr>
          </gpxtpx:TrackPointExtension>
        </extensions>
      </trkpt>
      <trkpt lat="31.237389834404038" lon="121.628515992027">
        <ele>5.950816255994141</ele>
        <time>1970-01-01T00:06:21.200000Z</time>
        <extensions>
          <gpxtpx:TrackPointExtension>
            <gpxtpx:hr>176</gpxtpx:hr>
          </gpxtpx:TrackPointExtension>
        </extensions>
      </trkpt>
      <trkpt lat="31.237365707769268" lon="121.62851458139241">
        <ele>5.934239886701107</ele>
        <time>1970-01-01T00:06:22.200000Z</time>
        <extensions>
          <gpxtpx:TrackPointExtension>
            <gpxtpx:hr>177</gpxtpx:hr>
          </gpxtpx:TrackPointExtension>
        </extensions>
      </trkpt>
      <trkpt lat="31.23734162622262" lon="121.62851312832218">
        <ele>5.9148600324988365</ele>
        <time>1970-01-01T00:06:23.200000Z</time>
        <extensions>
          <gpxtpx:TrackPointExtension>
            <gpxtpx:hr>177</gpxtpx:hr>
          </gpxtpx:TrackPointExtension>
        </extensions>
      </trkpt>
      <trkpt lat="31.237317816605753" lon="121.6285117865079">
        <ele>5.89210547413677</ele>
        <time>1970-01-01T00:06:24.200000Z</time>
        <extensions>
          <gpxtpx:TrackPointExtension>
            <gpxtpx:hr>177</gpxtpx:hr>
          </gpxtpx:TrackPointExtension>
        </extensions>
      </trkpt>
      <trkpt lat="31.23729399519644" lon="121.62851082520953">
        <ele>5.8658491019159555</ele>
        <time>1970-01-01T00:06:25.200000Z</time>
        <extensions>
          <gpxtpx:TrackPointExtension>
            <gpxtpx:hr>177</gpxtpx:hr>
          </gpxtpx:TrackPointExtension>
        </extensions>
      </trkpt>
      <trkpt lat="31.237270062943857" lon="121.62851020606836">
        <ele>5.8364678313955665</ele>
        <time>1970-01-01T00:06:26.200000Z</time>
        <extensions>
          <gpxtpx:TrackPointExtension>
            <gpxtpx:hr>177</gpxtpx:hr>
          </gpxtpx:TrackPointExtension>
        </extensions>
      </trkpt>
      <trkpt lat="31.237246088480713" lon="121.6285102258216">
        <ele>5.804208640009165</ele>
        <time>1970-01-01T00:06:27.200000Z</time>
        <extensions>
          <gpxtpx:TrackPointExtension>
            <gpxtpx:hr>177</gpxtpx:hr>
          </gpxtpx:TrackPointExtension>
        </extensions>
      </trkpt>
      <trkpt lat="31.23722192425376" lon="121.62851083560585">
        <ele>5.768904130905867</ele>
        <time>1970-01-01T00:06:28.200000Z</time>
        <extensions>
          <gpxtpx:TrackPointExtension>
            <gpxtpx:hr>177</gpxtpx:hr>
          </gpxtpx:TrackPointExtension>
        </extensions>
      </trkpt>
      <trkpt lat="31.23719756913525" lon="121.62851145259671">
        <ele>5.730404553003609</ele>
        <time>1970-01-01T00:06:29.200000Z</time>
        <extensions>
          <gpxtpx:TrackPointExtension>
            <gpxtpx:hr>177</gpxtpx:hr>
          </gpxtpx:TrackPointExtension>
        </extensions>
      </trkpt>
      <trkpt lat="31.237173343564905" lon="121.62851180279002">
        <ele>5.688588351011276</ele>
        <time>1970-01-01T00:06:30.200000Z</time>
        <extensions>
          <gpxtpx:TrackPointExtension>
            <gpxtpx:hr>177</gpxtpx:hr>
          </gpxtpx:TrackPointExtension>
        </extensions>
      </trkpt>
      <trkpt lat="31.237149309458406" lon="121.62851190794699">
        <ele>5.643351832404733</ele>
        <time>1970-01-01T00:06:31.200000Z</time>
        <extensions>
          <gpxtpx:TrackPointExtension>
            <gpxtpx:hr>177</gpxtpx:hr>
          </gpxtpx:TrackPointExtension>
        </extensions>
      </trkpt>
      <trkpt lat="31.23712523062738" lon="121.6285117047868">
        <ele>5.594496510922909</ele>
        <time>1970-01-01T00:06:32.200000Z</time>
        <extensions>
          <gpxtpx:TrackPointExtension>
            <gpxtpx:hr>177</gpxtpx:hr>
          </gpxtpx:TrackPointExtension>
        </extensions>
      </trkpt>
      <trkpt lat="31.237101123139745" lon="121.62851139395698">
        <ele>5.54158338252455</ele>
        <time>1970-01-01T00:06:33.200000Z</time>
        <extensions>
          <gpxtpx:TrackPointExtension>
            <gpxtpx:hr>177</gpxtpx:hr>
          </gpxtpx:TrackPointExtension>
        </extensions>
      </trkpt>
      <trkpt lat="31.237077036234915" lon="121.6285114089809">
        <ele>5.484243574552238</ele>
        <time>1970-01-01T00:06:34.200000Z</time>
        <extensions>
          <gpxtpx:TrackPointExtension>
            <gpxtpx:hr>177</gpxtpx:hr>
          </gpxtpx:TrackPointExtension>
        </extensions>
      </trkpt>
      <trkpt lat="31.237052860028584" lon="121.62851143278084">
        <ele>5.4223786517977715</ele>
        <time>1970-01-01T00:06:35.200000Z</time>
        <extensions>
          <gpxtpx:TrackPointExtension>
            <gpxtpx:hr>177</gpxtpx:hr>
          </gpxtpx:TrackPointExtension>
        </extensions>
      </trkpt>
      <trkpt lat="31.23702851506534" lon="121.62851125406218">
        <ele>5.356431346386671</ele>
        <time>1970-01-01T00:06:36.200000Z</time>
        <extensions>
          <gpxtpx:TrackPointExtension>
            <gpxtpx:hr>177</gpxtpx:hr>
          </gpxtpx:TrackPointExtension>
        </extensions>
      </trkpt>
      <trkpt lat="31.23700397513936" lon="121.62851109417659">
        <ele>5.287054582498968</ele>
        <time>1970-01-01T00:06:37.200000Z</time>
        <extensions>
          <gpxtpx:TrackPointExtension>
            <gpxtpx:hr>178</gpxtpx:hr>
          </gpxtpx:TrackPointExtension>
        </extensions>
      </trkpt>
      <trkpt lat="31.236979350586868" lon="121.62851080141296">
        <ele>5.214681359939277</ele>
        <time>1970-01-01T00:06:38.200000Z</time>
        <extensions>
          <gpxtpx:TrackPointExtension>
            <gpxtpx:hr>178</gpxtpx:hr>
          </gpxtpx:TrackPointExtension>
        </extensions>
      </trkpt>
      <trkpt lat="31.236954953078392" lon="121.6285103132072">
        <ele>5.1398793291300535</ele>
        <time>1970-01-01T00:06:39.200000Z</time>
        <extensions>
          <gpxtpx:TrackPointExtension>
            <gpxtpx:hr>178</gpxtpx:hr>
          </gpxtpx:TrackPointExtension>
        </extensions>
      </trkpt>
      <trkpt lat="31.236930878164927" lon="121.62850990813571">
        <ele>5.063409200869501</ele>
        <time>1970-01-01T00:06:40.200000Z</time>
        <extensions>
          <gpxtpx:TrackPointExtension>
            <gpxtpx:hr>178</gpxtpx:hr>
          </gpxtpx:TrackPointExtension>
        </extensions>
      </trkpt>
      <trkpt lat="31.236906812032778" lon="121.6285096835365">
        <ele>4.986052398569882</ele>
        <time>1970-01-01T00:06:41.200000Z</time>
        <extensions>
          <gpxtpx:TrackPointExtension>
            <gpxtpx:hr>178</gpxtpx:hr>
          </gpxtpx:TrackPointExtension>
        </extensions>
      </trkpt>
      <trkpt lat="31.23688269659012" lon="121.62850978620317">
        <ele>4.908781609497964</ele>
        <time>1970-01-01T00:06:42.200000Z</time>
        <extensions>
          <gpxtpx:TrackPointExtension>
            <gpxtpx:hr>178</gpxtpx:hr>
          </gpxtpx:TrackPointExtension>
        </extensions>
      </trkpt>
      <trkpt lat="31.236858812108867" lon="121.62851065179991">
        <ele>4.83261454384774</ele>
        <time>1970-01-01T00:06:43.200000Z</time>
        <extensions>
          <gpxtpx:TrackPointExtension>
            <gpxtpx:hr>178</gpxtpx:hr>
          </gpxtpx:TrackPointExtension>
        </extensions>
      </trkpt>
      <trkpt lat="31.23683512278082" lon="121.62851207438855">
        <ele>4.758592324331403</ele>
        <time>1970-01-01T00:06:44.200000Z</time>
        <extensions>
          <gpxtpx:TrackPointExtension>
            <gpxtpx:hr>178</gpxtpx:hr>
          </gpxtpx:TrackPointExtension>
        </extensions>
      </trkpt>
      <trkpt lat="31.23681142033515" lon="121.62851338497109">
        <ele>4.687990362755954</ele>
        <time>1970-01-01T00:06:45.200000Z</time>
        <extensions>
          <gpxtpx:TrackPointExtension>
            <gpxtpx:hr>178</gpxtpx:hr>
          </gpxtpx:TrackPointExtension>
        </extensions>
      </trkpt>
      <trkpt lat="31.236787750228512" lon="121.6285142360314">
        <ele>4.621807743795216</ele>
        <time>1970-01-01T00:06:46.200000Z</time>
        <extensions>
          <gpxtpx:TrackPointExtension>
            <gpxtpx:hr>178</gpxtpx:hr>
          </gpxtpx:TrackPointExtension>
        </extensions>
      </trkpt>
      <trkpt lat="31.236764034343068" lon="121.62851453883854">
        <ele>4.560644682496786</ele>
        <time>1970-01-01T00:06:47.200000Z</time>
        <extensions>
          <gpxtpx:TrackPointExtension>
            <gpxtpx:hr>178</gpxtpx:hr>
          </gpxtpx:TrackPointExtension>
        </extensions>
      </trkpt>
      <trkpt lat="31.23674003507603" lon="121.62851408833843">
        <ele>4.5050927717238665</ele>
        <time>1970-01-01T00:06:48.200000Z</time>
        <extensions>
          <gpxtpx:TrackPointExtension>
            <gpxtpx:hr>178</gpxtpx:hr>
          </gpxtpx:TrackPointExtension>
        </extensions>
      </trkpt>
      <trkpt lat="31.236715748728983" lon="121.62851293127098">
        <ele>4.455550598911941</ele>
        <time>1970-01-01T00:06:49.200000Z</time>
        <extensions>
          <gpxtpx:TrackPointExtension>
            <gpxtpx:hr>178</gpxtpx:hr>
          </gpxtpx:TrackPointExtension>
        </extensions>
      </trkpt>
      <trkpt lat="31.23669109730167" lon="121.62851195198526">
        <ele>4.412328725680709</ele>
        <time>1970-01-01T00:06:50.200000Z</time>
        <extensions>
          <gpxtpx:TrackPointExtension>
            <gpxtpx:hr>178</gpxtpx:hr>
          </gpxtpx:TrackPointExtension>
        </extensions>
      </trkpt>
      <trkpt lat="31.2366657934837" lon="121.62851143712315">
        <ele>4.375557040795684</ele>
        <time>1970-01-01T00:06:51.200000Z</time>
        <extensions>
          <gpxtpx:TrackPointExtension>
            <gpxtpx:hr>178</gpxtpx:hr>
          </gpxtpx:TrackPointExtension>
        </extensions>
      </trkpt>
      <trkpt lat="31.23664011439855" lon="121.6285111892386">
        <ele>4.344871826469898</ele>
        <time>1970-01-01T00:06:52.300000Z</time>
        <extensions>
          <gpxtpx:TrackPointExtension>
            <gpxtpx:hr>178</gpxtpx:hr>
          </gpxtpx:TrackPointExtension>
        </extensions>
      </trkpt>
      <trkpt lat="31.236614690926174" lon="121.62851122401962">
        <ele>4.3195392563939095</ele>
        <time>1970-01-01T00:06:53.300000Z</time>
        <extensions>
          <gpxtpx:TrackPointExtension>
            <gpxtpx:hr>178</gpxtpx:hr>
          </gpxtpx:TrackPointExtension>
        </extensions>
      </trkpt>
      <trkpt lat="31.236589642632758" lon="121.6285113059205">
        <ele>4.298872166313231</ele>
        <time>1970-01-01T00:06:54.300000Z</time>
        <extensions>
          <gpxtpx:TrackPointExtension>
            <gpxtpx:hr>178</gpxtpx:hr>
          </gpxtpx:TrackPointExtension>
        </extensions>
      </trkpt>
      <trkpt lat="31.23656479664349" lon="121.62851136947961">
        <ele>4.282807406038046</ele>
        <time>1970-01-01T00:06:55.300000Z</time>
        <extensions>
          <gpxtpx:TrackPointExtension>
            <gpxtpx:hr>178</gpxtpx:hr>
          </gpxtpx:TrackPointExtension>
        </extensions>
      </trkpt>
      <trkpt lat="31.23653989397129" lon="121.62851172469874">
        <ele>4.271740830503404</ele>
        <time>1970-01-01T00:06:56.300000Z</time>
        <extensions>
          <gpxtpx:TrackPointExtension>
            <gpxtpx:hr>178</gpxtpx:hr>
          </gpxtpx:TrackPointExtension>
        </extensions>
      </trkpt>
      <trkpt lat="31.236514630026452" lon="121.62851238263363">
        <ele>4.265927768312395</ele>
        <time>1970-01-01T00:06:57.300000Z</time>
        <extensions>
          <gpxtpx:TrackPointExtension>
            <gpxtpx:hr>178</gpxtpx:hr>
          </gpxtpx:TrackPointExtension>
        </extensions>
      </trkpt>
      <trkpt lat="31.236489151566843" lon="121.62851294344873">
        <ele>4.265738102607429</ele>
        <time>1970-01-01T00:06:58.300000Z</time>
        <extensions>
          <gpxtpx:TrackPointExtension>
            <gpxtpx:hr>177</gpxtpx:hr>
          </gpxtpx:TrackPointExtension>
        </extensions>
      </trkpt>
      <trkpt lat="31.236463965911987" lon="121.62851357034695">
        <ele>4.271779236383736</ele>
        <time>1970-01-01T00:06:59.300000Z</time>
        <extensions>
          <gpxtpx:TrackPointExtension>
            <gpxtpx:hr>177</gpxtpx:hr>
          </gpxtpx:TrackPointExtension>
        </extensions>
      </trkpt>
      <trkpt lat="31.236439019915938" lon="121.62851461519877">
        <ele>4.284678973257542</ele>
        <time>1970-01-01T00:07:00.300000Z</time>
        <extensions>
          <gpxtpx:TrackPointExtension>
            <gpxtpx:hr>177</gpxtpx:hr>
          </gpxtpx:TrackPointExtension>
        </extensions>
      </trkpt>
      <trkpt lat="31.236413973345776" lon="121.62851593049574">
        <ele>4.305161225609481</ele>
        <time>1970-01-01T00:07:01.300000Z</time>
        <extensions>
          <gpxtpx:TrackPointExtension>
            <gpxtpx:hr>177</gpxtpx:hr>
          </gpxtpx:TrackPointExtension>
        </extensions>
      </trkpt>
      <trkpt lat="31.236388904719288" lon="121.62851734268682">
        <ele>4.3334359442815185</ele>
        <time>1970-01-01T00:07:02.300000Z</time>
        <extensions>
          <gpxtpx:TrackPointExtension>
            <gpxtpx:hr>177</gpxtpx:hr>
          </gpxtpx:TrackPointExtension>
        </extensions>
      </trkpt>
      <trkpt lat="31.236363861125607" lon="121.62851863619565">
        <ele>4.368855129927397</ele>
        <time>1970-01-01T00:07:03.300000Z</time>
        <extensions>
          <gpxtpx:TrackPointExtension>
            <gpxtpx:hr>177</gpxtpx:hr>
          </gpxtpx:TrackPointExtension>
        </extensions>
      </trkpt>
      <trkpt lat="31.236338666862046" lon="121.6285193175217">
        <ele>4.410516614094377</ele>
        <time>1970-01-01T00:07:04.300000Z</time>
        <extensions>
          <gpxtpx:TrackPointExtension>
            <gpxtpx:hr>177</gpxtpx:hr>
          </gpxtpx:TrackPointExtension>
        </extensions>
      </trkpt>
      <trkpt lat="31.23631339037381" lon="121.62851950768905">
        <ele>4.45760671980679</ele>
        <time>1970-01-01T00:07:05.300000Z</time>
        <extensions>
          <gpxtpx:TrackPointExtension>
            <gpxtpx:hr>177</gpxtpx:hr>
          </gpxtpx:TrackPointExtension>
        </extensions>
      </trkpt>
      <trkpt lat="31.236288151452914" lon="121.62851965402335">
        <ele>4.5093923239037395</ele>
        <time>1970-01-01T00:07:06.300000Z</time>
        <extensions>
          <gpxtpx:TrackPointExtension>
            <gpxtpx:hr>177</gpxtpx:hr>
          </gpxtpx:TrackPointExtension>
        </extensions>
      </trkpt>
      <trkpt lat="31.236263019874123" lon="121.62851963220257">
        <ele>4.564900275319815</ele>
        <time>1970-01-01T00:07:07.300000Z</time>
        <extensions>
          <gpxtpx:TrackPointExtension>
            <gpxtpx:hr>174</gpxtpx:hr>
          </gpxtpx:TrackPointExtension>
        </extensions>
      </trkpt>
      <trkpt lat="31.236238238471255" lon="121.62851936052652">
        <ele>4.622719695791602</ele>
        <time>1970-01-01T00:07:08.300000Z</time>
        <extensions>
          <gpxtpx:TrackPointExtension>
            <gpxtpx:hr>174</gpxtpx:hr>
          </gpxtpx:TrackPointExtension>
        </extensions>
      </trkpt>
      <trkpt lat="31.236213755089288" lon="121.62851896449321">
        <ele>4.681413147598505</ele>
        <time>1970-01-01T00:07:09.300000Z</time>
        <extensions>
          <gpxtpx:TrackPointExtension>
            <gpxtpx:hr>174</gpxtpx:hr>
          </gpxtpx:TrackPointExtension>
        </extensions>
      </trkpt>
      <trkpt lat="31.23618900677161" lon="121.62851832509062">
        <ele>4.739768838509917</ele>
        <time>1970-01-01T00:07:10.300000Z</time>
        <extensions>
          <gpxtpx:TrackPointExtension>
            <gpxtpx:hr>174</gpxtpx:hr>
          </gpxtpx:TrackPointExtension>
        </extensions>
      </trkpt>
      <trkpt lat="31.236163853495597" lon="121.62851743149996">
        <ele>4.796903967857361</ele>
        <time>1970-01-01T00:07:11.300000Z</time>
        <extensions>
          <gpxtpx:TrackPointExtension>
            <gpxtpx:hr>174</gpxtpx:hr>
          </gpxtpx:TrackPointExtension>
        </extensions>
      </trkpt>
      <trkpt lat="31.236138640613632" lon="121.6285166163862">
        <ele>4.852109330706298</ele>
        <time>1970-01-01T00:07:12.300000Z</time>
        <extensions>
          <gpxtpx:TrackPointExtension>
            <gpxtpx:hr>173</gpxtpx:hr>
          </gpxtpx:TrackPointExtension>
        </extensions>
      </trkpt>
      <trkpt lat="31.236113447200427" lon="121.62851588438647">
        <ele>4.904703768901527</ele>
        <time>1970-01-01T00:07:13.300000Z</time>
        <extensions>
          <gpxtpx:TrackPointExtension>
            <gpxtpx:hr>173</gpxtpx:hr>
          </gpxtpx:TrackPointExtension>
        </extensions>
      </trkpt>
      <trkpt lat="31.236088274313623" lon="121.62851522625492">
        <ele>4.95438165217638</ele>
        <time>1970-01-01T00:07:14.300000Z</time>
        <extensions>
          <gpxtpx:TrackPointExtension>
            <gpxtpx:hr>173</gpxtpx:hr>
          </gpxtpx:TrackPointExtension>
        </extensions>
      </trkpt>
      <trkpt lat="31.236063182300402" lon="121.62851513122942">
        <ele>5.001203046180308</ele>
        <time>1970-01-01T00:07:15.300000Z</time>
        <extensions>
          <gpxtpx:TrackPointExtension>
            <gpxtpx:hr>173</gpxtpx:hr>
          </gpxtpx:TrackPointExtension>
        </extensions>
      </trkpt>
      <trkpt lat="31.23603800524743" lon="121.6285157694502">
        <ele>5.045066511258483</ele>
        <time>1970-01-01T00:07:16.300000Z</time>
        <extensions>
          <gpxtpx:TrackPointExtension>
            <gpxtpx:hr>173</gpxtpx:hr>
          </gpxtpx:TrackPointExtension>
        </extensions>
      </trkpt>
      <trkpt lat="31.236012584694954" lon="121.62851674634537">
        <ele>5.0855540139600635</ele>
        <time>1970-01-01T00:07:17.300000Z</time>
        <extensions>
          <gpxtpx:TrackPointExtension>
            <gpxtpx:hr>173</gpxtpx:hr>
          </gpxtpx:TrackPointExtension>
        </extensions>
      </trkpt>
      <trkpt lat="31.235987045220295" lon="121.6285175495477">
        <ele>5.12194845546037</ele>
        <time>1970-01-01T00:07:18.300000Z</time>
        <extensions>
          <gpxtpx:TrackPointExtension>
            <gpxtpx:hr>173</gpxtpx:hr>
          </gpxtpx:TrackPointExtension>
        </extensions>
      </trkpt>
      <trkpt lat="31.235961501922237" lon="121.6285177162973">
        <ele>5.153391742147505</ele>
        <time>1970-01-01T00:07:19.300000Z</time>
        <extensions>
          <gpxtpx:TrackPointExtension>
            <gpxtpx:hr>173</gpxtpx:hr>
          </gpxtpx:TrackPointExtension>
        </extensions>
      </trkpt>
      <trkpt lat="31.23593602883165" lon="121.6285164231537">
        <ele>5.1795503636822104</ele>
        <time>1970-01-01T00:07:20.300000Z</time>
        <extensions>
          <gpxtpx:TrackPointExtension>
            <gpxtpx:hr>173</gpxtpx:hr>
          </gpxtpx:TrackPointExtension>
        </extensions>
      </trkpt>
      <trkpt lat="31.235910624599452" lon="121.62851359335598">
        <ele>5.200297468341887</ele>
        <time>1970-01-01T00:07:21.300000Z</time>
        <extensions>
          <gpxtpx:TrackPointExtension>
            <gpxtpx:hr>173</gpxtpx:hr>
          </gpxtpx:TrackPointExtension>
        </extensions>
      </trkpt>
      <trkpt lat="31.23588522748412" lon="121.62851015428909">
        <ele>5.215300314128399</ele>
        <time>1970-01-01T00:07:22.300000Z</time>
        <extensions>
          <gpxtpx:TrackPointExtension>
            <gpxtpx:hr>173</gpxtpx:hr>
          </gpxtpx:TrackPointExtension>
        </extensions>
      </trkpt>
      <trkpt lat="31.2358596607237" lon="121.62850656840254">
        <ele>5.224195754155517</ele>
        <time>1970-01-01T00:07:23.300000Z</time>
        <extensions>
          <gpxtpx:TrackPointExtension>
            <gpxtpx:hr>173</gpxtpx:hr>
          </gpxtpx:TrackPointExtension>
        </extensions>
      </trkpt>
      <trkpt lat="31.235833970397525" lon="121.62850316991401">
        <ele>5.2263088738545775</ele>
        <time>1970-01-01T00:07:24.300000Z</time>
        <extensions>
          <gpxtpx:TrackPointExtension>
            <gpxtpx:hr>173</gpxtpx:hr>
          </gpxtpx:TrackPointExtension>
        </extensions>
      </trkpt>
      <trkpt lat="31.235808411214595" lon="121.62850033616441">
        <ele>5.220863291062415</ele>
        <time>1970-01-01T00:07:25.300000Z</time>
        <extensions>
          <gpxtpx:TrackPointExtension>
            <gpxtpx:hr>173</gpxtpx:hr>
          </gpxtpx:TrackPointExtension>
        </extensions>
      </trkpt>
      <trkpt lat="31.235782866441088" lon="121.62849804090607">
        <ele>5.206877286545932</ele>
        <time>1970-01-01T00:07:26.400000Z</time>
        <extensions>
          <gpxtpx:TrackPointExtension>
            <gpxtpx:hr>173</gpxtpx:hr>
          </gpxtpx:TrackPointExtension>
        </extensions>
      </trkpt>
      <trkpt lat="31.23575709766568" lon="121.62849600633854">
        <ele>5.183186315000057</ele>
        <time>1970-01-01T00:07:27.400000Z</time>
        <extensions>
          <gpxtpx:TrackPointExtension>
            <gpxtpx:hr>173</gpxtpx:hr>
          </gpxtpx:TrackPointExtension>
        </extensions>
      </trkpt>
      <trkpt lat="31.235730938401314" lon="121.62849403053507">
        <ele>5.149384194985032</ele>
        <time>1970-01-01T00:07:28.400000Z</time>
        <extensions>
          <gpxtpx:TrackPointExtension>
            <gpxtpx:hr>173</gpxtpx:hr>
          </gpxtpx:TrackPointExtension>
        </extensions>
      </trkpt>
      <trkpt lat="31.235704464387346" lon="121.62849176614853">
        <ele>5.105866733007133</ele>
        <time>1970-01-01T00:07:29.400000Z</time>
        <extensions>
          <gpxtpx:TrackPointExtension>
            <gpxtpx:hr>173</gpxtpx:hr>
          </gpxtpx:TrackPointExtension>
        </extensions>
      </trkpt>
      <trkpt lat="31.235677777136758" lon="121.62848952757278">
        <ele>5.053429475054145</ele>
        <time>1970-01-01T00:07:30.400000Z</time>
        <extensions>
          <gpxtpx:TrackPointExtension>
            <gpxtpx:hr>173</gpxtpx:hr>
          </gpxtpx:TrackPointExtension>
        </extensions>
      </trkpt>
      <trkpt lat="31.235650739772105" lon="121.62848855253883">
        <ele>4.993484289385378</ele>
        <time>1970-01-01T00:07:31.400000Z</time>
        <extensions>
          <gpxtpx:TrackPointExtension>
            <gpxtpx:hr>173</gpxtpx:hr>
          </gpxtpx:TrackPointExtension>
        </extensions>
      </trkpt>
      <trkpt lat="31.2356235267569" lon="121.62848875065674">
        <ele>4.928560907021165</ele>
        <time>1970-01-01T00:07:32.400000Z</time>
        <extensions>
          <gpxtpx:TrackPointExtension>
            <gpxtpx:hr>173</gpxtpx:hr>
          </gpxtpx:TrackPointExtension>
        </extensions>
      </trkpt>
      <trkpt lat="31.235596753462723" lon="121.62849004990483">
        <ele>4.861771950498223</ele>
        <time>1970-01-01T00:07:33.400000Z</time>
        <extensions>
          <gpxtpx:TrackPointExtension>
            <gpxtpx:hr>173</gpxtpx:hr>
          </gpxtpx:TrackPointExtension>
        </extensions>
      </trkpt>
      <trkpt lat="31.235570674778486" lon="121.62849291769224">
        <ele>4.7956458274275064</ele>
        <time>1970-01-01T00:07:34.400000Z</time>
        <extensions>
          <gpxtpx:TrackPointExtension>
            <gpxtpx:hr>173</gpxtpx:hr>
          </gpxtpx:TrackPointExtension>
        </extensions>
      </trkpt>
      <trkpt lat="31.235545147009812" lon="121.62849652965342">
        <ele>4.732172800228</ele>
        <time>1970-01-01T00:07:35.400000Z</time>
        <extensions>
          <gpxtpx:TrackPointExtension>
            <gpxtpx:hr>173</gpxtpx:hr>
          </gpxtpx:TrackPointExtension>
        </extensions>
      </trkpt>
      <trkpt lat="31.235519955853878" lon="121.62849993896312">
        <ele>4.6728163082152605</ele>
        <time>1970-01-01T00:07:36.400000Z</time>
        <extensions>
          <gpxtpx:TrackPointExtension>
            <gpxtpx:hr>173</gpxtpx:hr>
          </gpxtpx:TrackPointExtension>
        </extensions>
      </trkpt>
      <trkpt lat="31.2354945569524" lon="121.62850287152482">
        <ele>4.618530951440334</ele>
        <time>1970-01-01T00:07:37.400000Z</time>
        <extensions>
          <gpxtpx:TrackPointExtension>
            <gpxtpx:hr>173</gpxtpx:hr>
          </gpxtpx:TrackPointExtension>
        </extensions>
      </trkpt>
      <trkpt lat="31.235468383911023" lon="121.62850499134738">
        <ele>4.569947738200426</ele>
        <time>1970-01-01T00:07:38.400000Z</time>
        <extensions>
          <gpxtpx:TrackPointExtension>
            <gpxtpx:hr>172</gpxtpx:hr>
          </gpxtpx:TrackPointExtension>
        </extensions>
      </trkpt>
      <trkpt lat="31.23544181437539" lon="121.62850565959243">
        <ele>4.527281696908176</ele>
        <time>1970-01-01T00:07:39.400000Z</time>
        <extensions>
          <gpxtpx:TrackPointExtension>
            <gpxtpx:hr>172</gpxtpx:hr>
          </gpxtpx:TrackPointExtension>
        </extensions>
      </trkpt>
      <trkpt lat="31.23541566300728" lon="121.62850497978346">
        <ele>4.490779142826796</ele>
        <time>1970-01-01T00:07:40.400000Z</time>
        <extensions>
          <gpxtpx:TrackPointExtension>
            <gpxtpx:hr>172</gpxtpx:hr>
          </gpxtpx:TrackPointExtension>
        </extensions>
      </trkpt>
      <trkpt lat="31.235390005211517" lon="121.62850350721806">
        <ele>4.460365621373057</ele>
        <time>1970-01-01T00:07:41.400000Z</time>
        <extensions>
          <gpxtpx:TrackPointExtension>
            <gpxtpx:hr>172</gpxtpx:hr>
          </gpxtpx:TrackPointExtension>
        </extensions>
      </trkpt>
      <trkpt lat="31.235364499556308" lon="121.62850141717328">
        <ele>4.435273312963545</ele>
        <time>1970-01-01T00:07:42.400000Z</time>
        <extensions>
          <gpxtpx:TrackPointExtension>
            <gpxtpx:hr>172</gpxtpx:hr>
          </gpxtpx:TrackPointExtension>
        </extensions>
      </trkpt>
      <trkpt lat="31.23533905738196" lon="121.62849899797705">
        <ele>4.41491090413183</ele>
        <time>1970-01-01T00:07:43.400000Z</time>
        <extensions>
          <gpxtpx:TrackPointExtension>
            <gpxtpx:hr>172</gpxtpx:hr>
          </gpxtpx:TrackPointExtension>
        </extensions>
      </trkpt>
      <trkpt lat="31.235313663388123" lon="121.6284961871754">
        <ele>4.3994788797572255</ele>
        <time>1970-01-01T00:07:44.400000Z</time>
        <extensions>
          <gpxtpx:TrackPointExtension>
            <gpxtpx:hr>173</gpxtpx:hr>
          </gpxtpx:TrackPointExtension>
        </extensions>
      </trkpt>
      <trkpt lat="31.2352883797984" lon="121.62849221791241">
        <ele>4.389962872490287</ele>
        <time>1970-01-01T00:07:45.400000Z</time>
        <extensions>
          <gpxtpx:TrackPointExtension>
            <gpxtpx:hr>173</gpxtpx:hr>
          </gpxtpx:TrackPointExtension>
        </extensions>
      </trkpt>
      <trkpt lat="31.235263143369483" lon="121.62848724692145">
        <ele>4.38719935528934</ele>
        <time>1970-01-01T00:07:46.400000Z</time>
        <extensions>
          <gpxtpx:TrackPointExtension>
            <gpxtpx:hr>173</gpxtpx:hr>
          </gpxtpx:TrackPointExtension>
        </extensions>
      </trkpt>
      <trkpt lat="31.235237584408257" lon="121.62848174841847">
        <ele>4.391132792457938</ele>
        <time>1970-01-01T00:07:47.400000Z</time>
        <extensions>
          <gpxtpx:TrackPointExtension>
            <gpxtpx:hr>173</gpxtpx:hr>
          </gpxtpx:TrackPointExtension>
        </extensions>
      </trkpt>
      <trkpt lat="31.23521180428323" lon="121.62847533958045">
        <ele>4.401557858102024</ele>
        <time>1970-01-01T00:07:48.400000Z</time>
        <extensions>
          <gpxtpx:TrackPointExtension>
            <gpxtpx:hr>172</gpxtpx:hr>
          </gpxtpx:TrackPointExtension>
        </extensions>
      </trkpt>
      <trkpt lat="31.235186173004372" lon="121.62846835945285">
        <ele>4.418645101599395</ele>
        <time>1970-01-01T00:07:49.400000Z</time>
        <extensions>
          <gpxtpx:TrackPointExtension>
            <gpxtpx:hr>172</gpxtpx:hr>
          </gpxtpx:TrackPointExtension>
        </extensions>
      </trkpt>
      <trkpt lat="31.235160723457902" lon="121.62846162090405">
        <ele>4.442388783209026</ele>
        <time>1970-01-01T00:07:50.400000Z</time>
        <extensions>
          <gpxtpx:TrackPointExtension>
            <gpxtpx:hr>172</gpxtpx:hr>
          </gpxtpx:TrackPointExtension>
        </extensions>
      </trkpt>
      <trkpt lat="31.235135474427704" lon="121.62845496519756">
        <ele>4.472475782036781</ele>
        <time>1970-01-01T00:07:51.400000Z</time>
        <extensions>
          <gpxtpx:TrackPointExtension>
            <gpxtpx:hr>172</gpxtpx:hr>
          </gpxtpx:TrackPointExtension>
        </extensions>
      </trkpt>
      <trkpt lat="31.23511061321426" lon="121.62844804013365">
        <ele>4.508102614432573</ele>
        <time>1970-01-01T00:07:52.400000Z</time>
        <extensions>
          <gpxtpx:TrackPointExtension>
            <gpxtpx:hr>172</gpxtpx:hr>
          </gpxtpx:TrackPointExtension>
        </extensions>
      </trkpt>
      <trkpt lat="31.235085955091485" lon="121.62844086591495">
        <ele>4.547988285310566</ele>
        <time>1970-01-01T00:07:53.400000Z</time>
        <extensions>
          <gpxtpx:TrackPointExtension>
            <gpxtpx:hr>173</gpxtpx:hr>
          </gpxtpx:TrackPointExtension>
        </extensions>
      </trkpt>
      <trkpt lat="31.235061280110855" lon="121.62843321814235">
        <ele>4.59072152338922</ele>
        <time>1970-01-01T00:07:54.400000Z</time>
        <extensions>
          <gpxtpx:TrackPointExtension>
            <gpxtpx:hr>173</gpxtpx:hr>
          </gpxtpx:TrackPointExtension>
        </extensions>
      </trkpt>
      <trkpt lat="31.235036758732758" lon="121.62842496676365">
        <ele>4.634755717590451</ele>
        <time>1970-01-01T00:07:55.400000Z</time>
        <extensions>
          <gpxtpx:TrackPointExtension>
            <gpxtpx:hr>173</gpxtpx:hr>
          </gpxtpx:TrackPointExtension>
        </extensions>
      </trkpt>
      <trkpt lat="31.235012431120037" lon="121.6284166305865">
        <ele>4.678590448573232</ele>
        <time>1970-01-01T00:07:56.400000Z</time>
        <extensions>
          <gpxtpx:TrackPointExtension>
            <gpxtpx:hr>173</gpxtpx:hr>
          </gpxtpx:TrackPointExtension>
        </extensions>
      </trkpt>
      <trkpt lat="31.234988323777035" lon="121.62840874549228">
        <ele>4.720423626713455</ele>
        <time>1970-01-01T00:07:57.400000Z</time>
        <extensions>
          <gpxtpx:TrackPointExtension>
            <gpxtpx:hr>173</gpxtpx:hr>
          </gpxtpx:TrackPointExtension>
        </extensions>
      </trkpt>
      <trkpt lat="31.23496451827167" lon="121.62840175811755">
        <ele>4.758403363637626</ele>
        <time>1970-01-01T00:07:58.400000Z</time>
        <extensions>
          <gpxtpx:TrackPointExtension>
            <gpxtpx:hr>174</gpxtpx:hr>
          </gpxtpx:TrackPointExtension>
        </extensions>
      </trkpt>
      <trkpt lat="31.234940874377088" lon="121.62839553343821">
        <ele>4.7914212718605995</ele>
        <time>1970-01-01T00:07:59.400000Z</time>
        <extensions>
          <gpxtpx:TrackPointExtension>
            <gpxtpx:hr>174</gpxtpx:hr>
          </gpxtpx:TrackPointExtension>
        </extensions>
      </trkpt>
      <trkpt lat="31.234916980032246" lon="121.62838953489015">
        <ele>4.819278867915273</ele>
        <time>1970-01-01T00:08:00.400000Z</time>
        <extensions>
          <gpxtpx:TrackPointExtension>
            <gpxtpx:hr>174</gpxtpx:hr>
          </gpxtpx:TrackPointExtension>
        </extensions>
      </trkpt>
      <trkpt lat="31.23489260955972" lon="121.62838354899695">
        <ele>4.842734766192734</ele>
        <time>1970-01-01T00:08:01.500000Z</time>
        <extensions>
          <gpxtpx:TrackPointExtension>
            <gpxtpx:hr>174</gpxtpx:hr>
          </gpxtpx:TrackPointExtension>
        </extensions>
      </trkpt>
      <trkpt lat="31.234868047348453" lon="121.62837769946545">
        <ele>4.862638598307967</ele>
        <time>1970-01-01T00:08:02.500000Z</time>
        <extensions>
          <gpxtpx:TrackPointExtension>
            <gpxtpx:hr>174</gpxtpx:hr>
          </gpxtpx:TrackPointExtension>
        </extensions>
      </trkpt>
      <trkpt lat="31.234843590651423" lon="121.62837196616837">
        <ele>4.879329294897616</ele>
        <time>1970-01-01T00:08:03.500000Z</time>
        <extensions>
          <gpxtpx:TrackPointExtension>
            <gpxtpx:hr>173</gpxtpx:hr>
          </gpxtpx:TrackPointExtension>
        </extensions>
      </trkpt>
      <trkpt lat="31.234819533117832" lon="121.62836598803271">
        <ele>4.893206658773124</ele>
        <time>1970-01-01T00:08:04.500000Z</time>
        <extensions>
          <gpxtpx:TrackPointExtension>
            <gpxtpx:hr>173</gpxtpx:hr>
          </gpxtpx:TrackPointExtension>
        </extensions>
      </trkpt>
      <trkpt lat="31.23479608184731" lon="121.6283598174208">
        <ele>4.9041701182723045</ele>
        <time>1970-01-01T00:08:05.500000Z</time>
        <extensions>
          <gpxtpx:TrackPointExtension>
            <gpxtpx:hr>173</gpxtpx:hr>
          </gpxtpx:TrackPointExtension>
        </extensions>
      </trkpt>
      <trkpt lat="31.234772850484887" lon="121.62835388299803">
        <ele>4.911830496974289</ele>
        <time>1970-01-01T00:08:06.500000Z</time>
        <extensions>
          <gpxtpx:TrackPointExtension>
            <gpxtpx:hr>173</gpxtpx:hr>
          </gpxtpx:TrackPointExtension>
        </extensions>
      </trkpt>
      <trkpt lat="31.234749491622708" lon="121.62834814154225">
        <ele>4.916643060743809</ele>
        <time>1970-01-01T00:08:07.500000Z</time>
        <extensions>
          <gpxtpx:TrackPointExtension>
            <gpxtpx:hr>173</gpxtpx:hr>
          </gpxtpx:TrackPointExtension>
        </extensions>
      </trkpt>
      <trkpt lat="31.23472612560196" lon="121.62834263852903">
        <ele>4.918630556203425</ele>
        <time>1970-01-01T00:08:08.500000Z</time>
        <extensions>
          <gpxtpx:TrackPointExtension>
            <gpxtpx:hr>174</gpxtpx:hr>
          </gpxtpx:TrackPointExtension>
        </extensions>
      </trkpt>
      <trkpt lat="31.234702804552345" lon="121.62833745164751">
        <ele>4.916810472495854</ele>
        <time>1970-01-01T00:08:09.500000Z</time>
        <extensions>
          <gpxtpx:TrackPointExtension>
            <gpxtpx:hr>174</gpxtpx:hr>
          </gpxtpx:TrackPointExtension>
        </extensions>
      </trkpt>
      <trkpt lat="31.234679589332206" lon="121.62833231005693">
        <ele>4.910591191612184</ele>
        <time>1970-01-01T00:08:10.500000Z</time>
        <extensions>
          <gpxtpx:TrackPointExtension>
            <gpxtpx:hr>174</gpxtpx:hr>
          </gpxtpx:TrackPointExtension>
        </extensions>
      </trkpt>
      <trkpt lat="31.234656243821874" lon="121.62832738214493">
        <ele>4.900430923327804</ele>
        <time>1970-01-01T00:08:11.500000Z</time>
        <extensions>
          <gpxtpx:TrackPointExtension>
            <gpxtpx:hr>174</gpxtpx:hr>
          </gpxtpx:TrackPointExtension>
        </extensions>
      </trkpt>
      <trkpt lat="31.234632273923236" lon="121.62832290481775">
        <ele>4.887513583526015</ele>
        <time>1970-01-01T00:08:12.500000Z</time>
        <extensions>
          <gpxtpx:TrackPointExtension>
            <gpxtpx:hr>174</gpxtpx:hr>
          </gpxtpx:TrackPointExtension>
        </extensions>
      </trkpt>
      <trkpt lat="31.234607501949885" lon="121.62831880379431">
        <ele>4.872403409332037</ele>
        <time>1970-01-01T00:08:13.500000Z</time>
        <extensions>
          <gpxtpx:TrackPointExtension>
            <gpxtpx:hr>174</gpxtpx:hr>
          </gpxtpx:TrackPointExtension>
        </extensions>
      </trkpt>
      <trkpt lat="31.23458221415874" lon="121.62831502298398">
        <ele>4.854777822270989</ele>
        <time>1970-01-01T00:08:14.500000Z</time>
        <extensions>
          <gpxtpx:TrackPointExtension>
            <gpxtpx:hr>174</gpxtpx:hr>
          </gpxtpx:TrackPointExtension>
        </extensions>
      </trkpt>
      <trkpt lat="31.234556771267133" lon="121.62831156352776">
        <ele>4.834426370449364</ele>
        <time>1970-01-01T00:08:15.500000Z</time>
        <extensions>
          <gpxtpx:TrackPointExtension>
            <gpxtpx:hr>174</gpxtpx:hr>
          </gpxtpx:TrackPointExtension>
        </extensions>
      </trkpt>
      <trkpt lat="31.23453120261117" lon="121.62830803965838">
        <ele>4.811297072097659</ele>
        <time>1970-01-01T00:08:16.500000Z</time>
        <extensions>
          <gpxtpx:TrackPointExtension>
            <gpxtpx:hr>174</gpxtpx:hr>
          </gpxtpx:TrackPointExtension>
        </extensions>
      </trkpt>
      <trkpt lat="31.234505566486625" lon="121.62830429056548">
        <ele>4.78515505976975</ele>
        <time>1970-01-01T00:08:17.500000Z</time>
        <extensions>
          <gpxtpx:TrackPointExtension>
            <gpxtpx:hr>176</gpxtpx:hr>
          </gpxtpx:TrackPointExtension>
        </extensions>
      </trkpt>
      <trkpt lat="31.23447993671927" lon="121.62830044505344">
        <ele>4.755292220972478</ele>
        <time>1970-01-01T00:08:18.500000Z</time>
        <extensions>
          <gpxtpx:TrackPointExtension>
            <gpxtpx:hr>176</gpxtpx:hr>
          </gpxtpx:TrackPointExtension>
        </extensions>
      </trkpt>
      <trkpt lat="31.23445413491474" lon="121.62829631397247">
        <ele>4.720700701698661</ele>
        <time>1970-01-01T00:08:19.500000Z</time>
        <extensions>
          <gpxtpx:TrackPointExtension>
            <gpxtpx:hr>176</gpxtpx:hr>
          </gpxtpx:TrackPointExtension>
        </extensions>
      </trkpt>
      <trkpt lat="31.234428154363847" lon="121.62829160987833">
        <ele>4.680722463876009</ele>
        <time>1970-01-01T00:08:20.500000Z</time>
        <extensions>
          <gpxtpx:TrackPointExtension>
            <gpxtpx:hr>176</gpxtpx:hr>
          </gpxtpx:TrackPointExtension>
        </extensions>
      </trkpt>
      <trkpt lat="31.234402276760562" lon="121.62828646436058">
        <ele>4.635141205042601</ele>
        <time>1970-01-01T00:08:21.500000Z</time>
        <extensions>
          <gpxtpx:TrackPointExtension>
            <gpxtpx:hr>176</gpxtpx:hr>
          </gpxtpx:TrackPointExtension>
        </extensions>
      </trkpt>
      <trkpt lat="31.234376678999098" lon="121.6282808585692">
        <ele>4.584256450645626</ele>
        <time>1970-01-01T00:08:22.500000Z</time>
        <extensions>
          <gpxtpx:TrackPointExtension>
            <gpxtpx:hr>176</gpxtpx:hr>
          </gpxtpx:TrackPointExtension>
        </extensions>
      </trkpt>
      <trkpt lat="31.234351511646505" lon="121.62827472999996">
        <ele>4.529084208421409</ele>
        <time>1970-01-01T00:08:23.500000Z</time>
        <extensions>
          <gpxtpx:TrackPointExtension>
            <gpxtpx:hr>175</gpxtpx:hr>
          </gpxtpx:TrackPointExtension>
        </extensions>
      </trkpt>
      <trkpt lat="31.23432666308579" lon="121.62826857620071">
        <ele>4.470889441668987</ele>
        <time>1970-01-01T00:08:24.500000Z</time>
        <extensions>
          <gpxtpx:TrackPointExtension>
            <gpxtpx:hr>175</gpxtpx:hr>
          </gpxtpx:TrackPointExtension>
        </extensions>
      </trkpt>
      <trkpt lat="31.23430179171478" lon="121.62826215808728">
        <ele>4.410911148414016</ele>
        <time>1970-01-01T00:08:25.500000Z</time>
        <extensions>
          <gpxtpx:TrackPointExtension>
            <gpxtpx:hr>175</gpxtpx:hr>
          </gpxtpx:TrackPointExtension>
        </extensions>
      </trkpt>
      <trkpt lat="31.23427695198128" lon="121.62825482476975">
        <ele>4.350421286188066</ele>
        <time>1970-01-01T00:08:26.500000Z</time>
        <extensions>
          <gpxtpx:TrackPointExtension>
            <gpxtpx:hr>175</gpxtpx:hr>
          </gpxtpx:TrackPointExtension>
        </extensions>
      </trkpt>
      <trkpt lat="31.234252242683546" lon="121.62824712366223">
        <ele>4.29052850138396</ele>
        <time>1970-01-01T00:08:27.500000Z</time>
        <extensions>
          <gpxtpx:TrackPointExtension>
            <gpxtpx:hr>175</gpxtpx:hr>
          </gpxtpx:TrackPointExtension>
        </extensions>
      </trkpt>
      <trkpt lat="31.2342272836329" lon="121.6282398036483">
        <ele>4.232329020276666</ele>
        <time>1970-01-01T00:08:28.500000Z</time>
        <extensions>
          <gpxtpx:TrackPointExtension>
            <gpxtpx:hr>175</gpxtpx:hr>
          </gpxtpx:TrackPointExtension>
        </extensions>
      </trkpt>
      <trkpt lat="31.234201923615053" lon="121.62823308212297">
        <ele>4.176899087615311</ele>
        <time>1970-01-01T00:08:29.500000Z</time>
        <extensions>
          <gpxtpx:TrackPointExtension>
            <gpxtpx:hr>176</gpxtpx:hr>
          </gpxtpx:TrackPointExtension>
        </extensions>
      </trkpt>
      <trkpt lat="31.23417650350921" lon="121.62822749448021">
        <ele>4.125000125728548</ele>
        <time>1970-01-01T00:08:30.500000Z</time>
        <extensions>
          <gpxtpx:TrackPointExtension>
            <gpxtpx:hr>176</gpxtpx:hr>
          </gpxtpx:TrackPointExtension>
        </extensions>
      </trkpt>
      <trkpt lat="31.234151036257245" lon="121.62822310454646">
        <ele>4.077195014804602</ele>
        <time>1970-01-01T00:08:31.500000Z</time>
        <extensions>
          <gpxtpx:TrackPointExtension>
            <gpxtpx:hr>176</gpxtpx:hr>
          </gpxtpx:TrackPointExtension>
        </extensions>
      </trkpt>
      <trkpt lat="31.23412535441654" lon="121.62821907366846">
        <ele>4.0342775620520115</ele>
        <time>1970-01-01T00:08:32.500000Z</time>
        <extensions>
          <gpxtpx:TrackPointExtension>
            <gpxtpx:hr>176</gpxtpx:hr>
          </gpxtpx:TrackPointExtension>
        </extensions>
      </trkpt>
      <trkpt lat="31.234099322326458" lon="121.62821529021564">
        <ele>3.9975452395156026</ele>
        <time>1970-01-01T00:08:33.500000Z</time>
        <extensions>
          <gpxtpx:TrackPointExtension>
            <gpxtpx:hr>176</gpxtpx:hr>
          </gpxtpx:TrackPointExtension>
        </extensions>
      </trkpt>
      <trkpt lat="31.234072641365437" lon="121.62821230222552">
        <ele>3.9679718296974897</ele>
        <time>1970-01-01T00:08:34.500000Z</time>
        <extensions>
          <gpxtpx:TrackPointExtension>
            <gpxtpx:hr>176</gpxtpx:hr>
          </gpxtpx:TrackPointExtension>
        </extensions>
      </trkpt>
      <trkpt lat="31.23404553577615" lon="121.62821071389956">
        <ele>3.945514573715627</ele>
        <time>1970-01-01T00:08:35.500000Z</time>
        <extensions>
          <gpxtpx:TrackPointExtension>
            <gpxtpx:hr>176</gpxtpx:hr>
          </gpxtpx:TrackPointExtension>
        </extensions>
      </trkpt>
      <trkpt lat="31.234018864279957" lon="121.62821125335773">
        <ele>3.9297223687171936</ele>
        <time>1970-01-01T00:08:36.600000Z</time>
        <extensions>
          <gpxtpx:TrackPointExtension>
            <gpxtpx:hr>177</gpxtpx:hr>
          </gpxtpx:TrackPointExtension>
        </extensions>
      </trkpt>
      <trkpt lat="31.2339937371058" lon="121.62821456386199">
        <ele>3.9195676734670997</ele>
        <time>1970-01-01T00:08:37.600000Z</time>
        <extensions>
          <gpxtpx:TrackPointExtension>
            <gpxtpx:hr>177</gpxtpx:hr>
          </gpxtpx:TrackPointExtension>
        </extensions>
      </trkpt>
      <trkpt lat="31.23397104338478" lon="121.62822151694613">
        <ele>3.9122684812173247</ele>
        <time>1970-01-01T00:08:38.600000Z</time>
        <extensions>
          <gpxtpx:TrackPointExtension>
            <gpxtpx:hr>177</gpxtpx:hr>
          </gpxtpx:TrackPointExtension>
        </extensions>
      </trkpt>
      <trkpt lat="31.233951643583623" lon="121.62823280759588">
        <ele>3.903821386396885</ele>
        <time>1970-01-01T00:08:39.600000Z</time>
        <extensions>
          <gpxtpx:TrackPointExtension>
            <gpxtpx:hr>177</gpxtpx:hr>
          </gpxtpx:TrackPointExtension>
        </extensions>
      </trkpt>
      <trkpt lat="31.233936239479913" lon="121.6282478004276">
        <ele>3.8909501004964113</ele>
        <time>1970-01-01T00:08:40.600000Z</time>
        <extensions>
          <gpxtpx:TrackPointExtension>
            <gpxtpx:hr>177</gpxtpx:hr>
          </gpxtpx:TrackPointExtension>
        </extensions>
      </trkpt>
      <trkpt lat="31.23392445242856" lon="121.6282655058329">
        <ele>3.8720829486846924</ele>
        <time>1970-01-01T00:08:41.600000Z</time>
        <extensions>
          <gpxtpx:TrackPointExtension>
            <gpxtpx:hr>176</gpxtpx:hr>
          </gpxtpx:TrackPointExtension>
        </extensions>
      </trkpt>
      <trkpt lat="31.233915473416" lon="121.62828518400846">
        <ele>3.8472016556188464</ele>
        <time>1970-01-01T00:08:42.600000Z</time>
        <extensions>
          <gpxtpx:TrackPointExtension>
            <gpxtpx:hr>176</gpxtpx:hr>
          </gpxtpx:TrackPointExtension>
        </extensions>
      </trkpt>
      <trkpt lat="31.233908819304474" lon="121.62830539971034">
        <ele>3.816754219122231</ele>
        <time>1970-01-01T00:08:43.600000Z</time>
        <extensions>
          <gpxtpx:TrackPointExtension>
            <gpxtpx:hr>176</gpxtpx:hr>
          </gpxtpx:TrackPointExtension>
        </extensions>
      </trkpt>
      <trkpt lat="31.23390367979039" lon="121.62832393069702">
        <ele>3.7813677014783025</ele>
        <time>1970-01-01T00:08:44.600000Z</time>
        <extensions>
          <gpxtpx:TrackPointExtension>
            <gpxtpx:hr>176</gpxtpx:hr>
          </gpxtpx:TrackPointExtension>
        </extensions>
      </trkpt>
      <trkpt lat="31.233900013454445" lon="121.62833938032472">
        <ele>3.7430432979017496</ele>
        <time>1970-01-01T00:08:45.600000Z</time>
        <extensions>
          <gpxtpx:TrackPointExtension>
            <gpxtpx:hr>176</gpxtpx:hr>
          </gpxtpx:TrackPointExtension>
        </extensions>
      </trkpt>
      <trkpt lat="31.233899583863423" lon="121.62835375863173">
        <ele>3.6972246542572975</ele>
        <time>1970-01-01T00:08:46.900000Z</time>
        <extensions>
          <gpxtpx:TrackPointExtension>
            <gpxtpx:hr>176</gpxtpx:hr>
          </gpxtpx:TrackPointExtension>
        </extensions>
      </trkpt>
      <trkpt lat="31.233901971531235" lon="121.62836107133467">
        <ele>3.6681641740724444</ele>
        <time>1970-01-01T00:08:47.900000Z</time>
        <extensions>
          <gpxtpx:TrackPointExtension>
            <gpxtpx:hr>176</gpxtpx:hr>
          </gpxtpx:TrackPointExtension>
        </extensions>
      </trkpt>
      <trkpt lat="31.23390467759423" lon="121.62836538818219">
        <ele>3.6470362143591046</ele>
        <time>1970-01-01T00:08:48.900000Z</time>
        <extensions>
          <gpxtpx:TrackPointExtension>
            <gpxtpx:hr>176</gpxtpx:hr>
          </gpxtpx:TrackPointExtension>
        </extensions>
      </trkpt>
      <trkpt lat="31.233906974930353" lon="121.62836692621768">
        <ele>3.6333906296640635</ele>
        <time>1970-01-01T00:08:49.900000Z</time>
        <extensions>
          <gpxtpx:TrackPointExtension>
            <gpxtpx:hr>176</gpxtpx:hr>
          </gpxtpx:TrackPointExtension>
        </extensions>
      </trkpt>
      <trkpt lat="31.233908828891977" lon="121.62836655656355">
        <ele>3.625692571513355</ele>
        <time>1970-01-01T00:08:50.900000Z</time>
        <extensions>
          <gpxtpx:TrackPointExtension>
            <gpxtpx:hr>176</gpxtpx:hr>
          </gpxtpx:TrackPointExtension>
        </extensions>
      </trkpt>
      <trkpt lat="31.233910221262015" lon="121.62836510874622">
        <ele>3.622223313897848</ele>
        <time>1970-01-01T00:08:51.900000Z</time>
        <extensions>
          <gpxtpx:TrackPointExtension>
            <gpxtpx:hr>170</gpxtpx:hr>
          </gpxtpx:TrackPointExtension>
        </extensions>
      </trkpt>
      <trkpt lat="31.23391106608004" lon="121.62836319279755">
        <ele>3.621579055674374</ele>
        <time>1970-01-01T00:08:52.900000Z</time>
        <extensions>
          <gpxtpx:TrackPointExtension>
            <gpxtpx:hr>170</gpxtpx:hr>
          </gpxtpx:TrackPointExtension>
        </extensions>
      </trkpt>
      <trkpt lat="31.233911469155025" lon="121.62836114378534">
        <ele>3.622895937412977</ele>
        <time>1970-01-01T00:08:53.900000Z</time>
        <extensions>
          <gpxtpx:TrackPointExtension>
            <gpxtpx:hr>170</gpxtpx:hr>
          </gpxtpx:TrackPointExtension>
        </extensions>
      </trkpt>
      <trkpt lat="31.233911556398088" lon="121.62835910524029">
        <ele>3.6258748061954975</ele>
        <time>1970-01-01T00:08:54.900000Z</time>
        <extensions>
          <gpxtpx:TrackPointExtension>
            <gpxtpx:hr>170</gpxtpx:hr>
          </gpxtpx:TrackPointExtension>
        </extensions>
      </trkpt>
      <trkpt lat="31.23391142469104" lon="121.6283571057257">
        <ele>3.630594595335424</ele>
        <time>1970-01-01T00:08:55.900000Z</time>
        <extensions>
          <gpxtpx:TrackPointExtension>
            <gpxtpx:hr>170</gpxtpx:hr>
          </gpxtpx:TrackPointExtension>
        </extensions>
      </trkpt>
      <trkpt lat="31.23391112322418" lon="121.62835516600491">
        <ele>3.637282110750675</ele>
        <time>1970-01-01T00:08:56.900000Z</time>
        <extensions>
          <gpxtpx:TrackPointExtension>
            <gpxtpx:hr>170</gpxtpx:hr>
          </gpxtpx:TrackPointExtension>
        </extensions>
      </trkpt>
      <trkpt lat="31.233910678700912" lon="121.62835332151364">
        <ele>3.6461962750181556</ele>
        <time>1970-01-01T00:08:57.900000Z</time>
        <extensions>
          <gpxtpx:TrackPointExtension>
            <gpxtpx:hr>170</gpxtpx:hr>
          </gpxtpx:TrackPointExtension>
        </extensions>
      </trkpt>
      <trkpt lat="31.23391015926124" lon="121.6283515757204">
        <ele>3.657587987370789</ele>
        <time>1970-01-01T00:08:58.900000Z</time>
        <extensions>
          <gpxtpx:TrackPointExtension>
            <gpxtpx:hr>155</gpxtpx:hr>
          </gpxtpx:TrackPointExtension>
        </extensions>
      </trkpt>
      <trkpt lat="31.233909668772885" lon="121.62834993650353">
        <ele>3.671668025664985</ele>
        <time>1970-01-01T00:08:59.900000Z</time>
        <extensions>
          <gpxtpx:TrackPointExtension>
            <gpxtpx:hr>155</gpxtpx:hr>
          </gpxtpx:TrackPointExtension>
        </extensions>
      </trkpt>
      <trkpt lat="31.233909407979272" lon="121.62834842833561">
        <ele>3.688567648641765</ele>
        <time>1970-01-01T00:09:00.900000Z</time>
        <extensions>
          <gpxtpx:TrackPointExtension>
            <gpxtpx:hr>155</gpxtpx:hr>
          </gpxtpx:TrackPointExtension>
        </extensions>
      </trkpt>
      <trkpt lat="31.233909597957418" lon="121.62834740620366">
        <ele>3.708275414071977</ele>
        <time>1970-01-01T00:09:01.900000Z</time>
        <extensions>
          <gpxtpx:TrackPointExtension>
            <gpxtpx:hr>155</gpxtpx:hr>
          </gpxtpx:TrackPointExtension>
        </extensions>
      </trkpt>
      <trkpt lat="31.2339102939966" lon="121.62834741328626">
        <ele>3.7305506113916636</ele>
        <time>1970-01-01T00:09:02.900000Z</time>
        <extensions>
          <gpxtpx:TrackPointExtension>
            <gpxtpx:hr>155</gpxtpx:hr>
          </gpxtpx:TrackPointExtension>
        </extensions>
      </trkpt>
      <trkpt lat="31.233911504890553" lon="121.6283488796046">
        <ele>3.7548061264678836</ele>
        <time>1970-01-01T00:09:03.900000Z</time>
        <extensions>
          <gpxtpx:TrackPointExtension>
            <gpxtpx:hr>155</gpxtpx:hr>
          </gpxtpx:TrackPointExtension>
        </extensions>
      </trkpt>
      <trkpt lat="31.233913000930432" lon="121.6283520771705">
        <ele>3.7800045115873218</ele>
        <time>1970-01-01T00:09:04.900000Z</time>
        <extensions>
          <gpxtpx:TrackPointExtension>
            <gpxtpx:hr>148</gpxtpx:hr>
          </gpxtpx:TrackPointExtension>
        </extensions>
      </trkpt>
      <trkpt lat="31.233914185691646" lon="121.62835633882752">
        <ele>3.8046426055952907</ele>
        <time>1970-01-01T00:09:05.900000Z</time>
        <extensions>
          <gpxtpx:TrackPointExtension>
            <gpxtpx:hr>148</gpxtpx:hr>
          </gpxtpx:TrackPointExtension>
        </extensions>
      </trkpt>
      <trkpt lat="31.23391468713264" lon="121.6283599511186">
        <ele>3.826817619614303</ele>
        <time>1970-01-01T00:09:06.900000Z</time>
        <extensions>
          <gpxtpx:TrackPointExtension>
            <gpxtpx:hr>148</gpxtpx:hr>
          </gpxtpx:TrackPointExtension>
        </extensions>
      </trkpt>
      <trkpt lat="31.233914683519185" lon="121.6283618702253">
        <ele>3.8444414604455233</ele>
        <time>1970-01-01T00:09:07.900000Z</time>
        <extensions>
          <gpxtpx:TrackPointExtension>
            <gpxtpx:hr>148</gpxtpx:hr>
          </gpxtpx:TrackPointExtension>
        </extensions>
      </trkpt>
      <trkpt lat="31.23391449799116" lon="121.62836243044549">
        <ele>3.8556833658367395</ele>
        <time>1970-01-01T00:09:08.900000Z</time>
        <extensions>
          <gpxtpx:TrackPointExtension>
            <gpxtpx:hr>148</gpxtpx:hr>
          </gpxtpx:TrackPointExtension>
        </extensions>
      </trkpt>
      <trkpt lat="31.23391426440323" lon="121.62836222657512">
        <ele>3.8594539491459727</ele>
        <time>1970-01-01T00:09:09.900000Z</time>
        <extensions>
          <gpxtpx:TrackPointExtension>
            <gpxtpx:hr>148</gpxtpx:hr>
          </gpxtpx:TrackPointExtension>
        </extensions>
      </trkpt>
      <trkpt lat="31.233913983704248" lon="121.62836156069002">
        <ele>3.8557514185085893</ele>
        <time>1970-01-01T00:09:10.900000Z</time>
        <extensions>
          <gpxtpx:TrackPointExtension>
            <gpxtpx:hr>148</gpxtpx:hr>
          </gpxtpx:TrackPointExtension>
        </extensions>
      </trkpt>
      <trkpt lat="31.233913624203883" lon="121.62836053467156">
        <ele>3.8459247099235654</ele>
        <time>1970-01-01T00:09:11.900000Z</time>
        <extensions>
          <gpxtpx:TrackPointExtension>
            <gpxtpx:hr>150</gpxtpx:hr>
          </gpxtpx:TrackPointExtension>
        </extensions>
      </trkpt>
      <trkpt lat="31.233913215137495" lon="121.62835926405882">
        <ele>3.8326074834913015</ele>
        <time>1970-01-01T00:09:12.900000Z</time>
        <extensions>
          <gpxtpx:TrackPointExtension>
            <gpxtpx:hr>150</gpxtpx:hr>
          </gpxtpx:TrackPointExtension>
        </extensions>
      </trkpt>
      <trkpt lat="31.233912798143937" lon="121.62835785413499">
        <ele>3.8190928706899285</ele>
        <time>1970-01-01T00:09:13.900000Z</time>
        <extensions>
          <gpxtpx:TrackPointExtension>
            <gpxtpx:hr>150</gpxtpx:hr>
          </gpxtpx:TrackPointExtension>
        </extensions>
      </trkpt>
      <trkpt lat="31.233912379309384" lon="121.62835633466443">
        <ele>3.8085722848773003</ele>
        <time>1970-01-01T00:09:14.900000Z</time>
        <extensions>
          <gpxtpx:TrackPointExtension>
            <gpxtpx:hr>150</gpxtpx:hr>
          </gpxtpx:TrackPointExtension>
        </extensions>
      </trkpt>
      <trkpt lat="31.233911962593236" lon="121.62835470054844">
        <ele>3.803575818426907</ele>
        <time>1970-01-01T00:09:15.900000Z</time>
        <extensions>
          <gpxtpx:TrackPointExtension>
            <gpxtpx:hr>150</gpxtpx:hr>
          </gpxtpx:TrackPointExtension>
        </extensions>
      </trkpt>
      <trkpt lat="31.233911544690994" lon="121.62835290601694">
        <ele>3.8055180599913</ele>
        <time>1970-01-01T00:09:16.900000Z</time>
        <extensions>
          <gpxtpx:TrackPointExtension>
            <gpxtpx:hr>150</gpxtpx:hr>
          </gpxtpx:TrackPointExtension>
        </extensions>
      </trkpt>
      <trkpt lat="31.233911115638346" lon="121.628350916541">
        <ele>3.8144964668899775</ele>
        <time>1970-01-01T00:09:17.900000Z</time>
        <extensions>
          <gpxtpx:TrackPointExtension>
            <gpxtpx:hr>140</gpxtpx:hr>
          </gpxtpx:TrackPointExtension>
        </extensions>
      </trkpt>
      <trkpt lat="31.233910680362282" lon="121.62834870558963">
        <ele>3.829521618783474</ele>
        <time>1970-01-01T00:09:18.900000Z</time>
        <extensions>
          <gpxtpx:TrackPointExtension>
            <gpxtpx:hr>140</gpxtpx:hr>
          </gpxtpx:TrackPointExtension>
        </extensions>
      </trkpt>
      <trkpt lat="31.233910230976207" lon="121.62834622581173">
        <ele>3.848827961832285</ele>
        <time>1970-01-01T00:09:19.900000Z</time>
        <extensions>
          <gpxtpx:TrackPointExtension>
            <gpxtpx:hr>140</gpxtpx:hr>
          </gpxtpx:TrackPointExtension>
        </extensions>
      </trkpt>
      <trkpt lat="31.23390982327442" lon="121.62834399192766">
        <ele>3.8663147492334247</ele>
        <time>1970-01-01T00:09:20.700000Z</time>
        <extensions>
          <gpxtpx:TrackPointExtension>
            <gpxtpx:hr>140</gpxtpx:hr>
          </gpxtpx:TrackPointExtension>
        </extensions>
      </trkpt>
      <trkpt lat="31.23390939743129" lon="121.62834124950668">
        <ele>3.887210854329169</ele>
        <time>1970-01-01T00:09:21.700000Z</time>
        <extensions>
          <gpxtpx:TrackPointExtension>
            <gpxtpx:hr>140</gpxtpx:hr>
          </gpxtpx:TrackPointExtension>
        </extensions>
      </trkpt>
      <trkpt lat="31.23390931917305" lon="121.6283388553084">
        <ele>3.9058760311454535</ele>
        <time>1970-01-01T00:09:22.700000Z</time>
        <extensions>
          <gpxtpx:TrackPointExtension>
            <gpxtpx:hr>140</gpxtpx:hr>
          </gpxtpx:TrackPointExtension>
        </extensions>
      </trkpt>
      <trkpt lat="31.233910024076316" lon="121.62833739925829">
        <ele>3.9210886899381876</ele>
        <time>1970-01-01T00:09:23.700000Z</time>
        <extensions>
          <gpxtpx:TrackPointExtension>
            <gpxtpx:hr>139</gpxtpx:hr>
          </gpxtpx:TrackPointExtension>
        </extensions>
      </trkpt>
      <trkpt lat="31.233912044819952" lon="121.62833858346869">
        <ele>3.9338826444000006</ele>
        <time>1970-01-01T00:09:24.900000Z</time>
        <extensions>
          <gpxtpx:TrackPointExtension>
            <gpxtpx:hr>139</gpxtpx:hr>
          </gpxtpx:TrackPointExtension>
        </extensions>
      </trkpt>
      <trkpt lat="31.23391403201979" lon="121.6283423467158">
        <ele>3.9411985939368606</ele>
        <time>1970-01-01T00:09:25.900000Z</time>
        <extensions>
          <gpxtpx:TrackPointExtension>
            <gpxtpx:hr>139</gpxtpx:hr>
          </gpxtpx:TrackPointExtension>
        </extensions>
      </trkpt>
      <trkpt lat="31.23391523524249" lon="121.62834731753225">
        <ele>3.9462271071970463</ele>
        <time>1970-01-01T00:09:26.900000Z</time>
        <extensions>
          <gpxtpx:TrackPointExtension>
            <gpxtpx:hr>139</gpxtpx:hr>
          </gpxtpx:TrackPointExtension>
        </extensions>
      </trkpt>
      <trkpt lat="31.233915590368188" lon="121.62835221726219">
        <ele>3.94977050088346</ele>
        <time>1970-01-01T00:09:27.900000Z</time>
        <extensions>
          <gpxtpx:TrackPointExtension>
            <gpxtpx:hr>139</gpxtpx:hr>
          </gpxtpx:TrackPointExtension>
        </extensions>
      </trkpt>
      <trkpt lat="31.233915533380813" lon="121.62835635175495">
        <ele>3.9526959471404552</ele>
        <time>1970-01-01T00:09:28.900000Z</time>
        <extensions>
          <gpxtpx:TrackPointExtension>
            <gpxtpx:hr>139</gpxtpx:hr>
          </gpxtpx:TrackPointExtension>
        </extensions>
      </trkpt>
      <trkpt lat="31.23391536155354" lon="121.62835957496216">
        <ele>3.9558559115976095</ele>
        <time>1970-01-01T00:09:29.900000Z</time>
        <extensions>
          <gpxtpx:TrackPointExtension>
            <gpxtpx:hr>139</gpxtpx:hr>
          </gpxtpx:TrackPointExtension>
        </extensions>
      </trkpt>
      <trkpt lat="31.233915194715866" lon="121.62836168887499">
        <ele>3.9600484557449818</ele>
        <time>1970-01-01T00:09:30.900000Z</time>
        <extensions>
          <gpxtpx:TrackPointExtension>
            <gpxtpx:hr>139</gpxtpx:hr>
          </gpxtpx:TrackPointExtension>
        </extensions>
      </trkpt>
      <trkpt lat="31.233915030140917" lon="121.6283628299318">
        <ele>3.966024632565677</ele>
        <time>1970-01-01T00:09:31.900000Z</time>
        <extensions>
          <gpxtpx:TrackPointExtension>
            <gpxtpx:hr>139</gpxtpx:hr>
          </gpxtpx:TrackPointExtension>
        </extensions>
      </trkpt>
      <trkpt lat="31.233914814556037" lon="121.62836340798539">
        <ele>3.974508775398135</ele>
        <time>1970-01-01T00:09:32.900000Z</time>
        <extensions>
          <gpxtpx:TrackPointExtension>
            <gpxtpx:hr>139</gpxtpx:hr>
          </gpxtpx:TrackPointExtension>
        </extensions>
      </trkpt>
      <trkpt lat="31.233914480053436" lon="121.62836366777152">
        <ele>3.9861715398728848</ele>
        <time>1970-01-01T00:09:33.900000Z</time>
        <extensions>
          <gpxtpx:TrackPointExtension>
            <gpxtpx:hr>135</gpxtpx:hr>
          </gpxtpx:TrackPointExtension>
        </extensions>
      </trkpt>
      <trkpt lat="31.233913931978822" lon="121.62836372610322">
        <ele>4.0015671495348215</ele>
        <time>1970-01-01T00:09:34.900000Z</time>
        <extensions>
          <gpxtpx:TrackPointExtension>
            <gpxtpx:hr>135</gpxtpx:hr>
          </gpxtpx:TrackPointExtension>
        </extensions>
      </trkpt>
      <trkpt lat="31.233913153646508" lon="121.6283635472486">
        <ele>4.021019849926233</ele>
        <time>1970-01-01T00:09:35.900000Z</time>
        <extensions>
          <gpxtpx:TrackPointExtension>
            <gpxtpx:hr>135</gpxtpx:hr>
          </gpxtpx:TrackPointExtension>
        </extensions>
      </trkpt>
      <trkpt lat="31.233912241861816" lon="121.62836308733839">
        <ele>4.044459565542638</ele>
        <time>1970-01-01T00:09:36.900000Z</time>
        <extensions>
          <gpxtpx:TrackPointExtension>
            <gpxtpx:hr>135</gpxtpx:hr>
          </gpxtpx:TrackPointExtension>
        </extensions>
      </trkpt>
      <trkpt lat="31.233911357601013" lon="121.6283624795575">
        <ele>4.071280625648797</ele>
        <time>1970-01-01T00:09:37.900000Z</time>
        <extensions>
          <gpxtpx:TrackPointExtension>
            <gpxtpx:hr>135</gpxtpx:hr>
          </gpxtpx:TrackPointExtension>
        </extensions>
      </trkpt>
      <trkpt lat="31.233910592065513" lon="121.6283619109291">
        <ele>4.100397394038737</ele>
        <time>1970-01-01T00:09:38.900000Z</time>
        <extensions>
          <gpxtpx:TrackPointExtension>
            <gpxtpx:hr>135</gpxtpx:hr>
          </gpxtpx:TrackPointExtension>
        </extensions>
      </trkpt>
      <trkpt lat="31.233909884473483" lon="121.6283614572608">
        <ele>4.130479541607201</ele>
        <time>1970-01-01T00:09:39.900000Z</time>
        <extensions>
          <gpxtpx:TrackPointExtension>
            <gpxtpx:hr>135</gpxtpx:hr>
          </gpxtpx:TrackPointExtension>
        </extensions>
      </trkpt>
      <trkpt lat="31.233909189631394" lon="121.62836111819087">
        <ele>4.160185387358069</ele>
        <time>1970-01-01T00:09:40.900000Z</time>
        <extensions>
          <gpxtpx:TrackPointExtension>
            <gpxtpx:hr>135</gpxtpx:hr>
          </gpxtpx:TrackPointExtension>
        </extensions>
      </trkpt>
      <trkpt lat="31.233908579388135" lon="121.62836091292313">
        <ele>4.188338739797473</ele>
        <time>1970-01-01T00:09:41.900000Z</time>
        <extensions>
          <gpxtpx:TrackPointExtension>
            <gpxtpx:hr>135</gpxtpx:hr>
          </gpxtpx:TrackPointExtension>
        </extensions>
      </trkpt>
      <trkpt lat="31.23390810165014" lon="121.62836086741164">
        <ele>4.214045487344265</ele>
        <time>1970-01-01T00:09:42.900000Z</time>
        <extensions>
          <gpxtpx:TrackPointExtension>
            <gpxtpx:hr>133</gpxtpx:hr>
          </gpxtpx:TrackPointExtension>
        </extensions>
      </trkpt>
      <trkpt lat="31.233907718428455" lon="121.62836099219417">
        <ele>4.23666569031775</ele>
        <time>1970-01-01T00:09:43.900000Z</time>
        <extensions>
          <gpxtpx:TrackPointExtension>
            <gpxtpx:hr>133</gpxtpx:hr>
          </gpxtpx:TrackPointExtension>
        </extensions>
      </trkpt>
      <trkpt lat="31.233907397193157" lon="121.62836129671491">
        <ele>4.255646016448736</ele>
        <time>1970-01-01T00:09:44.900000Z</time>
        <extensions>
          <gpxtpx:TrackPointExtension>
            <gpxtpx:hr>133</gpxtpx:hr>
          </gpxtpx:TrackPointExtension>
        </extensions>
      </trkpt>
      <trkpt lat="31.23390711739916" lon="121.62836177027707">
        <ele>4.270374595187604</ele>
        <time>1970-01-01T00:09:45.900000Z</time>
        <extensions>
          <gpxtpx:TrackPointExtension>
            <gpxtpx:hr>133</gpxtpx:hr>
          </gpxtpx:TrackPointExtension>
        </extensions>
      </trkpt>
      <trkpt lat="31.233906865874157" lon="121.62836239009498">
        <ele>4.280159062705934</ele>
        <time>1970-01-01T00:09:46.900000Z</time>
        <extensions>
          <gpxtpx:TrackPointExtension>
            <gpxtpx:hr>133</gpxtpx:hr>
          </gpxtpx:TrackPointExtension>
        </extensions>
      </trkpt>
      <trkpt lat="31.233906637891618" lon="121.62836310700908">
        <ele>4.284298896789551</ele>
        <time>1970-01-01T00:09:47.900000Z</time>
        <extensions>
          <gpxtpx:TrackPointExtension>
            <gpxtpx:hr>133</gpxtpx:hr>
          </gpxtpx:TrackPointExtension>
        </extensions>
      </trkpt>
      <trkpt lat="31.233906433392796" lon="121.62836389120066">
        <ele>4.282170561142266</ele>
        <time>1970-01-01T00:09:48.900000Z</time>
        <extensions>
          <gpxtpx:TrackPointExtension>
            <gpxtpx:hr>133</gpxtpx:hr>
          </gpxtpx:TrackPointExtension>
        </extensions>
      </trkpt>
      <trkpt lat="31.233906265233408" lon="121.62836471450647">
        <ele>4.273314602673054</ele>
        <time>1970-01-01T00:09:49.900000Z</time>
        <extensions>
          <gpxtpx:TrackPointExtension>
            <gpxtpx:hr>130</gpxtpx:hr>
          </gpxtpx:TrackPointExtension>
        </extensions>
      </trkpt>
      <trkpt lat="31.233906180467432" lon="121.62836550203777">
        <ele>4.257569435983896</ele>
        <time>1970-01-01T00:09:50.900000Z</time>
        <extensions>
          <gpxtpx:TrackPointExtension>
            <gpxtpx:hr>130</gpxtpx:hr>
          </gpxtpx:TrackPointExtension>
        </extensions>
      </trkpt>
      <trkpt lat="31.23390624675605" lon="121.62836619383842">
        <ele>4.235245873220265</ele>
        <time>1970-01-01T00:09:51.900000Z</time>
        <extensions>
          <gpxtpx:TrackPointExtension>
            <gpxtpx:hr>130</gpxtpx:hr>
          </gpxtpx:TrackPointExtension>
        </extensions>
      </trkpt>
      <trkpt lat="31.233906512064756" lon="121.62836677467885">
        <ele>4.207359627820551</ele>
        <time>1970-01-01T00:09:52.900000Z</time>
        <extensions>
          <gpxtpx:TrackPointExtension>
            <gpxtpx:hr>130</gpxtpx:hr>
          </gpxtpx:TrackPointExtension>
        </extensions>
      </trkpt>
      <trkpt lat="31.233906989596367" lon="121.62836731185799">
        <ele>4.1757705034688115</ele>
        <time>1970-01-01T00:09:53.900000Z</time>
        <extensions>
          <gpxtpx:TrackPointExtension>
            <gpxtpx:hr>130</gpxtpx:hr>
          </gpxtpx:TrackPointExtension>
        </extensions>
      </trkpt>
      <trkpt lat="31.23390769829588" lon="121.62836793841535">
        <ele>4.14308852609247</ele>
        <time>1970-01-01T00:09:54.900000Z</time>
        <extensions>
          <gpxtpx:TrackPointExtension>
            <gpxtpx:hr>130</gpxtpx:hr>
          </gpxtpx:TrackPointExtension>
        </extensions>
      </trkpt>
      <trkpt lat="31.233908577954974" lon="121.62836876425598">
        <ele>4.112471982836723</ele>
        <time>1970-01-01T00:09:55.900000Z</time>
        <extensions>
          <gpxtpx:TrackPointExtension>
            <gpxtpx:hr>126</gpxtpx:hr>
          </gpxtpx:TrackPointExtension>
        </extensions>
      </trkpt>
      <trkpt lat="31.233909574246084" lon="121.62836994135169">
        <ele>4.087345455773175</ele>
        <time>1970-01-01T00:09:56.900000Z</time>
        <extensions>
          <gpxtpx:TrackPointExtension>
            <gpxtpx:hr>126</gpxtpx:hr>
          </gpxtpx:TrackPointExtension>
        </extensions>
      </trkpt>
      <trkpt lat="31.233910573419692" lon="121.62837154791094">
        <ele>4.070974922738969</ele>
        <time>1970-01-01T00:09:57.900000Z</time>
        <extensions>
          <gpxtpx:TrackPointExtension>
            <gpxtpx:hr>126</gpxtpx:hr>
          </gpxtpx:TrackPointExtension>
        </extensions>
      </trkpt>
      <trkpt lat="31.23391130625616" lon="121.62837323645418">
        <ele>4.066049197688699</ele>
        <time>1970-01-01T00:09:58.900000Z</time>
        <extensions>
          <gpxtpx:TrackPointExtension>
            <gpxtpx:hr>126</gpxtpx:hr>
          </gpxtpx:TrackPointExtension>
        </extensions>
      </trkpt>
      <trkpt lat="31.233911572014566" lon="121.62837482848265">
        <ele>4.074351710267365</ele>
        <time>1970-01-01T00:09:59.900000Z</time>
        <extensions>
          <gpxtpx:TrackPointExtension>
            <gpxtpx:hr>126</gpxtpx:hr>
          </gpxtpx:TrackPointExtension>
        </extensions>
      </trkpt>
      <trkpt lat="31.233911185222862" lon="121.6283766038025">
        <ele>4.096289818175137</ele>
        <time>1970-01-01T00:10:00.900000Z</time>
        <extensions>
          <gpxtpx:TrackPointExtension>
            <gpxtpx:hr>127</gpxtpx:hr>
          </gpxtpx:TrackPointExtension>
        </extensions>
      </trkpt>
      <trkpt lat="31.23391001470232" lon="121.62837871721081">
        <ele>4.127662857063115</ele>
        <time>1970-01-01T00:10:01.800000Z</time>
        <extensions>
          <gpxtpx:TrackPointExtension>
            <gpxtpx:hr>127</gpxtpx:hr>
          </gpxtpx:TrackPointExtension>
        </extensions>
      </trkpt>
      <trkpt lat="31.233907801165664" lon="121.62838187883187">
        <ele>4.169023095630109</ele>
        <time>1970-01-01T00:10:02.800000Z</time>
        <extensions>
          <gpxtpx:TrackPointExtension>
            <gpxtpx:hr>127</gpxtpx:hr>
          </gpxtpx:TrackPointExtension>
        </extensions>
      </trkpt>
      <trkpt lat="31.23390455255618" lon="121.62838650507314">
        <ele>4.215195756405592</ele>
        <time>1970-01-01T00:10:03.800000Z</time>
        <extensions>
          <gpxtpx:TrackPointExtension>
            <gpxtpx:hr>127</gpxtpx:hr>
          </gpxtpx:TrackPointExtension>
        </extensions>
      </trkpt>
      <trkpt lat="31.233899883155136" lon="121.62839318630614">
        <ele>4.263087619096041</ele>
        <time>1970-01-01T00:10:04.800000Z</time>
        <extensions>
          <gpxtpx:TrackPointExtension>
            <gpxtpx:hr>127</gpxtpx:hr>
          </gpxtpx:TrackPointExtension>
        </extensions>
      </trkpt>
      <trkpt lat="31.23389298958786" lon="121.62840251799582">
        <ele>4.310206327587366</ele>
        <time>1970-01-01T00:10:05.800000Z</time>
        <extensions>
          <gpxtpx:TrackPointExtension>
            <gpxtpx:hr>127</gpxtpx:hr>
          </gpxtpx:TrackPointExtension>
        </extensions>
      </trkpt>
      <trkpt lat="31.23388311183872" lon="121.62841512979297">
        <ele>4.354399015195668</ele>
        <time>1970-01-01T00:10:06.800000Z</time>
        <extensions>
          <gpxtpx:TrackPointExtension>
            <gpxtpx:hr>127</gpxtpx:hr>
          </gpxtpx:TrackPointExtension>
        </extensions>
      </trkpt>
      <trkpt lat="31.233869941401032" lon="121.62843083572137">
        <ele>4.3936053197830915</ele>
        <time>1970-01-01T00:10:07.800000Z</time>
        <extensions>
          <gpxtpx:TrackPointExtension>
            <gpxtpx:hr>127</gpxtpx:hr>
          </gpxtpx:TrackPointExtension>
        </extensions>
      </trkpt>
      <trkpt lat="31.233854349637816" lon="121.62844789266724">
        <ele>4.425874629057944</ele>
        <time>1970-01-01T00:10:08.800000Z</time>
        <extensions>
          <gpxtpx:TrackPointExtension>
            <gpxtpx:hr>127</gpxtpx:hr>
          </gpxtpx:TrackPointExtension>
        </extensions>
      </trkpt>
      <trkpt lat="31.23383780825706" lon="121.62846397576129">
        <ele>4.449613930657506</ele>
        <time>1970-01-01T00:10:09.800000Z</time>
        <extensions>
          <gpxtpx:TrackPointExtension>
            <gpxtpx:hr>127</gpxtpx:hr>
          </gpxtpx:TrackPointExtension>
        </extensions>
      </trkpt>
      <trkpt lat="31.233821451892908" lon="121.62847757271066">
        <ele>4.463873931206763</ele>
        <time>1970-01-01T00:10:10.800000Z</time>
        <extensions>
          <gpxtpx:TrackPointExtension>
            <gpxtpx:hr>127</gpxtpx:hr>
          </gpxtpx:TrackPointExtension>
        </extensions>
      </trkpt>
      <trkpt lat="31.233806107466034" lon="121.6284883521389">
        <ele>4.468334780074656</ele>
        <time>1970-01-01T00:10:11.800000Z</time>
        <extensions>
          <gpxtpx:TrackPointExtension>
            <gpxtpx:hr>127</gpxtpx:hr>
          </gpxtpx:TrackPointExtension>
        </extensions>
      </trkpt>
      <trkpt lat="31.233792066273036" lon="121.62849688527052">
        <ele>4.462966015562415</ele>
        <time>1970-01-01T00:10:12.800000Z</time>
        <extensions>
          <gpxtpx:TrackPointExtension>
            <gpxtpx:hr>128</gpxtpx:hr>
          </gpxtpx:TrackPointExtension>
        </extensions>
      </trkpt>
      <trkpt lat="31.233778183466953" lon="121.62850335683109">
        <ele>4.447612287476659</ele>
        <time>1970-01-01T00:10:13.800000Z</time>
        <extensions>
          <gpxtpx:TrackPointExtension>
            <gpxtpx:hr>128</gpxtpx:hr>
          </gpxtpx:TrackPointExtension>
        </extensions>
      </trkpt>
      <trkpt lat="31.233762533395193" lon="121.62850765276703">
        <ele>4.4218287747353315</ele>
        <time>1970-01-01T00:10:14.800000Z</time>
        <extensions>
          <gpxtpx:TrackPointExtension>
            <gpxtpx:hr>128</gpxtpx:hr>
          </gpxtpx:TrackPointExtension>
        </extensions>
      </trkpt>
      <trkpt lat="31.23374416893478" lon="121.62851095813144">
        <ele>4.385097130201757</ele>
        <time>1970-01-01T00:10:15.800000Z</time>
        <extensions>
          <gpxtpx:TrackPointExtension>
            <gpxtpx:hr>127</gpxtpx:hr>
          </gpxtpx:TrackPointExtension>
        </extensions>
      </trkpt>
      <trkpt lat="31.233723772464224" lon="121.62851544814518">
        <ele>4.337216307409108</ele>
        <time>1970-01-01T00:10:16.800000Z</time>
        <extensions>
          <gpxtpx:TrackPointExtension>
            <gpxtpx:hr>127</gpxtpx:hr>
          </gpxtpx:TrackPointExtension>
        </extensions>
      </trkpt>
      <trkpt lat="31.23370370608686" lon="121.62852322903916">
        <ele>4.278655648231506</ele>
        <time>1970-01-01T00:10:17.800000Z</time>
        <extensions>
          <gpxtpx:TrackPointExtension>
            <gpxtpx:hr>127</gpxtpx:hr>
          </gpxtpx:TrackPointExtension>
        </extensions>
      </trkpt>
      <trkpt lat="31.23368700110361" lon="121.62853565872676">
        <ele>4.210869359783828</ele>
        <time>1970-01-01T00:10:18.800000Z</time>
        <extensions>
          <gpxtpx:TrackPointExtension>
            <gpxtpx:hr>127</gpxtpx:hr>
          </gpxtpx:TrackPointExtension>
        </extensions>
      </trkpt>
      <trkpt lat="31.233675505201763" lon="121.62855270142569">
        <ele>4.136785073205829</ele>
        <time>1970-01-01T00:10:19.800000Z</time>
        <extensions>
          <gpxtpx:TrackPointExtension>
            <gpxtpx:hr>127</gpxtpx:hr>
          </gpxtpx:TrackPointExtension>
        </extensions>
      </trkpt>
      <trkpt lat="31.23366894469698" lon="121.62857353091381">
        <ele>4.061224911361933</ele>
        <time>1970-01-01T00:10:20.800000Z</time>
        <extensions>
          <gpxtpx:TrackPointExtension>
            <gpxtpx:hr>132</gpxtpx:hr>
          </gpxtpx:TrackPointExtension>
        </extensions>
      </trkpt>
      <trkpt lat="31.23366588370668" lon="121.62859772284028">
        <ele>3.9908591955900192</ele>
        <time>1970-01-01T00:10:21.900000Z</time>
        <extensions>
          <gpxtpx:TrackPointExtension>
            <gpxtpx:hr>132</gpxtpx:hr>
          </gpxtpx:TrackPointExtension>
        </extensions>
      </trkpt>
      <trkpt lat="31.23366503508038" lon="121.62862442136935">
        <ele>3.9324586978182197</ele>
        <time>1970-01-01T00:10:22.900000Z</time>
        <extensions>
          <gpxtpx:TrackPointExtension>
            <gpxtpx:hr>132</gpxtpx:hr>
          </gpxtpx:TrackPointExtension>
        </extensions>
      </trkpt>
      <trkpt lat="31.23366550054449" lon="121.62865221951454">
        <ele>3.889834155328572</ele>
        <time>1970-01-01T00:10:23.900000Z</time>
        <extensions>
          <gpxtpx:TrackPointExtension>
            <gpxtpx:hr>132</gpxtpx:hr>
          </gpxtpx:TrackPointExtension>
        </extensions>
      </trkpt>
      <trkpt lat="31.23366661395788" lon="121.62868024262934">
        <ele>3.864088274538517</ele>
        <time>1970-01-01T00:10:24.900000Z</time>
        <extensions>
          <gpxtpx:TrackPointExtension>
            <gpxtpx:hr>132</gpxtpx:hr>
          </gpxtpx:TrackPointExtension>
        </extensions>
      </trkpt>
      <trkpt lat="31.233667888699728" lon="121.62870861453207">
        <ele>3.854724475182593</ele>
        <time>1970-01-01T00:10:25.900000Z</time>
        <extensions>
          <gpxtpx:TrackPointExtension>
            <gpxtpx:hr>132</gpxtpx:hr>
          </gpxtpx:TrackPointExtension>
        </extensions>
      </trkpt>
      <trkpt lat="31.233668840371386" lon="121.62873742534403">
        <ele>3.860349163413048</ele>
        <time>1970-01-01T00:10:26.900000Z</time>
        <extensions>
          <gpxtpx:TrackPointExtension>
            <gpxtpx:hr>139</gpxtpx:hr>
          </gpxtpx:TrackPointExtension>
        </extensions>
      </trkpt>
      <trkpt lat="31.233669092400536" lon="121.62876645891795">
        <ele>3.8790688924491405</ele>
        <time>1970-01-01T00:10:27.900000Z</time>
        <extensions>
          <gpxtpx:TrackPointExtension>
            <gpxtpx:hr>139</gpxtpx:hr>
          </gpxtpx:TrackPointExtension>
        </extensions>
      </trkpt>
      <trkpt lat="31.233668583610715" lon="121.62879561595211">
        <ele>3.908651128411293</ele>
        <time>1970-01-01T00:10:28.900000Z</time>
        <extensions>
          <gpxtpx:TrackPointExtension>
            <gpxtpx:hr>139</gpxtpx:hr>
          </gpxtpx:TrackPointExtension>
        </extensions>
      </trkpt>
      <trkpt lat="31.233667538288685" lon="121.62882488736348">
        <ele>3.946680247783661</ele>
        <time>1970-01-01T00:10:29.900000Z</time>
        <extensions>
          <gpxtpx:TrackPointExtension>
            <gpxtpx:hr>139</gpxtpx:hr>
          </gpxtpx:TrackPointExtension>
        </extensions>
      </trkpt>
      <trkpt lat="31.23366601323526" lon="121.6288543357584">
        <ele>3.9909257208928466</ele>
        <time>1970-01-01T00:10:30.900000Z</time>
        <extensions>
          <gpxtpx:TrackPointExtension>
            <gpxtpx:hr>139</gpxtpx:hr>
          </gpxtpx:TrackPointExtension>
        </extensions>
      </trkpt>
      <trkpt lat="31.23366415012091" lon="121.62888401976608">
        <ele>4.0396961737424135</ele>
        <time>1970-01-01T00:10:31.900000Z</time>
        <extensions>
          <gpxtpx:TrackPointExtension>
            <gpxtpx:hr>141</gpxtpx:hr>
          </gpxtpx:TrackPointExtension>
        </extensions>
      </trkpt>
      <trkpt lat="31.233662479322128" lon="121.62891375417215">
        <ele>4.0920161213725805</ele>
        <time>1970-01-01T00:10:32.900000Z</time>
        <extensions>
          <gpxtpx:TrackPointExtension>
            <gpxtpx:hr>141</gpxtpx:hr>
          </gpxtpx:TrackPointExtension>
        </extensions>
      </trkpt>
      <trkpt lat="31.233661504849632" lon="121.62894308911895">
        <ele>4.147677650675178</ele>
        <time>1970-01-01T00:10:33.900000Z</time>
        <extensions>
          <gpxtpx:TrackPointExtension>
            <gpxtpx:hr>141</gpxtpx:hr>
          </gpxtpx:TrackPointExtension>
        </extensions>
      </trkpt>
      <trkpt lat="31.233661648441597" lon="121.6289719721849">
        <ele>4.2070946749299765</ele>
        <time>1970-01-01T00:10:34.900000Z</time>
        <extensions>
          <gpxtpx:TrackPointExtension>
            <gpxtpx:hr>141</gpxtpx:hr>
          </gpxtpx:TrackPointExtension>
        </extensions>
      </trkpt>
      <trkpt lat="31.23366312729168" lon="121.62900056423707">
        <ele>4.270860962569714</ele>
        <time>1970-01-01T00:10:35.900000Z</time>
        <extensions>
          <gpxtpx:TrackPointExtension>
            <gpxtpx:hr>141</gpxtpx:hr>
          </gpxtpx:TrackPointExtension>
        </extensions>
      </trkpt>
      <trkpt lat="31.23366573772001" lon="121.62902863221404">
        <ele>4.339214499108493</ele>
        <time>1970-01-01T00:10:36.900000Z</time>
        <extensions>
          <gpxtpx:TrackPointExtension>
            <gpxtpx:hr>151</gpxtpx:hr>
          </gpxtpx:TrackPointExtension>
        </extensions>
      </trkpt>
      <trkpt lat="31.23366953979056" lon="121.62905606585323">
        <ele>4.4116789903491735</ele>
        <time>1970-01-01T00:10:37.900000Z</time>
        <extensions>
          <gpxtpx:TrackPointExtension>
            <gpxtpx:hr>151</gpxtpx:hr>
          </gpxtpx:TrackPointExtension>
        </extensions>
      </trkpt>
      <trkpt lat="31.2336749868447" lon="121.6290843435419">
        <ele>4.490483775734901</ele>
        <time>1970-01-01T00:10:38.900000Z</time>
        <extensions>
          <gpxtpx:TrackPointExtension>
            <gpxtpx:hr>151</gpxtpx:hr>
          </gpxtpx:TrackPointExtension>
        </extensions>
      </trkpt>
      <trkpt lat="31.233681015327743" lon="121.6291110628549">
        <ele>4.566153223626316</ele>
        <time>1970-01-01T00:10:39.900000Z</time>
        <extensions>
          <gpxtpx:TrackPointExtension>
            <gpxtpx:hr>151</gpxtpx:hr>
          </gpxtpx:TrackPointExtension>
        </extensions>
      </trkpt>
      <trkpt lat="31.23368738845109" lon="121.62913777763443">
        <ele>4.6401953818276525</ele>
        <time>1970-01-01T00:10:40.900000Z</time>
        <extensions>
          <gpxtpx:TrackPointExtension>
            <gpxtpx:hr>151</gpxtpx:hr>
          </gpxtpx:TrackPointExtension>
        </extensions>
      </trkpt>
      <trkpt lat="31.233694277295186" lon="121.6291648940883">
        <ele>4.712119746021926</ele>
        <time>1970-01-01T00:10:41.900000Z</time>
        <extensions>
          <gpxtpx:TrackPointExtension>
            <gpxtpx:hr>151</gpxtpx:hr>
          </gpxtpx:TrackPointExtension>
        </extensions>
      </trkpt>
      <trkpt lat="31.233701433985683" lon="121.62919256920098">
        <ele>4.782317692413926</ele>
        <time>1970-01-01T00:10:42.900000Z</time>
        <extensions>
          <gpxtpx:TrackPointExtension>
            <gpxtpx:hr>154</gpxtpx:hr>
          </gpxtpx:TrackPointExtension>
        </extensions>
      </trkpt>
      <trkpt lat="31.233708043637037" lon="121.62921898802304">
        <ele>4.847400054335594</ele>
        <time>1970-01-01T00:10:43.900000Z</time>
        <extensions>
          <gpxtpx:TrackPointExtension>
            <gpxtpx:hr>154</gpxtpx:hr>
          </gpxtpx:TrackPointExtension>
        </extensions>
      </trkpt>
      <trkpt lat="31.233715223287714" lon="121.62924744159014">
        <ele>4.917145485058427</ele>
        <time>1970-01-01T00:10:44.900000Z</time>
        <extensions>
          <gpxtpx:TrackPointExtension>
            <gpxtpx:hr>154</gpxtpx:hr>
          </gpxtpx:TrackPointExtension>
        </extensions>
      </trkpt>
      <trkpt lat="31.233722530778763" lon="121.62927580069776">
        <ele>4.987546816468239</ele>
        <time>1970-01-01T00:10:45.900000Z</time>
        <extensions>
          <gpxtpx:TrackPointExtension>
            <gpxtpx:hr>154</gpxtpx:hr>
          </gpxtpx:TrackPointExtension>
        </extensions>
      </trkpt>
      <trkpt lat="31.23372955496253" lon="121.62930392905218">
        <ele>5.057407924905419</ele>
        <time>1970-01-01T00:10:46.900000Z</time>
        <extensions>
          <gpxtpx:TrackPointExtension>
            <gpxtpx:hr>154</gpxtpx:hr>
          </gpxtpx:TrackPointExtension>
        </extensions>
      </trkpt>
      <trkpt lat="31.233736388211437" lon="121.62933187940801">
        <ele>5.124774904921651</ele>
        <time>1970-01-01T00:10:47.900000Z</time>
        <extensions>
          <gpxtpx:TrackPointExtension>
            <gpxtpx:hr>159</gpxtpx:hr>
          </gpxtpx:TrackPointExtension>
        </extensions>
      </trkpt>
      <trkpt lat="31.233743860155727" lon="121.6293616284236">
        <ele>5.192320299334824</ele>
        <time>1970-01-01T00:10:48.900000Z</time>
        <extensions>
          <gpxtpx:TrackPointExtension>
            <gpxtpx:hr>159</gpxtpx:hr>
          </gpxtpx:TrackPointExtension>
        </extensions>
      </trkpt>
      <trkpt lat="31.233750652187414" lon="121.62938923056858">
        <ele>5.249018397182226</ele>
        <time>1970-01-01T00:10:49.900000Z</time>
        <extensions>
          <gpxtpx:TrackPointExtension>
            <gpxtpx:hr>159</gpxtpx:hr>
          </gpxtpx:TrackPointExtension>
        </extensions>
      </trkpt>
      <trkpt lat="31.233757297725035" lon="121.62941736241332">
        <ele>5.298540081828833</ele>
        <time>1970-01-01T00:10:50.900000Z</time>
        <extensions>
          <gpxtpx:TrackPointExtension>
            <gpxtpx:hr>159</gpxtpx:hr>
          </gpxtpx:TrackPointExtension>
        </extensions>
      </trkpt>
      <trkpt lat="31.23376363221457" lon="121.62944358841537">
        <ele>5.336449816823006</ele>
        <time>1970-01-01T00:10:51.900000Z</time>
        <extensions>
          <gpxtpx:TrackPointExtension>
            <gpxtpx:hr>159</gpxtpx:hr>
          </gpxtpx:TrackPointExtension>
        </extensions>
      </trkpt>
      <trkpt lat="31.233771134530578" lon="121.62947502765205">
        <ele>5.371907846070826</ele>
        <time>1970-01-01T00:10:52.900000Z</time>
        <extensions>
          <gpxtpx:TrackPointExtension>
            <gpxtpx:hr>159</gpxtpx:hr>
          </gpxtpx:TrackPointExtension>
        </extensions>
      </trkpt>
      <trkpt lat="31.233777632311316" lon="121.62950392549175">
        <ele>5.397617803886533</ele>
        <time>1970-01-01T00:10:53.900000Z</time>
        <extensions>
          <gpxtpx:TrackPointExtension>
            <gpxtpx:hr>159</gpxtpx:hr>
          </gpxtpx:TrackPointExtension>
        </extensions>
      </trkpt>
      <trkpt lat="31.233783782158984" lon="121.62953256296585">
        <ele>5.420711376704276</ele>
        <time>1970-01-01T00:10:54.900000Z</time>
        <extensions>
          <gpxtpx:TrackPointExtension>
            <gpxtpx:hr>159</gpxtpx:hr>
          </gpxtpx:TrackPointExtension>
        </extensions>
      </trkpt>
      <trkpt lat="31.233789530128835" lon="121.62956072561641">
        <ele>5.443846955895424</ele>
        <time>1970-01-01T00:10:56Z</time>
        <extensions>
          <gpxtpx:TrackPointExtension>
            <gpxtpx:hr>159</gpxtpx:hr>
          </gpxtpx:TrackPointExtension>
        </extensions>
      </trkpt>
      <trkpt lat="31.233795133308103" lon="121.62958855909903">
        <ele>5.468532319180667</ele>
        <time>1970-01-01T00:10:57Z</time>
        <extensions>
          <gpxtpx:TrackPointExtension>
            <gpxtpx:hr>159</gpxtpx:hr>
          </gpxtpx:TrackPointExtension>
        </extensions>
      </trkpt>
      <trkpt lat="31.233800758836196" lon="121.62961638906583">
        <ele>5.495010402053595</ele>
        <time>1970-01-01T00:10:58Z</time>
        <extensions>
          <gpxtpx:TrackPointExtension>
            <gpxtpx:hr>162</gpxtpx:hr>
          </gpxtpx:TrackPointExtension>
        </extensions>
      </trkpt>
      <trkpt lat="31.233805772954828" lon="121.62964443195202">
        <ele>5.522117340937257</ele>
        <time>1970-01-01T00:10:59Z</time>
        <extensions>
          <gpxtpx:TrackPointExtension>
            <gpxtpx:hr>162</gpxtpx:hr>
          </gpxtpx:TrackPointExtension>
        </extensions>
      </trkpt>
      <trkpt lat="31.23380959664495" lon="121.62967286635303">
        <ele>5.547033593989909</ele>
        <time>1970-01-01T00:11:00Z</time>
        <extensions>
          <gpxtpx:TrackPointExtension>
            <gpxtpx:hr>162</gpxtpx:hr>
          </gpxtpx:TrackPointExtension>
        </extensions>
      </trkpt>
      <trkpt lat="31.233812048559166" lon="121.62969847098366">
        <ele>5.5639675334095955</ele>
        <time>1970-01-01T00:11:00.900000Z</time>
        <extensions>
          <gpxtpx:TrackPointExtension>
            <gpxtpx:hr>162</gpxtpx:hr>
          </gpxtpx:TrackPointExtension>
        </extensions>
      </trkpt>
      <trkpt lat="31.23381443554697" lon="121.62972739152119">
        <ele>5.571834484115243</ele>
        <time>1970-01-01T00:11:01.900000Z</time>
        <extensions>
          <gpxtpx:TrackPointExtension>
            <gpxtpx:hr>162</gpxtpx:hr>
          </gpxtpx:TrackPointExtension>
        </extensions>
      </trkpt>
      <trkpt lat="31.233817175435345" lon="121.62975604298248">
        <ele>5.563948885537684</ele>
        <time>1970-01-01T00:11:02.900000Z</time>
        <extensions>
          <gpxtpx:TrackPointExtension>
            <gpxtpx:hr>162</gpxtpx:hr>
          </gpxtpx:TrackPointExtension>
        </extensions>
      </trkpt>
      <trkpt lat="31.23382055179182" lon="121.62978435446095">
        <ele>5.539319824427366</ele>
        <time>1970-01-01T00:11:03.900000Z</time>
        <extensions>
          <gpxtpx:TrackPointExtension>
            <gpxtpx:hr>162</gpxtpx:hr>
          </gpxtpx:TrackPointExtension>
        </extensions>
      </trkpt>
      <trkpt lat="31.233824260661006" lon="121.6298126465722">
        <ele>5.4988562017679214</ele>
        <time>1970-01-01T00:11:04.900000Z</time>
        <extensions>
          <gpxtpx:TrackPointExtension>
            <gpxtpx:hr>163</gpxtpx:hr>
          </gpxtpx:TrackPointExtension>
        </extensions>
      </trkpt>
      <trkpt lat="31.2338279703394" lon="121.62984112528794">
        <ele>5.444699507206678</ele>
        <time>1970-01-01T00:11:05.900000Z</time>
        <extensions>
          <gpxtpx:TrackPointExtension>
            <gpxtpx:hr>163</gpxtpx:hr>
          </gpxtpx:TrackPointExtension>
        </extensions>
      </trkpt>
      <trkpt lat="31.233832281116612" lon="121.62986979132037">
        <ele>5.3797169001773</ele>
        <time>1970-01-01T00:11:06.900000Z</time>
        <extensions>
          <gpxtpx:TrackPointExtension>
            <gpxtpx:hr>163</gpxtpx:hr>
          </gpxtpx:TrackPointExtension>
        </extensions>
      </trkpt>
      <trkpt lat="31.233837518993884" lon="121.62989822003094">
        <ele>5.307111375033855</ele>
        <time>1970-01-01T00:11:07.900000Z</time>
        <extensions>
          <gpxtpx:TrackPointExtension>
            <gpxtpx:hr>163</gpxtpx:hr>
          </gpxtpx:TrackPointExtension>
        </extensions>
      </trkpt>
      <trkpt lat="31.233843341455845" lon="121.62992596535723">
        <ele>5.229997918009758</ele>
        <time>1970-01-01T00:11:08.900000Z</time>
        <extensions>
          <gpxtpx:TrackPointExtension>
            <gpxtpx:hr>163</gpxtpx:hr>
          </gpxtpx:TrackPointExtension>
        </extensions>
      </trkpt>
      <trkpt lat="31.233849765714197" lon="121.62995314462343">
        <ele>5.15095286257565</ele>
        <time>1970-01-01T00:11:09.900000Z</time>
        <extensions>
          <gpxtpx:TrackPointExtension>
            <gpxtpx:hr>164</gpxtpx:hr>
          </gpxtpx:TrackPointExtension>
        </extensions>
      </trkpt>
      <trkpt lat="31.23385810420214" lon="121.6299836667979">
        <ele>5.061058604158461</ele>
        <time>1970-01-01T00:11:11Z</time>
        <extensions>
          <gpxtpx:TrackPointExtension>
            <gpxtpx:hr>164</gpxtpx:hr>
          </gpxtpx:TrackPointExtension>
        </extensions>
      </trkpt>
      <trkpt lat="31.233866091031196" lon="121.63001010513352">
        <ele>4.9837060468271375</ele>
        <time>1970-01-01T00:11:12Z</time>
        <extensions>
          <gpxtpx:TrackPointExtension>
            <gpxtpx:hr>164</gpxtpx:hr>
          </gpxtpx:TrackPointExtension>
        </extensions>
      </trkpt>
      <trkpt lat="31.233873364081234" lon="121.63003268461559">
        <ele>4.9187598545104265</ele>
        <time>1970-01-01T00:11:12.900000Z</time>
        <extensions>
          <gpxtpx:TrackPointExtension>
            <gpxtpx:hr>164</gpxtpx:hr>
          </gpxtpx:TrackPointExtension>
        </extensions>
      </trkpt>
      <trkpt lat="31.233882904555898" lon="121.63005945041384">
        <ele>4.843272406607866</ele>
        <time>1970-01-01T00:11:13.900000Z</time>
        <extensions>
          <gpxtpx:TrackPointExtension>
            <gpxtpx:hr>164</gpxtpx:hr>
          </gpxtpx:TrackPointExtension>
        </extensions>
      </trkpt>
      <trkpt lat="31.23389341088851" lon="121.6300865306123">
        <ele>4.768079414963722</ele>
        <time>1970-01-01T00:11:14.900000Z</time>
        <extensions>
          <gpxtpx:TrackPointExtension>
            <gpxtpx:hr>164</gpxtpx:hr>
          </gpxtpx:TrackPointExtension>
        </extensions>
      </trkpt>
      <trkpt lat="31.23390464690662" lon="121.63011340035759">
        <ele>4.693605186417699</ele>
        <time>1970-01-01T00:11:15.900000Z</time>
        <extensions>
          <gpxtpx:TrackPointExtension>
            <gpxtpx:hr>166</gpxtpx:hr>
          </gpxtpx:TrackPointExtension>
        </extensions>
      </trkpt>
      <trkpt lat="31.23391641142207" lon="121.63013973350297">
        <ele>4.620729472488165</ele>
        <time>1970-01-01T00:11:16.900000Z</time>
        <extensions>
          <gpxtpx:TrackPointExtension>
            <gpxtpx:hr>166</gpxtpx:hr>
          </gpxtpx:TrackPointExtension>
        </extensions>
      </trkpt>
      <trkpt lat="31.233928353860293" lon="121.63016559078012">
        <ele>4.550629044882953</ele>
        <time>1970-01-01T00:11:17.900000Z</time>
        <extensions>
          <gpxtpx:TrackPointExtension>
            <gpxtpx:hr>166</gpxtpx:hr>
          </gpxtpx:TrackPointExtension>
        </extensions>
      </trkpt>
      <trkpt lat="31.233940395390743" lon="121.63019099495618">
        <ele>4.484624647535384</ele>
        <time>1970-01-01T00:11:18.900000Z</time>
        <extensions>
          <gpxtpx:TrackPointExtension>
            <gpxtpx:hr>166</gpxtpx:hr>
          </gpxtpx:TrackPointExtension>
        </extensions>
      </trkpt>
      <trkpt lat="31.233952244669208" lon="121.63021604508741">
        <ele>4.423995134420693</ele>
        <time>1970-01-01T00:11:19.900000Z</time>
        <extensions>
          <gpxtpx:TrackPointExtension>
            <gpxtpx:hr>166</gpxtpx:hr>
          </gpxtpx:TrackPointExtension>
        </extensions>
      </trkpt>
      <trkpt lat="31.23396350695096" lon="121.63024077429473">
        <ele>4.3697967901825905</ele>
        <time>1970-01-01T00:11:20.900000Z</time>
        <extensions>
          <gpxtpx:TrackPointExtension>
            <gpxtpx:hr>166</gpxtpx:hr>
          </gpxtpx:TrackPointExtension>
        </extensions>
      </trkpt>
      <trkpt lat="31.23397421606955" lon="121.63026562470424">
        <ele>4.322737762704492</ele>
        <time>1970-01-01T00:11:21.900000Z</time>
        <extensions>
          <gpxtpx:TrackPointExtension>
            <gpxtpx:hr>166</gpxtpx:hr>
          </gpxtpx:TrackPointExtension>
        </extensions>
      </trkpt>
      <trkpt lat="31.233984341897795" lon="121.63029124903618">
        <ele>4.283021478913724</ele>
        <time>1970-01-01T00:11:22.900000Z</time>
        <extensions>
          <gpxtpx:TrackPointExtension>
            <gpxtpx:hr>166</gpxtpx:hr>
          </gpxtpx:TrackPointExtension>
        </extensions>
      </trkpt>
      <trkpt lat="31.233993180212376" lon="121.63031778806423">
        <ele>4.250086679123342</ele>
        <time>1970-01-01T00:11:23.900000Z</time>
        <extensions>
          <gpxtpx:TrackPointExtension>
            <gpxtpx:hr>166</gpxtpx:hr>
          </gpxtpx:TrackPointExtension>
        </extensions>
      </trkpt>
      <trkpt lat="31.23399981791207" lon="121.63034528720408">
        <ele>4.222232308238745</ele>
        <time>1970-01-01T00:11:24.900000Z</time>
        <extensions>
          <gpxtpx:TrackPointExtension>
            <gpxtpx:hr>166</gpxtpx:hr>
          </gpxtpx:TrackPointExtension>
        </extensions>
      </trkpt>
      <trkpt lat="31.234003646394807" lon="121.63037364037268">
        <ele>4.1963760843500495</ele>
        <time>1970-01-01T00:11:25.900000Z</time>
        <extensions>
          <gpxtpx:TrackPointExtension>
            <gpxtpx:hr>166</gpxtpx:hr>
          </gpxtpx:TrackPointExtension>
        </extensions>
      </trkpt>
      <trkpt lat="31.234003922298005" lon="121.63040210688327">
        <ele>4.168350838124752</ele>
        <time>1970-01-01T00:11:26.900000Z</time>
        <extensions>
          <gpxtpx:TrackPointExtension>
            <gpxtpx:hr>166</gpxtpx:hr>
          </gpxtpx:TrackPointExtension>
        </extensions>
      </trkpt>
      <trkpt lat="31.23399999872458" lon="121.63042960279957">
        <ele>4.133625783957541</ele>
        <time>1970-01-01T00:11:27.900000Z</time>
        <extensions>
          <gpxtpx:TrackPointExtension>
            <gpxtpx:hr>166</gpxtpx:hr>
          </gpxtpx:TrackPointExtension>
        </extensions>
      </trkpt>
      <trkpt lat="31.233991873200257" lon="121.63045537101668">
        <ele>4.0882339254021645</ele>
        <time>1970-01-01T00:11:28.900000Z</time>
        <extensions>
          <gpxtpx:TrackPointExtension>
            <gpxtpx:hr>166</gpxtpx:hr>
          </gpxtpx:TrackPointExtension>
        </extensions>
      </trkpt>
      <trkpt lat="31.23397977447477" lon="121.63047897235604">
        <ele>4.0300054010003805</ele>
        <time>1970-01-01T00:11:29.900000Z</time>
        <extensions>
          <gpxtpx:TrackPointExtension>
            <gpxtpx:hr>166</gpxtpx:hr>
          </gpxtpx:TrackPointExtension>
        </extensions>
      </trkpt>
      <trkpt lat="31.233964259812158" lon="121.63050019847023">
        <ele>3.9596388274803758</ele>
        <time>1970-01-01T00:11:30.900000Z</time>
        <extensions>
          <gpxtpx:TrackPointExtension>
            <gpxtpx:hr>166</gpxtpx:hr>
          </gpxtpx:TrackPointExtension>
        </extensions>
      </trkpt>
      <trkpt lat="31.233946220773795" lon="121.6305190833513">
        <ele>3.880764704197645</ele>
        <time>1970-01-01T00:11:31.900000Z</time>
        <extensions>
          <gpxtpx:TrackPointExtension>
            <gpxtpx:hr>166</gpxtpx:hr>
          </gpxtpx:TrackPointExtension>
        </extensions>
      </trkpt>
      <trkpt lat="31.233926450091694" lon="121.63053559507013">
        <ele>3.799188499338925</ele>
        <time>1970-01-01T00:11:32.900000Z</time>
        <extensions>
          <gpxtpx:TrackPointExtension>
            <gpxtpx:hr>167</gpxtpx:hr>
          </gpxtpx:TrackPointExtension>
        </extensions>
      </trkpt>
      <trkpt lat="31.23390553766838" lon="121.63055015806637">
        <ele>3.721776464022696</ele>
        <time>1970-01-01T00:11:33.900000Z</time>
        <extensions>
          <gpxtpx:TrackPointExtension>
            <gpxtpx:hr>167</gpxtpx:hr>
          </gpxtpx:TrackPointExtension>
        </extensions>
      </trkpt>
      <trkpt lat="31.23388367227772" lon="121.63056378573894">
        <ele>3.6548096872866154</ele>
        <time>1970-01-01T00:11:34.900000Z</time>
        <extensions>
          <gpxtpx:TrackPointExtension>
            <gpxtpx:hr>167</gpxtpx:hr>
          </gpxtpx:TrackPointExtension>
        </extensions>
      </trkpt>
      <trkpt lat="31.233860977272176" lon="121.63057683623461">
        <ele>3.602358592674136</ele>
        <time>1970-01-01T00:11:35.900000Z</time>
        <extensions>
          <gpxtpx:TrackPointExtension>
            <gpxtpx:hr>167</gpxtpx:hr>
          </gpxtpx:TrackPointExtension>
        </extensions>
      </trkpt>
      <trkpt lat="31.233837880884188" lon="121.63058936918314">
        <ele>3.565691857598722</ele>
        <time>1970-01-01T00:11:36.900000Z</time>
        <extensions>
          <gpxtpx:TrackPointExtension>
            <gpxtpx:hr>167</gpxtpx:hr>
          </gpxtpx:TrackPointExtension>
        </extensions>
      </trkpt>
      <trkpt lat="31.233814800506714" lon="121.63060182112577">
        <ele>3.5436292700469494</ele>
        <time>1970-01-01T00:11:37.900000Z</time>
        <extensions>
          <gpxtpx:TrackPointExtension>
            <gpxtpx:hr>167</gpxtpx:hr>
          </gpxtpx:TrackPointExtension>
        </extensions>
      </trkpt>
      <trkpt lat="31.233792029432713" lon="121.6306143353938">
        <ele>3.5332000199705362</ele>
        <time>1970-01-01T00:11:38.900000Z</time>
        <extensions>
          <gpxtpx:TrackPointExtension>
            <gpxtpx:hr>167</gpxtpx:hr>
          </gpxtpx:TrackPointExtension>
        </extensions>
      </trkpt>
      <trkpt lat="31.233769791922267" lon="121.6306269077358">
        <ele>3.5306123895570636</ele>
        <time>1970-01-01T00:11:39.900000Z</time>
        <extensions>
          <gpxtpx:TrackPointExtension>
            <gpxtpx:hr>167</gpxtpx:hr>
          </gpxtpx:TrackPointExtension>
        </extensions>
      </trkpt>
      <trkpt lat="31.23374805122334" lon="121.6306398297091">
        <ele>3.5322660515084863</ele>
        <time>1970-01-01T00:11:40.900000Z</time>
        <extensions>
          <gpxtpx:TrackPointExtension>
            <gpxtpx:hr>167</gpxtpx:hr>
          </gpxtpx:TrackPointExtension>
        </extensions>
      </trkpt>
      <trkpt lat="31.233726693908462" lon="121.630653186258">
        <ele>3.5353678753599524</ele>
        <time>1970-01-01T00:11:41.900000Z</time>
        <extensions>
          <gpxtpx:TrackPointExtension>
            <gpxtpx:hr>167</gpxtpx:hr>
          </gpxtpx:TrackPointExtension>
        </extensions>
      </trkpt>
      <trkpt lat="31.23370585688028" lon="121.63066686700802">
        <ele>3.53820398170501</ele>
        <time>1970-01-01T00:11:42.900000Z</time>
        <extensions>
          <gpxtpx:TrackPointExtension>
            <gpxtpx:hr>167</gpxtpx:hr>
          </gpxtpx:TrackPointExtension>
        </extensions>
      </trkpt>
      <trkpt lat="31.233685586301135" lon="121.63068108776014">
        <ele>3.5401462791487575</ele>
        <time>1970-01-01T00:11:43.900000Z</time>
        <extensions>
          <gpxtpx:TrackPointExtension>
            <gpxtpx:hr>167</gpxtpx:hr>
          </gpxtpx:TrackPointExtension>
        </extensions>
      </trkpt>
      <trkpt lat="31.233665646016966" lon="121.63069595511612">
        <ele>3.541360312141478</ele>
        <time>1970-01-01T00:11:44.900000Z</time>
        <extensions>
          <gpxtpx:TrackPointExtension>
            <gpxtpx:hr>167</gpxtpx:hr>
          </gpxtpx:TrackPointExtension>
        </extensions>
      </trkpt>
      <trkpt lat="31.233645739642036" lon="121.63071131383643">
        <ele>3.5423431415110826</ele>
        <time>1970-01-01T00:11:45.900000Z</time>
        <extensions>
          <gpxtpx:TrackPointExtension>
            <gpxtpx:hr>167</gpxtpx:hr>
          </gpxtpx:TrackPointExtension>
        </extensions>
      </trkpt>
      <trkpt lat="31.233625811843307" lon="121.63072754414715">
        <ele>3.543564720079303</ele>
        <time>1970-01-01T00:11:46.900000Z</time>
        <extensions>
          <gpxtpx:TrackPointExtension>
            <gpxtpx:hr>169</gpxtpx:hr>
          </gpxtpx:TrackPointExtension>
        </extensions>
      </trkpt>
      <trkpt lat="31.233605993258426" lon="121.63074467778407">
        <ele>3.545287260785699</ele>
        <time>1970-01-01T00:11:47.900000Z</time>
        <extensions>
          <gpxtpx:TrackPointExtension>
            <gpxtpx:hr>169</gpxtpx:hr>
          </gpxtpx:TrackPointExtension>
        </extensions>
      </trkpt>
      <trkpt lat="31.233586430333265" lon="121.6307620237476">
        <ele>3.5475004222244024</ele>
        <time>1970-01-01T00:11:48.900000Z</time>
        <extensions>
          <gpxtpx:TrackPointExtension>
            <gpxtpx:hr>169</gpxtpx:hr>
          </gpxtpx:TrackPointExtension>
        </extensions>
      </trkpt>
      <trkpt lat="31.233567427290414" lon="121.63077940133783">
        <ele>3.550067418254912</ele>
        <time>1970-01-01T00:11:49.900000Z</time>
        <extensions>
          <gpxtpx:TrackPointExtension>
            <gpxtpx:hr>169</gpxtpx:hr>
          </gpxtpx:TrackPointExtension>
        </extensions>
      </trkpt>
      <trkpt lat="31.233548871169376" lon="121.63079694260617">
        <ele>3.552993272431195</ele>
        <time>1970-01-01T00:11:50.900000Z</time>
        <extensions>
          <gpxtpx:TrackPointExtension>
            <gpxtpx:hr>169</gpxtpx:hr>
          </gpxtpx:TrackPointExtension>
        </extensions>
      </trkpt>
      <trkpt lat="31.233530393045452" lon="121.6308146265405">
        <ele>3.5566685665398836</ele>
        <time>1970-01-01T00:11:51.900000Z</time>
        <extensions>
          <gpxtpx:TrackPointExtension>
            <gpxtpx:hr>169</gpxtpx:hr>
          </gpxtpx:TrackPointExtension>
        </extensions>
      </trkpt>
      <trkpt lat="31.233512252687348" lon="121.63083272442053">
        <ele>3.5620538955554366</ele>
        <time>1970-01-01T00:11:52.900000Z</time>
        <extensions>
          <gpxtpx:TrackPointExtension>
            <gpxtpx:hr>169</gpxtpx:hr>
          </gpxtpx:TrackPointExtension>
        </extensions>
      </trkpt>
      <trkpt lat="31.233494921656924" lon="121.63085154573011">
        <ele>3.570640337653458</ele>
        <time>1970-01-01T00:11:53.900000Z</time>
        <extensions>
          <gpxtpx:TrackPointExtension>
            <gpxtpx:hr>169</gpxtpx:hr>
          </gpxtpx:TrackPointExtension>
        </extensions>
      </trkpt>
      <trkpt lat="31.2334786782405" lon="121.63087065986313">
        <ele>3.5844114515930414</ele>
        <time>1970-01-01T00:11:54.900000Z</time>
        <extensions>
          <gpxtpx:TrackPointExtension>
            <gpxtpx:hr>169</gpxtpx:hr>
          </gpxtpx:TrackPointExtension>
        </extensions>
      </trkpt>
      <trkpt lat="31.23346339357309" lon="121.63088981328961">
        <ele>3.605497719720006</ele>
        <time>1970-01-01T00:11:55.900000Z</time>
        <extensions>
          <gpxtpx:TrackPointExtension>
            <gpxtpx:hr>169</gpxtpx:hr>
          </gpxtpx:TrackPointExtension>
        </extensions>
      </trkpt>
      <trkpt lat="31.2334485459861" lon="121.63090925877987">
        <ele>3.6359072476625443</ele>
        <time>1970-01-01T00:11:56.900000Z</time>
        <extensions>
          <gpxtpx:TrackPointExtension>
            <gpxtpx:hr>169</gpxtpx:hr>
          </gpxtpx:TrackPointExtension>
        </extensions>
      </trkpt>
      <trkpt lat="31.233433870238823" lon="121.63092905436766">
        <ele>3.6774318581447005</ele>
        <time>1970-01-01T00:11:57.900000Z</time>
        <extensions>
          <gpxtpx:TrackPointExtension>
            <gpxtpx:hr>169</gpxtpx:hr>
          </gpxtpx:TrackPointExtension>
        </extensions>
      </trkpt>
      <trkpt lat="31.233419447390194" lon="121.63094920591675">
        <ele>3.731550682336092</ele>
        <time>1970-01-01T00:11:58.900000Z</time>
        <extensions>
          <gpxtpx:TrackPointExtension>
            <gpxtpx:hr>169</gpxtpx:hr>
          </gpxtpx:TrackPointExtension>
        </extensions>
      </trkpt>
      <trkpt lat="31.233405140948886" lon="121.63096999184233">
        <ele>3.79926105029881</ele>
        <time>1970-01-01T00:11:59.900000Z</time>
        <extensions>
          <gpxtpx:TrackPointExtension>
            <gpxtpx:hr>169</gpxtpx:hr>
          </gpxtpx:TrackPointExtension>
        </extensions>
      </trkpt>
      <trkpt lat="31.23339066106551" lon="121.63099137020174">
        <ele>3.8808589028194547</ele>
        <time>1970-01-01T00:12:00.900000Z</time>
        <extensions>
          <gpxtpx:TrackPointExtension>
            <gpxtpx:hr>169</gpxtpx:hr>
          </gpxtpx:TrackPointExtension>
        </extensions>
      </trkpt>
      <trkpt lat="31.23337598296921" lon="121.63101292438573">
        <ele>3.9753881385549903</ele>
        <time>1970-01-01T00:12:01.900000Z</time>
        <extensions>
          <gpxtpx:TrackPointExtension>
            <gpxtpx:hr>169</gpxtpx:hr>
          </gpxtpx:TrackPointExtension>
        </extensions>
      </trkpt>
      <trkpt lat="31.233356605359322" lon="121.6310409375335">
        <ele>4.1110093500465155</ele>
        <time>1970-01-01T00:12:03.100000Z</time>
        <extensions>
          <gpxtpx:TrackPointExtension>
            <gpxtpx:hr>170</gpxtpx:hr>
          </gpxtpx:TrackPointExtension>
        </extensions>
      </trkpt>
      <trkpt lat="31.23334094795953" lon="121.63106235367334">
        <ele>4.219467191956937</ele>
        <time>1970-01-01T00:12:04.100000Z</time>
        <extensions>
          <gpxtpx:TrackPointExtension>
            <gpxtpx:hr>170</gpxtpx:hr>
          </gpxtpx:TrackPointExtension>
        </extensions>
      </trkpt>
      <trkpt lat="31.233324800786356" lon="121.63108303671038">
        <ele>4.323780483566225</ele>
        <time>1970-01-01T00:12:05.200000Z</time>
        <extensions>
          <gpxtpx:TrackPointExtension>
            <gpxtpx:hr>170</gpxtpx:hr>
          </gpxtpx:TrackPointExtension>
        </extensions>
      </trkpt>
      <trkpt lat="31.23330855782634" lon="121.63110344110805">
        <ele>4.420719760470092</ele>
        <time>1970-01-01T00:12:06.200000Z</time>
        <extensions>
          <gpxtpx:TrackPointExtension>
            <gpxtpx:hr>170</gpxtpx:hr>
          </gpxtpx:TrackPointExtension>
        </extensions>
      </trkpt>
      <trkpt lat="31.233292146092886" lon="121.63112378662788">
        <ele>4.508367438800633</ele>
        <time>1970-01-01T00:12:07.200000Z</time>
        <extensions>
          <gpxtpx:TrackPointExtension>
            <gpxtpx:hr>170</gpxtpx:hr>
          </gpxtpx:TrackPointExtension>
        </extensions>
      </trkpt>
      <trkpt lat="31.233275415661844" lon="121.6311439402609">
        <ele>4.5856124414131045</ele>
        <time>1970-01-01T00:12:08.200000Z</time>
        <extensions>
          <gpxtpx:TrackPointExtension>
            <gpxtpx:hr>171</gpxtpx:hr>
          </gpxtpx:TrackPointExtension>
        </extensions>
      </trkpt>
      <trkpt lat="31.233258353652943" lon="121.63116405791206">
        <ele>4.651950826868415</ele>
        <time>1970-01-01T00:12:09.200000Z</time>
        <extensions>
          <gpxtpx:TrackPointExtension>
            <gpxtpx:hr>171</gpxtpx:hr>
          </gpxtpx:TrackPointExtension>
        </extensions>
      </trkpt>
      <trkpt lat="31.233240794187832" lon="121.63118421984669">
        <ele>4.707288164645433</ele>
        <time>1970-01-01T00:12:10.200000Z</time>
        <extensions>
          <gpxtpx:TrackPointExtension>
            <gpxtpx:hr>171</gpxtpx:hr>
          </gpxtpx:TrackPointExtension>
        </extensions>
      </trkpt>
      <trkpt lat="31.23322267782598" lon="121.6312040947899">
        <ele>4.7518165074288845</ele>
        <time>1970-01-01T00:12:11.200000Z</time>
        <extensions>
          <gpxtpx:TrackPointExtension>
            <gpxtpx:hr>171</gpxtpx:hr>
          </gpxtpx:TrackPointExtension>
        </extensions>
      </trkpt>
      <trkpt lat="31.233204235524532" lon="121.63122372864129">
        <ele>4.786107144318521</ele>
        <time>1970-01-01T00:12:12.200000Z</time>
        <extensions>
          <gpxtpx:TrackPointExtension>
            <gpxtpx:hr>171</gpxtpx:hr>
          </gpxtpx:TrackPointExtension>
        </extensions>
      </trkpt>
      <trkpt lat="31.233185550124485" lon="121.6312434255755">
        <ele>4.811103987507522</ele>
        <time>1970-01-01T00:12:13.200000Z</time>
        <extensions>
          <gpxtpx:TrackPointExtension>
            <gpxtpx:hr>171</gpxtpx:hr>
          </gpxtpx:TrackPointExtension>
        </extensions>
      </trkpt>
      <trkpt lat="31.233166899675002" lon="121.63126310672587">
        <ele>4.828048292547464</ele>
        <time>1970-01-01T00:12:14.200000Z</time>
        <extensions>
          <gpxtpx:TrackPointExtension>
            <gpxtpx:hr>171</gpxtpx:hr>
          </gpxtpx:TrackPointExtension>
        </extensions>
      </trkpt>
      <trkpt lat="31.233148756173755" lon="121.63128285649755">
        <ele>4.838197537697852</ele>
        <time>1970-01-01T00:12:15.200000Z</time>
        <extensions>
          <gpxtpx:TrackPointExtension>
            <gpxtpx:hr>171</gpxtpx:hr>
          </gpxtpx:TrackPointExtension>
        </extensions>
      </trkpt>
      <trkpt lat="31.233131043155115" lon="121.63130260660282">
        <ele>4.842656230553985</ele>
        <time>1970-01-01T00:12:16.200000Z</time>
        <extensions>
          <gpxtpx:TrackPointExtension>
            <gpxtpx:hr>171</gpxtpx:hr>
          </gpxtpx:TrackPointExtension>
        </extensions>
      </trkpt>
      <trkpt lat="31.233113454018092" lon="121.631321951953">
        <ele>4.842300751246512</ele>
        <time>1970-01-01T00:12:17.200000Z</time>
        <extensions>
          <gpxtpx:TrackPointExtension>
            <gpxtpx:hr>171</gpxtpx:hr>
          </gpxtpx:TrackPointExtension>
        </extensions>
      </trkpt>
      <trkpt lat="31.233095649415276" lon="121.631341003023">
        <ele>4.837582460604608</ele>
        <time>1970-01-01T00:12:18.200000Z</time>
        <extensions>
          <gpxtpx:TrackPointExtension>
            <gpxtpx:hr>171</gpxtpx:hr>
          </gpxtpx:TrackPointExtension>
        </extensions>
      </trkpt>
      <trkpt lat="31.2330772491643" lon="121.63136001127747">
        <ele>4.828598384745419</ele>
        <time>1970-01-01T00:12:19.200000Z</time>
        <extensions>
          <gpxtpx:TrackPointExtension>
            <gpxtpx:hr>171</gpxtpx:hr>
          </gpxtpx:TrackPointExtension>
        </extensions>
      </trkpt>
      <trkpt lat="31.2330583175439" lon="121.6313788197998">
        <ele>4.815490844659507</ele>
        <time>1970-01-01T00:12:20.200000Z</time>
        <extensions>
          <gpxtpx:TrackPointExtension>
            <gpxtpx:hr>171</gpxtpx:hr>
          </gpxtpx:TrackPointExtension>
        </extensions>
      </trkpt>
      <trkpt lat="31.23303922993836" lon="121.63139744638242">
        <ele>4.798391182906926</ele>
        <time>1970-01-01T00:12:21.200000Z</time>
        <extensions>
          <gpxtpx:TrackPointExtension>
            <gpxtpx:hr>171</gpxtpx:hr>
          </gpxtpx:TrackPointExtension>
        </extensions>
      </trkpt>
      <trkpt lat="31.23301992629823" lon="121.63141573621715">
        <ele>4.777363206259906</ele>
        <time>1970-01-01T00:12:22.200000Z</time>
        <extensions>
          <gpxtpx:TrackPointExtension>
            <gpxtpx:hr>173</gpxtpx:hr>
          </gpxtpx:TrackPointExtension>
        </extensions>
      </trkpt>
      <trkpt lat="31.233000249533657" lon="121.63143325338663">
        <ele>4.75242018327117</ele>
        <time>1970-01-01T00:12:23.200000Z</time>
        <extensions>
          <gpxtpx:TrackPointExtension>
            <gpxtpx:hr>173</gpxtpx:hr>
          </gpxtpx:TrackPointExtension>
        </extensions>
      </trkpt>
      <trkpt lat="31.232980408528725" lon="121.63144972674516">
        <ele>4.723757429979742</ele>
        <time>1970-01-01T00:12:24.200000Z</time>
        <extensions>
          <gpxtpx:TrackPointExtension>
            <gpxtpx:hr>173</gpxtpx:hr>
          </gpxtpx:TrackPointExtension>
        </extensions>
      </trkpt>
      <trkpt lat="31.23296048682788" lon="121.63146510274747">
        <ele>4.691820268519223</ele>
        <time>1970-01-01T00:12:25.200000Z</time>
        <extensions>
          <gpxtpx:TrackPointExtension>
            <gpxtpx:hr>173</gpxtpx:hr>
          </gpxtpx:TrackPointExtension>
        </extensions>
      </trkpt>
      <trkpt lat="31.232940427082784" lon="121.63147958426276">
        <ele>4.657124440185726</ele>
        <time>1970-01-01T00:12:26.200000Z</time>
        <extensions>
          <gpxtpx:TrackPointExtension>
            <gpxtpx:hr>173</gpxtpx:hr>
          </gpxtpx:TrackPointExtension>
        </extensions>
      </trkpt>
      <trkpt lat="31.232920308420532" lon="121.63149345535695">
        <ele>4.619998060166836</ele>
        <time>1970-01-01T00:12:27.200000Z</time>
        <extensions>
          <gpxtpx:TrackPointExtension>
            <gpxtpx:hr>173</gpxtpx:hr>
          </gpxtpx:TrackPointExtension>
        </extensions>
      </trkpt>
      <trkpt lat="31.232899913138272" lon="121.63150696445041">
        <ele>4.5807104501873255</ele>
        <time>1970-01-01T00:12:28.200000Z</time>
        <extensions>
          <gpxtpx:TrackPointExtension>
            <gpxtpx:hr>173</gpxtpx:hr>
          </gpxtpx:TrackPointExtension>
        </extensions>
      </trkpt>
      <trkpt lat="31.232879051919635" lon="121.63152012096741">
        <ele>4.539331283420324</ele>
        <time>1970-01-01T00:12:29.200000Z</time>
        <extensions>
          <gpxtpx:TrackPointExtension>
            <gpxtpx:hr>173</gpxtpx:hr>
          </gpxtpx:TrackPointExtension>
        </extensions>
      </trkpt>
      <trkpt lat="31.23285798121009" lon="121.63153308909148">
        <ele>4.496054622344673</ele>
        <time>1970-01-01T00:12:30.200000Z</time>
        <extensions>
          <gpxtpx:TrackPointExtension>
            <gpxtpx:hr>173</gpxtpx:hr>
          </gpxtpx:TrackPointExtension>
        </extensions>
      </trkpt>
      <trkpt lat="31.232836737793843" lon="121.63154629663688">
        <ele>4.451097035780549</ele>
        <time>1970-01-01T00:12:31.200000Z</time>
        <extensions>
          <gpxtpx:TrackPointExtension>
            <gpxtpx:hr>173</gpxtpx:hr>
          </gpxtpx:TrackPointExtension>
        </extensions>
      </trkpt>
      <trkpt lat="31.23281536054612" lon="121.63155970758545">
        <ele>4.404271762818098</ele>
        <time>1970-01-01T00:12:32.200000Z</time>
        <extensions>
          <gpxtpx:TrackPointExtension>
            <gpxtpx:hr>172</gpxtpx:hr>
          </gpxtpx:TrackPointExtension>
        </extensions>
      </trkpt>
      <trkpt lat="31.23279448789243" lon="121.63157329222412">
        <ele>4.3556301752105355</ele>
        <time>1970-01-01T00:12:33.200000Z</time>
        <extensions>
          <gpxtpx:TrackPointExtension>
            <gpxtpx:hr>172</gpxtpx:hr>
          </gpxtpx:TrackPointExtension>
        </extensions>
      </trkpt>
      <trkpt lat="31.232774626566588" lon="121.63158754474837">
        <ele>4.3057112051174045</ele>
        <time>1970-01-01T00:12:34.200000Z</time>
        <extensions>
          <gpxtpx:TrackPointExtension>
            <gpxtpx:hr>172</gpxtpx:hr>
          </gpxtpx:TrackPointExtension>
        </extensions>
      </trkpt>
      <trkpt lat="31.23275553065978" lon="121.63160292034334">
        <ele>4.2554600248113275</ele>
        <time>1970-01-01T00:12:35.200000Z</time>
        <extensions>
          <gpxtpx:TrackPointExtension>
            <gpxtpx:hr>172</gpxtpx:hr>
          </gpxtpx:TrackPointExtension>
        </extensions>
      </trkpt>
      <trkpt lat="31.23273660032246" lon="121.63161862166027">
        <ele>4.206045599654317</ele>
        <time>1970-01-01T00:12:36.200000Z</time>
        <extensions>
          <gpxtpx:TrackPointExtension>
            <gpxtpx:hr>172</gpxtpx:hr>
          </gpxtpx:TrackPointExtension>
        </extensions>
      </trkpt>
      <trkpt lat="31.232717201883688" lon="121.63163343774683">
        <ele>4.158595350570977</ele>
        <time>1970-01-01T00:12:37.200000Z</time>
        <extensions>
          <gpxtpx:TrackPointExtension>
            <gpxtpx:hr>173</gpxtpx:hr>
          </gpxtpx:TrackPointExtension>
        </extensions>
      </trkpt>
      <trkpt lat="31.232696828787784" lon="121.63164705476736">
        <ele>4.1141693610697985</ele>
        <time>1970-01-01T00:12:38.200000Z</time>
        <extensions>
          <gpxtpx:TrackPointExtension>
            <gpxtpx:hr>173</gpxtpx:hr>
          </gpxtpx:TrackPointExtension>
        </extensions>
      </trkpt>
      <trkpt lat="31.23267539475899" lon="121.631659385398">
        <ele>4.073760565370321</ele>
        <time>1970-01-01T00:12:39.200000Z</time>
        <extensions>
          <gpxtpx:TrackPointExtension>
            <gpxtpx:hr>173</gpxtpx:hr>
          </gpxtpx:TrackPointExtension>
        </extensions>
      </trkpt>
      <trkpt lat="31.232653169554883" lon="121.63167064533529">
        <ele>4.037926719523966</ele>
        <time>1970-01-01T00:12:40.300000Z</time>
        <extensions>
          <gpxtpx:TrackPointExtension>
            <gpxtpx:hr>173</gpxtpx:hr>
          </gpxtpx:TrackPointExtension>
        </extensions>
      </trkpt>
      <trkpt lat="31.232630259364846" lon="121.63168103571262">
        <ele>4.006644479930401</ele>
        <time>1970-01-01T00:12:41.300000Z</time>
        <extensions>
          <gpxtpx:TrackPointExtension>
            <gpxtpx:hr>173</gpxtpx:hr>
          </gpxtpx:TrackPointExtension>
        </extensions>
      </trkpt>
      <trkpt lat="31.23260681064467" lon="121.63169072512764">
        <ele>3.9792963275685906</ele>
        <time>1970-01-01T00:12:42.300000Z</time>
        <extensions>
          <gpxtpx:TrackPointExtension>
            <gpxtpx:hr>173</gpxtpx:hr>
          </gpxtpx:TrackPointExtension>
        </extensions>
      </trkpt>
      <trkpt lat="31.232583255289484" lon="121.63170059030458">
        <ele>3.955056369304657</ele>
        <time>1970-01-01T00:12:43.300000Z</time>
        <extensions>
          <gpxtpx:TrackPointExtension>
            <gpxtpx:hr>173</gpxtpx:hr>
          </gpxtpx:TrackPointExtension>
        </extensions>
      </trkpt>
      <trkpt lat="31.2325598438676" lon="121.63171101820488">
        <ele>3.9334538243710995</ele>
        <time>1970-01-01T00:12:44.300000Z</time>
        <extensions>
          <gpxtpx:TrackPointExtension>
            <gpxtpx:hr>172</gpxtpx:hr>
          </gpxtpx:TrackPointExtension>
        </extensions>
      </trkpt>
      <trkpt lat="31.23253663807558" lon="121.63172140703934">
        <ele>3.9142511086538434</ele>
        <time>1970-01-01T00:12:45.300000Z</time>
        <extensions>
          <gpxtpx:TrackPointExtension>
            <gpxtpx:hr>172</gpxtpx:hr>
          </gpxtpx:TrackPointExtension>
        </extensions>
      </trkpt>
      <trkpt lat="31.23251374041709" lon="121.63173146411135">
        <ele>3.897427322342992</ele>
        <time>1970-01-01T00:12:46.300000Z</time>
        <extensions>
          <gpxtpx:TrackPointExtension>
            <gpxtpx:hr>172</gpxtpx:hr>
          </gpxtpx:TrackPointExtension>
        </extensions>
      </trkpt>
      <trkpt lat="31.232491041829693" lon="121.63174108181619">
        <ele>3.8829031717032194</ele>
        <time>1970-01-01T00:12:47.300000Z</time>
        <extensions>
          <gpxtpx:TrackPointExtension>
            <gpxtpx:hr>172</gpxtpx:hr>
          </gpxtpx:TrackPointExtension>
        </extensions>
      </trkpt>
      <trkpt lat="31.23246815534275" lon="121.63174979944408">
        <ele>3.8703509140759706</ele>
        <time>1970-01-01T00:12:48.300000Z</time>
        <extensions>
          <gpxtpx:TrackPointExtension>
            <gpxtpx:hr>172</gpxtpx:hr>
          </gpxtpx:TrackPointExtension>
        </extensions>
      </trkpt>
      <trkpt lat="31.232444824515834" lon="121.63175763784115">
        <ele>3.859480273909867</ele>
        <time>1970-01-01T00:12:49.300000Z</time>
        <extensions>
          <gpxtpx:TrackPointExtension>
            <gpxtpx:hr>171</gpxtpx:hr>
          </gpxtpx:TrackPointExtension>
        </extensions>
      </trkpt>
      <trkpt lat="31.23242094038326" lon="121.63176512752409">
        <ele>3.850333512760699</ele>
        <time>1970-01-01T00:12:50.300000Z</time>
        <extensions>
          <gpxtpx:TrackPointExtension>
            <gpxtpx:hr>171</gpxtpx:hr>
          </gpxtpx:TrackPointExtension>
        </extensions>
      </trkpt>
      <trkpt lat="31.232396621532324" lon="121.63177231787158">
        <ele>3.843409175053239</ele>
        <time>1970-01-01T00:12:51.300000Z</time>
        <extensions>
          <gpxtpx:TrackPointExtension>
            <gpxtpx:hr>171</gpxtpx:hr>
          </gpxtpx:TrackPointExtension>
        </extensions>
      </trkpt>
      <trkpt lat="31.23237222723027" lon="121.631778915993">
        <ele>3.839020329527557</ele>
        <time>1970-01-01T00:12:52.300000Z</time>
        <extensions>
          <gpxtpx:TrackPointExtension>
            <gpxtpx:hr>171</gpxtpx:hr>
          </gpxtpx:TrackPointExtension>
        </extensions>
      </trkpt>
      <trkpt lat="31.232347994009587" lon="121.63178455764061">
        <ele>3.8367998618632555</ele>
        <time>1970-01-01T00:12:53.300000Z</time>
        <extensions>
          <gpxtpx:TrackPointExtension>
            <gpxtpx:hr>171</gpxtpx:hr>
          </gpxtpx:TrackPointExtension>
        </extensions>
      </trkpt>
      <trkpt lat="31.23232387652886" lon="121.63178882168727">
        <ele>3.836119543761015</ele>
        <time>1970-01-01T00:12:54.300000Z</time>
        <extensions>
          <gpxtpx:TrackPointExtension>
            <gpxtpx:hr>171</gpxtpx:hr>
          </gpxtpx:TrackPointExtension>
        </extensions>
      </trkpt>
      <trkpt lat="31.23229976361042" lon="121.63179139506296">
        <ele>3.8362871082499623</ele>
        <time>1970-01-01T00:12:55.300000Z</time>
        <extensions>
          <gpxtpx:TrackPointExtension>
            <gpxtpx:hr>171</gpxtpx:hr>
          </gpxtpx:TrackPointExtension>
        </extensions>
      </trkpt>
      <trkpt lat="31.232275575239928" lon="121.63179218863199">
        <ele>3.8367395624518394</ele>
        <time>1970-01-01T00:12:56.300000Z</time>
        <extensions>
          <gpxtpx:TrackPointExtension>
            <gpxtpx:hr>171</gpxtpx:hr>
          </gpxtpx:TrackPointExtension>
        </extensions>
      </trkpt>
      <trkpt lat="31.2322512407682" lon="121.63179122979257">
        <ele>3.8377602994441986</ele>
        <time>1970-01-01T00:12:57.300000Z</time>
        <extensions>
          <gpxtpx:TrackPointExtension>
            <gpxtpx:hr>171</gpxtpx:hr>
          </gpxtpx:TrackPointExtension>
        </extensions>
      </trkpt>
      <trkpt lat="31.232226756847627" lon="121.631788753486">
        <ele>3.840027001686394</ele>
        <time>1970-01-01T00:12:58.300000Z</time>
        <extensions>
          <gpxtpx:TrackPointExtension>
            <gpxtpx:hr>171</gpxtpx:hr>
          </gpxtpx:TrackPointExtension>
        </extensions>
      </trkpt>
      <trkpt lat="31.232201808812576" lon="121.63178568123956">
        <ele>3.843979229219258</ele>
        <time>1970-01-01T00:12:59.300000Z</time>
        <extensions>
          <gpxtpx:TrackPointExtension>
            <gpxtpx:hr>171</gpxtpx:hr>
          </gpxtpx:TrackPointExtension>
        </extensions>
      </trkpt>
      <trkpt lat="31.232176227492975" lon="121.63178254207872">
        <ele>3.8496472891420126</ele>
        <time>1970-01-01T00:13:00.300000Z</time>
        <extensions>
          <gpxtpx:TrackPointExtension>
            <gpxtpx:hr>171</gpxtpx:hr>
          </gpxtpx:TrackPointExtension>
        </extensions>
      </trkpt>
      <trkpt lat="31.232150457980723" lon="121.63177942937396">
        <ele>3.8568471167236567</ele>
        <time>1970-01-01T00:13:01.300000Z</time>
        <extensions>
          <gpxtpx:TrackPointExtension>
            <gpxtpx:hr>171</gpxtpx:hr>
          </gpxtpx:TrackPointExtension>
        </extensions>
      </trkpt>
      <trkpt lat="31.23212501750295" lon="121.6317763724354">
        <ele>3.8658810099586844</ele>
        <time>1970-01-01T00:13:02.300000Z</time>
        <extensions>
          <gpxtpx:TrackPointExtension>
            <gpxtpx:hr>171</gpxtpx:hr>
          </gpxtpx:TrackPointExtension>
        </extensions>
      </trkpt>
      <trkpt lat="31.232100156460096" lon="121.6317729093639">
        <ele>3.877285746857524</ele>
        <time>1970-01-01T00:13:03.300000Z</time>
        <extensions>
          <gpxtpx:TrackPointExtension>
            <gpxtpx:hr>172</gpxtpx:hr>
          </gpxtpx:TrackPointExtension>
        </extensions>
      </trkpt>
      <trkpt lat="31.232075920203407" lon="121.63176886244108">
        <ele>3.8914132649078965</ele>
        <time>1970-01-01T00:13:04.300000Z</time>
        <extensions>
          <gpxtpx:TrackPointExtension>
            <gpxtpx:hr>172</gpxtpx:hr>
          </gpxtpx:TrackPointExtension>
        </extensions>
      </trkpt>
      <trkpt lat="31.232052116475845" lon="121.63176434065747">
        <ele>3.908442188054323</ele>
        <time>1970-01-01T00:13:05.300000Z</time>
        <extensions>
          <gpxtpx:TrackPointExtension>
            <gpxtpx:hr>172</gpxtpx:hr>
          </gpxtpx:TrackPointExtension>
        </extensions>
      </trkpt>
      <trkpt lat="31.232028406273407" lon="121.6317591245955">
        <ele>3.9281473765149713</ele>
        <time>1970-01-01T00:13:06.300000Z</time>
        <extensions>
          <gpxtpx:TrackPointExtension>
            <gpxtpx:hr>172</gpxtpx:hr>
          </gpxtpx:TrackPointExtension>
        </extensions>
      </trkpt>
      <trkpt lat="31.23200465639685" lon="121.63175288679372">
        <ele>3.949961582198739</ele>
        <time>1970-01-01T00:13:07.300000Z</time>
        <extensions>
          <gpxtpx:TrackPointExtension>
            <gpxtpx:hr>172</gpxtpx:hr>
          </gpxtpx:TrackPointExtension>
        </extensions>
      </trkpt>
      <trkpt lat="31.23198069509281" lon="121.63174604966783">
        <ele>3.9731582356616855</ele>
        <time>1970-01-01T00:13:08.300000Z</time>
        <extensions>
          <gpxtpx:TrackPointExtension>
            <gpxtpx:hr>173</gpxtpx:hr>
          </gpxtpx:TrackPointExtension>
        </extensions>
      </trkpt>
      <trkpt lat="31.23195624644539" lon="121.63173890829177">
        <ele>3.9968198239803314</ele>
        <time>1970-01-01T00:13:09.300000Z</time>
        <extensions>
          <gpxtpx:TrackPointExtension>
            <gpxtpx:hr>173</gpxtpx:hr>
          </gpxtpx:TrackPointExtension>
        </extensions>
      </trkpt>
      <trkpt lat="31.231931482617323" lon="121.63173136675604">
        <ele>4.020004675723612</ele>
        <time>1970-01-01T00:13:10.300000Z</time>
        <extensions>
          <gpxtpx:TrackPointExtension>
            <gpxtpx:hr>173</gpxtpx:hr>
          </gpxtpx:TrackPointExtension>
        </extensions>
      </trkpt>
      <trkpt lat="31.23190702141537" lon="121.63172357254898">
        <ele>4.04192828014493</ele>
        <time>1970-01-01T00:13:11.300000Z</time>
        <extensions>
          <gpxtpx:TrackPointExtension>
            <gpxtpx:hr>173</gpxtpx:hr>
          </gpxtpx:TrackPointExtension>
        </extensions>
      </trkpt>
      <trkpt lat="31.231883038594994" lon="121.63171560074115">
        <ele>4.061821138486266</ele>
        <time>1970-01-01T00:13:12.300000Z</time>
        <extensions>
          <gpxtpx:TrackPointExtension>
            <gpxtpx:hr>173</gpxtpx:hr>
          </gpxtpx:TrackPointExtension>
        </extensions>
      </trkpt>
      <trkpt lat="31.231859351220837" lon="121.63170739606322">
        <ele>4.078923179768026</ele>
        <time>1970-01-01T00:13:13.300000Z</time>
        <extensions>
          <gpxtpx:TrackPointExtension>
            <gpxtpx:hr>173</gpxtpx:hr>
          </gpxtpx:TrackPointExtension>
        </extensions>
      </trkpt>
      <trkpt lat="31.231836110755882" lon="121.63169873609425">
        <ele>4.092633249238133</ele>
        <time>1970-01-01T00:13:14.400000Z</time>
        <extensions>
          <gpxtpx:TrackPointExtension>
            <gpxtpx:hr>173</gpxtpx:hr>
          </gpxtpx:TrackPointExtension>
        </extensions>
      </trkpt>
      <trkpt lat="31.23181328995887" lon="121.63168920475846">
        <ele>4.1027643932029605</ele>
        <time>1970-01-01T00:13:15.400000Z</time>
        <extensions>
          <gpxtpx:TrackPointExtension>
            <gpxtpx:hr>173</gpxtpx:hr>
          </gpxtpx:TrackPointExtension>
        </extensions>
      </trkpt>
      <trkpt lat="31.231790887499862" lon="121.63167879456252">
        <ele>4.109718823805451</ele>
        <time>1970-01-01T00:13:16.400000Z</time>
        <extensions>
          <gpxtpx:TrackPointExtension>
            <gpxtpx:hr>173</gpxtpx:hr>
          </gpxtpx:TrackPointExtension>
        </extensions>
      </trkpt>
      <trkpt lat="31.231768998514998" lon="121.63166802337295">
        <ele>4.11439214553684</ele>
        <time>1970-01-01T00:13:17.400000Z</time>
        <extensions>
          <gpxtpx:TrackPointExtension>
            <gpxtpx:hr>173</gpxtpx:hr>
          </gpxtpx:TrackPointExtension>
        </extensions>
      </trkpt>
      <trkpt lat="31.231747560052604" lon="121.63165710054533">
        <ele>4.117996831424534</ele>
        <time>1970-01-01T00:13:18.400000Z</time>
        <extensions>
          <gpxtpx:TrackPointExtension>
            <gpxtpx:hr>173</gpxtpx:hr>
          </gpxtpx:TrackPointExtension>
        </extensions>
      </trkpt>
      <trkpt lat="31.23172656350397" lon="121.6316458305304">
        <ele>4.122070671059191</ele>
        <time>1970-01-01T00:13:19.400000Z</time>
        <extensions>
          <gpxtpx:TrackPointExtension>
            <gpxtpx:hr>173</gpxtpx:hr>
          </gpxtpx:TrackPointExtension>
        </extensions>
      </trkpt>
      <trkpt lat="31.23170574149879" lon="121.6316339330389">
        <ele>4.127954233437777</ele>
        <time>1970-01-01T00:13:20.400000Z</time>
        <extensions>
          <gpxtpx:TrackPointExtension>
            <gpxtpx:hr>173</gpxtpx:hr>
          </gpxtpx:TrackPointExtension>
        </extensions>
      </trkpt>
      <trkpt lat="31.231684869802926" lon="121.63162113572471">
        <ele>4.1367143876850605</ele>
        <time>1970-01-01T00:13:21.400000Z</time>
        <extensions>
          <gpxtpx:TrackPointExtension>
            <gpxtpx:hr>173</gpxtpx:hr>
          </gpxtpx:TrackPointExtension>
        </extensions>
      </trkpt>
      <trkpt lat="31.231663971286366" lon="121.63160749400372">
        <ele>4.149633824825287</ele>
        <time>1970-01-01T00:13:22.400000Z</time>
        <extensions>
          <gpxtpx:TrackPointExtension>
            <gpxtpx:hr>173</gpxtpx:hr>
          </gpxtpx:TrackPointExtension>
        </extensions>
      </trkpt>
      <trkpt lat="31.231642864159806" lon="121.63159352649524">
        <ele>4.167708727531135</ele>
        <time>1970-01-01T00:13:23.400000Z</time>
        <extensions>
          <gpxtpx:TrackPointExtension>
            <gpxtpx:hr>173</gpxtpx:hr>
          </gpxtpx:TrackPointExtension>
        </extensions>
      </trkpt>
      <trkpt lat="31.231621396274655" lon="121.63157969719262">
        <ele>4.1913902116939425</ele>
        <time>1970-01-01T00:13:24.400000Z</time>
        <extensions>
          <gpxtpx:TrackPointExtension>
            <gpxtpx:hr>174</gpxtpx:hr>
          </gpxtpx:TrackPointExtension>
        </extensions>
      </trkpt>
      <trkpt lat="31.231599629834744" lon="121.63156643318902">
        <ele>4.2208231864497066</ele>
        <time>1970-01-01T00:13:25.400000Z</time>
        <extensions>
          <gpxtpx:TrackPointExtension>
            <gpxtpx:hr>174</gpxtpx:hr>
          </gpxtpx:TrackPointExtension>
        </extensions>
      </trkpt>
      <trkpt lat="31.231577547186816" lon="121.63155418449936">
        <ele>4.255599986761808</ele>
        <time>1970-01-01T00:13:26.400000Z</time>
        <extensions>
          <gpxtpx:TrackPointExtension>
            <gpxtpx:hr>174</gpxtpx:hr>
          </gpxtpx:TrackPointExtension>
        </extensions>
      </trkpt>
      <trkpt lat="31.231555168105846" lon="121.63154293288828">
        <ele>4.294881457462907</ele>
        <time>1970-01-01T00:13:27.400000Z</time>
        <extensions>
          <gpxtpx:TrackPointExtension>
            <gpxtpx:hr>174</gpxtpx:hr>
          </gpxtpx:TrackPointExtension>
        </extensions>
      </trkpt>
      <trkpt lat="31.231532898160374" lon="121.63153221475875">
        <ele>4.337928379885852</ele>
        <time>1970-01-01T00:13:28.400000Z</time>
        <extensions>
          <gpxtpx:TrackPointExtension>
            <gpxtpx:hr>174</gpxtpx:hr>
          </gpxtpx:TrackPointExtension>
        </extensions>
      </trkpt>
      <trkpt lat="31.231510967962304" lon="121.63152201995517">
        <ele>4.3844834780320525</ele>
        <time>1970-01-01T00:13:29.400000Z</time>
        <extensions>
          <gpxtpx:TrackPointExtension>
            <gpxtpx:hr>174</gpxtpx:hr>
          </gpxtpx:TrackPointExtension>
        </extensions>
      </trkpt>
      <trkpt lat="31.231489193454152" lon="121.63151228367555">
        <ele>4.434859943576157</ele>
        <time>1970-01-01T00:13:30.400000Z</time>
        <extensions>
          <gpxtpx:TrackPointExtension>
            <gpxtpx:hr>174</gpxtpx:hr>
          </gpxtpx:TrackPointExtension>
        </extensions>
      </trkpt>
      <trkpt lat="31.2314676149996" lon="121.6315024049788">
        <ele>4.489430726505816</ele>
        <time>1970-01-01T00:13:31.400000Z</time>
        <extensions>
          <gpxtpx:TrackPointExtension>
            <gpxtpx:hr>174</gpxtpx:hr>
          </gpxtpx:TrackPointExtension>
        </extensions>
      </trkpt>
      <trkpt lat="31.231446247814088" lon="121.63149209807725">
        <ele>4.548007361590862</ele>
        <time>1970-01-01T00:13:32.400000Z</time>
        <extensions>
          <gpxtpx:TrackPointExtension>
            <gpxtpx:hr>174</gpxtpx:hr>
          </gpxtpx:TrackPointExtension>
        </extensions>
      </trkpt>
      <trkpt lat="31.231424926547586" lon="121.63148101168309">
        <ele>4.609814562834799</ele>
        <time>1970-01-01T00:13:33.400000Z</time>
        <extensions>
          <gpxtpx:TrackPointExtension>
            <gpxtpx:hr>173</gpxtpx:hr>
          </gpxtpx:TrackPointExtension>
        </extensions>
      </trkpt>
      <trkpt lat="31.23140359580306" lon="121.63146927926837">
        <ele>4.673886672593653</ele>
        <time>1970-01-01T00:13:34.400000Z</time>
        <extensions>
          <gpxtpx:TrackPointExtension>
            <gpxtpx:hr>173</gpxtpx:hr>
          </gpxtpx:TrackPointExtension>
        </extensions>
      </trkpt>
      <trkpt lat="31.23138226491503" lon="121.63145769778265">
        <ele>4.739288754761219</ele>
        <time>1970-01-01T00:13:35.400000Z</time>
        <extensions>
          <gpxtpx:TrackPointExtension>
            <gpxtpx:hr>173</gpxtpx:hr>
          </gpxtpx:TrackPointExtension>
        </extensions>
      </trkpt>
      <trkpt lat="31.231360694065874" lon="121.6314466394967">
        <ele>4.804600590839982</ele>
        <time>1970-01-01T00:13:36.400000Z</time>
        <extensions>
          <gpxtpx:TrackPointExtension>
            <gpxtpx:hr>173</gpxtpx:hr>
          </gpxtpx:TrackPointExtension>
        </extensions>
      </trkpt>
      <trkpt lat="31.231338705097794" lon="121.63143613394811">
        <ele>4.86768140271306</ele>
        <time>1970-01-01T00:13:37.400000Z</time>
        <extensions>
          <gpxtpx:TrackPointExtension>
            <gpxtpx:hr>174</gpxtpx:hr>
          </gpxtpx:TrackPointExtension>
        </extensions>
      </trkpt>
      <trkpt lat="31.23131624230046" lon="121.63142652636364">
        <ele>4.92604957241565</ele>
        <time>1970-01-01T00:13:38.400000Z</time>
        <extensions>
          <gpxtpx:TrackPointExtension>
            <gpxtpx:hr>174</gpxtpx:hr>
          </gpxtpx:TrackPointExtension>
        </extensions>
      </trkpt>
      <trkpt lat="31.231293157246157" lon="121.63141809274514">
        <ele>4.977416584268212</ele>
        <time>1970-01-01T00:13:39.400000Z</time>
        <extensions>
          <gpxtpx:TrackPointExtension>
            <gpxtpx:hr>174</gpxtpx:hr>
          </gpxtpx:TrackPointExtension>
        </extensions>
      </trkpt>
      <trkpt lat="31.231269655893335" lon="121.63141057267174">
        <ele>5.020342436619103</ele>
        <time>1970-01-01T00:13:40.400000Z</time>
        <extensions>
          <gpxtpx:TrackPointExtension>
            <gpxtpx:hr>174</gpxtpx:hr>
          </gpxtpx:TrackPointExtension>
        </extensions>
      </trkpt>
      <trkpt lat="31.231246255281075" lon="121.63140372117583">
        <ele>5.054352289065719</ele>
        <time>1970-01-01T00:13:41.400000Z</time>
        <extensions>
          <gpxtpx:TrackPointExtension>
            <gpxtpx:hr>174</gpxtpx:hr>
          </gpxtpx:TrackPointExtension>
        </extensions>
      </trkpt>
      <trkpt lat="31.231223087519304" lon="121.63139726830431">
        <ele>5.079761904664338</ele>
        <time>1970-01-01T00:13:42.400000Z</time>
        <extensions>
          <gpxtpx:TrackPointExtension>
            <gpxtpx:hr>174</gpxtpx:hr>
          </gpxtpx:TrackPointExtension>
        </extensions>
      </trkpt>
      <trkpt lat="31.231199938304044" lon="121.63139097372493">
        <ele>5.097551880404353</ele>
        <time>1970-01-01T00:13:43.400000Z</time>
        <extensions>
          <gpxtpx:TrackPointExtension>
            <gpxtpx:hr>174</gpxtpx:hr>
          </gpxtpx:TrackPointExtension>
        </extensions>
      </trkpt>
      <trkpt lat="31.23117670761187" lon="121.63138532622152">
        <ele>5.108999396674335</ele>
        <time>1970-01-01T00:13:44.400000Z</time>
        <extensions>
          <gpxtpx:TrackPointExtension>
            <gpxtpx:hr>174</gpxtpx:hr>
          </gpxtpx:TrackPointExtension>
        </extensions>
      </trkpt>
      <trkpt lat="31.23115329040849" lon="121.63138088253139">
        <ele>5.1150922598317266</ele>
        <time>1970-01-01T00:13:45.400000Z</time>
        <extensions>
          <gpxtpx:TrackPointExtension>
            <gpxtpx:hr>174</gpxtpx:hr>
          </gpxtpx:TrackPointExtension>
        </extensions>
      </trkpt>
      <trkpt lat="31.231129752807597" lon="121.63137788529718">
        <ele>5.116738997399807</ele>
        <time>1970-01-01T00:13:46.400000Z</time>
        <extensions>
          <gpxtpx:TrackPointExtension>
            <gpxtpx:hr>174</gpxtpx:hr>
          </gpxtpx:TrackPointExtension>
        </extensions>
      </trkpt>
      <trkpt lat="31.23110638895644" lon="121.63137651599949">
        <ele>5.115027191117406</ele>
        <time>1970-01-01T00:13:47.400000Z</time>
        <extensions>
          <gpxtpx:TrackPointExtension>
            <gpxtpx:hr>174</gpxtpx:hr>
          </gpxtpx:TrackPointExtension>
        </extensions>
      </trkpt>
      <trkpt lat="31.231083278982826" lon="121.63137635225957">
        <ele>5.1109323389828205</ele>
        <time>1970-01-01T00:13:48.400000Z</time>
        <extensions>
          <gpxtpx:TrackPointExtension>
            <gpxtpx:hr>174</gpxtpx:hr>
          </gpxtpx:TrackPointExtension>
        </extensions>
      </trkpt>
      <trkpt lat="31.231060265967105" lon="121.63137655381252">
        <ele>5.104907978326082</ele>
        <time>1970-01-01T00:13:49.500000Z</time>
        <extensions>
          <gpxtpx:TrackPointExtension>
            <gpxtpx:hr>174</gpxtpx:hr>
          </gpxtpx:TrackPointExtension>
        </extensions>
      </trkpt>
      <trkpt lat="31.231037201266844" lon="121.63137667538788">
        <ele>5.096641471609473</ele>
        <time>1970-01-01T00:13:50.500000Z</time>
        <extensions>
          <gpxtpx:TrackPointExtension>
            <gpxtpx:hr>174</gpxtpx:hr>
          </gpxtpx:TrackPointExtension>
        </extensions>
      </trkpt>
      <trkpt lat="31.231014051419905" lon="121.63137675500207">
        <ele>5.085655524395406</ele>
        <time>1970-01-01T00:13:51.500000Z</time>
        <extensions>
          <gpxtpx:TrackPointExtension>
            <gpxtpx:hr>174</gpxtpx:hr>
          </gpxtpx:TrackPointExtension>
        </extensions>
      </trkpt>
      <trkpt lat="31.230990831596408" lon="121.63137676651579">
        <ele>5.071704400703311</ele>
        <time>1970-01-01T00:13:52.500000Z</time>
        <extensions>
          <gpxtpx:TrackPointExtension>
            <gpxtpx:hr>174</gpxtpx:hr>
          </gpxtpx:TrackPointExtension>
        </extensions>
      </trkpt>
      <trkpt lat="31.230967656234316" lon="121.63137698298381">
        <ele>5.054886108264327</ele>
        <time>1970-01-01T00:13:53.500000Z</time>
        <extensions>
          <gpxtpx:TrackPointExtension>
            <gpxtpx:hr>174</gpxtpx:hr>
          </gpxtpx:TrackPointExtension>
        </extensions>
      </trkpt>
      <trkpt lat="31.23094447637714" lon="121.63137796566636">
        <ele>5.035652680322528</ele>
        <time>1970-01-01T00:13:54.500000Z</time>
        <extensions>
          <gpxtpx:TrackPointExtension>
            <gpxtpx:hr>174</gpxtpx:hr>
          </gpxtpx:TrackPointExtension>
        </extensions>
      </trkpt>
      <trkpt lat="31.230921022415107" lon="121.63137935994801">
        <ele>5.014062572270632</ele>
        <time>1970-01-01T00:13:55.500000Z</time>
        <extensions>
          <gpxtpx:TrackPointExtension>
            <gpxtpx:hr>174</gpxtpx:hr>
          </gpxtpx:TrackPointExtension>
        </extensions>
      </trkpt>
      <trkpt lat="31.230897419217712" lon="121.6313810641792">
        <ele>4.990344082005322</ele>
        <time>1970-01-01T00:13:56.500000Z</time>
        <extensions>
          <gpxtpx:TrackPointExtension>
            <gpxtpx:hr>174</gpxtpx:hr>
          </gpxtpx:TrackPointExtension>
        </extensions>
      </trkpt>
      <trkpt lat="31.230873831712206" lon="121.63138383076176">
        <ele>4.96507868077606</ele>
        <time>1970-01-01T00:13:57.500000Z</time>
        <extensions>
          <gpxtpx:TrackPointExtension>
            <gpxtpx:hr>174</gpxtpx:hr>
          </gpxtpx:TrackPointExtension>
        </extensions>
      </trkpt>
      <trkpt lat="31.23085011596531" lon="121.63138773965751">
        <ele>4.939195808954537</ele>
        <time>1970-01-01T00:13:58.500000Z</time>
        <extensions>
          <gpxtpx:TrackPointExtension>
            <gpxtpx:hr>174</gpxtpx:hr>
          </gpxtpx:TrackPointExtension>
        </extensions>
      </trkpt>
      <trkpt lat="31.23082639239202" lon="121.63139238458312">
        <ele>4.913404290564358</ele>
        <time>1970-01-01T00:13:59.500000Z</time>
        <extensions>
          <gpxtpx:TrackPointExtension>
            <gpxtpx:hr>174</gpxtpx:hr>
          </gpxtpx:TrackPointExtension>
        </extensions>
      </trkpt>
      <trkpt lat="31.230802798383085" lon="121.63139792967465">
        <ele>4.8883765153586864</ele>
        <time>1970-01-01T00:14:00.500000Z</time>
        <extensions>
          <gpxtpx:TrackPointExtension>
            <gpxtpx:hr>174</gpxtpx:hr>
          </gpxtpx:TrackPointExtension>
        </extensions>
      </trkpt>
      <trkpt lat="31.23077907251558" lon="121.63140420893542">
        <ele>4.864111847244203</ele>
        <time>1970-01-01T00:14:01.500000Z</time>
        <extensions>
          <gpxtpx:TrackPointExtension>
            <gpxtpx:hr>174</gpxtpx:hr>
          </gpxtpx:TrackPointExtension>
        </extensions>
      </trkpt>
      <trkpt lat="31.230755043922336" lon="121.63141036545579">
        <ele>4.840624609962106</ele>
        <time>1970-01-01T00:14:02.500000Z</time>
        <extensions>
          <gpxtpx:TrackPointExtension>
            <gpxtpx:hr>174</gpxtpx:hr>
          </gpxtpx:TrackPointExtension>
        </extensions>
      </trkpt>
      <trkpt lat="31.230730771175732" lon="121.63141624595883">
        <ele>4.81826432608068</ele>
        <time>1970-01-01T00:14:03.500000Z</time>
        <extensions>
          <gpxtpx:TrackPointExtension>
            <gpxtpx:hr>174</gpxtpx:hr>
          </gpxtpx:TrackPointExtension>
        </extensions>
      </trkpt>
      <trkpt lat="31.230706067588855" lon="121.63142217016035">
        <ele>4.797293437644839</ele>
        <time>1970-01-01T00:14:04.500000Z</time>
        <extensions>
          <gpxtpx:TrackPointExtension>
            <gpxtpx:hr>174</gpxtpx:hr>
          </gpxtpx:TrackPointExtension>
        </extensions>
      </trkpt>
      <trkpt lat="31.230680918771903" lon="121.63142825321601">
        <ele>4.778153795748949</ele>
        <time>1970-01-01T00:14:05.500000Z</time>
        <extensions>
          <gpxtpx:TrackPointExtension>
            <gpxtpx:hr>174</gpxtpx:hr>
          </gpxtpx:TrackPointExtension>
        </extensions>
      </trkpt>
      <trkpt lat="31.230655784955907" lon="121.63143443574887">
        <ele>4.760926473885775</ele>
        <time>1970-01-01T00:14:06.500000Z</time>
        <extensions>
          <gpxtpx:TrackPointExtension>
            <gpxtpx:hr>174</gpxtpx:hr>
          </gpxtpx:TrackPointExtension>
        </extensions>
      </trkpt>
      <trkpt lat="31.230630853533636" lon="121.63144057869268">
        <ele>4.746376625262201</ele>
        <time>1970-01-01T00:14:07.500000Z</time>
        <extensions>
          <gpxtpx:TrackPointExtension>
            <gpxtpx:hr>175</gpxtpx:hr>
          </gpxtpx:TrackPointExtension>
        </extensions>
      </trkpt>
      <trkpt lat="31.230606054225508" lon="121.63144655812103">
        <ele>4.734811938367784</ele>
        <time>1970-01-01T00:14:08.500000Z</time>
        <extensions>
          <gpxtpx:TrackPointExtension>
            <gpxtpx:hr>175</gpxtpx:hr>
          </gpxtpx:TrackPointExtension>
        </extensions>
      </trkpt>
      <trkpt lat="31.230581449218356" lon="121.63145240878528">
        <ele>4.7266954854130745</ele>
        <time>1970-01-01T00:14:09.500000Z</time>
        <extensions>
          <gpxtpx:TrackPointExtension>
            <gpxtpx:hr>175</gpxtpx:hr>
          </gpxtpx:TrackPointExtension>
        </extensions>
      </trkpt>
      <trkpt lat="31.230556984223682" lon="121.63145822081957">
        <ele>4.722432430833578</ele>
        <time>1970-01-01T00:14:10.500000Z</time>
        <extensions>
          <gpxtpx:TrackPointExtension>
            <gpxtpx:hr>175</gpxtpx:hr>
          </gpxtpx:TrackPointExtension>
        </extensions>
      </trkpt>
      <trkpt lat="31.230532507133983" lon="121.63146394650433">
        <ele>4.72197506017983</ele>
        <time>1970-01-01T00:14:11.500000Z</time>
        <extensions>
          <gpxtpx:TrackPointExtension>
            <gpxtpx:hr>175</gpxtpx:hr>
          </gpxtpx:TrackPointExtension>
        </extensions>
      </trkpt>
      <trkpt lat="31.230508247675115" lon="121.63146970879501">
        <ele>4.725268674083054</ele>
        <time>1970-01-01T00:14:12.500000Z</time>
        <extensions>
          <gpxtpx:TrackPointExtension>
            <gpxtpx:hr>175</gpxtpx:hr>
          </gpxtpx:TrackPointExtension>
        </extensions>
      </trkpt>
      <trkpt lat="31.23048422294426" lon="121.6314754439961">
        <ele>4.7321268962696195</ele>
        <time>1970-01-01T00:14:13.500000Z</time>
        <extensions>
          <gpxtpx:TrackPointExtension>
            <gpxtpx:hr>175</gpxtpx:hr>
          </gpxtpx:TrackPointExtension>
        </extensions>
      </trkpt>
      <trkpt lat="31.230460112101767" lon="121.63148089972366">
        <ele>4.742136858403683</ele>
        <time>1970-01-01T00:14:14.500000Z</time>
        <extensions>
          <gpxtpx:TrackPointExtension>
            <gpxtpx:hr>175</gpxtpx:hr>
          </gpxtpx:TrackPointExtension>
        </extensions>
      </trkpt>
      <trkpt lat="31.230435888599697" lon="121.63148641580261">
        <ele>4.755002995952964</ele>
        <time>1970-01-01T00:14:15.500000Z</time>
        <extensions>
          <gpxtpx:TrackPointExtension>
            <gpxtpx:hr>175</gpxtpx:hr>
          </gpxtpx:TrackPointExtension>
        </extensions>
      </trkpt>
      <trkpt lat="31.23041148342446" lon="121.63149237674622">
        <ele>4.770255846902728</ele>
        <time>1970-01-01T00:14:16.500000Z</time>
        <extensions>
          <gpxtpx:TrackPointExtension>
            <gpxtpx:hr>175</gpxtpx:hr>
          </gpxtpx:TrackPointExtension>
        </extensions>
      </trkpt>
      <trkpt lat="31.230386743737423" lon="121.63149898613307">
        <ele>4.787114679813385</ele>
        <time>1970-01-01T00:14:17.500000Z</time>
        <extensions>
          <gpxtpx:TrackPointExtension>
            <gpxtpx:hr>173</gpxtpx:hr>
          </gpxtpx:TrackPointExtension>
        </extensions>
      </trkpt>
      <trkpt lat="31.230361934199944" lon="121.63150626655168">
        <ele>4.8050047708675265</ele>
        <time>1970-01-01T00:14:18.500000Z</time>
        <extensions>
          <gpxtpx:TrackPointExtension>
            <gpxtpx:hr>173</gpxtpx:hr>
          </gpxtpx:TrackPointExtension>
        </extensions>
      </trkpt>
      <trkpt lat="31.230337364961198" lon="121.63151396576681">
        <ele>4.8231291538104415</ele>
        <time>1970-01-01T00:14:19.500000Z</time>
        <extensions>
          <gpxtpx:TrackPointExtension>
            <gpxtpx:hr>173</gpxtpx:hr>
          </gpxtpx:TrackPointExtension>
        </extensions>
      </trkpt>
      <trkpt lat="31.230313111219584" lon="121.63152172745622">
        <ele>4.840766945853829</ele>
        <time>1970-01-01T00:14:20.500000Z</time>
        <extensions>
          <gpxtpx:TrackPointExtension>
            <gpxtpx:hr>173</gpxtpx:hr>
          </gpxtpx:TrackPointExtension>
        </extensions>
      </trkpt>
      <trkpt lat="31.230289318717738" lon="121.63152939833797">
        <ele>4.857209366746247</ele>
        <time>1970-01-01T00:14:21.500000Z</time>
        <extensions>
          <gpxtpx:TrackPointExtension>
            <gpxtpx:hr>173</gpxtpx:hr>
          </gpxtpx:TrackPointExtension>
        </extensions>
      </trkpt>
      <trkpt lat="31.23026579836423" lon="121.63153707954993">
        <ele>4.871371389366686</ele>
        <time>1970-01-01T00:14:22.500000Z</time>
        <extensions>
          <gpxtpx:TrackPointExtension>
            <gpxtpx:hr>173</gpxtpx:hr>
          </gpxtpx:TrackPointExtension>
        </extensions>
      </trkpt>
      <trkpt lat="31.230242059048745" lon="121.63154459530185">
        <ele>4.882368113845587</ele>
        <time>1970-01-01T00:14:23.500000Z</time>
        <extensions>
          <gpxtpx:TrackPointExtension>
            <gpxtpx:hr>173</gpxtpx:hr>
          </gpxtpx:TrackPointExtension>
        </extensions>
      </trkpt>
      <trkpt lat="31.23021812087068" lon="121.63155194256301">
        <ele>4.889453169889748</ele>
        <time>1970-01-01T00:14:24.600000Z</time>
        <extensions>
          <gpxtpx:TrackPointExtension>
            <gpxtpx:hr>173</gpxtpx:hr>
          </gpxtpx:TrackPointExtension>
        </extensions>
      </trkpt>
      <trkpt lat="31.230194188660967" lon="121.6315593933621">
        <ele>4.892138528637588</ele>
        <time>1970-01-01T00:14:25.600000Z</time>
        <extensions>
          <gpxtpx:TrackPointExtension>
            <gpxtpx:hr>173</gpxtpx:hr>
          </gpxtpx:TrackPointExtension>
        </extensions>
      </trkpt>
      <trkpt lat="31.230170121314753" lon="121.63156693753163">
        <ele>4.890588792972267</ele>
        <time>1970-01-01T00:14:26.600000Z</time>
        <extensions>
          <gpxtpx:TrackPointExtension>
            <gpxtpx:hr>173</gpxtpx:hr>
          </gpxtpx:TrackPointExtension>
        </extensions>
      </trkpt>
      <trkpt lat="31.23014581244628" lon="121.63157427666962">
        <ele>4.884743322618306</ele>
        <time>1970-01-01T00:14:27.600000Z</time>
        <extensions>
          <gpxtpx:TrackPointExtension>
            <gpxtpx:hr>173</gpxtpx:hr>
          </gpxtpx:TrackPointExtension>
        </extensions>
      </trkpt>
      <trkpt lat="31.230121408132092" lon="121.63158145847032">
        <ele>4.8748325407505035</ele>
        <time>1970-01-01T00:14:28.600000Z</time>
        <extensions>
          <gpxtpx:TrackPointExtension>
            <gpxtpx:hr>173</gpxtpx:hr>
          </gpxtpx:TrackPointExtension>
        </extensions>
      </trkpt>
      <trkpt lat="31.230096896586755" lon="121.63158880721194">
        <ele>4.8609313908964396</ele>
        <time>1970-01-01T00:14:29.600000Z</time>
        <extensions>
          <gpxtpx:TrackPointExtension>
            <gpxtpx:hr>173</gpxtpx:hr>
          </gpxtpx:TrackPointExtension>
        </extensions>
      </trkpt>
      <trkpt lat="31.230072389967216" lon="121.6315964076742">
        <ele>4.843250040896237</ele>
        <time>1970-01-01T00:14:30.600000Z</time>
        <extensions>
          <gpxtpx:TrackPointExtension>
            <gpxtpx:hr>173</gpxtpx:hr>
          </gpxtpx:TrackPointExtension>
        </extensions>
      </trkpt>
      <trkpt lat="31.23004813668544" lon="121.63160446248645">
        <ele>4.82225011382252</ele>
        <time>1970-01-01T00:14:31.600000Z</time>
        <extensions>
          <gpxtpx:TrackPointExtension>
            <gpxtpx:hr>173</gpxtpx:hr>
          </gpxtpx:TrackPointExtension>
        </extensions>
      </trkpt>
      <trkpt lat="31.230023824736303" lon="121.63161311804275">
        <ele>4.798276871442795</ele>
        <time>1970-01-01T00:14:32.600000Z</time>
        <extensions>
          <gpxtpx:TrackPointExtension>
            <gpxtpx:hr>173</gpxtpx:hr>
          </gpxtpx:TrackPointExtension>
        </extensions>
      </trkpt>
      <trkpt lat="31.22999915546851" lon="121.63162212896663">
        <ele>4.7713739816099405</ele>
        <time>1970-01-01T00:14:33.600000Z</time>
        <extensions>
          <gpxtpx:TrackPointExtension>
            <gpxtpx:hr>173</gpxtpx:hr>
          </gpxtpx:TrackPointExtension>
        </extensions>
      </trkpt>
      <trkpt lat="31.229974468873845" lon="121.6316310243261">
        <ele>4.742113990709186</ele>
        <time>1970-01-01T00:14:34.600000Z</time>
        <extensions>
          <gpxtpx:TrackPointExtension>
            <gpxtpx:hr>174</gpxtpx:hr>
          </gpxtpx:TrackPointExtension>
        </extensions>
      </trkpt>
      <trkpt lat="31.22995007460753" lon="121.63163969417666">
        <ele>4.711137834005058</ele>
        <time>1970-01-01T00:14:35.600000Z</time>
        <extensions>
          <gpxtpx:TrackPointExtension>
            <gpxtpx:hr>174</gpxtpx:hr>
          </gpxtpx:TrackPointExtension>
        </extensions>
      </trkpt>
      <trkpt lat="31.229925897012333" lon="121.6316482011937">
        <ele>4.679322998970747</ele>
        <time>1970-01-01T00:14:36.600000Z</time>
        <extensions>
          <gpxtpx:TrackPointExtension>
            <gpxtpx:hr>174</gpxtpx:hr>
          </gpxtpx:TrackPointExtension>
        </extensions>
      </trkpt>
      <trkpt lat="31.229901972705164" lon="121.63165661268609">
        <ele>4.647342769429088</ele>
        <time>1970-01-01T00:14:37.600000Z</time>
        <extensions>
          <gpxtpx:TrackPointExtension>
            <gpxtpx:hr>174</gpxtpx:hr>
          </gpxtpx:TrackPointExtension>
        </extensions>
      </trkpt>
      <trkpt lat="31.22987836669414" lon="121.63166520935896">
        <ele>4.615432291291654</ele>
        <time>1970-01-01T00:14:38.600000Z</time>
        <extensions>
          <gpxtpx:TrackPointExtension>
            <gpxtpx:hr>173</gpxtpx:hr>
          </gpxtpx:TrackPointExtension>
        </extensions>
      </trkpt>
      <trkpt lat="31.22985488520087" lon="121.63167417432844">
        <ele>4.583870152011514</ele>
        <time>1970-01-01T00:14:39.600000Z</time>
        <extensions>
          <gpxtpx:TrackPointExtension>
            <gpxtpx:hr>173</gpxtpx:hr>
          </gpxtpx:TrackPointExtension>
        </extensions>
      </trkpt>
      <trkpt lat="31.229831621126124" lon="121.63168361041578">
        <ele>4.552731189876795</ele>
        <time>1970-01-01T00:14:40.600000Z</time>
        <extensions>
          <gpxtpx:TrackPointExtension>
            <gpxtpx:hr>173</gpxtpx:hr>
          </gpxtpx:TrackPointExtension>
        </extensions>
      </trkpt>
      <trkpt lat="31.229808705520146" lon="121.63169370629672">
        <ele>4.522285248152912</ele>
        <time>1970-01-01T00:14:41.600000Z</time>
        <extensions>
          <gpxtpx:TrackPointExtension>
            <gpxtpx:hr>173</gpxtpx:hr>
          </gpxtpx:TrackPointExtension>
        </extensions>
      </trkpt>
      <trkpt lat="31.229785781956814" lon="121.63170416842564">
        <ele>4.492971950210631</ele>
        <time>1970-01-01T00:14:42.600000Z</time>
        <extensions>
          <gpxtpx:TrackPointExtension>
            <gpxtpx:hr>173</gpxtpx:hr>
          </gpxtpx:TrackPointExtension>
        </extensions>
      </trkpt>
      <trkpt lat="31.229762782535676" lon="121.63171451057977">
        <ele>4.4650205774232745</ele>
        <time>1970-01-01T00:14:43.600000Z</time>
        <extensions>
          <gpxtpx:TrackPointExtension>
            <gpxtpx:hr>173</gpxtpx:hr>
          </gpxtpx:TrackPointExtension>
        </extensions>
      </trkpt>
      <trkpt lat="31.229739826805876" lon="121.6317247393568">
        <ele>4.4386488646268845</ele>
        <time>1970-01-01T00:14:44.600000Z</time>
        <extensions>
          <gpxtpx:TrackPointExtension>
            <gpxtpx:hr>173</gpxtpx:hr>
          </gpxtpx:TrackPointExtension>
        </extensions>
      </trkpt>
      <trkpt lat="31.229716631456583" lon="121.63173461206357">
        <ele>4.414007473737001</ele>
        <time>1970-01-01T00:14:45.600000Z</time>
        <extensions>
          <gpxtpx:TrackPointExtension>
            <gpxtpx:hr>173</gpxtpx:hr>
          </gpxtpx:TrackPointExtension>
        </extensions>
      </trkpt>
      <trkpt lat="31.22969320318062" lon="121.6317439346799">
        <ele>4.391304032877088</ele>
        <time>1970-01-01T00:14:46.600000Z</time>
        <extensions>
          <gpxtpx:TrackPointExtension>
            <gpxtpx:hr>173</gpxtpx:hr>
          </gpxtpx:TrackPointExtension>
        </extensions>
      </trkpt>
      <trkpt lat="31.229669895072256" lon="121.63175310915747">
        <ele>4.37091444619</ele>
        <time>1970-01-01T00:14:47.600000Z</time>
        <extensions>
          <gpxtpx:TrackPointExtension>
            <gpxtpx:hr>173</gpxtpx:hr>
          </gpxtpx:TrackPointExtension>
        </extensions>
      </trkpt>
      <trkpt lat="31.229646549193824" lon="121.63176239610729">
        <ele>4.352734498679638</ele>
        <time>1970-01-01T00:14:48.600000Z</time>
        <extensions>
          <gpxtpx:TrackPointExtension>
            <gpxtpx:hr>173</gpxtpx:hr>
          </gpxtpx:TrackPointExtension>
        </extensions>
      </trkpt>
      <trkpt lat="31.229623050111346" lon="121.63177207588997">
        <ele>4.336422984488308</ele>
        <time>1970-01-01T00:14:49.600000Z</time>
        <extensions>
          <gpxtpx:TrackPointExtension>
            <gpxtpx:hr>173</gpxtpx:hr>
          </gpxtpx:TrackPointExtension>
        </extensions>
      </trkpt>
      <trkpt lat="31.229599741951553" lon="121.63178237126024">
        <ele>4.3218800611793995</ele>
        <time>1970-01-01T00:14:50.600000Z</time>
        <extensions>
          <gpxtpx:TrackPointExtension>
            <gpxtpx:hr>173</gpxtpx:hr>
          </gpxtpx:TrackPointExtension>
        </extensions>
      </trkpt>
      <trkpt lat="31.229576781018814" lon="121.63179316319406">
        <ele>4.30927773937583</ele>
        <time>1970-01-01T00:14:51.600000Z</time>
        <extensions>
          <gpxtpx:TrackPointExtension>
            <gpxtpx:hr>173</gpxtpx:hr>
          </gpxtpx:TrackPointExtension>
        </extensions>
      </trkpt>
      <trkpt lat="31.229554525971633" lon="121.63180466678809">
        <ele>4.298778451047838</ele>
        <time>1970-01-01T00:14:52.600000Z</time>
        <extensions>
          <gpxtpx:TrackPointExtension>
            <gpxtpx:hr>173</gpxtpx:hr>
          </gpxtpx:TrackPointExtension>
        </extensions>
      </trkpt>
      <trkpt lat="31.229533747907084" lon="121.63181732940237">
        <ele>4.290549824014306</ele>
        <time>1970-01-01T00:14:53.600000Z</time>
        <extensions>
          <gpxtpx:TrackPointExtension>
            <gpxtpx:hr>173</gpxtpx:hr>
          </gpxtpx:TrackPointExtension>
        </extensions>
      </trkpt>
      <trkpt lat="31.22951493095012" lon="121.63183158905052">
        <ele>4.28448804281652</ele>
        <time>1970-01-01T00:14:54.600000Z</time>
        <extensions>
          <gpxtpx:TrackPointExtension>
            <gpxtpx:hr>173</gpxtpx:hr>
          </gpxtpx:TrackPointExtension>
        </extensions>
      </trkpt>
      <trkpt lat="31.22949872951972" lon="121.63184845054604">
        <ele>4.280604641884565</ele>
        <time>1970-01-01T00:14:55.600000Z</time>
        <extensions>
          <gpxtpx:TrackPointExtension>
            <gpxtpx:hr>173</gpxtpx:hr>
          </gpxtpx:TrackPointExtension>
        </extensions>
      </trkpt>
      <trkpt lat="31.229484843764567" lon="121.63186767965038">
        <ele>4.279091823846102</ele>
        <time>1970-01-01T00:14:56.600000Z</time>
        <extensions>
          <gpxtpx:TrackPointExtension>
            <gpxtpx:hr>173</gpxtpx:hr>
          </gpxtpx:TrackPointExtension>
        </extensions>
      </trkpt>
      <trkpt lat="31.22947241819396" lon="121.6318878739257">
        <ele>4.279943440109491</ele>
        <time>1970-01-01T00:14:57.600000Z</time>
        <extensions>
          <gpxtpx:TrackPointExtension>
            <gpxtpx:hr>174</gpxtpx:hr>
          </gpxtpx:TrackPointExtension>
        </extensions>
      </trkpt>
      <trkpt lat="31.2294595509242" lon="121.6319072947602">
        <ele>4.2829000083729625</ele>
        <time>1970-01-01T00:14:58.600000Z</time>
        <extensions>
          <gpxtpx:TrackPointExtension>
            <gpxtpx:hr>174</gpxtpx:hr>
          </gpxtpx:TrackPointExtension>
        </extensions>
      </trkpt>
      <trkpt lat="31.229445557332355" lon="121.63192568281022">
        <ele>4.287852234207094</ele>
        <time>1970-01-01T00:14:59.700000Z</time>
        <extensions>
          <gpxtpx:TrackPointExtension>
            <gpxtpx:hr>174</gpxtpx:hr>
          </gpxtpx:TrackPointExtension>
        </extensions>
      </trkpt>
      <trkpt lat="31.229431021599858" lon="121.63194360624004">
        <ele>4.295210076496005</ele>
        <time>1970-01-01T00:15:00.700000Z</time>
        <extensions>
          <gpxtpx:TrackPointExtension>
            <gpxtpx:hr>174</gpxtpx:hr>
          </gpxtpx:TrackPointExtension>
        </extensions>
      </trkpt>
      <trkpt lat="31.229414841383182" lon="121.6319599313538">
        <ele>4.305894325487316</ele>
        <time>1970-01-01T00:15:01.700000Z</time>
        <extensions>
          <gpxtpx:TrackPointExtension>
            <gpxtpx:hr>174</gpxtpx:hr>
          </gpxtpx:TrackPointExtension>
        </extensions>
      </trkpt>
      <trkpt lat="31.229396955933698" lon="121.6319748850677">
        <ele>4.320970976725221</ele>
        <time>1970-01-01T00:15:02.700000Z</time>
        <extensions>
          <gpxtpx:TrackPointExtension>
            <gpxtpx:hr>174</gpxtpx:hr>
          </gpxtpx:TrackPointExtension>
        </extensions>
      </trkpt>
      <trkpt lat="31.229377933435725" lon="121.6319894316543">
        <ele>4.3412944953888655</ele>
        <time>1970-01-01T00:15:03.700000Z</time>
        <extensions>
          <gpxtpx:TrackPointExtension>
            <gpxtpx:hr>174</gpxtpx:hr>
          </gpxtpx:TrackPointExtension>
        </extensions>
      </trkpt>
      <trkpt lat="31.229358208724733" lon="121.63200374395299">
        <ele>4.367152664810419</ele>
        <time>1970-01-01T00:15:04.700000Z</time>
        <extensions>
          <gpxtpx:TrackPointExtension>
            <gpxtpx:hr>174</gpxtpx:hr>
          </gpxtpx:TrackPointExtension>
        </extensions>
      </trkpt>
      <trkpt lat="31.229338324430575" lon="121.63201810793181">
        <ele>4.398544666357338</ele>
        <time>1970-01-01T00:15:05.700000Z</time>
        <extensions>
          <gpxtpx:TrackPointExtension>
            <gpxtpx:hr>174</gpxtpx:hr>
          </gpxtpx:TrackPointExtension>
        </extensions>
      </trkpt>
      <trkpt lat="31.229318552017936" lon="121.63203297535304">
        <ele>4.434810886159539</ele>
        <time>1970-01-01T00:15:06.700000Z</time>
        <extensions>
          <gpxtpx:TrackPointExtension>
            <gpxtpx:hr>174</gpxtpx:hr>
          </gpxtpx:TrackPointExtension>
        </extensions>
      </trkpt>
      <trkpt lat="31.229298766326465" lon="121.6320485939009">
        <ele>4.474803804419935</ele>
        <time>1970-01-01T00:15:07.700000Z</time>
        <extensions>
          <gpxtpx:TrackPointExtension>
            <gpxtpx:hr>174</gpxtpx:hr>
          </gpxtpx:TrackPointExtension>
        </extensions>
      </trkpt>
      <trkpt lat="31.22927923913723" lon="121.6320649577214">
        <ele>4.517294967547059</ele>
        <time>1970-01-01T00:15:08.700000Z</time>
        <extensions>
          <gpxtpx:TrackPointExtension>
            <gpxtpx:hr>174</gpxtpx:hr>
          </gpxtpx:TrackPointExtension>
        </extensions>
      </trkpt>
      <trkpt lat="31.229260337832038" lon="121.63208191447835">
        <ele>4.561434231698513</ele>
        <time>1970-01-01T00:15:09.700000Z</time>
        <extensions>
          <gpxtpx:TrackPointExtension>
            <gpxtpx:hr>174</gpxtpx:hr>
          </gpxtpx:TrackPointExtension>
        </extensions>
      </trkpt>
      <trkpt lat="31.229241742332505" lon="121.63209941435103">
        <ele>4.606724445708096</ele>
        <time>1970-01-01T00:15:10.700000Z</time>
        <extensions>
          <gpxtpx:TrackPointExtension>
            <gpxtpx:hr>174</gpxtpx:hr>
          </gpxtpx:TrackPointExtension>
        </extensions>
      </trkpt>
      <trkpt lat="31.229223210536798" lon="121.63211763134821">
        <ele>4.652686190791428</ele>
        <time>1970-01-01T00:15:11.700000Z</time>
        <extensions>
          <gpxtpx:TrackPointExtension>
            <gpxtpx:hr>174</gpxtpx:hr>
          </gpxtpx:TrackPointExtension>
        </extensions>
      </trkpt>
      <trkpt lat="31.229204775253674" lon="121.63213623417899">
        <ele>4.698528499342501</ele>
        <time>1970-01-01T00:15:12.700000Z</time>
        <extensions>
          <gpxtpx:TrackPointExtension>
            <gpxtpx:hr>174</gpxtpx:hr>
          </gpxtpx:TrackPointExtension>
        </extensions>
      </trkpt>
      <trkpt lat="31.229186184910553" lon="121.63215455951968">
        <ele>4.743281009607017</ele>
        <time>1970-01-01T00:15:13.700000Z</time>
        <extensions>
          <gpxtpx:TrackPointExtension>
            <gpxtpx:hr>174</gpxtpx:hr>
          </gpxtpx:TrackPointExtension>
        </extensions>
      </trkpt>
      <trkpt lat="31.229167382510536" lon="121.63217232545573">
        <ele>4.786019135266542</ele>
        <time>1970-01-01T00:15:14.700000Z</time>
        <extensions>
          <gpxtpx:TrackPointExtension>
            <gpxtpx:hr>174</gpxtpx:hr>
          </gpxtpx:TrackPointExtension>
        </extensions>
      </trkpt>
      <trkpt lat="31.229148813066992" lon="121.63218985656002">
        <ele>4.826266506686807</ele>
        <time>1970-01-01T00:15:15.700000Z</time>
        <extensions>
          <gpxtpx:TrackPointExtension>
            <gpxtpx:hr>174</gpxtpx:hr>
          </gpxtpx:TrackPointExtension>
        </extensions>
      </trkpt>
      <trkpt lat="31.229130555815136" lon="121.63220756163595">
        <ele>4.863734260201454</ele>
        <time>1970-01-01T00:15:16.700000Z</time>
        <extensions>
          <gpxtpx:TrackPointExtension>
            <gpxtpx:hr>174</gpxtpx:hr>
          </gpxtpx:TrackPointExtension>
        </extensions>
      </trkpt>
      <trkpt lat="31.229112449529925" lon="121.6322254347086">
        <ele>4.898122098296881</ele>
        <time>1970-01-01T00:15:17.700000Z</time>
        <extensions>
          <gpxtpx:TrackPointExtension>
            <gpxtpx:hr>176</gpxtpx:hr>
          </gpxtpx:TrackPointExtension>
        </extensions>
      </trkpt>
      <trkpt lat="31.229094689107885" lon="121.63224335518983">
        <ele>4.9292131550610065</ele>
        <time>1970-01-01T00:15:18.700000Z</time>
        <extensions>
          <gpxtpx:TrackPointExtension>
            <gpxtpx:hr>176</gpxtpx:hr>
          </gpxtpx:TrackPointExtension>
        </extensions>
      </trkpt>
      <trkpt lat="31.229077137048506" lon="121.63226131786769">
        <ele>4.95706248935312</ele>
        <time>1970-01-01T00:15:19.700000Z</time>
        <extensions>
          <gpxtpx:TrackPointExtension>
            <gpxtpx:hr>176</gpxtpx:hr>
          </gpxtpx:TrackPointExtension>
        </extensions>
      </trkpt>
      <trkpt lat="31.229059741763358" lon="121.63227959616958">
        <ele>4.981949207372963</ele>
        <time>1970-01-01T00:15:20.700000Z</time>
        <extensions>
          <gpxtpx:TrackPointExtension>
            <gpxtpx:hr>176</gpxtpx:hr>
          </gpxtpx:TrackPointExtension>
        </extensions>
      </trkpt>
      <trkpt lat="31.229042801057798" lon="121.63229830058624">
        <ele>5.004381670616567</ele>
        <time>1970-01-01T00:15:21.700000Z</time>
        <extensions>
          <gpxtpx:TrackPointExtension>
            <gpxtpx:hr>176</gpxtpx:hr>
          </gpxtpx:TrackPointExtension>
        </extensions>
      </trkpt>
      <trkpt lat="31.229026202403833" lon="121.63231742023828">
        <ele>5.024505945853889</ele>
        <time>1970-01-01T00:15:22.700000Z</time>
        <extensions>
          <gpxtpx:TrackPointExtension>
            <gpxtpx:hr>176</gpxtpx:hr>
          </gpxtpx:TrackPointExtension>
        </extensions>
      </trkpt>
      <trkpt lat="31.22900972948844" lon="121.63233721085128">
        <ele>5.042159156873822</ele>
        <time>1970-01-01T00:15:23.700000Z</time>
        <extensions>
          <gpxtpx:TrackPointExtension>
            <gpxtpx:hr>176</gpxtpx:hr>
          </gpxtpx:TrackPointExtension>
        </extensions>
      </trkpt>
      <trkpt lat="31.22899340454723" lon="121.63235745560056">
        <ele>5.057389080524445</ele>
        <time>1970-01-01T00:15:24.700000Z</time>
        <extensions>
          <gpxtpx:TrackPointExtension>
            <gpxtpx:hr>176</gpxtpx:hr>
          </gpxtpx:TrackPointExtension>
        </extensions>
      </trkpt>
      <trkpt lat="31.228977219193936" lon="121.63237757924409">
        <ele>5.070550947450101</ele>
        <time>1970-01-01T00:15:25.700000Z</time>
        <extensions>
          <gpxtpx:TrackPointExtension>
            <gpxtpx:hr>176</gpxtpx:hr>
          </gpxtpx:TrackPointExtension>
        </extensions>
      </trkpt>
      <trkpt lat="31.228961046963953" lon="121.63239740476614">
        <ele>5.082279139198363</ele>
        <time>1970-01-01T00:15:26.700000Z</time>
        <extensions>
          <gpxtpx:TrackPointExtension>
            <gpxtpx:hr>176</gpxtpx:hr>
          </gpxtpx:TrackPointExtension>
        </extensions>
      </trkpt>
      <trkpt lat="31.22894526735106" lon="121.6324173302633">
        <ele>5.093221046030521</ele>
        <time>1970-01-01T00:15:27.700000Z</time>
        <extensions>
          <gpxtpx:TrackPointExtension>
            <gpxtpx:hr>175</gpxtpx:hr>
          </gpxtpx:TrackPointExtension>
        </extensions>
      </trkpt>
      <trkpt lat="31.228930294359817" lon="121.63243783644978">
        <ele>5.103921874426305</ele>
        <time>1970-01-01T00:15:28.700000Z</time>
        <extensions>
          <gpxtpx:TrackPointExtension>
            <gpxtpx:hr>175</gpxtpx:hr>
          </gpxtpx:TrackPointExtension>
        </extensions>
      </trkpt>
      <trkpt lat="31.228915953444737" lon="121.6324592514438">
        <ele>5.114953973330557</ele>
        <time>1970-01-01T00:15:29.700000Z</time>
        <extensions>
          <gpxtpx:TrackPointExtension>
            <gpxtpx:hr>175</gpxtpx:hr>
          </gpxtpx:TrackPointExtension>
        </extensions>
      </trkpt>
      <trkpt lat="31.228902289003962" lon="121.63248176365929">
        <ele>5.126896937377751</ele>
        <time>1970-01-01T00:15:30.700000Z</time>
        <extensions>
          <gpxtpx:TrackPointExtension>
            <gpxtpx:hr>175</gpxtpx:hr>
          </gpxtpx:TrackPointExtension>
        </extensions>
      </trkpt>
      <trkpt lat="31.228889293253893" lon="121.6325049846799">
        <ele>5.140407927334309</ele>
        <time>1970-01-01T00:15:31.700000Z</time>
        <extensions>
          <gpxtpx:TrackPointExtension>
            <gpxtpx:hr>175</gpxtpx:hr>
          </gpxtpx:TrackPointExtension>
        </extensions>
      </trkpt>
      <trkpt lat="31.22887671381772" lon="121.63252847182893">
        <ele>5.156007589772344</ele>
        <time>1970-01-01T00:15:32.700000Z</time>
        <extensions>
          <gpxtpx:TrackPointExtension>
            <gpxtpx:hr>175</gpxtpx:hr>
          </gpxtpx:TrackPointExtension>
        </extensions>
      </trkpt>
      <trkpt lat="31.228864476740092" lon="121.6325522919562">
        <ele>5.173858915455639</ele>
        <time>1970-01-01T00:15:33.700000Z</time>
        <extensions>
          <gpxtpx:TrackPointExtension>
            <gpxtpx:hr>175</gpxtpx:hr>
          </gpxtpx:TrackPointExtension>
        </extensions>
      </trkpt>
      <trkpt lat="31.228852524728484" lon="121.63257646768609">
        <ele>5.193940821103752</ele>
        <time>1970-01-01T00:15:34.800000Z</time>
        <extensions>
          <gpxtpx:TrackPointExtension>
            <gpxtpx:hr>175</gpxtpx:hr>
          </gpxtpx:TrackPointExtension>
        </extensions>
      </trkpt>
      <trkpt lat="31.22884075354328" lon="121.63260099755117">
        <ele>5.215942463837564</ele>
        <time>1970-01-01T00:15:35.800000Z</time>
        <extensions>
          <gpxtpx:TrackPointExtension>
            <gpxtpx:hr>175</gpxtpx:hr>
          </gpxtpx:TrackPointExtension>
        </extensions>
      </trkpt>
      <trkpt lat="31.228829567842563" lon="121.63262622558905">
        <ele>5.239277461543679</ele>
        <time>1970-01-01T00:15:36.800000Z</time>
        <extensions>
          <gpxtpx:TrackPointExtension>
            <gpxtpx:hr>175</gpxtpx:hr>
          </gpxtpx:TrackPointExtension>
        </extensions>
      </trkpt>
      <trkpt lat="31.228819425521692" lon="121.63265206777714">
        <ele>5.263298009522259</ele>
        <time>1970-01-01T00:15:37.800000Z</time>
        <extensions>
          <gpxtpx:TrackPointExtension>
            <gpxtpx:hr>175</gpxtpx:hr>
          </gpxtpx:TrackPointExtension>
        </extensions>
      </trkpt>
      <trkpt lat="31.228810084144126" lon="121.6326782911506">
        <ele>5.287317318841815</ele>
        <time>1970-01-01T00:15:38.800000Z</time>
        <extensions>
          <gpxtpx:TrackPointExtension>
            <gpxtpx:hr>175</gpxtpx:hr>
          </gpxtpx:TrackPointExtension>
        </extensions>
      </trkpt>
      <trkpt lat="31.22880129892997" lon="121.63270516136018">
        <ele>5.31083564274013</ele>
        <time>1970-01-01T00:15:39.800000Z</time>
        <extensions>
          <gpxtpx:TrackPointExtension>
            <gpxtpx:hr>175</gpxtpx:hr>
          </gpxtpx:TrackPointExtension>
        </extensions>
      </trkpt>
      <trkpt lat="31.228793170988858" lon="121.63273245089714">
        <ele>5.333757400512695</ele>
        <time>1970-01-01T00:15:40.800000Z</time>
        <extensions>
          <gpxtpx:TrackPointExtension>
            <gpxtpx:hr>173</gpxtpx:hr>
          </gpxtpx:TrackPointExtension>
        </extensions>
      </trkpt>
      <trkpt lat="31.228785597072605" lon="121.63275962288868">
        <ele>5.356125266291201</ele>
        <time>1970-01-01T00:15:41.800000Z</time>
        <extensions>
          <gpxtpx:TrackPointExtension>
            <gpxtpx:hr>173</gpxtpx:hr>
          </gpxtpx:TrackPointExtension>
        </extensions>
      </trkpt>
      <trkpt lat="31.22877835754139" lon="121.63278679534672">
        <ele>5.377810665406287</ele>
        <time>1970-01-01T00:15:42.800000Z</time>
        <extensions>
          <gpxtpx:TrackPointExtension>
            <gpxtpx:hr>173</gpxtpx:hr>
          </gpxtpx:TrackPointExtension>
        </extensions>
      </trkpt>
      <trkpt lat="31.228771476623002" lon="121.63281412061914">
        <ele>5.3986050905659795</ele>
        <time>1970-01-01T00:15:43.800000Z</time>
        <extensions>
          <gpxtpx:TrackPointExtension>
            <gpxtpx:hr>173</gpxtpx:hr>
          </gpxtpx:TrackPointExtension>
        </extensions>
      </trkpt>
      <trkpt lat="31.22876472625237" lon="121.63284133286813">
        <ele>5.4185180477797985</ele>
        <time>1970-01-01T00:15:44.800000Z</time>
        <extensions>
          <gpxtpx:TrackPointExtension>
            <gpxtpx:hr>173</gpxtpx:hr>
          </gpxtpx:TrackPointExtension>
        </extensions>
      </trkpt>
      <trkpt lat="31.228758036796812" lon="121.63286830400428">
        <ele>5.437780021689832</ele>
        <time>1970-01-01T00:15:45.800000Z</time>
        <extensions>
          <gpxtpx:TrackPointExtension>
            <gpxtpx:hr>173</gpxtpx:hr>
          </gpxtpx:TrackPointExtension>
        </extensions>
      </trkpt>
      <trkpt lat="31.228751686926486" lon="121.6328950612332">
        <ele>5.456384651362896</ele>
        <time>1970-01-01T00:15:46.800000Z</time>
        <extensions>
          <gpxtpx:TrackPointExtension>
            <gpxtpx:hr>173</gpxtpx:hr>
          </gpxtpx:TrackPointExtension>
        </extensions>
      </trkpt>
      <trkpt lat="31.228745703734457" lon="121.63292149090893">
        <ele>5.47409360576421</ele>
        <time>1970-01-01T00:15:47.800000Z</time>
        <extensions>
          <gpxtpx:TrackPointExtension>
            <gpxtpx:hr>173</gpxtpx:hr>
          </gpxtpx:TrackPointExtension>
        </extensions>
      </trkpt>
      <trkpt lat="31.22874017545151" lon="121.63294781214064">
        <ele>5.490859201177955</ele>
        <time>1970-01-01T00:15:48.800000Z</time>
        <extensions>
          <gpxtpx:TrackPointExtension>
            <gpxtpx:hr>173</gpxtpx:hr>
          </gpxtpx:TrackPointExtension>
        </extensions>
      </trkpt>
      <trkpt lat="31.228735295686423" lon="121.6329741829016">
        <ele>5.507298802025616</ele>
        <time>1970-01-01T00:15:49.800000Z</time>
        <extensions>
          <gpxtpx:TrackPointExtension>
            <gpxtpx:hr>173</gpxtpx:hr>
          </gpxtpx:TrackPointExtension>
        </extensions>
      </trkpt>
      <trkpt lat="31.228731074580722" lon="121.63300042448435">
        <ele>5.524341847747564</ele>
        <time>1970-01-01T00:15:50.800000Z</time>
        <extensions>
          <gpxtpx:TrackPointExtension>
            <gpxtpx:hr>173</gpxtpx:hr>
          </gpxtpx:TrackPointExtension>
        </extensions>
      </trkpt>
      <trkpt lat="31.228727295687584" lon="121.6330268398103">
        <ele>5.542601672001183</ele>
        <time>1970-01-01T00:15:51.800000Z</time>
        <extensions>
          <gpxtpx:TrackPointExtension>
            <gpxtpx:hr>173</gpxtpx:hr>
          </gpxtpx:TrackPointExtension>
        </extensions>
      </trkpt>
      <trkpt lat="31.228723891868633" lon="121.63305398160944">
        <ele>5.561955003999174</ele>
        <time>1970-01-01T00:15:52.800000Z</time>
        <extensions>
          <gpxtpx:TrackPointExtension>
            <gpxtpx:hr>173</gpxtpx:hr>
          </gpxtpx:TrackPointExtension>
        </extensions>
      </trkpt>
      <trkpt lat="31.228720923278768" lon="121.63308169352125">
        <ele>5.581728332675993</ele>
        <time>1970-01-01T00:15:53.800000Z</time>
        <extensions>
          <gpxtpx:TrackPointExtension>
            <gpxtpx:hr>173</gpxtpx:hr>
          </gpxtpx:TrackPointExtension>
        </extensions>
      </trkpt>
      <trkpt lat="31.22871815079847" lon="121.6331095009196">
        <ele>5.601129858754575</ele>
        <time>1970-01-01T00:15:54.800000Z</time>
        <extensions>
          <gpxtpx:TrackPointExtension>
            <gpxtpx:hr>173</gpxtpx:hr>
          </gpxtpx:TrackPointExtension>
        </extensions>
      </trkpt>
      <trkpt lat="31.22871546114486" lon="121.63313729199025">
        <ele>5.619725435972214</ele>
        <time>1970-01-01T00:15:55.800000Z</time>
        <extensions>
          <gpxtpx:TrackPointExtension>
            <gpxtpx:hr>173</gpxtpx:hr>
          </gpxtpx:TrackPointExtension>
        </extensions>
      </trkpt>
      <trkpt lat="31.228712908807253" lon="121.63316490794772">
        <ele>5.637530100531876</ele>
        <time>1970-01-01T00:15:56.800000Z</time>
        <extensions>
          <gpxtpx:TrackPointExtension>
            <gpxtpx:hr>173</gpxtpx:hr>
          </gpxtpx:TrackPointExtension>
        </extensions>
      </trkpt>
      <trkpt lat="31.228710441283525" lon="121.63319228993981">
        <ele>5.654622812755406</ele>
        <time>1970-01-01T00:15:57.800000Z</time>
        <extensions>
          <gpxtpx:TrackPointExtension>
            <gpxtpx:hr>175</gpxtpx:hr>
          </gpxtpx:TrackPointExtension>
        </extensions>
      </trkpt>
      <trkpt lat="31.22870831395558" lon="121.63321977470062">
        <ele>5.670820347964764</ele>
        <time>1970-01-01T00:15:58.800000Z</time>
        <extensions>
          <gpxtpx:TrackPointExtension>
            <gpxtpx:hr>175</gpxtpx:hr>
          </gpxtpx:TrackPointExtension>
        </extensions>
      </trkpt>
      <trkpt lat="31.228706983456533" lon="121.63324756981206">
        <ele>5.68576246034354</ele>
        <time>1970-01-01T00:15:59.800000Z</time>
        <extensions>
          <gpxtpx:TrackPointExtension>
            <gpxtpx:hr>175</gpxtpx:hr>
          </gpxtpx:TrackPointExtension>
        </extensions>
      </trkpt>
      <trkpt lat="31.22870644494569" lon="121.63327546364461">
        <ele>5.699138632044196</ele>
        <time>1970-01-01T00:16:00.800000Z</time>
        <extensions>
          <gpxtpx:TrackPointExtension>
            <gpxtpx:hr>175</gpxtpx:hr>
          </gpxtpx:TrackPointExtension>
        </extensions>
      </trkpt>
      <trkpt lat="31.228706518275423" lon="121.63330336781532">
        <ele>5.710746602155268</ele>
        <time>1970-01-01T00:16:01.800000Z</time>
        <extensions>
          <gpxtpx:TrackPointExtension>
            <gpxtpx:hr>175</gpxtpx:hr>
          </gpxtpx:TrackPointExtension>
        </extensions>
      </trkpt>
      <trkpt lat="31.22870736859131" lon="121.63333117464272">
        <ele>5.720248077064753</ele>
        <time>1970-01-01T00:16:02.800000Z</time>
        <extensions>
          <gpxtpx:TrackPointExtension>
            <gpxtpx:hr>175</gpxtpx:hr>
          </gpxtpx:TrackPointExtension>
        </extensions>
      </trkpt>
      <trkpt lat="31.228709053383504" lon="121.63335850931652">
        <ele>5.727077268995345</ele>
        <time>1970-01-01T00:16:03.800000Z</time>
        <extensions>
          <gpxtpx:TrackPointExtension>
            <gpxtpx:hr>175</gpxtpx:hr>
          </gpxtpx:TrackPointExtension>
        </extensions>
      </trkpt>
      <trkpt lat="31.228711545473278" lon="121.6333854557658">
        <ele>5.730935176834464</ele>
        <time>1970-01-01T00:16:04.800000Z</time>
        <extensions>
          <gpxtpx:TrackPointExtension>
            <gpxtpx:hr>175</gpxtpx:hr>
          </gpxtpx:TrackPointExtension>
        </extensions>
      </trkpt>
      <trkpt lat="31.228715231316812" lon="121.63341231187157">
        <ele>5.732066405005753</ele>
        <time>1970-01-01T00:16:05.800000Z</time>
        <extensions>
          <gpxtpx:TrackPointExtension>
            <gpxtpx:hr>175</gpxtpx:hr>
          </gpxtpx:TrackPointExtension>
        </extensions>
      </trkpt>
      <trkpt lat="31.228720282449824" lon="121.63343919761735">
        <ele>5.73103160969913</ele>
        <time>1970-01-01T00:16:06.800000Z</time>
        <extensions>
          <gpxtpx:TrackPointExtension>
            <gpxtpx:hr>175</gpxtpx:hr>
          </gpxtpx:TrackPointExtension>
        </extensions>
      </trkpt>
      <trkpt lat="31.228726606754382" lon="121.63346638798065">
        <ele>5.728445965796709</ele>
        <time>1970-01-01T00:16:07.800000Z</time>
        <extensions>
          <gpxtpx:TrackPointExtension>
            <gpxtpx:hr>175</gpxtpx:hr>
          </gpxtpx:TrackPointExtension>
        </extensions>
      </trkpt>
      <trkpt lat="31.228734374869074" lon="121.63349373176155">
        <ele>5.724865063093603</ele>
        <time>1970-01-01T00:16:08.900000Z</time>
        <extensions>
          <gpxtpx:TrackPointExtension>
            <gpxtpx:hr>175</gpxtpx:hr>
          </gpxtpx:TrackPointExtension>
        </extensions>
      </trkpt>
      <trkpt lat="31.228743865551547" lon="121.63352023495601">
        <ele>5.720864811912179</ele>
        <time>1970-01-01T00:16:09.900000Z</time>
        <extensions>
          <gpxtpx:TrackPointExtension>
            <gpxtpx:hr>175</gpxtpx:hr>
          </gpxtpx:TrackPointExtension>
        </extensions>
      </trkpt>
      <trkpt lat="31.228753898104717" lon="121.63354594581673">
        <ele>5.71699741948396</ele>
        <time>1970-01-01T00:16:10.900000Z</time>
        <extensions>
          <gpxtpx:TrackPointExtension>
            <gpxtpx:hr>175</gpxtpx:hr>
          </gpxtpx:TrackPointExtension>
        </extensions>
      </trkpt>
      <trkpt lat="31.22876340354018" lon="121.63357159617186">
        <ele>5.713822423480451</ele>
        <time>1970-01-01T00:16:11.900000Z</time>
        <extensions>
          <gpxtpx:TrackPointExtension>
            <gpxtpx:hr>175</gpxtpx:hr>
          </gpxtpx:TrackPointExtension>
        </extensions>
      </trkpt>
      <trkpt lat="31.228772753038793" lon="121.63359728727475">
        <ele>5.712040939368308</ele>
        <time>1970-01-01T00:16:12.900000Z</time>
        <extensions>
          <gpxtpx:TrackPointExtension>
            <gpxtpx:hr>176</gpxtpx:hr>
          </gpxtpx:TrackPointExtension>
        </extensions>
      </trkpt>
      <trkpt lat="31.22878209167016" lon="121.63362313020056">
        <ele>5.712436001747847</ele>
        <time>1970-01-01T00:16:13.900000Z</time>
        <extensions>
          <gpxtpx:TrackPointExtension>
            <gpxtpx:hr>176</gpxtpx:hr>
          </gpxtpx:TrackPointExtension>
        </extensions>
      </trkpt>
      <trkpt lat="31.22879165278202" lon="121.63364929145432">
        <ele>5.7155990013852715</ele>
        <time>1970-01-01T00:16:14.900000Z</time>
        <extensions>
          <gpxtpx:TrackPointExtension>
            <gpxtpx:hr>176</gpxtpx:hr>
          </gpxtpx:TrackPointExtension>
        </extensions>
      </trkpt>
      <trkpt lat="31.228801674075648" lon="121.6336756441059">
        <ele>5.721644406206906</ele>
        <time>1970-01-01T00:16:15.900000Z</time>
        <extensions>
          <gpxtpx:TrackPointExtension>
            <gpxtpx:hr>176</gpxtpx:hr>
          </gpxtpx:TrackPointExtension>
        </extensions>
      </trkpt>
      <trkpt lat="31.22881211539679" lon="121.63370181388785">
        <ele>5.730173571035266</ele>
        <time>1970-01-01T00:16:16.900000Z</time>
        <extensions>
          <gpxtpx:TrackPointExtension>
            <gpxtpx:hr>176</gpxtpx:hr>
          </gpxtpx:TrackPointExtension>
        </extensions>
      </trkpt>
      <trkpt lat="31.228822781038566" lon="121.63372782668078">
        <ele>5.740427101962268</ele>
        <time>1970-01-01T00:16:17.900000Z</time>
        <extensions>
          <gpxtpx:TrackPointExtension>
            <gpxtpx:hr>176</gpxtpx:hr>
          </gpxtpx:TrackPointExtension>
        </extensions>
      </trkpt>
      <trkpt lat="31.228833589593215" lon="121.63375398147195">
        <ele>5.7514916667714715</ele>
        <time>1970-01-01T00:16:18.900000Z</time>
        <extensions>
          <gpxtpx:TrackPointExtension>
            <gpxtpx:hr>176</gpxtpx:hr>
          </gpxtpx:TrackPointExtension>
        </extensions>
      </trkpt>
      <trkpt lat="31.228844812265955" lon="121.63378105631739">
        <ele>5.762889105826616</ele>
        <time>1970-01-01T00:16:19.900000Z</time>
        <extensions>
          <gpxtpx:TrackPointExtension>
            <gpxtpx:hr>176</gpxtpx:hr>
          </gpxtpx:TrackPointExtension>
        </extensions>
      </trkpt>
      <trkpt lat="31.228855838036647" lon="121.63380740901572">
        <ele>5.773470930755138</ele>
        <time>1970-01-01T00:16:20.900000Z</time>
        <extensions>
          <gpxtpx:TrackPointExtension>
            <gpxtpx:hr>176</gpxtpx:hr>
          </gpxtpx:TrackPointExtension>
        </extensions>
      </trkpt>
      <trkpt lat="31.22886679112273" lon="121.63383292237216">
        <ele>5.782943625934422</ele>
        <time>1970-01-01T00:16:21.900000Z</time>
        <extensions>
          <gpxtpx:TrackPointExtension>
            <gpxtpx:hr>176</gpxtpx:hr>
          </gpxtpx:TrackPointExtension>
        </extensions>
      </trkpt>
      <trkpt lat="31.228878366861522" lon="121.63385932095399">
        <ele>5.791667588986456</ele>
        <time>1970-01-01T00:16:22.900000Z</time>
        <extensions>
          <gpxtpx:TrackPointExtension>
            <gpxtpx:hr>176</gpxtpx:hr>
          </gpxtpx:TrackPointExtension>
        </extensions>
      </trkpt>
      <trkpt lat="31.22889000050078" lon="121.63388544939983">
        <ele>5.799019080586731</ele>
        <time>1970-01-01T00:16:23.900000Z</time>
        <extensions>
          <gpxtpx:TrackPointExtension>
            <gpxtpx:hr>176</gpxtpx:hr>
          </gpxtpx:TrackPointExtension>
        </extensions>
      </trkpt>
      <trkpt lat="31.22890212080904" lon="121.63391121648014">
        <ele>5.805110144428909</ele>
        <time>1970-01-01T00:16:24.900000Z</time>
        <extensions>
          <gpxtpx:TrackPointExtension>
            <gpxtpx:hr>176</gpxtpx:hr>
          </gpxtpx:TrackPointExtension>
        </extensions>
      </trkpt>
      <trkpt lat="31.228914929610035" lon="121.63393647082201">
        <ele>5.810608575120568</ele>
        <time>1970-01-01T00:16:25.900000Z</time>
        <extensions>
          <gpxtpx:TrackPointExtension>
            <gpxtpx:hr>176</gpxtpx:hr>
          </gpxtpx:TrackPointExtension>
        </extensions>
      </trkpt>
      <trkpt lat="31.228929106673466" lon="121.63396223557312">
        <ele>5.817355145700276</ele>
        <time>1970-01-01T00:16:26.900000Z</time>
        <extensions>
          <gpxtpx:TrackPointExtension>
            <gpxtpx:hr>176</gpxtpx:hr>
          </gpxtpx:TrackPointExtension>
        </extensions>
      </trkpt>
      <trkpt lat="31.228943451540943" lon="121.63398621887261">
        <ele>5.826642384752631</ele>
        <time>1970-01-01T00:16:27.900000Z</time>
        <extensions>
          <gpxtpx:TrackPointExtension>
            <gpxtpx:hr>176</gpxtpx:hr>
          </gpxtpx:TrackPointExtension>
        </extensions>
      </trkpt>
      <trkpt lat="31.228958372726225" lon="121.6340100355122">
        <ele>5.840340008959174</ele>
        <time>1970-01-01T00:16:28.900000Z</time>
        <extensions>
          <gpxtpx:TrackPointExtension>
            <gpxtpx:hr>176</gpxtpx:hr>
          </gpxtpx:TrackPointExtension>
        </extensions>
      </trkpt>
      <trkpt lat="31.22897347412184" lon="121.63403374368346">
        <ele>5.859285277314484</ele>
        <time>1970-01-01T00:16:29.900000Z</time>
        <extensions>
          <gpxtpx:TrackPointExtension>
            <gpxtpx:hr>176</gpxtpx:hr>
          </gpxtpx:TrackPointExtension>
        </extensions>
      </trkpt>
      <trkpt lat="31.22898877103529" lon="121.63405714479595">
        <ele>5.883617440238595</ele>
        <time>1970-01-01T00:16:30.900000Z</time>
        <extensions>
          <gpxtpx:TrackPointExtension>
            <gpxtpx:hr>176</gpxtpx:hr>
          </gpxtpx:TrackPointExtension>
        </extensions>
      </trkpt>
      <trkpt lat="31.229004461573723" lon="121.63407994246812">
        <ele>5.913128721527755</ele>
        <time>1970-01-01T00:16:31.900000Z</time>
        <extensions>
          <gpxtpx:TrackPointExtension>
            <gpxtpx:hr>176</gpxtpx:hr>
          </gpxtpx:TrackPointExtension>
        </extensions>
      </trkpt>
      <trkpt lat="31.229020424637433" lon="121.6341020905006">
        <ele>5.947180896997452</ele>
        <time>1970-01-01T00:16:32.900000Z</time>
        <extensions>
          <gpxtpx:TrackPointExtension>
            <gpxtpx:hr>177</gpxtpx:hr>
          </gpxtpx:TrackPointExtension>
        </extensions>
      </trkpt>
      <trkpt lat="31.229036613429006" lon="121.63412382969459">
        <ele>5.984603516757488</ele>
        <time>1970-01-01T00:16:33.900000Z</time>
        <extensions>
          <gpxtpx:TrackPointExtension>
            <gpxtpx:hr>177</gpxtpx:hr>
          </gpxtpx:TrackPointExtension>
        </extensions>
      </trkpt>
      <trkpt lat="31.229052973409768" lon="121.63414529761098">
        <ele>6.024006322957575</ele>
        <time>1970-01-01T00:16:34.900000Z</time>
        <extensions>
          <gpxtpx:TrackPointExtension>
            <gpxtpx:hr>177</gpxtpx:hr>
          </gpxtpx:TrackPointExtension>
        </extensions>
      </trkpt>
      <trkpt lat="31.229069256916862" lon="121.63416654589417">
        <ele>6.063735240139067</ele>
        <time>1970-01-01T00:16:35.900000Z</time>
        <extensions>
          <gpxtpx:TrackPointExtension>
            <gpxtpx:hr>177</gpxtpx:hr>
          </gpxtpx:TrackPointExtension>
        </extensions>
      </trkpt>
      <trkpt lat="31.229085649418554" lon="121.63418734002734">
        <ele>6.101596021093428</ele>
        <time>1970-01-01T00:16:36.900000Z</time>
        <extensions>
          <gpxtpx:TrackPointExtension>
            <gpxtpx:hr>177</gpxtpx:hr>
          </gpxtpx:TrackPointExtension>
        </extensions>
      </trkpt>
      <trkpt lat="31.229101042811376" lon="121.6342057306159">
        <ele>6.132114835083485</ele>
        <time>1970-01-01T00:16:37.900000Z</time>
        <extensions>
          <gpxtpx:TrackPointExtension>
            <gpxtpx:hr>177</gpxtpx:hr>
          </gpxtpx:TrackPointExtension>
        </extensions>
      </trkpt>
      <trkpt lat="31.229117620623647" lon="121.63422560448232">
        <ele>6.156522144563496</ele>
        <time>1970-01-01T00:16:38.900000Z</time>
        <extensions>
          <gpxtpx:TrackPointExtension>
            <gpxtpx:hr>177</gpxtpx:hr>
          </gpxtpx:TrackPointExtension>
        </extensions>
      </trkpt>
      <trkpt lat="31.229133772521934" lon="121.63424569503562">
        <ele>6.167854115366936</ele>
        <time>1970-01-01T00:16:39.900000Z</time>
        <extensions>
          <gpxtpx:TrackPointExtension>
            <gpxtpx:hr>177</gpxtpx:hr>
          </gpxtpx:TrackPointExtension>
        </extensions>
      </trkpt>
      <trkpt lat="31.22915024217573" lon="121.63426564154156">
        <ele>6.164340226911008</ele>
        <time>1970-01-01T00:16:40.900000Z</time>
        <extensions>
          <gpxtpx:TrackPointExtension>
            <gpxtpx:hr>177</gpxtpx:hr>
          </gpxtpx:TrackPointExtension>
        </extensions>
      </trkpt>
      <trkpt lat="31.229168995354655" lon="121.63428713198371">
        <ele>6.143577994778752</ele>
        <time>1970-01-01T00:16:41.900000Z</time>
        <extensions>
          <gpxtpx:TrackPointExtension>
            <gpxtpx:hr>177</gpxtpx:hr>
          </gpxtpx:TrackPointExtension>
        </extensions>
      </trkpt>
      <trkpt lat="31.22918502549344" lon="121.63430460015232">
        <ele>6.114621063694358</ele>
        <time>1970-01-01T00:16:42.900000Z</time>
        <extensions>
          <gpxtpx:TrackPointExtension>
            <gpxtpx:hr>177</gpxtpx:hr>
          </gpxtpx:TrackPointExtension>
        </extensions>
      </trkpt>
      <trkpt lat="31.229203354863756" lon="121.63432388067099">
        <ele>6.0703752534464</ele>
        <time>1970-01-01T00:16:43.900000Z</time>
        <extensions>
          <gpxtpx:TrackPointExtension>
            <gpxtpx:hr>176</gpxtpx:hr>
          </gpxtpx:TrackPointExtension>
        </extensions>
      </trkpt>
      <trkpt lat="31.229222346741018" lon="121.63434321778583">
        <ele>6.012313454411924</ele>
        <time>1970-01-01T00:16:44.900000Z</time>
        <extensions>
          <gpxtpx:TrackPointExtension>
            <gpxtpx:hr>176</gpxtpx:hr>
          </gpxtpx:TrackPointExtension>
        </extensions>
      </trkpt>
      <trkpt lat="31.22924214108801" lon="121.63436264507266">
        <ele>5.94148160237819</ele>
        <time>1970-01-01T00:16:45.900000Z</time>
        <extensions>
          <gpxtpx:TrackPointExtension>
            <gpxtpx:hr>176</gpxtpx:hr>
          </gpxtpx:TrackPointExtension>
        </extensions>
      </trkpt>
      <trkpt lat="31.229262620568726" lon="121.63438209792488">
        <ele>5.859822293743491</ele>
        <time>1970-01-01T00:16:46.900000Z</time>
        <extensions>
          <gpxtpx:TrackPointExtension>
            <gpxtpx:hr>176</gpxtpx:hr>
          </gpxtpx:TrackPointExtension>
        </extensions>
      </trkpt>
      <trkpt lat="31.229283450302944" lon="121.63440140520716">
        <ele>5.7696687979623675</ele>
        <time>1970-01-01T00:16:47.900000Z</time>
        <extensions>
          <gpxtpx:TrackPointExtension>
            <gpxtpx:hr>176</gpxtpx:hr>
          </gpxtpx:TrackPointExtension>
        </extensions>
      </trkpt>
      <trkpt lat="31.22930453427551" lon="121.63442039620483">
        <ele>5.6732505820691586</ele>
        <time>1970-01-01T00:16:48.900000Z</time>
        <extensions>
          <gpxtpx:TrackPointExtension>
            <gpxtpx:hr>177</gpxtpx:hr>
          </gpxtpx:TrackPointExtension>
        </extensions>
      </trkpt>
      <trkpt lat="31.229326104381002" lon="121.63443870663524">
        <ele>5.572441502474248</ele>
        <time>1970-01-01T00:16:49.900000Z</time>
        <extensions>
          <gpxtpx:TrackPointExtension>
            <gpxtpx:hr>177</gpxtpx:hr>
          </gpxtpx:TrackPointExtension>
        </extensions>
      </trkpt>
      <trkpt lat="31.229347989257224" lon="121.63445634511137">
        <ele>5.468713181093335</ele>
        <time>1970-01-01T00:16:50.900000Z</time>
        <extensions>
          <gpxtpx:TrackPointExtension>
            <gpxtpx:hr>177</gpxtpx:hr>
          </gpxtpx:TrackPointExtension>
        </extensions>
      </trkpt>
      <trkpt lat="31.229369683679597" lon="121.63447384266188">
        <ele>5.363224898464978</ele>
        <time>1970-01-01T00:16:51.900000Z</time>
        <extensions>
          <gpxtpx:TrackPointExtension>
            <gpxtpx:hr>177</gpxtpx:hr>
          </gpxtpx:TrackPointExtension>
        </extensions>
      </trkpt>
      <trkpt lat="31.22939120651767" lon="121.63449161603918">
        <ele>5.257033713161945</ele>
        <time>1970-01-01T00:16:52.900000Z</time>
        <extensions>
          <gpxtpx:TrackPointExtension>
            <gpxtpx:hr>176</gpxtpx:hr>
          </gpxtpx:TrackPointExtension>
        </extensions>
      </trkpt>
      <trkpt lat="31.229412577682268" lon="121.63450978734835">
        <ele>5.151368411257863</ele>
        <time>1970-01-01T00:16:53.900000Z</time>
        <extensions>
          <gpxtpx:TrackPointExtension>
            <gpxtpx:hr>176</gpxtpx:hr>
          </gpxtpx:TrackPointExtension>
        </extensions>
      </trkpt>
      <trkpt lat="31.22943357321332" lon="121.63452841328815">
        <ele>5.047783420421183</ele>
        <time>1970-01-01T00:16:54.900000Z</time>
        <extensions>
          <gpxtpx:TrackPointExtension>
            <gpxtpx:hr>176</gpxtpx:hr>
          </gpxtpx:TrackPointExtension>
        </extensions>
      </trkpt>
      <trkpt lat="31.229454391529952" lon="121.63454727075465">
        <ele>4.948044505901635</ele>
        <time>1970-01-01T00:16:55.900000Z</time>
        <extensions>
          <gpxtpx:TrackPointExtension>
            <gpxtpx:hr>176</gpxtpx:hr>
          </gpxtpx:TrackPointExtension>
        </extensions>
      </trkpt>
      <trkpt lat="31.22947503687341" lon="121.63456592962123">
        <ele>4.853901168331504</ele>
        <time>1970-01-01T00:16:56.900000Z</time>
        <extensions>
          <gpxtpx:TrackPointExtension>
            <gpxtpx:hr>176</gpxtpx:hr>
          </gpxtpx:TrackPointExtension>
        </extensions>
      </trkpt>
      <trkpt lat="31.229495121087705" lon="121.63458419534913">
        <ele>4.766909880563617</ele>
        <time>1970-01-01T00:16:57.900000Z</time>
        <extensions>
          <gpxtpx:TrackPointExtension>
            <gpxtpx:hr>176</gpxtpx:hr>
          </gpxtpx:TrackPointExtension>
        </extensions>
      </trkpt>
      <trkpt lat="31.229514883194152" lon="121.63460217268937">
        <ele>4.688238642178476</ele>
        <time>1970-01-01T00:16:58.900000Z</time>
        <extensions>
          <gpxtpx:TrackPointExtension>
            <gpxtpx:hr>176</gpxtpx:hr>
          </gpxtpx:TrackPointExtension>
        </extensions>
      </trkpt>
      <trkpt lat="31.2295349093616" lon="121.63462008102684">
        <ele>4.618557550013065</ele>
        <time>1970-01-01T00:16:59.900000Z</time>
        <extensions>
          <gpxtpx:TrackPointExtension>
            <gpxtpx:hr>176</gpxtpx:hr>
          </gpxtpx:TrackPointExtension>
        </extensions>
      </trkpt>
      <trkpt lat="31.2295551026998" lon="121.63463816367361">
        <ele>4.558173739351332</ele>
        <time>1970-01-01T00:17:00.900000Z</time>
        <extensions>
          <gpxtpx:TrackPointExtension>
            <gpxtpx:hr>176</gpxtpx:hr>
          </gpxtpx:TrackPointExtension>
        </extensions>
      </trkpt>
      <trkpt lat="31.229575507518533" lon="121.63465629272007">
        <ele>4.507203887216747</ele>
        <time>1970-01-01T00:17:01.900000Z</time>
        <extensions>
          <gpxtpx:TrackPointExtension>
            <gpxtpx:hr>176</gpxtpx:hr>
          </gpxtpx:TrackPointExtension>
        </extensions>
      </trkpt>
      <trkpt lat="31.229596319351906" lon="121.63467428251595">
        <ele>4.465627565048635</ele>
        <time>1970-01-01T00:17:02.900000Z</time>
        <extensions>
          <gpxtpx:TrackPointExtension>
            <gpxtpx:hr>175</gpxtpx:hr>
          </gpxtpx:TrackPointExtension>
        </extensions>
      </trkpt>
      <trkpt lat="31.229617075111786" lon="121.63469223213605">
        <ele>4.433227842673659</ele>
        <time>1970-01-01T00:17:03.900000Z</time>
        <extensions>
          <gpxtpx:TrackPointExtension>
            <gpxtpx:hr>175</gpxtpx:hr>
          </gpxtpx:TrackPointExtension>
        </extensions>
      </trkpt>
      <trkpt lat="31.229637527208265" lon="121.63471008856855">
        <ele>4.409501516260207</ele>
        <time>1970-01-01T00:17:04.900000Z</time>
        <extensions>
          <gpxtpx:TrackPointExtension>
            <gpxtpx:hr>175</gpxtpx:hr>
          </gpxtpx:TrackPointExtension>
        </extensions>
      </trkpt>
      <trkpt lat="31.229657836681334" lon="121.63472769190696">
        <ele>4.393675026483834</ele>
        <time>1970-01-01T00:17:05.900000Z</time>
        <extensions>
          <gpxtpx:TrackPointExtension>
            <gpxtpx:hr>175</gpxtpx:hr>
          </gpxtpx:TrackPointExtension>
        </extensions>
      </trkpt>
      <trkpt lat="31.229677830283144" lon="121.634745166766">
        <ele>4.3847681209445</ele>
        <time>1970-01-01T00:17:06.900000Z</time>
        <extensions>
          <gpxtpx:TrackPointExtension>
            <gpxtpx:hr>175</gpxtpx:hr>
          </gpxtpx:TrackPointExtension>
        </extensions>
      </trkpt>
      <trkpt lat="31.229700541465043" lon="121.63476605931291">
        <ele>4.382287513464689</ele>
        <time>1970-01-01T00:17:08Z</time>
        <extensions>
          <gpxtpx:TrackPointExtension>
            <gpxtpx:hr>175</gpxtpx:hr>
          </gpxtpx:TrackPointExtension>
        </extensions>
      </trkpt>
      <trkpt lat="31.229716254168185" lon="121.63478150544134">
        <ele>4.384752758778632</ele>
        <time>1970-01-01T00:17:08.900000Z</time>
        <extensions>
          <gpxtpx:TrackPointExtension>
            <gpxtpx:hr>175</gpxtpx:hr>
          </gpxtpx:TrackPointExtension>
        </extensions>
      </trkpt>
      <trkpt lat="31.22973464671922" lon="121.6348011754001">
        <ele>4.3909608181566</ele>
        <time>1970-01-01T00:17:09.900000Z</time>
        <extensions>
          <gpxtpx:TrackPointExtension>
            <gpxtpx:hr>174</gpxtpx:hr>
          </gpxtpx:TrackPointExtension>
        </extensions>
      </trkpt>
      <trkpt lat="31.2297520935158" lon="121.63482187520593">
        <ele>4.400361350737512</ele>
        <time>1970-01-01T00:17:10.900000Z</time>
        <extensions>
          <gpxtpx:TrackPointExtension>
            <gpxtpx:hr>174</gpxtpx:hr>
          </gpxtpx:TrackPointExtension>
        </extensions>
      </trkpt>
      <trkpt lat="31.229768659267624" lon="121.6348432155441">
        <ele>4.4125065840780735</ele>
        <time>1970-01-01T00:17:11.900000Z</time>
        <extensions>
          <gpxtpx:TrackPointExtension>
            <gpxtpx:hr>174</gpxtpx:hr>
          </gpxtpx:TrackPointExtension>
        </extensions>
      </trkpt>
      <trkpt lat="31.229784733910837" lon="121.6348649609685">
        <ele>4.427127856761217</ele>
        <time>1970-01-01T00:17:12.900000Z</time>
        <extensions>
          <gpxtpx:TrackPointExtension>
            <gpxtpx:hr>174</gpxtpx:hr>
          </gpxtpx:TrackPointExtension>
        </extensions>
      </trkpt>
      <trkpt lat="31.22980025959244" lon="121.63488746461421">
        <ele>4.443943010643125</ele>
        <time>1970-01-01T00:17:13.900000Z</time>
        <extensions>
          <gpxtpx:TrackPointExtension>
            <gpxtpx:hr>174</gpxtpx:hr>
          </gpxtpx:TrackPointExtension>
        </extensions>
      </trkpt>
      <trkpt lat="31.229815110834256" lon="121.63491107745654">
        <ele>4.46248238440603</ele>
        <time>1970-01-01T00:17:14.900000Z</time>
        <extensions>
          <gpxtpx:TrackPointExtension>
            <gpxtpx:hr>174</gpxtpx:hr>
          </gpxtpx:TrackPointExtension>
        </extensions>
      </trkpt>
      <trkpt lat="31.22982936787522" lon="121.6349354701576">
        <ele>4.482111614197493</ele>
        <time>1970-01-01T00:17:15.900000Z</time>
        <extensions>
          <gpxtpx:TrackPointExtension>
            <gpxtpx:hr>174</gpxtpx:hr>
          </gpxtpx:TrackPointExtension>
        </extensions>
      </trkpt>
      <trkpt lat="31.229842676042946" lon="121.63496041165159">
        <ele>4.502228371798992</ele>
        <time>1970-01-01T00:17:16.900000Z</time>
        <extensions>
          <gpxtpx:TrackPointExtension>
            <gpxtpx:hr>174</gpxtpx:hr>
          </gpxtpx:TrackPointExtension>
        </extensions>
      </trkpt>
      <trkpt lat="31.22985693554122" lon="121.63499127369617">
        <ele>4.526299857534468</ele>
        <time>1970-01-01T00:17:18.100000Z</time>
        <extensions>
          <gpxtpx:TrackPointExtension>
            <gpxtpx:hr>174</gpxtpx:hr>
          </gpxtpx:TrackPointExtension>
        </extensions>
      </trkpt>
      <trkpt lat="31.22986788295286" lon="121.63501790867294">
        <ele>4.545968305319548</ele>
        <time>1970-01-01T00:17:19.100000Z</time>
        <extensions>
          <gpxtpx:TrackPointExtension>
            <gpxtpx:hr>174</gpxtpx:hr>
          </gpxtpx:TrackPointExtension>
        </extensions>
      </trkpt>
      <trkpt lat="31.22987838668977" lon="121.63504487180803">
        <ele>4.564652041532099</ele>
        <time>1970-01-01T00:17:20.100000Z</time>
        <extensions>
          <gpxtpx:TrackPointExtension>
            <gpxtpx:hr>174</gpxtpx:hr>
          </gpxtpx:TrackPointExtension>
        </extensions>
      </trkpt>
      <trkpt lat="31.229888496348522" lon="121.63507162054746">
        <ele>4.581691167317331</ele>
        <time>1970-01-01T00:17:21.100000Z</time>
        <extensions>
          <gpxtpx:TrackPointExtension>
            <gpxtpx:hr>174</gpxtpx:hr>
          </gpxtpx:TrackPointExtension>
        </extensions>
      </trkpt>
      <trkpt lat="31.22989870926849" lon="121.63509786815906">
        <ele>4.596655593253672</ele>
        <time>1970-01-01T00:17:22.100000Z</time>
        <extensions>
          <gpxtpx:TrackPointExtension>
            <gpxtpx:hr>174</gpxtpx:hr>
          </gpxtpx:TrackPointExtension>
        </extensions>
      </trkpt>
      <trkpt lat="31.229909545976817" lon="121.6351237098974">
        <ele>4.609447564929724</ele>
        <time>1970-01-01T00:17:23.100000Z</time>
        <extensions>
          <gpxtpx:TrackPointExtension>
            <gpxtpx:hr>174</gpxtpx:hr>
          </gpxtpx:TrackPointExtension>
        </extensions>
      </trkpt>
      <trkpt lat="31.22992095336911" lon="121.63514932498306">
        <ele>4.620074546895921</ele>
        <time>1970-01-01T00:17:24.100000Z</time>
        <extensions>
          <gpxtpx:TrackPointExtension>
            <gpxtpx:hr>174</gpxtpx:hr>
          </gpxtpx:TrackPointExtension>
        </extensions>
      </trkpt>
      <trkpt lat="31.22993252184977" lon="121.63517470796802">
        <ele>4.628614935092628</ele>
        <time>1970-01-01T00:17:25.100000Z</time>
        <extensions>
          <gpxtpx:TrackPointExtension>
            <gpxtpx:hr>174</gpxtpx:hr>
          </gpxtpx:TrackPointExtension>
        </extensions>
      </trkpt>
      <trkpt lat="31.229943866140776" lon="121.63519975832429">
        <ele>4.63540318235755</ele>
        <time>1970-01-01T00:17:26.100000Z</time>
        <extensions>
          <gpxtpx:TrackPointExtension>
            <gpxtpx:hr>174</gpxtpx:hr>
          </gpxtpx:TrackPointExtension>
        </extensions>
      </trkpt>
      <trkpt lat="31.229954579295537" lon="121.63522463920198">
        <ele>4.640830476768315</ele>
        <time>1970-01-01T00:17:27.100000Z</time>
        <extensions>
          <gpxtpx:TrackPointExtension>
            <gpxtpx:hr>174</gpxtpx:hr>
          </gpxtpx:TrackPointExtension>
        </extensions>
      </trkpt>
      <trkpt lat="31.22996452841425" lon="121.63524979033183">
        <ele>4.6451533529907465</ele>
        <time>1970-01-01T00:17:28.100000Z</time>
        <extensions>
          <gpxtpx:TrackPointExtension>
            <gpxtpx:hr>174</gpxtpx:hr>
          </gpxtpx:TrackPointExtension>
        </extensions>
      </trkpt>
      <trkpt lat="31.229973662519463" lon="121.63527560054573">
        <ele>4.64859820343554</ele>
        <time>1970-01-01T00:17:29.100000Z</time>
        <extensions>
          <gpxtpx:TrackPointExtension>
            <gpxtpx:hr>174</gpxtpx:hr>
          </gpxtpx:TrackPointExtension>
        </extensions>
      </trkpt>
      <trkpt lat="31.22998160152007" lon="121.63530228452846">
        <ele>4.65149452816695</ele>
        <time>1970-01-01T00:17:30.100000Z</time>
        <extensions>
          <gpxtpx:TrackPointExtension>
            <gpxtpx:hr>174</gpxtpx:hr>
          </gpxtpx:TrackPointExtension>
        </extensions>
      </trkpt>
      <trkpt lat="31.229988467146455" lon="121.63532972473728">
        <ele>4.6544257597997785</ele>
        <time>1970-01-01T00:17:31.100000Z</time>
        <extensions>
          <gpxtpx:TrackPointExtension>
            <gpxtpx:hr>174</gpxtpx:hr>
          </gpxtpx:TrackPointExtension>
        </extensions>
      </trkpt>
      <trkpt lat="31.22999462585412" lon="121.63535745583053">
        <ele>4.658151627518237</ele>
        <time>1970-01-01T00:17:32.100000Z</time>
        <extensions>
          <gpxtpx:TrackPointExtension>
            <gpxtpx:hr>174</gpxtpx:hr>
          </gpxtpx:TrackPointExtension>
        </extensions>
      </trkpt>
      <trkpt lat="31.230000163593463" lon="121.63538518248177">
        <ele>4.663167887367308</ele>
        <time>1970-01-01T00:17:33.100000Z</time>
        <extensions>
          <gpxtpx:TrackPointExtension>
            <gpxtpx:hr>175</gpxtpx:hr>
          </gpxtpx:TrackPointExtension>
        </extensions>
      </trkpt>
      <trkpt lat="31.23000508388468" lon="121.63541316502203">
        <ele>4.669672848656774</ele>
        <time>1970-01-01T00:17:34.100000Z</time>
        <extensions>
          <gpxtpx:TrackPointExtension>
            <gpxtpx:hr>175</gpxtpx:hr>
          </gpxtpx:TrackPointExtension>
        </extensions>
      </trkpt>
      <trkpt lat="31.230009556129414" lon="121.63544172092492">
        <ele>4.677617006935179</ele>
        <time>1970-01-01T00:17:35.100000Z</time>
        <extensions>
          <gpxtpx:TrackPointExtension>
            <gpxtpx:hr>175</gpxtpx:hr>
          </gpxtpx:TrackPointExtension>
        </extensions>
      </trkpt>
      <trkpt lat="31.23001364226619" lon="121.63547066856901">
        <ele>4.686640925705433</ele>
        <time>1970-01-01T00:17:36.100000Z</time>
        <extensions>
          <gpxtpx:TrackPointExtension>
            <gpxtpx:hr>175</gpxtpx:hr>
          </gpxtpx:TrackPointExtension>
        </extensions>
      </trkpt>
      <trkpt lat="31.230017115823365" lon="121.63549932783337">
        <ele>4.6963976649567485</ele>
        <time>1970-01-01T00:17:37.100000Z</time>
        <extensions>
          <gpxtpx:TrackPointExtension>
            <gpxtpx:hr>175</gpxtpx:hr>
          </gpxtpx:TrackPointExtension>
        </extensions>
      </trkpt>
      <trkpt lat="31.230020106234868" lon="121.63552731744683">
        <ele>4.706769987940788</ele>
        <time>1970-01-01T00:17:38.100000Z</time>
        <extensions>
          <gpxtpx:TrackPointExtension>
            <gpxtpx:hr>175</gpxtpx:hr>
          </gpxtpx:TrackPointExtension>
        </extensions>
      </trkpt>
      <trkpt lat="31.230022894089633" lon="121.63555515239355">
        <ele>4.717977041378617</ele>
        <time>1970-01-01T00:17:39.100000Z</time>
        <extensions>
          <gpxtpx:TrackPointExtension>
            <gpxtpx:hr>176</gpxtpx:hr>
          </gpxtpx:TrackPointExtension>
        </extensions>
      </trkpt>
      <trkpt lat="31.230025335401514" lon="121.63558348736855">
        <ele>4.730692699551582</ele>
        <time>1970-01-01T00:17:40.100000Z</time>
        <extensions>
          <gpxtpx:TrackPointExtension>
            <gpxtpx:hr>176</gpxtpx:hr>
          </gpxtpx:TrackPointExtension>
        </extensions>
      </trkpt>
      <trkpt lat="31.230027215772232" lon="121.63561223243842">
        <ele>4.745524801313877</ele>
        <time>1970-01-01T00:17:41.100000Z</time>
        <extensions>
          <gpxtpx:TrackPointExtension>
            <gpxtpx:hr>176</gpxtpx:hr>
          </gpxtpx:TrackPointExtension>
        </extensions>
      </trkpt>
      <trkpt lat="31.230028703986235" lon="121.63564088277002">
        <ele>4.762816220521927</ele>
        <time>1970-01-01T00:17:42.100000Z</time>
        <extensions>
          <gpxtpx:TrackPointExtension>
            <gpxtpx:hr>177</gpxtpx:hr>
          </gpxtpx:TrackPointExtension>
        </extensions>
      </trkpt>
      <trkpt lat="31.23003009135099" lon="121.6356691027078">
        <ele>4.782870871946216</ele>
        <time>1970-01-01T00:17:43.100000Z</time>
        <extensions>
          <gpxtpx:TrackPointExtension>
            <gpxtpx:hr>177</gpxtpx:hr>
          </gpxtpx:TrackPointExtension>
        </extensions>
      </trkpt>
      <trkpt lat="31.230031979925847" lon="121.63569700723211">
        <ele>4.8059437200427055</ele>
        <time>1970-01-01T00:17:44.100000Z</time>
        <extensions>
          <gpxtpx:TrackPointExtension>
            <gpxtpx:hr>177</gpxtpx:hr>
          </gpxtpx:TrackPointExtension>
        </extensions>
      </trkpt>
      <trkpt lat="31.230035012175403" lon="121.63572503005499">
        <ele>4.832471746020019</ele>
        <time>1970-01-01T00:17:45.100000Z</time>
        <extensions>
          <gpxtpx:TrackPointExtension>
            <gpxtpx:hr>177</gpxtpx:hr>
          </gpxtpx:TrackPointExtension>
        </extensions>
      </trkpt>
      <trkpt lat="31.23003903032166" lon="121.63575326806189">
        <ele>4.862551089376211</ele>
        <time>1970-01-01T00:17:46.100000Z</time>
        <extensions>
          <gpxtpx:TrackPointExtension>
            <gpxtpx:hr>177</gpxtpx:hr>
          </gpxtpx:TrackPointExtension>
        </extensions>
      </trkpt>
      <trkpt lat="31.23004366400539" lon="121.63578134261853">
        <ele>4.895465715788305</ele>
        <time>1970-01-01T00:17:47.100000Z</time>
        <extensions>
          <gpxtpx:TrackPointExtension>
            <gpxtpx:hr>177</gpxtpx:hr>
          </gpxtpx:TrackPointExtension>
        </extensions>
      </trkpt>
      <trkpt lat="31.2300489684572" lon="121.63580888306113">
        <ele>4.930298103019595</ele>
        <time>1970-01-01T00:17:48.100000Z</time>
        <extensions>
          <gpxtpx:TrackPointExtension>
            <gpxtpx:hr>177</gpxtpx:hr>
          </gpxtpx:TrackPointExtension>
        </extensions>
      </trkpt>
      <trkpt lat="31.230055049751353" lon="121.63583600871013">
        <ele>4.96633739862591</ele>
        <time>1970-01-01T00:17:49.100000Z</time>
        <extensions>
          <gpxtpx:TrackPointExtension>
            <gpxtpx:hr>177</gpxtpx:hr>
          </gpxtpx:TrackPointExtension>
        </extensions>
      </trkpt>
      <trkpt lat="31.23006181180973" lon="121.6358629359501">
        <ele>5.003317384049296</ele>
        <time>1970-01-01T00:17:50.100000Z</time>
        <extensions>
          <gpxtpx:TrackPointExtension>
            <gpxtpx:hr>177</gpxtpx:hr>
          </gpxtpx:TrackPointExtension>
        </extensions>
      </trkpt>
      <trkpt lat="31.230069294796262" lon="121.63588968386716">
        <ele>5.041217480786145</ele>
        <time>1970-01-01T00:17:51.100000Z</time>
        <extensions>
          <gpxtpx:TrackPointExtension>
            <gpxtpx:hr>177</gpxtpx:hr>
          </gpxtpx:TrackPointExtension>
        </extensions>
      </trkpt>
      <trkpt lat="31.23007764268994" lon="121.63591636146539">
        <ele>5.0798713294789195</ele>
        <time>1970-01-01T00:17:52.100000Z</time>
        <extensions>
          <gpxtpx:TrackPointExtension>
            <gpxtpx:hr>177</gpxtpx:hr>
          </gpxtpx:TrackPointExtension>
        </extensions>
      </trkpt>
      <trkpt lat="31.230086574804872" lon="121.63594297245511">
        <ele>5.119173708371818</ele>
        <time>1970-01-01T00:17:53.200000Z</time>
        <extensions>
          <gpxtpx:TrackPointExtension>
            <gpxtpx:hr>179</gpxtpx:hr>
          </gpxtpx:TrackPointExtension>
        </extensions>
      </trkpt>
      <trkpt lat="31.23009573449438" lon="121.63596906851971">
        <ele>5.159163173288107</ele>
        <time>1970-01-01T00:17:54.200000Z</time>
        <extensions>
          <gpxtpx:TrackPointExtension>
            <gpxtpx:hr>179</gpxtpx:hr>
          </gpxtpx:TrackPointExtension>
        </extensions>
      </trkpt>
      <trkpt lat="31.23010512616743" lon="121.63599441253807">
        <ele>5.199606916867197</ele>
        <time>1970-01-01T00:17:55.200000Z</time>
        <extensions>
          <gpxtpx:TrackPointExtension>
            <gpxtpx:hr>179</gpxtpx:hr>
          </gpxtpx:TrackPointExtension>
        </extensions>
      </trkpt>
      <trkpt lat="31.230114862295846" lon="121.63601948362832">
        <ele>5.239929748699069</ele>
        <time>1970-01-01T00:17:56.200000Z</time>
        <extensions>
          <gpxtpx:TrackPointExtension>
            <gpxtpx:hr>179</gpxtpx:hr>
          </gpxtpx:TrackPointExtension>
        </extensions>
      </trkpt>
      <trkpt lat="31.230124958043568" lon="121.63604474235684">
        <ele>5.27938458416611</ele>
        <time>1970-01-01T00:17:57.200000Z</time>
        <extensions>
          <gpxtpx:TrackPointExtension>
            <gpxtpx:hr>179</gpxtpx:hr>
          </gpxtpx:TrackPointExtension>
        </extensions>
      </trkpt>
      <trkpt lat="31.230135412454683" lon="121.63607037165727">
        <ele>5.317359961569309</ele>
        <time>1970-01-01T00:17:58.200000Z</time>
        <extensions>
          <gpxtpx:TrackPointExtension>
            <gpxtpx:hr>179</gpxtpx:hr>
          </gpxtpx:TrackPointExtension>
        </extensions>
      </trkpt>
      <trkpt lat="31.230146234089354" lon="121.63609660375731">
        <ele>5.3538259118795395</ele>
        <time>1970-01-01T00:17:59.200000Z</time>
        <extensions>
          <gpxtpx:TrackPointExtension>
            <gpxtpx:hr>179</gpxtpx:hr>
          </gpxtpx:TrackPointExtension>
        </extensions>
      </trkpt>
      <trkpt lat="31.23015719849817" lon="121.63612336040592">
        <ele>5.389032014645636</ele>
        <time>1970-01-01T00:18:00.200000Z</time>
        <extensions>
          <gpxtpx:TrackPointExtension>
            <gpxtpx:hr>179</gpxtpx:hr>
          </gpxtpx:TrackPointExtension>
        </extensions>
      </trkpt>
      <trkpt lat="31.230168339819503" lon="121.63615001322368">
        <ele>5.423080728389323</ele>
        <time>1970-01-01T00:18:01.200000Z</time>
        <extensions>
          <gpxtpx:TrackPointExtension>
            <gpxtpx:hr>179</gpxtpx:hr>
          </gpxtpx:TrackPointExtension>
        </extensions>
      </trkpt>
      <trkpt lat="31.230180008343584" lon="121.63617634400464">
        <ele>5.455839740112424</ele>
        <time>1970-01-01T00:18:02.200000Z</time>
        <extensions>
          <gpxtpx:TrackPointExtension>
            <gpxtpx:hr>179</gpxtpx:hr>
          </gpxtpx:TrackPointExtension>
        </extensions>
      </trkpt>
      <trkpt lat="31.230192219028282" lon="121.6362025700513">
        <ele>5.486884267069399</ele>
        <time>1970-01-01T00:18:03.200000Z</time>
        <extensions>
          <gpxtpx:TrackPointExtension>
            <gpxtpx:hr>179</gpxtpx:hr>
          </gpxtpx:TrackPointExtension>
        </extensions>
      </trkpt>
      <trkpt lat="31.23020491780329" lon="121.63622861128138">
        <ele>5.515875926241279</ele>
        <time>1970-01-01T00:18:04.200000Z</time>
        <extensions>
          <gpxtpx:TrackPointExtension>
            <gpxtpx:hr>179</gpxtpx:hr>
          </gpxtpx:TrackPointExtension>
        </extensions>
      </trkpt>
      <trkpt lat="31.23021810569805" lon="121.63625428610959">
        <ele>5.5425379471853375</ele>
        <time>1970-01-01T00:18:05.200000Z</time>
        <extensions>
          <gpxtpx:TrackPointExtension>
            <gpxtpx:hr>179</gpxtpx:hr>
          </gpxtpx:TrackPointExtension>
        </extensions>
      </trkpt>
      <trkpt lat="31.230231509406334" lon="121.63627953551362">
        <ele>5.566531179472804</ele>
        <time>1970-01-01T00:18:06.200000Z</time>
        <extensions>
          <gpxtpx:TrackPointExtension>
            <gpxtpx:hr>179</gpxtpx:hr>
          </gpxtpx:TrackPointExtension>
        </extensions>
      </trkpt>
      <trkpt lat="31.230244880380567" lon="121.63630431154913">
        <ele>5.587976720184088</ele>
        <time>1970-01-01T00:18:07.200000Z</time>
        <extensions>
          <gpxtpx:TrackPointExtension>
            <gpxtpx:hr>179</gpxtpx:hr>
          </gpxtpx:TrackPointExtension>
        </extensions>
      </trkpt>
      <trkpt lat="31.230258285134624" lon="121.63632874784302">
        <ele>5.607018254697323</ele>
        <time>1970-01-01T00:18:08.200000Z</time>
        <extensions>
          <gpxtpx:TrackPointExtension>
            <gpxtpx:hr>180</gpxtpx:hr>
          </gpxtpx:TrackPointExtension>
        </extensions>
      </trkpt>
      <trkpt lat="31.23027164232447" lon="121.63635312586723">
        <ele>5.623197006992996</ele>
        <time>1970-01-01T00:18:09.200000Z</time>
        <extensions>
          <gpxtpx:TrackPointExtension>
            <gpxtpx:hr>180</gpxtpx:hr>
          </gpxtpx:TrackPointExtension>
        </extensions>
      </trkpt>
      <trkpt lat="31.230285108032827" lon="121.63637726343161">
        <ele>5.636175309307873</ele>
        <time>1970-01-01T00:18:10.200000Z</time>
        <extensions>
          <gpxtpx:TrackPointExtension>
            <gpxtpx:hr>180</gpxtpx:hr>
          </gpxtpx:TrackPointExtension>
        </extensions>
      </trkpt>
      <trkpt lat="31.230299401743896" lon="121.63640051880542">
        <ele>5.6458837343379855</ele>
        <time>1970-01-01T00:18:11.200000Z</time>
        <extensions>
          <gpxtpx:TrackPointExtension>
            <gpxtpx:hr>180</gpxtpx:hr>
          </gpxtpx:TrackPointExtension>
        </extensions>
      </trkpt>
      <trkpt lat="31.230314790977364" lon="121.63642257677843">
        <ele>5.652419779449701</ele>
        <time>1970-01-01T00:18:12.200000Z</time>
        <extensions>
          <gpxtpx:TrackPointExtension>
            <gpxtpx:hr>180</gpxtpx:hr>
          </gpxtpx:TrackPointExtension>
        </extensions>
      </trkpt>
      <trkpt lat="31.230330977153415" lon="121.63644362674407">
        <ele>5.656303275376558</ele>
        <time>1970-01-01T00:18:13.200000Z</time>
        <extensions>
          <gpxtpx:TrackPointExtension>
            <gpxtpx:hr>180</gpxtpx:hr>
          </gpxtpx:TrackPointExtension>
        </extensions>
      </trkpt>
      <trkpt lat="31.230347724038104" lon="121.63646383424425">
        <ele>5.657809316180646</ele>
        <time>1970-01-01T00:18:14.200000Z</time>
        <extensions>
          <gpxtpx:TrackPointExtension>
            <gpxtpx:hr>179</gpxtpx:hr>
          </gpxtpx:TrackPointExtension>
        </extensions>
      </trkpt>
      <trkpt lat="31.230365104537913" lon="121.63648343038236">
        <ele>5.656691710464656</ele>
        <time>1970-01-01T00:18:15.200000Z</time>
        <extensions>
          <gpxtpx:TrackPointExtension>
            <gpxtpx:hr>179</gpxtpx:hr>
          </gpxtpx:TrackPointExtension>
        </extensions>
      </trkpt>
      <trkpt lat="31.2303831642104" lon="121.63650284562293">
        <ele>5.65296480152756</ele>
        <time>1970-01-01T00:18:16.200000Z</time>
        <extensions>
          <gpxtpx:TrackPointExtension>
            <gpxtpx:hr>179</gpxtpx:hr>
          </gpxtpx:TrackPointExtension>
        </extensions>
      </trkpt>
      <trkpt lat="31.230401817103502" lon="121.63652195018675">
        <ele>5.646750469692051</ele>
        <time>1970-01-01T00:18:17.200000Z</time>
        <extensions>
          <gpxtpx:TrackPointExtension>
            <gpxtpx:hr>179</gpxtpx:hr>
          </gpxtpx:TrackPointExtension>
        </extensions>
      </trkpt>
      <trkpt lat="31.230420875384375" lon="121.63654041496426">
        <ele>5.6378328343853354</ele>
        <time>1970-01-01T00:18:18.200000Z</time>
        <extensions>
          <gpxtpx:TrackPointExtension>
            <gpxtpx:hr>180</gpxtpx:hr>
          </gpxtpx:TrackPointExtension>
        </extensions>
      </trkpt>
      <trkpt lat="31.230440172796207" lon="121.63655812933655">
        <ele>5.626215288415551</ele>
        <time>1970-01-01T00:18:19.200000Z</time>
        <extensions>
          <gpxtpx:TrackPointExtension>
            <gpxtpx:hr>180</gpxtpx:hr>
          </gpxtpx:TrackPointExtension>
        </extensions>
      </trkpt>
      <trkpt lat="31.2304597375143" lon="121.63657530527428">
        <ele>5.6123077888041735</ele>
        <time>1970-01-01T00:18:20.200000Z</time>
        <extensions>
          <gpxtpx:TrackPointExtension>
            <gpxtpx:hr>180</gpxtpx:hr>
          </gpxtpx:TrackPointExtension>
        </extensions>
      </trkpt>
      <trkpt lat="31.230479632443032" lon="121.63659194673467">
        <ele>5.59652125928551</ele>
        <time>1970-01-01T00:18:21.200000Z</time>
        <extensions>
          <gpxtpx:TrackPointExtension>
            <gpxtpx:hr>180</gpxtpx:hr>
          </gpxtpx:TrackPointExtension>
        </extensions>
      </trkpt>
      <trkpt lat="31.230499753047354" lon="121.63660799666266">
        <ele>5.579019063152373</ele>
        <time>1970-01-01T00:18:22.200000Z</time>
        <extensions>
          <gpxtpx:TrackPointExtension>
            <gpxtpx:hr>180</gpxtpx:hr>
          </gpxtpx:TrackPointExtension>
        </extensions>
      </trkpt>
      <trkpt lat="31.230519962364816" lon="121.63662386512888">
        <ele>5.559848903678358</ele>
        <time>1970-01-01T00:18:23.200000Z</time>
        <extensions>
          <gpxtpx:TrackPointExtension>
            <gpxtpx:hr>179</gpxtpx:hr>
          </gpxtpx:TrackPointExtension>
        </extensions>
      </trkpt>
      <trkpt lat="31.230540502637833" lon="121.63663959176561">
        <ele>5.539136839099228</ele>
        <time>1970-01-01T00:18:24.200000Z</time>
        <extensions>
          <gpxtpx:TrackPointExtension>
            <gpxtpx:hr>179</gpxtpx:hr>
          </gpxtpx:TrackPointExtension>
        </extensions>
      </trkpt>
      <trkpt lat="31.230561740837118" lon="121.63665492834402">
        <ele>5.516895626671612</ele>
        <time>1970-01-01T00:18:25.200000Z</time>
        <extensions>
          <gpxtpx:TrackPointExtension>
            <gpxtpx:hr>179</gpxtpx:hr>
          </gpxtpx:TrackPointExtension>
        </extensions>
      </trkpt>
      <trkpt lat="31.230583682155366" lon="121.63666973865291">
        <ele>5.492674724198878</ele>
        <time>1970-01-01T00:18:26.200000Z</time>
        <extensions>
          <gpxtpx:TrackPointExtension>
            <gpxtpx:hr>179</gpxtpx:hr>
          </gpxtpx:TrackPointExtension>
        </extensions>
      </trkpt>
      <trkpt lat="31.230606015804593" lon="121.63668379974025">
        <ele>5.46555099543184</ele>
        <time>1970-01-01T00:18:27.300000Z</time>
        <extensions>
          <gpxtpx:TrackPointExtension>
            <gpxtpx:hr>179</gpxtpx:hr>
          </gpxtpx:TrackPointExtension>
        </extensions>
      </trkpt>
      <trkpt lat="31.23062875000601" lon="121.63669645042145">
        <ele>5.434617876075208</ele>
        <time>1970-01-01T00:18:28.300000Z</time>
        <extensions>
          <gpxtpx:TrackPointExtension>
            <gpxtpx:hr>179</gpxtpx:hr>
          </gpxtpx:TrackPointExtension>
        </extensions>
      </trkpt>
      <trkpt lat="31.230652047168107" lon="121.6367075792893">
        <ele>5.399505639448762</ele>
        <time>1970-01-01T00:18:29.300000Z</time>
        <extensions>
          <gpxtpx:TrackPointExtension>
            <gpxtpx:hr>179</gpxtpx:hr>
          </gpxtpx:TrackPointExtension>
        </extensions>
      </trkpt>
      <trkpt lat="31.230675793641016" lon="121.63671771410083">
        <ele>5.360450577922165</ele>
        <time>1970-01-01T00:18:30.300000Z</time>
        <extensions>
          <gpxtpx:TrackPointExtension>
            <gpxtpx:hr>179</gpxtpx:hr>
          </gpxtpx:TrackPointExtension>
        </extensions>
      </trkpt>
      <trkpt lat="31.230699810278825" lon="121.63672704884783">
        <ele>5.317837635055184</ele>
        <time>1970-01-01T00:18:31.300000Z</time>
        <extensions>
          <gpxtpx:TrackPointExtension>
            <gpxtpx:hr>179</gpxtpx:hr>
          </gpxtpx:TrackPointExtension>
        </extensions>
      </trkpt>
      <trkpt lat="31.230724150392046" lon="121.63673563901995">
        <ele>5.271922069601715</ele>
        <time>1970-01-01T00:18:32.300000Z</time>
        <extensions>
          <gpxtpx:TrackPointExtension>
            <gpxtpx:hr>179</gpxtpx:hr>
          </gpxtpx:TrackPointExtension>
        </extensions>
      </trkpt>
      <trkpt lat="31.23074884720845" lon="121.63674370162175">
        <ele>5.223425971344113</ele>
        <time>1970-01-01T00:18:33.300000Z</time>
        <extensions>
          <gpxtpx:TrackPointExtension>
            <gpxtpx:hr>179</gpxtpx:hr>
          </gpxtpx:TrackPointExtension>
        </extensions>
      </trkpt>
      <trkpt lat="31.230773658290786" lon="121.63675110239662">
        <ele>5.173712673597038</ele>
        <time>1970-01-01T00:18:34.300000Z</time>
        <extensions>
          <gpxtpx:TrackPointExtension>
            <gpxtpx:hr>179</gpxtpx:hr>
          </gpxtpx:TrackPointExtension>
        </extensions>
      </trkpt>
      <trkpt lat="31.230798482903133" lon="121.63675754132143">
        <ele>5.124280897900462</ele>
        <time>1970-01-01T00:18:35.300000Z</time>
        <extensions>
          <gpxtpx:TrackPointExtension>
            <gpxtpx:hr>179</gpxtpx:hr>
          </gpxtpx:TrackPointExtension>
        </extensions>
      </trkpt>
      <trkpt lat="31.230823476616198" lon="121.63676321345956">
        <ele>5.0765695152804255</ele>
        <time>1970-01-01T00:18:36.300000Z</time>
        <extensions>
          <gpxtpx:TrackPointExtension>
            <gpxtpx:hr>179</gpxtpx:hr>
          </gpxtpx:TrackPointExtension>
        </extensions>
      </trkpt>
      <trkpt lat="31.230848571422122" lon="121.63676835404875">
        <ele>5.032003980129957</ele>
        <time>1970-01-01T00:18:37.300000Z</time>
        <extensions>
          <gpxtpx:TrackPointExtension>
            <gpxtpx:hr>179</gpxtpx:hr>
          </gpxtpx:TrackPointExtension>
        </extensions>
      </trkpt>
      <trkpt lat="31.230873531913257" lon="121.63677283246386">
        <ele>4.991978535428643</ele>
        <time>1970-01-01T00:18:38.300000Z</time>
        <extensions>
          <gpxtpx:TrackPointExtension>
            <gpxtpx:hr>179</gpxtpx:hr>
          </gpxtpx:TrackPointExtension>
        </extensions>
      </trkpt>
      <trkpt lat="31.230898356668458" lon="121.63677674930233">
        <ele>4.957273236475885</ele>
        <time>1970-01-01T00:18:39.300000Z</time>
        <extensions>
          <gpxtpx:TrackPointExtension>
            <gpxtpx:hr>179</gpxtpx:hr>
          </gpxtpx:TrackPointExtension>
        </extensions>
      </trkpt>
      <trkpt lat="31.230923183690212" lon="121.63678042222283">
        <ele>4.927785105071962</ele>
        <time>1970-01-01T00:18:40.300000Z</time>
        <extensions>
          <gpxtpx:TrackPointExtension>
            <gpxtpx:hr>179</gpxtpx:hr>
          </gpxtpx:TrackPointExtension>
        </extensions>
      </trkpt>
      <trkpt lat="31.230948164433997" lon="121.63678382118643">
        <ele>4.903182676061988</ele>
        <time>1970-01-01T00:18:41.300000Z</time>
        <extensions>
          <gpxtpx:TrackPointExtension>
            <gpxtpx:hr>179</gpxtpx:hr>
          </gpxtpx:TrackPointExtension>
        </extensions>
      </trkpt>
      <trkpt lat="31.230973461098145" lon="121.63678719150707">
        <ele>4.883492392487824</ele>
        <time>1970-01-01T00:18:42.300000Z</time>
        <extensions>
          <gpxtpx:TrackPointExtension>
            <gpxtpx:hr>180</gpxtpx:hr>
          </gpxtpx:TrackPointExtension>
        </extensions>
      </trkpt>
      <trkpt lat="31.23099898254879" lon="121.63679092445433">
        <ele>4.869188418611884</ele>
        <time>1970-01-01T00:18:43.300000Z</time>
        <extensions>
          <gpxtpx:TrackPointExtension>
            <gpxtpx:hr>180</gpxtpx:hr>
          </gpxtpx:TrackPointExtension>
        </extensions>
      </trkpt>
      <trkpt lat="31.23102447806229" lon="121.63679462894714">
        <ele>4.860502138733864</ele>
        <time>1970-01-01T00:18:44.300000Z</time>
        <extensions>
          <gpxtpx:TrackPointExtension>
            <gpxtpx:hr>180</gpxtpx:hr>
          </gpxtpx:TrackPointExtension>
        </extensions>
      </trkpt>
      <trkpt lat="31.231049881682747" lon="121.63679765275138">
        <ele>4.856640847399831</ele>
        <time>1970-01-01T00:18:45.300000Z</time>
        <extensions>
          <gpxtpx:TrackPointExtension>
            <gpxtpx:hr>180</gpxtpx:hr>
          </gpxtpx:TrackPointExtension>
        </extensions>
      </trkpt>
      <trkpt lat="31.231075211700638" lon="121.63679990148614">
        <ele>4.856165684759617</ele>
        <time>1970-01-01T00:18:46.300000Z</time>
        <extensions>
          <gpxtpx:TrackPointExtension>
            <gpxtpx:hr>180</gpxtpx:hr>
          </gpxtpx:TrackPointExtension>
        </extensions>
      </trkpt>
      <trkpt lat="31.23110031832643" lon="121.63680137195277">
        <ele>4.8581109922379255</ele>
        <time>1970-01-01T00:18:47.300000Z</time>
        <extensions>
          <gpxtpx:TrackPointExtension>
            <gpxtpx:hr>180</gpxtpx:hr>
          </gpxtpx:TrackPointExtension>
        </extensions>
      </trkpt>
      <trkpt lat="31.231125044304978" lon="121.63680203401236">
        <ele>4.862137746997178</ele>
        <time>1970-01-01T00:18:48.300000Z</time>
        <extensions>
          <gpxtpx:TrackPointExtension>
            <gpxtpx:hr>180</gpxtpx:hr>
          </gpxtpx:TrackPointExtension>
        </extensions>
      </trkpt>
      <trkpt lat="31.231149546978266" lon="121.6368023098527">
        <ele>4.867768662981689</ele>
        <time>1970-01-01T00:18:49.300000Z</time>
        <extensions>
          <gpxtpx:TrackPointExtension>
            <gpxtpx:hr>180</gpxtpx:hr>
          </gpxtpx:TrackPointExtension>
        </extensions>
      </trkpt>
      <trkpt lat="31.231173971843535" lon="121.63680263063094">
        <ele>4.873859417624772</ele>
        <time>1970-01-01T00:18:50.300000Z</time>
        <extensions>
          <gpxtpx:TrackPointExtension>
            <gpxtpx:hr>180</gpxtpx:hr>
          </gpxtpx:TrackPointExtension>
        </extensions>
      </trkpt>
      <trkpt lat="31.23119841187869" lon="121.63680297104406">
        <ele>4.878872663713992</ele>
        <time>1970-01-01T00:18:51.300000Z</time>
        <extensions>
          <gpxtpx:TrackPointExtension>
            <gpxtpx:hr>179</gpxtpx:hr>
          </gpxtpx:TrackPointExtension>
        </extensions>
      </trkpt>
      <trkpt lat="31.231223150553557" lon="121.63680295857974">
        <ele>4.882006408646703</ele>
        <time>1970-01-01T00:18:52.300000Z</time>
        <extensions>
          <gpxtpx:TrackPointExtension>
            <gpxtpx:hr>179</gpxtpx:hr>
          </gpxtpx:TrackPointExtension>
        </extensions>
      </trkpt>
      <trkpt lat="31.231248243545004" lon="121.63680232636996">
        <ele>4.883157966658473</ele>
        <time>1970-01-01T00:18:53.300000Z</time>
        <extensions>
          <gpxtpx:TrackPointExtension>
            <gpxtpx:hr>179</gpxtpx:hr>
          </gpxtpx:TrackPointExtension>
        </extensions>
      </trkpt>
      <trkpt lat="31.231273417700272" lon="121.63680091819442">
        <ele>4.8818959798663855</ele>
        <time>1970-01-01T00:18:54.300000Z</time>
        <extensions>
          <gpxtpx:TrackPointExtension>
            <gpxtpx:hr>179</gpxtpx:hr>
          </gpxtpx:TrackPointExtension>
        </extensions>
      </trkpt>
      <trkpt lat="31.231298576297654" lon="121.6367988677922">
        <ele>4.877621419727802</ele>
        <time>1970-01-01T00:18:55.300000Z</time>
        <extensions>
          <gpxtpx:TrackPointExtension>
            <gpxtpx:hr>179</gpxtpx:hr>
          </gpxtpx:TrackPointExtension>
        </extensions>
      </trkpt>
      <trkpt lat="31.231323616857814" lon="121.63679651031086">
        <ele>4.87020499818027</ele>
        <time>1970-01-01T00:18:56.300000Z</time>
        <extensions>
          <gpxtpx:TrackPointExtension>
            <gpxtpx:hr>179</gpxtpx:hr>
          </gpxtpx:TrackPointExtension>
        </extensions>
      </trkpt>
      <trkpt lat="31.231348195131275" lon="121.63679386778797">
        <ele>4.860023419372737</ele>
        <time>1970-01-01T00:18:57.300000Z</time>
        <extensions>
          <gpxtpx:TrackPointExtension>
            <gpxtpx:hr>179</gpxtpx:hr>
          </gpxtpx:TrackPointExtension>
        </extensions>
      </trkpt>
      <trkpt lat="31.231372383320554" lon="121.6367906983851">
        <ele>4.8474783124402165</ele>
        <time>1970-01-01T00:18:58.300000Z</time>
        <extensions>
          <gpxtpx:TrackPointExtension>
            <gpxtpx:hr>179</gpxtpx:hr>
          </gpxtpx:TrackPointExtension>
        </extensions>
      </trkpt>
      <trkpt lat="31.231396692549314" lon="121.63678691302724">
        <ele>4.8328837072476745</ele>
        <time>1970-01-01T00:18:59.300000Z</time>
        <extensions>
          <gpxtpx:TrackPointExtension>
            <gpxtpx:hr>179</gpxtpx:hr>
          </gpxtpx:TrackPointExtension>
        </extensions>
      </trkpt>
      <trkpt lat="31.23142133936553" lon="121.63678251454124">
        <ele>4.816778148524463</ele>
        <time>1970-01-01T00:19:00.300000Z</time>
        <extensions>
          <gpxtpx:TrackPointExtension>
            <gpxtpx:hr>179</gpxtpx:hr>
          </gpxtpx:TrackPointExtension>
        </extensions>
      </trkpt>
      <trkpt lat="31.231446080973665" lon="121.63677730901479">
        <ele>4.799480642192066</ele>
        <time>1970-01-01T00:19:01.400000Z</time>
        <extensions>
          <gpxtpx:TrackPointExtension>
            <gpxtpx:hr>179</gpxtpx:hr>
          </gpxtpx:TrackPointExtension>
        </extensions>
      </trkpt>
      <trkpt lat="31.23147081882119" lon="121.6367714202353">
        <ele>4.780630212277174</ele>
        <time>1970-01-01T00:19:02.400000Z</time>
        <extensions>
          <gpxtpx:TrackPointExtension>
            <gpxtpx:hr>179</gpxtpx:hr>
          </gpxtpx:TrackPointExtension>
        </extensions>
      </trkpt>
      <trkpt lat="31.231495465826793" lon="121.636765101224">
        <ele>4.75980194658041</ele>
        <time>1970-01-01T00:19:03.400000Z</time>
        <extensions>
          <gpxtpx:TrackPointExtension>
            <gpxtpx:hr>179</gpxtpx:hr>
          </gpxtpx:TrackPointExtension>
        </extensions>
      </trkpt>
      <trkpt lat="31.231519676249242" lon="121.63675799863525">
        <ele>4.736970836296678</ele>
        <time>1970-01-01T00:19:04.400000Z</time>
        <extensions>
          <gpxtpx:TrackPointExtension>
            <gpxtpx:hr>179</gpxtpx:hr>
          </gpxtpx:TrackPointExtension>
        </extensions>
      </trkpt>
      <trkpt lat="31.231543365812737" lon="121.63674981271039">
        <ele>4.711969714611769</ele>
        <time>1970-01-01T00:19:05.400000Z</time>
        <extensions>
          <gpxtpx:TrackPointExtension>
            <gpxtpx:hr>180</gpxtpx:hr>
          </gpxtpx:TrackPointExtension>
        </extensions>
      </trkpt>
      <trkpt lat="31.23156654886853" lon="121.63674103620676">
        <ele>4.684052173048258</ele>
        <time>1970-01-01T00:19:06.400000Z</time>
        <extensions>
          <gpxtpx:TrackPointExtension>
            <gpxtpx:hr>180</gpxtpx:hr>
          </gpxtpx:TrackPointExtension>
        </extensions>
      </trkpt>
      <trkpt lat="31.231589153101826" lon="121.63673186235732">
        <ele>4.652316554449499</ele>
        <time>1970-01-01T00:19:07.400000Z</time>
        <extensions>
          <gpxtpx:TrackPointExtension>
            <gpxtpx:hr>180</gpxtpx:hr>
          </gpxtpx:TrackPointExtension>
        </extensions>
      </trkpt>
      <trkpt lat="31.231611458662478" lon="121.6367219317773">
        <ele>4.6165408147498965</ele>
        <time>1970-01-01T00:19:08.400000Z</time>
        <extensions>
          <gpxtpx:TrackPointExtension>
            <gpxtpx:hr>180</gpxtpx:hr>
          </gpxtpx:TrackPointExtension>
        </extensions>
      </trkpt>
      <trkpt lat="31.23163409833877" lon="121.6367118877837">
        <ele>4.577655869536102</ele>
        <time>1970-01-01T00:19:09.400000Z</time>
        <extensions>
          <gpxtpx:TrackPointExtension>
            <gpxtpx:hr>180</gpxtpx:hr>
          </gpxtpx:TrackPointExtension>
        </extensions>
      </trkpt>
      <trkpt lat="31.23165718919988" lon="121.6367024493642">
        <ele>4.537459470331669</ele>
        <time>1970-01-01T00:19:10.400000Z</time>
        <extensions>
          <gpxtpx:TrackPointExtension>
            <gpxtpx:hr>181</gpxtpx:hr>
          </gpxtpx:TrackPointExtension>
        </extensions>
      </trkpt>
      <trkpt lat="31.23168071368645" lon="121.63669344087987">
        <ele>4.49753631092608</ele>
        <time>1970-01-01T00:19:11.400000Z</time>
        <extensions>
          <gpxtpx:TrackPointExtension>
            <gpxtpx:hr>181</gpxtpx:hr>
          </gpxtpx:TrackPointExtension>
        </extensions>
      </trkpt>
      <trkpt lat="31.23170480168184" lon="121.63668462747988">
        <ele>4.458801910281181</ele>
        <time>1970-01-01T00:19:12.400000Z</time>
        <extensions>
          <gpxtpx:TrackPointExtension>
            <gpxtpx:hr>181</gpxtpx:hr>
          </gpxtpx:TrackPointExtension>
        </extensions>
      </trkpt>
      <trkpt lat="31.23172922536603" lon="121.63667595048906">
        <ele>4.422260248102248</ele>
        <time>1970-01-01T00:19:13.400000Z</time>
        <extensions>
          <gpxtpx:TrackPointExtension>
            <gpxtpx:hr>181</gpxtpx:hr>
          </gpxtpx:TrackPointExtension>
        </extensions>
      </trkpt>
      <trkpt lat="31.23175362768413" lon="121.63666687038753">
        <ele>4.388886768370867</ele>
        <time>1970-01-01T00:19:14.400000Z</time>
        <extensions>
          <gpxtpx:TrackPointExtension>
            <gpxtpx:hr>181</gpxtpx:hr>
          </gpxtpx:TrackPointExtension>
        </extensions>
      </trkpt>
      <trkpt lat="31.2317778764926" lon="121.63665687194899">
        <ele>4.358783671632409</ele>
        <time>1970-01-01T00:19:15.400000Z</time>
        <extensions>
          <gpxtpx:TrackPointExtension>
            <gpxtpx:hr>181</gpxtpx:hr>
          </gpxtpx:TrackPointExtension>
        </extensions>
      </trkpt>
      <trkpt lat="31.231801924059138" lon="121.63664618240315">
        <ele>4.331383689306676</ele>
        <time>1970-01-01T00:19:16.400000Z</time>
        <extensions>
          <gpxtpx:TrackPointExtension>
            <gpxtpx:hr>181</gpxtpx:hr>
          </gpxtpx:TrackPointExtension>
        </extensions>
      </trkpt>
      <trkpt lat="31.231825791034183" lon="121.63663474163391">
        <ele>4.306041926145554</ele>
        <time>1970-01-01T00:19:17.400000Z</time>
        <extensions>
          <gpxtpx:TrackPointExtension>
            <gpxtpx:hr>177</gpxtpx:hr>
          </gpxtpx:TrackPointExtension>
        </extensions>
      </trkpt>
      <trkpt lat="31.231849708378064" lon="121.63662244058744">
        <ele>4.28263164870441</ele>
        <time>1970-01-01T00:19:18.400000Z</time>
        <extensions>
          <gpxtpx:TrackPointExtension>
            <gpxtpx:hr>177</gpxtpx:hr>
          </gpxtpx:TrackPointExtension>
        </extensions>
      </trkpt>
      <trkpt lat="31.23187371687747" lon="121.63660969959501">
        <ele>4.261762009933591</ele>
        <time>1970-01-01T00:19:19.400000Z</time>
        <extensions>
          <gpxtpx:TrackPointExtension>
            <gpxtpx:hr>177</gpxtpx:hr>
          </gpxtpx:TrackPointExtension>
        </extensions>
      </trkpt>
      <trkpt lat="31.231897547859685" lon="121.63659687355066">
        <ele>4.243831446394324</ele>
        <time>1970-01-01T00:19:20.400000Z</time>
        <extensions>
          <gpxtpx:TrackPointExtension>
            <gpxtpx:hr>177</gpxtpx:hr>
          </gpxtpx:TrackPointExtension>
        </extensions>
      </trkpt>
      <trkpt lat="31.231921047255863" lon="121.63658383989123">
        <ele>4.22822729498148</ele>
        <time>1970-01-01T00:19:21.400000Z</time>
        <extensions>
          <gpxtpx:TrackPointExtension>
            <gpxtpx:hr>177</gpxtpx:hr>
          </gpxtpx:TrackPointExtension>
        </extensions>
      </trkpt>
      <trkpt lat="31.23194427127779" lon="121.63657055430915">
        <ele>4.2138746259734035</ele>
        <time>1970-01-01T00:19:22.400000Z</time>
        <extensions>
          <gpxtpx:TrackPointExtension>
            <gpxtpx:hr>177</gpxtpx:hr>
          </gpxtpx:TrackPointExtension>
        </extensions>
      </trkpt>
      <trkpt lat="31.23196691699232" lon="121.63655691961898">
        <ele>4.200130904093385</ele>
        <time>1970-01-01T00:19:23.400000Z</time>
        <extensions>
          <gpxtpx:TrackPointExtension>
            <gpxtpx:hr>177</gpxtpx:hr>
          </gpxtpx:TrackPointExtension>
        </extensions>
      </trkpt>
      <trkpt lat="31.231988529749003" lon="121.63654240707709">
        <ele>4.187060967087746</ele>
        <time>1970-01-01T00:19:24.400000Z</time>
        <extensions>
          <gpxtpx:TrackPointExtension>
            <gpxtpx:hr>177</gpxtpx:hr>
          </gpxtpx:TrackPointExtension>
        </extensions>
      </trkpt>
      <trkpt lat="31.23200906187222" lon="121.63652647966826">
        <ele>4.175056304782629</ele>
        <time>1970-01-01T00:19:25.400000Z</time>
        <extensions>
          <gpxtpx:TrackPointExtension>
            <gpxtpx:hr>177</gpxtpx:hr>
          </gpxtpx:TrackPointExtension>
        </extensions>
      </trkpt>
      <trkpt lat="31.232029147395362" lon="121.63650954613306">
        <ele>4.164685329422355</ele>
        <time>1970-01-01T00:19:26.400000Z</time>
        <extensions>
          <gpxtpx:TrackPointExtension>
            <gpxtpx:hr>177</gpxtpx:hr>
          </gpxtpx:TrackPointExtension>
        </extensions>
      </trkpt>
      <trkpt lat="31.232049740580447" lon="121.63649277624354">
        <ele>4.15678724180907</ele>
        <time>1970-01-01T00:19:27.400000Z</time>
        <extensions>
          <gpxtpx:TrackPointExtension>
            <gpxtpx:hr>177</gpxtpx:hr>
          </gpxtpx:TrackPointExtension>
        </extensions>
      </trkpt>
      <trkpt lat="31.23207168788622" lon="121.63647685949998">
        <ele>4.152295462787151</ele>
        <time>1970-01-01T00:19:28.400000Z</time>
        <extensions>
          <gpxtpx:TrackPointExtension>
            <gpxtpx:hr>177</gpxtpx:hr>
          </gpxtpx:TrackPointExtension>
        </extensions>
      </trkpt>
      <trkpt lat="31.232095052584583" lon="121.63646165273148">
        <ele>4.151914892718196</ele>
        <time>1970-01-01T00:19:29.400000Z</time>
        <extensions>
          <gpxtpx:TrackPointExtension>
            <gpxtpx:hr>178</gpxtpx:hr>
          </gpxtpx:TrackPointExtension>
        </extensions>
      </trkpt>
      <trkpt lat="31.232118906952397" lon="121.63644646161181">
        <ele>4.155747125856578</ele>
        <time>1970-01-01T00:19:30.400000Z</time>
        <extensions>
          <gpxtpx:TrackPointExtension>
            <gpxtpx:hr>178</gpxtpx:hr>
          </gpxtpx:TrackPointExtension>
        </extensions>
      </trkpt>
      <trkpt lat="31.232142724381216" lon="121.6364310841207">
        <ele>4.163484529592097</ele>
        <time>1970-01-01T00:19:31.400000Z</time>
        <extensions>
          <gpxtpx:TrackPointExtension>
            <gpxtpx:hr>178</gpxtpx:hr>
          </gpxtpx:TrackPointExtension>
        </extensions>
      </trkpt>
      <trkpt lat="31.232166628804695" lon="121.6364161383197">
        <ele>4.175049533136189</ele>
        <time>1970-01-01T00:19:32.400000Z</time>
        <extensions>
          <gpxtpx:TrackPointExtension>
            <gpxtpx:hr>178</gpxtpx:hr>
          </gpxtpx:TrackPointExtension>
        </extensions>
      </trkpt>
      <trkpt lat="31.232190667802367" lon="121.63640220260046">
        <ele>4.190833029337227</ele>
        <time>1970-01-01T00:19:33.400000Z</time>
        <extensions>
          <gpxtpx:TrackPointExtension>
            <gpxtpx:hr>178</gpxtpx:hr>
          </gpxtpx:TrackPointExtension>
        </extensions>
      </trkpt>
      <trkpt lat="31.232214935207374" lon="121.63638942831506">
        <ele>4.211361766792834</ele>
        <time>1970-01-01T00:19:34.400000Z</time>
        <extensions>
          <gpxtpx:TrackPointExtension>
            <gpxtpx:hr>178</gpxtpx:hr>
          </gpxtpx:TrackPointExtension>
        </extensions>
      </trkpt>
      <trkpt lat="31.232239456162137" lon="121.63637821170839">
        <ele>4.237058726139367</ele>
        <time>1970-01-01T00:19:35.500000Z</time>
        <extensions>
          <gpxtpx:TrackPointExtension>
            <gpxtpx:hr>178</gpxtpx:hr>
          </gpxtpx:TrackPointExtension>
        </extensions>
      </trkpt>
      <trkpt lat="31.23226395998066" lon="121.63636908322758">
        <ele>4.268133038654923</ele>
        <time>1970-01-01T00:19:36.500000Z</time>
        <extensions>
          <gpxtpx:TrackPointExtension>
            <gpxtpx:hr>178</gpxtpx:hr>
          </gpxtpx:TrackPointExtension>
        </extensions>
      </trkpt>
      <trkpt lat="31.232288596787708" lon="121.63636213062294">
        <ele>4.304779214784503</ele>
        <time>1970-01-01T00:19:37.500000Z</time>
        <extensions>
          <gpxtpx:TrackPointExtension>
            <gpxtpx:hr>178</gpxtpx:hr>
          </gpxtpx:TrackPointExtension>
        </extensions>
      </trkpt>
      <trkpt lat="31.23231372771188" lon="121.6363575472005">
        <ele>4.347254659049213</ele>
        <time>1970-01-01T00:19:38.500000Z</time>
        <extensions>
          <gpxtpx:TrackPointExtension>
            <gpxtpx:hr>178</gpxtpx:hr>
          </gpxtpx:TrackPointExtension>
        </extensions>
      </trkpt>
      <trkpt lat="31.232339085407247" lon="121.63635519918074">
        <ele>4.3953548753634095</ele>
        <time>1970-01-01T00:19:39.500000Z</time>
        <extensions>
          <gpxtpx:TrackPointExtension>
            <gpxtpx:hr>178</gpxtpx:hr>
          </gpxtpx:TrackPointExtension>
        </extensions>
      </trkpt>
      <trkpt lat="31.23236431829248" lon="121.63635449236489">
        <ele>4.448105995543301</ele>
        <time>1970-01-01T00:19:40.500000Z</time>
        <extensions>
          <gpxtpx:TrackPointExtension>
            <gpxtpx:hr>178</gpxtpx:hr>
          </gpxtpx:TrackPointExtension>
        </extensions>
      </trkpt>
      <trkpt lat="31.232389465529206" lon="121.63635538776592">
        <ele>4.504147597588599</ele>
        <time>1970-01-01T00:19:41.500000Z</time>
        <extensions>
          <gpxtpx:TrackPointExtension>
            <gpxtpx:hr>178</gpxtpx:hr>
          </gpxtpx:TrackPointExtension>
        </extensions>
      </trkpt>
      <trkpt lat="31.23241452764201" lon="121.63635807318386">
        <ele>4.562345881946385</ele>
        <time>1970-01-01T00:19:42.500000Z</time>
        <extensions>
          <gpxtpx:TrackPointExtension>
            <gpxtpx:hr>179</gpxtpx:hr>
          </gpxtpx:TrackPointExtension>
        </extensions>
      </trkpt>
      <trkpt lat="31.23243945664431" lon="121.63636239911251">
        <ele>4.621822092682123</ele>
        <time>1970-01-01T00:19:43.500000Z</time>
        <extensions>
          <gpxtpx:TrackPointExtension>
            <gpxtpx:hr>179</gpxtpx:hr>
          </gpxtpx:TrackPointExtension>
        </extensions>
      </trkpt>
      <trkpt lat="31.232464317634165" lon="121.63636860110758">
        <ele>4.681252186186612</ele>
        <time>1970-01-01T00:19:44.500000Z</time>
        <extensions>
          <gpxtpx:TrackPointExtension>
            <gpxtpx:hr>179</gpxtpx:hr>
          </gpxtpx:TrackPointExtension>
        </extensions>
      </trkpt>
      <trkpt lat="31.232488962044098" lon="121.63637710894722">
        <ele>4.738952894695103</ele>
        <time>1970-01-01T00:19:45.500000Z</time>
        <extensions>
          <gpxtpx:TrackPointExtension>
            <gpxtpx:hr>179</gpxtpx:hr>
          </gpxtpx:TrackPointExtension>
        </extensions>
      </trkpt>
      <trkpt lat="31.23251331958725" lon="121.63638750358709">
        <ele>4.79323305375874</ele>
        <time>1970-01-01T00:19:46.500000Z</time>
        <extensions>
          <gpxtpx:TrackPointExtension>
            <gpxtpx:hr>179</gpxtpx:hr>
          </gpxtpx:TrackPointExtension>
        </extensions>
      </trkpt>
      <trkpt lat="31.232537490191675" lon="121.63639918688247">
        <ele>4.842917033471167</ele>
        <time>1970-01-01T00:19:47.500000Z</time>
        <extensions>
          <gpxtpx:TrackPointExtension>
            <gpxtpx:hr>179</gpxtpx:hr>
          </gpxtpx:TrackPointExtension>
        </extensions>
      </trkpt>
      <trkpt lat="31.232561229476985" lon="121.63641200201475">
        <ele>4.887502852827311</ele>
        <time>1970-01-01T00:19:48.500000Z</time>
        <extensions>
          <gpxtpx:TrackPointExtension>
            <gpxtpx:hr>179</gpxtpx:hr>
          </gpxtpx:TrackPointExtension>
        </extensions>
      </trkpt>
      <trkpt lat="31.23258463300806" lon="121.63642501008113">
        <ele>4.9269635528326035</ele>
        <time>1970-01-01T00:19:49.500000Z</time>
        <extensions>
          <gpxtpx:TrackPointExtension>
            <gpxtpx:hr>179</gpxtpx:hr>
          </gpxtpx:TrackPointExtension>
        </extensions>
      </trkpt>
      <trkpt lat="31.232608189691284" lon="121.636437644483">
        <ele>4.961438189260662</ele>
        <time>1970-01-01T00:19:50.500000Z</time>
        <extensions>
          <gpxtpx:TrackPointExtension>
            <gpxtpx:hr>179</gpxtpx:hr>
          </gpxtpx:TrackPointExtension>
        </extensions>
      </trkpt>
      <trkpt lat="31.232632048608895" lon="121.63645011186519">
        <ele>4.991163431666791</ele>
        <time>1970-01-01T00:19:51.500000Z</time>
        <extensions>
          <gpxtpx:TrackPointExtension>
            <gpxtpx:hr>179</gpxtpx:hr>
          </gpxtpx:TrackPointExtension>
        </extensions>
      </trkpt>
      <trkpt lat="31.232655985481212" lon="121.6364618615222">
        <ele>5.0164745366200805</ele>
        <time>1970-01-01T00:19:52.500000Z</time>
        <extensions>
          <gpxtpx:TrackPointExtension>
            <gpxtpx:hr>179</gpxtpx:hr>
          </gpxtpx:TrackPointExtension>
        </extensions>
      </trkpt>
      <trkpt lat="31.232679889019586" lon="121.63647234964021">
        <ele>5.037714718841016</ele>
        <time>1970-01-01T00:19:53.500000Z</time>
        <extensions>
          <gpxtpx:TrackPointExtension>
            <gpxtpx:hr>179</gpxtpx:hr>
          </gpxtpx:TrackPointExtension>
        </extensions>
      </trkpt>
      <trkpt lat="31.232703825294053" lon="121.63648163933703">
        <ele>5.055436038412154</ele>
        <time>1970-01-01T00:19:54.500000Z</time>
        <extensions>
          <gpxtpx:TrackPointExtension>
            <gpxtpx:hr>179</gpxtpx:hr>
          </gpxtpx:TrackPointExtension>
        </extensions>
      </trkpt>
      <trkpt lat="31.232727813824827" lon="121.63648968769397">
        <ele>5.070341927930713</ele>
        <time>1970-01-01T00:19:55.500000Z</time>
        <extensions>
          <gpxtpx:TrackPointExtension>
            <gpxtpx:hr>179</gpxtpx:hr>
          </gpxtpx:TrackPointExtension>
        </extensions>
      </trkpt>
      <trkpt lat="31.232752149727162" lon="121.63649644188632">
        <ele>5.083196067251265</ele>
        <time>1970-01-01T00:19:56.500000Z</time>
        <extensions>
          <gpxtpx:TrackPointExtension>
            <gpxtpx:hr>179</gpxtpx:hr>
          </gpxtpx:TrackPointExtension>
        </extensions>
      </trkpt>
      <trkpt lat="31.232777077197863" lon="121.63650210470149">
        <ele>5.094873423688114</ele>
        <time>1970-01-01T00:19:57.500000Z</time>
        <extensions>
          <gpxtpx:TrackPointExtension>
            <gpxtpx:hr>179</gpxtpx:hr>
          </gpxtpx:TrackPointExtension>
        </extensions>
      </trkpt>
      <trkpt lat="31.232802278926776" lon="121.63650654183371">
        <ele>5.106386435218155</ele>
        <time>1970-01-01T00:19:58.500000Z</time>
        <extensions>
          <gpxtpx:TrackPointExtension>
            <gpxtpx:hr>179</gpxtpx:hr>
          </gpxtpx:TrackPointExtension>
        </extensions>
      </trkpt>
      <trkpt lat="31.232827456114826" lon="121.63650958321891">
        <ele>5.118789290077984</ele>
        <time>1970-01-01T00:19:59.500000Z</time>
        <extensions>
          <gpxtpx:TrackPointExtension>
            <gpxtpx:hr>179</gpxtpx:hr>
          </gpxtpx:TrackPointExtension>
        </extensions>
      </trkpt>
      <trkpt lat="31.232852739995938" lon="121.63651161849329">
        <ele>5.132785973139107</ele>
        <time>1970-01-01T00:20:00.500000Z</time>
        <extensions>
          <gpxtpx:TrackPointExtension>
            <gpxtpx:hr>179</gpxtpx:hr>
          </gpxtpx:TrackPointExtension>
        </extensions>
      </trkpt>
      <trkpt lat="31.232878145648655" lon="121.63651307598303">
        <ele>5.148558910936117</ele>
        <time>1970-01-01T00:20:01.500000Z</time>
        <extensions>
          <gpxtpx:TrackPointExtension>
            <gpxtpx:hr>179</gpxtpx:hr>
          </gpxtpx:TrackPointExtension>
        </extensions>
      </trkpt>
      <trkpt lat="31.2329035067427" lon="121.63651386134212">
        <ele>5.165984242223203</ele>
        <time>1970-01-01T00:20:02.500000Z</time>
        <extensions>
          <gpxtpx:TrackPointExtension>
            <gpxtpx:hr>179</gpxtpx:hr>
          </gpxtpx:TrackPointExtension>
        </extensions>
      </trkpt>
      <trkpt lat="31.2329289495567" lon="121.6365140907719">
        <ele>5.184850296005607</ele>
        <time>1970-01-01T00:20:03.500000Z</time>
        <extensions>
          <gpxtpx:TrackPointExtension>
            <gpxtpx:hr>179</gpxtpx:hr>
          </gpxtpx:TrackPointExtension>
        </extensions>
      </trkpt>
      <trkpt lat="31.232954621351773" lon="121.63651410926579">
        <ele>5.205075725913048</ele>
        <time>1970-01-01T00:20:04.500000Z</time>
        <extensions>
          <gpxtpx:TrackPointExtension>
            <gpxtpx:hr>179</gpxtpx:hr>
          </gpxtpx:TrackPointExtension>
        </extensions>
      </trkpt>
      <trkpt lat="31.232980430235536" lon="121.63651408289336">
        <ele>5.226553567685187</ele>
        <time>1970-01-01T00:20:05.500000Z</time>
        <extensions>
          <gpxtpx:TrackPointExtension>
            <gpxtpx:hr>179</gpxtpx:hr>
          </gpxtpx:TrackPointExtension>
        </extensions>
      </trkpt>
      <trkpt lat="31.233006438592543" lon="121.6365144748704">
        <ele>5.249062425456941</ele>
        <time>1970-01-01T00:20:06.500000Z</time>
        <extensions>
          <gpxtpx:TrackPointExtension>
            <gpxtpx:hr>179</gpxtpx:hr>
          </gpxtpx:TrackPointExtension>
        </extensions>
      </trkpt>
      <trkpt lat="31.233032751978524" lon="121.63651590440101">
        <ele>5.272295551374555</ele>
        <time>1970-01-01T00:20:07.500000Z</time>
        <extensions>
          <gpxtpx:TrackPointExtension>
            <gpxtpx:hr>179</gpxtpx:hr>
          </gpxtpx:TrackPointExtension>
        </extensions>
      </trkpt>
      <trkpt lat="31.233059091799117" lon="121.63651815319305">
        <ele>5.295583018101752</ele>
        <time>1970-01-01T00:20:08.500000Z</time>
        <extensions>
          <gpxtpx:TrackPointExtension>
            <gpxtpx:hr>179</gpxtpx:hr>
          </gpxtpx:TrackPointExtension>
        </extensions>
      </trkpt>
      <trkpt lat="31.233085310971564" lon="121.63652072151824">
        <ele>5.317879568785429</ele>
        <time>1970-01-01T00:20:09.600000Z</time>
        <extensions>
          <gpxtpx:TrackPointExtension>
            <gpxtpx:hr>179</gpxtpx:hr>
          </gpxtpx:TrackPointExtension>
        </extensions>
      </trkpt>
      <trkpt lat="31.233111518903403" lon="121.63652392006739">
        <ele>5.33825237583369</ele>
        <time>1970-01-01T00:20:10.600000Z</time>
        <extensions>
          <gpxtpx:TrackPointExtension>
            <gpxtpx:hr>179</gpxtpx:hr>
          </gpxtpx:TrackPointExtension>
        </extensions>
      </trkpt>
      <trkpt lat="31.233137554073146" lon="121.63652798004487">
        <ele>5.356283470988274</ele>
        <time>1970-01-01T00:20:11.600000Z</time>
        <extensions>
          <gpxtpx:TrackPointExtension>
            <gpxtpx:hr>179</gpxtpx:hr>
          </gpxtpx:TrackPointExtension>
        </extensions>
      </trkpt>
      <trkpt lat="31.2331634345003" lon="121.63653297107871">
        <ele>5.372065610252321</ele>
        <time>1970-01-01T00:20:12.600000Z</time>
        <extensions>
          <gpxtpx:TrackPointExtension>
            <gpxtpx:hr>181</gpxtpx:hr>
          </gpxtpx:TrackPointExtension>
        </extensions>
      </trkpt>
      <trkpt lat="31.23318923375952" lon="121.63653924676257">
        <ele>5.386050525121391</ele>
        <time>1970-01-01T00:20:13.600000Z</time>
        <extensions>
          <gpxtpx:TrackPointExtension>
            <gpxtpx:hr>181</gpxtpx:hr>
          </gpxtpx:TrackPointExtension>
        </extensions>
      </trkpt>
      <trkpt lat="31.233214643390014" lon="121.63654651826546">
        <ele>5.398516301997006</ele>
        <time>1970-01-01T00:20:14.600000Z</time>
        <extensions>
          <gpxtpx:TrackPointExtension>
            <gpxtpx:hr>181</gpxtpx:hr>
          </gpxtpx:TrackPointExtension>
        </extensions>
      </trkpt>
      <trkpt lat="31.23323948060622" lon="121.63655435637322">
        <ele>5.409148499369621</ele>
        <time>1970-01-01T00:20:15.600000Z</time>
        <extensions>
          <gpxtpx:TrackPointExtension>
            <gpxtpx:hr>181</gpxtpx:hr>
          </gpxtpx:TrackPointExtension>
        </extensions>
      </trkpt>
      <trkpt lat="31.233264048527353" lon="121.63656301523035">
        <ele>5.41706336196512</ele>
        <time>1970-01-01T00:20:16.600000Z</time>
        <extensions>
          <gpxtpx:TrackPointExtension>
            <gpxtpx:hr>181</gpxtpx:hr>
          </gpxtpx:TrackPointExtension>
        </extensions>
      </trkpt>
      <trkpt lat="31.233288740416324" lon="121.63657262502474">
        <ele>5.421080006286502</ele>
        <time>1970-01-01T00:20:17.600000Z</time>
        <extensions>
          <gpxtpx:TrackPointExtension>
            <gpxtpx:hr>181</gpxtpx:hr>
          </gpxtpx:TrackPointExtension>
        </extensions>
      </trkpt>
      <trkpt lat="31.233313698784222" lon="121.6365830209211">
        <ele>5.420251837000251</ele>
        <time>1970-01-01T00:20:18.600000Z</time>
        <extensions>
          <gpxtpx:TrackPointExtension>
            <gpxtpx:hr>181</gpxtpx:hr>
          </gpxtpx:TrackPointExtension>
        </extensions>
      </trkpt>
      <trkpt lat="31.23333890288481" lon="121.636594374838">
        <ele>5.414018714800477</ele>
        <time>1970-01-01T00:20:19.600000Z</time>
        <extensions>
          <gpxtpx:TrackPointExtension>
            <gpxtpx:hr>181</gpxtpx:hr>
          </gpxtpx:TrackPointExtension>
        </extensions>
      </trkpt>
      <trkpt lat="31.23336418788547" lon="121.63660664226916">
        <ele>5.401901181787252</ele>
        <time>1970-01-01T00:20:20.600000Z</time>
        <extensions>
          <gpxtpx:TrackPointExtension>
            <gpxtpx:hr>181</gpxtpx:hr>
          </gpxtpx:TrackPointExtension>
        </extensions>
      </trkpt>
      <trkpt lat="31.23338930117184" lon="121.6366193371255">
        <ele>5.3834585677832365</ele>
        <time>1970-01-01T00:20:21.600000Z</time>
        <extensions>
          <gpxtpx:TrackPointExtension>
            <gpxtpx:hr>181</gpxtpx:hr>
          </gpxtpx:TrackPointExtension>
        </extensions>
      </trkpt>
      <trkpt lat="31.23341413791627" lon="121.63663248423684">
        <ele>5.358527008444071</ele>
        <time>1970-01-01T00:20:22.600000Z</time>
        <extensions>
          <gpxtpx:TrackPointExtension>
            <gpxtpx:hr>181</gpxtpx:hr>
          </gpxtpx:TrackPointExtension>
        </extensions>
      </trkpt>
      <trkpt lat="31.2334387782498" lon="121.63664624800765">
        <ele>5.327482810243964</ele>
        <time>1970-01-01T00:20:23.600000Z</time>
        <extensions>
          <gpxtpx:TrackPointExtension>
            <gpxtpx:hr>181</gpxtpx:hr>
          </gpxtpx:TrackPointExtension>
        </extensions>
      </trkpt>
      <trkpt lat="31.233463388794338" lon="121.63665998651737">
        <ele>5.29098130390048</ele>
        <time>1970-01-01T00:20:24.600000Z</time>
        <extensions>
          <gpxtpx:TrackPointExtension>
            <gpxtpx:hr>181</gpxtpx:hr>
          </gpxtpx:TrackPointExtension>
        </extensions>
      </trkpt>
      <trkpt lat="31.23348800432929" lon="121.63667315041734">
        <ele>5.249427615664899</ele>
        <time>1970-01-01T00:20:25.600000Z</time>
        <extensions>
          <gpxtpx:TrackPointExtension>
            <gpxtpx:hr>181</gpxtpx:hr>
          </gpxtpx:TrackPointExtension>
        </extensions>
      </trkpt>
      <trkpt lat="31.233512645502824" lon="121.6366858353913">
        <ele>5.20304842106998</ele>
        <time>1970-01-01T00:20:26.600000Z</time>
        <extensions>
          <gpxtpx:TrackPointExtension>
            <gpxtpx:hr>181</gpxtpx:hr>
          </gpxtpx:TrackPointExtension>
        </extensions>
      </trkpt>
      <trkpt lat="31.233537374610293" lon="121.63669779088085">
        <ele>5.152372209355235</ele>
        <time>1970-01-01T00:20:27.600000Z</time>
        <extensions>
          <gpxtpx:TrackPointExtension>
            <gpxtpx:hr>181</gpxtpx:hr>
          </gpxtpx:TrackPointExtension>
        </extensions>
      </trkpt>
      <trkpt lat="31.23356225670239" lon="121.63670868671849">
        <ele>5.098332146182656</ele>
        <time>1970-01-01T00:20:28.600000Z</time>
        <extensions>
          <gpxtpx:TrackPointExtension>
            <gpxtpx:hr>181</gpxtpx:hr>
          </gpxtpx:TrackPointExtension>
        </extensions>
      </trkpt>
      <trkpt lat="31.233587477180052" lon="121.63671894052622">
        <ele>5.0422192281112075</ele>
        <time>1970-01-01T00:20:29.600000Z</time>
        <extensions>
          <gpxtpx:TrackPointExtension>
            <gpxtpx:hr>181</gpxtpx:hr>
          </gpxtpx:TrackPointExtension>
        </extensions>
      </trkpt>
      <trkpt lat="31.233613031483042" lon="121.63672892229792">
        <ele>4.985559637658298</ele>
        <time>1970-01-01T00:20:30.600000Z</time>
        <extensions>
          <gpxtpx:TrackPointExtension>
            <gpxtpx:hr>181</gpxtpx:hr>
          </gpxtpx:TrackPointExtension>
        </extensions>
      </trkpt>
      <trkpt lat="31.233638748483486" lon="121.63673833483365">
        <ele>4.929885008372366</ele>
        <time>1970-01-01T00:20:31.600000Z</time>
        <extensions>
          <gpxtpx:TrackPointExtension>
            <gpxtpx:hr>181</gpxtpx:hr>
          </gpxtpx:TrackPointExtension>
        </extensions>
      </trkpt>
      <trkpt lat="31.233664732271208" lon="121.63674696610194">
        <ele>4.87669344060123</ele>
        <time>1970-01-01T00:20:32.600000Z</time>
        <extensions>
          <gpxtpx:TrackPointExtension>
            <gpxtpx:hr>182</gpxtpx:hr>
          </gpxtpx:TrackPointExtension>
        </extensions>
      </trkpt>
      <trkpt lat="31.233690999130566" lon="121.636754712056">
        <ele>4.827122633345425</ele>
        <time>1970-01-01T00:20:33.600000Z</time>
        <extensions>
          <gpxtpx:TrackPointExtension>
            <gpxtpx:hr>182</gpxtpx:hr>
          </gpxtpx:TrackPointExtension>
        </extensions>
      </trkpt>
      <trkpt lat="31.233717241933313" lon="121.63676146151619">
        <ele>4.7816540617495775</ele>
        <time>1970-01-01T00:20:34.600000Z</time>
        <extensions>
          <gpxtpx:TrackPointExtension>
            <gpxtpx:hr>182</gpxtpx:hr>
          </gpxtpx:TrackPointExtension>
        </extensions>
      </trkpt>
      <trkpt lat="31.23374337494442" lon="121.63676734161533">
        <ele>4.740516708232462</ele>
        <time>1970-01-01T00:20:35.600000Z</time>
        <extensions>
          <gpxtpx:TrackPointExtension>
            <gpxtpx:hr>182</gpxtpx:hr>
          </gpxtpx:TrackPointExtension>
        </extensions>
      </trkpt>
      <trkpt lat="31.233769545398665" lon="121.63677265116755">
        <ele>4.704140699468553</ele>
        <time>1970-01-01T00:20:36.600000Z</time>
        <extensions>
          <gpxtpx:TrackPointExtension>
            <gpxtpx:hr>182</gpxtpx:hr>
          </gpxtpx:TrackPointExtension>
        </extensions>
      </trkpt>
      <trkpt lat="31.23379565422231" lon="121.63677720389659">
        <ele>4.673162881284952</ele>
        <time>1970-01-01T00:20:37.600000Z</time>
        <extensions>
          <gpxtpx:TrackPointExtension>
            <gpxtpx:hr>182</gpxtpx:hr>
          </gpxtpx:TrackPointExtension>
        </extensions>
      </trkpt>
      <trkpt lat="31.233821501271755" lon="121.63678078816395">
        <ele>4.647929930128157</ele>
        <time>1970-01-01T00:20:38.600000Z</time>
        <extensions>
          <gpxtpx:TrackPointExtension>
            <gpxtpx:hr>182</gpxtpx:hr>
          </gpxtpx:TrackPointExtension>
        </extensions>
      </trkpt>
      <trkpt lat="31.233847085652947" lon="121.63678362747386">
        <ele>4.628283396363258</ele>
        <time>1970-01-01T00:20:39.600000Z</time>
        <extensions>
          <gpxtpx:TrackPointExtension>
            <gpxtpx:hr>182</gpxtpx:hr>
          </gpxtpx:TrackPointExtension>
        </extensions>
      </trkpt>
      <trkpt lat="31.233872367228454" lon="121.63678584760092">
        <ele>4.613991901278496</ele>
        <time>1970-01-01T00:20:40.600000Z</time>
        <extensions>
          <gpxtpx:TrackPointExtension>
            <gpxtpx:hr>182</gpxtpx:hr>
          </gpxtpx:TrackPointExtension>
        </extensions>
      </trkpt>
      <trkpt lat="31.23389734391784" lon="121.63678737315882">
        <ele>4.6049745893105865</ele>
        <time>1970-01-01T00:20:41.600000Z</time>
        <extensions>
          <gpxtpx:TrackPointExtension>
            <gpxtpx:hr>182</gpxtpx:hr>
          </gpxtpx:TrackPointExtension>
        </extensions>
      </trkpt>
      <trkpt lat="31.23392251628103" lon="121.6367882401293">
        <ele>4.601294899359345</ele>
        <time>1970-01-01T00:20:42.600000Z</time>
        <extensions>
          <gpxtpx:TrackPointExtension>
            <gpxtpx:hr>181</gpxtpx:hr>
          </gpxtpx:TrackPointExtension>
        </extensions>
      </trkpt>
      <trkpt lat="31.233948250567057" lon="121.63678842555514">
        <ele>4.6030538799241185</ele>
        <time>1970-01-01T00:20:43.600000Z</time>
        <extensions>
          <gpxtpx:TrackPointExtension>
            <gpxtpx:hr>181</gpxtpx:hr>
          </gpxtpx:TrackPointExtension>
        </extensions>
      </trkpt>
      <trkpt lat="31.233974349663427" lon="121.636787527209">
        <ele>4.610064914450049</ele>
        <time>1970-01-01T00:20:44.700000Z</time>
        <extensions>
          <gpxtpx:TrackPointExtension>
            <gpxtpx:hr>181</gpxtpx:hr>
          </gpxtpx:TrackPointExtension>
        </extensions>
      </trkpt>
      <trkpt lat="31.23400065235552" lon="121.63678567979973">
        <ele>4.621738444082439</ele>
        <time>1970-01-01T00:20:45.700000Z</time>
        <extensions>
          <gpxtpx:TrackPointExtension>
            <gpxtpx:hr>181</gpxtpx:hr>
          </gpxtpx:TrackPointExtension>
        </extensions>
      </trkpt>
      <trkpt lat="31.234027121117418" lon="121.63678317939335">
        <ele>4.6374453864991665</ele>
        <time>1970-01-01T00:20:46.700000Z</time>
        <extensions>
          <gpxtpx:TrackPointExtension>
            <gpxtpx:hr>181</gpxtpx:hr>
          </gpxtpx:TrackPointExtension>
        </extensions>
      </trkpt>
      <trkpt lat="31.23405358038297" lon="121.63677968910402">
        <ele>4.656464271247387</ele>
        <time>1970-01-01T00:20:47.700000Z</time>
        <extensions>
          <gpxtpx:TrackPointExtension>
            <gpxtpx:hr>181</gpxtpx:hr>
          </gpxtpx:TrackPointExtension>
        </extensions>
      </trkpt>
      <trkpt lat="31.234080049771134" lon="121.6367753802277">
        <ele>4.67762712854892</ele>
        <time>1970-01-01T00:20:48.700000Z</time>
        <extensions>
          <gpxtpx:TrackPointExtension>
            <gpxtpx:hr>181</gpxtpx:hr>
          </gpxtpx:TrackPointExtension>
        </extensions>
      </trkpt>
      <trkpt lat="31.23410662558107" lon="121.63677090377085">
        <ele>4.69957631919533</ele>
        <time>1970-01-01T00:20:49.700000Z</time>
        <extensions>
          <gpxtpx:TrackPointExtension>
            <gpxtpx:hr>181</gpxtpx:hr>
          </gpxtpx:TrackPointExtension>
        </extensions>
      </trkpt>
      <trkpt lat="31.23413299480906" lon="121.63676654613415">
        <ele>4.721230982802808</ele>
        <time>1970-01-01T00:20:50.700000Z</time>
        <extensions>
          <gpxtpx:TrackPointExtension>
            <gpxtpx:hr>181</gpxtpx:hr>
          </gpxtpx:TrackPointExtension>
        </extensions>
      </trkpt>
      <trkpt lat="31.234158945856073" lon="121.63676240495484">
        <ele>4.7422469817101955</ele>
        <time>1970-01-01T00:20:51.700000Z</time>
        <extensions>
          <gpxtpx:TrackPointExtension>
            <gpxtpx:hr>180</gpxtpx:hr>
          </gpxtpx:TrackPointExtension>
        </extensions>
      </trkpt>
      <trkpt lat="31.234184704288435" lon="121.63675852559012">
        <ele>4.762906924821436</ele>
        <time>1970-01-01T00:20:52.700000Z</time>
        <extensions>
          <gpxtpx:TrackPointExtension>
            <gpxtpx:hr>180</gpxtpx:hr>
          </gpxtpx:TrackPointExtension>
        </extensions>
      </trkpt>
      <trkpt lat="31.23421023581728" lon="121.63675446424016">
        <ele>4.783548919484019</ele>
        <time>1970-01-01T00:20:53.700000Z</time>
        <extensions>
          <gpxtpx:TrackPointExtension>
            <gpxtpx:hr>180</gpxtpx:hr>
          </gpxtpx:TrackPointExtension>
        </extensions>
      </trkpt>
      <trkpt lat="31.234235299524727" lon="121.63675001625498">
        <ele>4.804433572106063</ele>
        <time>1970-01-01T00:20:54.700000Z</time>
        <extensions>
          <gpxtpx:TrackPointExtension>
            <gpxtpx:hr>180</gpxtpx:hr>
          </gpxtpx:TrackPointExtension>
        </extensions>
      </trkpt>
      <trkpt lat="31.234260134278294" lon="121.63674551021533">
        <ele>4.825633956119418</ele>
        <time>1970-01-01T00:20:55.700000Z</time>
        <extensions>
          <gpxtpx:TrackPointExtension>
            <gpxtpx:hr>180</gpxtpx:hr>
          </gpxtpx:TrackPointExtension>
        </extensions>
      </trkpt>
      <trkpt lat="31.23428493476814" lon="121.63674082476368">
        <ele>4.847160879522562</ele>
        <time>1970-01-01T00:20:56.700000Z</time>
        <extensions>
          <gpxtpx:TrackPointExtension>
            <gpxtpx:hr>180</gpxtpx:hr>
          </gpxtpx:TrackPointExtension>
        </extensions>
      </trkpt>
      <trkpt lat="31.234309575420834" lon="121.63673579763213">
        <ele>4.868881611153483</ele>
        <time>1970-01-01T00:20:57.700000Z</time>
        <extensions>
          <gpxtpx:TrackPointExtension>
            <gpxtpx:hr>181</gpxtpx:hr>
          </gpxtpx:TrackPointExtension>
        </extensions>
      </trkpt>
      <trkpt lat="31.234334201325144" lon="121.63673055942289">
        <ele>4.890030198730528</ele>
        <time>1970-01-01T00:20:58.700000Z</time>
        <extensions>
          <gpxtpx:TrackPointExtension>
            <gpxtpx:hr>181</gpxtpx:hr>
          </gpxtpx:TrackPointExtension>
        </extensions>
      </trkpt>
      <trkpt lat="31.234359131146256" lon="121.63672504896168">
        <ele>4.909576775506139</ele>
        <time>1970-01-01T00:20:59.700000Z</time>
        <extensions>
          <gpxtpx:TrackPointExtension>
            <gpxtpx:hr>181</gpxtpx:hr>
          </gpxtpx:TrackPointExtension>
        </extensions>
      </trkpt>
      <trkpt lat="31.234384418025176" lon="121.63671880957031">
        <ele>4.926646410487592</ele>
        <time>1970-01-01T00:21:00.700000Z</time>
        <extensions>
          <gpxtpx:TrackPointExtension>
            <gpxtpx:hr>181</gpxtpx:hr>
          </gpxtpx:TrackPointExtension>
        </extensions>
      </trkpt>
      <trkpt lat="31.234410088362317" lon="121.63671199004891">
        <ele>4.940522066317499</ele>
        <time>1970-01-01T00:21:01.700000Z</time>
        <extensions>
          <gpxtpx:TrackPointExtension>
            <gpxtpx:hr>181</gpxtpx:hr>
          </gpxtpx:TrackPointExtension>
        </extensions>
      </trkpt>
      <trkpt lat="31.234436218132913" lon="121.63670506309472">
        <ele>4.950852933339775</ele>
        <time>1970-01-01T00:21:02.700000Z</time>
        <extensions>
          <gpxtpx:TrackPointExtension>
            <gpxtpx:hr>181</gpxtpx:hr>
          </gpxtpx:TrackPointExtension>
        </extensions>
      </trkpt>
      <trkpt lat="31.234462539351842" lon="121.63669818633655">
        <ele>4.957495382986963</ele>
        <time>1970-01-01T00:21:03.700000Z</time>
        <extensions>
          <gpxtpx:TrackPointExtension>
            <gpxtpx:hr>181</gpxtpx:hr>
          </gpxtpx:TrackPointExtension>
        </extensions>
      </trkpt>
      <trkpt lat="31.23448877450979" lon="121.63669174146241">
        <ele>4.960096955299377</ele>
        <time>1970-01-01T00:21:04.700000Z</time>
        <extensions>
          <gpxtpx:TrackPointExtension>
            <gpxtpx:hr>181</gpxtpx:hr>
          </gpxtpx:TrackPointExtension>
        </extensions>
      </trkpt>
      <trkpt lat="31.234515018851518" lon="121.63668580696073">
        <ele>4.958532124757767</ele>
        <time>1970-01-01T00:21:05.700000Z</time>
        <extensions>
          <gpxtpx:TrackPointExtension>
            <gpxtpx:hr>181</gpxtpx:hr>
          </gpxtpx:TrackPointExtension>
        </extensions>
      </trkpt>
      <trkpt lat="31.234541582752062" lon="121.63668017229145">
        <ele>4.952732971869409</ele>
        <time>1970-01-01T00:21:06.700000Z</time>
        <extensions>
          <gpxtpx:TrackPointExtension>
            <gpxtpx:hr>181</gpxtpx:hr>
          </gpxtpx:TrackPointExtension>
        </extensions>
      </trkpt>
      <trkpt lat="31.23456847091219" lon="121.63667480386825">
        <ele>4.942854491062462</ele>
        <time>1970-01-01T00:21:07.700000Z</time>
        <extensions>
          <gpxtpx:TrackPointExtension>
            <gpxtpx:hr>181</gpxtpx:hr>
          </gpxtpx:TrackPointExtension>
        </extensions>
      </trkpt>
      <trkpt lat="31.234595472795863" lon="121.63666996191199">
        <ele>4.928958632051945</ele>
        <time>1970-01-01T00:21:08.700000Z</time>
        <extensions>
          <gpxtpx:TrackPointExtension>
            <gpxtpx:hr>181</gpxtpx:hr>
          </gpxtpx:TrackPointExtension>
        </extensions>
      </trkpt>
      <trkpt lat="31.234622354087808" lon="121.63666571308137">
        <ele>4.911098608747125</ele>
        <time>1970-01-01T00:21:09.700000Z</time>
        <extensions>
          <gpxtpx:TrackPointExtension>
            <gpxtpx:hr>181</gpxtpx:hr>
          </gpxtpx:TrackPointExtension>
        </extensions>
      </trkpt>
      <trkpt lat="31.234648676690693" lon="121.63666213052556">
        <ele>4.889790148474276</ele>
        <time>1970-01-01T00:21:10.700000Z</time>
        <extensions>
          <gpxtpx:TrackPointExtension>
            <gpxtpx:hr>181</gpxtpx:hr>
          </gpxtpx:TrackPointExtension>
        </extensions>
      </trkpt>
      <trkpt lat="31.23467426148118" lon="121.6366596118978">
        <ele>4.865926847793162</ele>
        <time>1970-01-01T00:21:11.700000Z</time>
        <extensions>
          <gpxtpx:TrackPointExtension>
            <gpxtpx:hr>181</gpxtpx:hr>
          </gpxtpx:TrackPointExtension>
        </extensions>
      </trkpt>
      <trkpt lat="31.234699247704242" lon="121.63665781848995">
        <ele>4.840717889368534</ele>
        <time>1970-01-01T00:21:12.700000Z</time>
        <extensions>
          <gpxtpx:TrackPointExtension>
            <gpxtpx:hr>181</gpxtpx:hr>
          </gpxtpx:TrackPointExtension>
        </extensions>
      </trkpt>
      <trkpt lat="31.234723755650627" lon="121.63665625620101">
        <ele>4.815893356688321</ele>
        <time>1970-01-01T00:21:13.700000Z</time>
        <extensions>
          <gpxtpx:TrackPointExtension>
            <gpxtpx:hr>181</gpxtpx:hr>
          </gpxtpx:TrackPointExtension>
        </extensions>
      </trkpt>
      <trkpt lat="31.234748067444173" lon="121.63665522532821">
        <ele>4.7933756317943335</ele>
        <time>1970-01-01T00:21:14.700000Z</time>
        <extensions>
          <gpxtpx:TrackPointExtension>
            <gpxtpx:hr>181</gpxtpx:hr>
          </gpxtpx:TrackPointExtension>
        </extensions>
      </trkpt>
      <trkpt lat="31.234772609675094" lon="121.63665496460902">
        <ele>4.774876506999135</ele>
        <time>1970-01-01T00:21:15.700000Z</time>
        <extensions>
          <gpxtpx:TrackPointExtension>
            <gpxtpx:hr>181</gpxtpx:hr>
          </gpxtpx:TrackPointExtension>
        </extensions>
      </trkpt>
      <trkpt lat="31.234797452754393" lon="121.63665511086994">
        <ele>4.761701442301273</ele>
        <time>1970-01-01T00:21:16.700000Z</time>
        <extensions>
          <gpxtpx:TrackPointExtension>
            <gpxtpx:hr>181</gpxtpx:hr>
          </gpxtpx:TrackPointExtension>
        </extensions>
      </trkpt>
      <trkpt lat="31.234822459942553" lon="121.63665553269286">
        <ele>4.754393960349262</ele>
        <time>1970-01-01T00:21:17.700000Z</time>
        <extensions>
          <gpxtpx:TrackPointExtension>
            <gpxtpx:hr>181</gpxtpx:hr>
          </gpxtpx:TrackPointExtension>
        </extensions>
      </trkpt>
      <trkpt lat="31.234847578797353" lon="121.63665632293915">
        <ele>4.752655829302967</ele>
        <time>1970-01-01T00:21:18.700000Z</time>
        <extensions>
          <gpxtpx:TrackPointExtension>
            <gpxtpx:hr>181</gpxtpx:hr>
          </gpxtpx:TrackPointExtension>
        </extensions>
      </trkpt>
      <trkpt lat="31.234872613753897" lon="121.63665721433362">
        <ele>4.755767808295786</ele>
        <time>1970-01-01T00:21:19.800000Z</time>
        <extensions>
          <gpxtpx:TrackPointExtension>
            <gpxtpx:hr>181</gpxtpx:hr>
          </gpxtpx:TrackPointExtension>
        </extensions>
      </trkpt>
      <trkpt lat="31.234897231854436" lon="121.63665808564244">
        <ele>4.762938589788973</ele>
        <time>1970-01-01T00:21:20.800000Z</time>
        <extensions>
          <gpxtpx:TrackPointExtension>
            <gpxtpx:hr>181</gpxtpx:hr>
          </gpxtpx:TrackPointExtension>
        </extensions>
      </trkpt>
      <trkpt lat="31.234921482866568" lon="121.63665906146689">
        <ele>4.7734211115166545</ele>
        <time>1970-01-01T00:21:21.800000Z</time>
        <extensions>
          <gpxtpx:TrackPointExtension>
            <gpxtpx:hr>181</gpxtpx:hr>
          </gpxtpx:TrackPointExtension>
        </extensions>
      </trkpt>
      <trkpt lat="31.234945731390624" lon="121.63666007452076">
        <ele>4.786142707802355</ele>
        <time>1970-01-01T00:21:22.800000Z</time>
        <extensions>
          <gpxtpx:TrackPointExtension>
            <gpxtpx:hr>181</gpxtpx:hr>
          </gpxtpx:TrackPointExtension>
        </extensions>
      </trkpt>
      <trkpt lat="31.23496997435992" lon="121.63666092712023">
        <ele>4.799301460385323</ele>
        <time>1970-01-01T00:21:23.800000Z</time>
        <extensions>
          <gpxtpx:TrackPointExtension>
            <gpxtpx:hr>181</gpxtpx:hr>
          </gpxtpx:TrackPointExtension>
        </extensions>
      </trkpt>
      <trkpt lat="31.234994076872006" lon="121.63666174681629">
        <ele>4.810944854281843</ele>
        <time>1970-01-01T00:21:24.800000Z</time>
        <extensions>
          <gpxtpx:TrackPointExtension>
            <gpxtpx:hr>181</gpxtpx:hr>
          </gpxtpx:TrackPointExtension>
        </extensions>
      </trkpt>
      <trkpt lat="31.235018120380268" lon="121.6366626587784">
        <ele>4.819155163131654</ele>
        <time>1970-01-01T00:21:25.800000Z</time>
        <extensions>
          <gpxtpx:TrackPointExtension>
            <gpxtpx:hr>181</gpxtpx:hr>
          </gpxtpx:TrackPointExtension>
        </extensions>
      </trkpt>
      <trkpt lat="31.235042084214648" lon="121.63666359577746">
        <ele>4.821919744834304</ele>
        <time>1970-01-01T00:21:26.800000Z</time>
        <extensions>
          <gpxtpx:TrackPointExtension>
            <gpxtpx:hr>181</gpxtpx:hr>
          </gpxtpx:TrackPointExtension>
        </extensions>
      </trkpt>
      <trkpt lat="31.23506614306394" lon="121.63666490101164">
        <ele>4.817460776306689</ele>
        <time>1970-01-01T00:21:27.800000Z</time>
        <extensions>
          <gpxtpx:TrackPointExtension>
            <gpxtpx:hr>181</gpxtpx:hr>
          </gpxtpx:TrackPointExtension>
        </extensions>
      </trkpt>
      <trkpt lat="31.2350908148019" lon="121.63666690399448">
        <ele>4.804445577785373</ele>
        <time>1970-01-01T00:21:28.800000Z</time>
        <extensions>
          <gpxtpx:TrackPointExtension>
            <gpxtpx:hr>182</gpxtpx:hr>
          </gpxtpx:TrackPointExtension>
        </extensions>
      </trkpt>
      <trkpt lat="31.235116224971367" lon="121.63666949955679">
        <ele>4.782199184410274</ele>
        <time>1970-01-01T00:21:29.800000Z</time>
        <extensions>
          <gpxtpx:TrackPointExtension>
            <gpxtpx:hr>182</gpxtpx:hr>
          </gpxtpx:TrackPointExtension>
        </extensions>
      </trkpt>
      <trkpt lat="31.235142037086998" lon="121.63667259587079">
        <ele>4.7507140384987</ele>
        <time>1970-01-01T00:21:30.800000Z</time>
        <extensions>
          <gpxtpx:TrackPointExtension>
            <gpxtpx:hr>182</gpxtpx:hr>
          </gpxtpx:TrackPointExtension>
        </extensions>
      </trkpt>
      <trkpt lat="31.235167946457793" lon="121.63667601253715">
        <ele>4.710514567792416</ele>
        <time>1970-01-01T00:21:31.800000Z</time>
        <extensions>
          <gpxtpx:TrackPointExtension>
            <gpxtpx:hr>182</gpxtpx:hr>
          </gpxtpx:TrackPointExtension>
        </extensions>
      </trkpt>
      <trkpt lat="31.235193824243346" lon="121.63667935073457">
        <ele>4.6628066236153245</ele>
        <time>1970-01-01T00:21:32.800000Z</time>
        <extensions>
          <gpxtpx:TrackPointExtension>
            <gpxtpx:hr>182</gpxtpx:hr>
          </gpxtpx:TrackPointExtension>
        </extensions>
      </trkpt>
      <trkpt lat="31.235219362690327" lon="121.63668252069671">
        <ele>4.609373660758138</ele>
        <time>1970-01-01T00:21:33.800000Z</time>
        <extensions>
          <gpxtpx:TrackPointExtension>
            <gpxtpx:hr>182</gpxtpx:hr>
          </gpxtpx:TrackPointExtension>
        </extensions>
      </trkpt>
      <trkpt lat="31.2352443631857" lon="121.63668564801267">
        <ele>4.552332713268697</ele>
        <time>1970-01-01T00:21:34.800000Z</time>
        <extensions>
          <gpxtpx:TrackPointExtension>
            <gpxtpx:hr>182</gpxtpx:hr>
          </gpxtpx:TrackPointExtension>
        </extensions>
      </trkpt>
      <trkpt lat="31.235269044565168" lon="121.63668830193348">
        <ele>4.4939281130209565</ele>
        <time>1970-01-01T00:21:35.800000Z</time>
        <extensions>
          <gpxtpx:TrackPointExtension>
            <gpxtpx:hr>182</gpxtpx:hr>
          </gpxtpx:TrackPointExtension>
        </extensions>
      </trkpt>
      <trkpt lat="31.235293564573013" lon="121.63668999444118">
        <ele>4.4358086958527565</ele>
        <time>1970-01-01T00:21:36.800000Z</time>
        <extensions>
          <gpxtpx:TrackPointExtension>
            <gpxtpx:hr>182</gpxtpx:hr>
          </gpxtpx:TrackPointExtension>
        </extensions>
      </trkpt>
      <trkpt lat="31.23531788145084" lon="121.63669024429684">
        <ele>4.378943526186049</ele>
        <time>1970-01-01T00:21:37.800000Z</time>
        <extensions>
          <gpxtpx:TrackPointExtension>
            <gpxtpx:hr>182</gpxtpx:hr>
          </gpxtpx:TrackPointExtension>
        </extensions>
      </trkpt>
      <trkpt lat="31.23534159561681" lon="121.63668756999681">
        <ele>4.324268843047321</ele>
        <time>1970-01-01T00:21:38.800000Z</time>
        <extensions>
          <gpxtpx:TrackPointExtension>
            <gpxtpx:hr>182</gpxtpx:hr>
          </gpxtpx:TrackPointExtension>
        </extensions>
      </trkpt>
      <trkpt lat="31.23536560631927" lon="121.63668471001338">
        <ele>4.273053657263517</ele>
        <time>1970-01-01T00:21:39.800000Z</time>
        <extensions>
          <gpxtpx:TrackPointExtension>
            <gpxtpx:hr>182</gpxtpx:hr>
          </gpxtpx:TrackPointExtension>
        </extensions>
      </trkpt>
      <trkpt lat="31.235390497696514" lon="121.63668450472423">
        <ele>4.227473815903068</ele>
        <time>1970-01-01T00:21:40.800000Z</time>
        <extensions>
          <gpxtpx:TrackPointExtension>
            <gpxtpx:hr>182</gpxtpx:hr>
          </gpxtpx:TrackPointExtension>
        </extensions>
      </trkpt>
      <trkpt lat="31.235415427963503" lon="121.63668511368661">
        <ele>4.190086571499705</ele>
        <time>1970-01-01T00:21:41.800000Z</time>
        <extensions>
          <gpxtpx:TrackPointExtension>
            <gpxtpx:hr>182</gpxtpx:hr>
          </gpxtpx:TrackPointExtension>
        </extensions>
      </trkpt>
      <trkpt lat="31.23544035658053" lon="121.63668553497068">
        <ele>4.162588367238641</ele>
        <time>1970-01-01T00:21:42.800000Z</time>
        <extensions>
          <gpxtpx:TrackPointExtension>
            <gpxtpx:hr>180</gpxtpx:hr>
          </gpxtpx:TrackPointExtension>
        </extensions>
      </trkpt>
      <trkpt lat="31.23546546263612" lon="121.63668608355198">
        <ele>4.145992634817958</ele>
        <time>1970-01-01T00:21:43.800000Z</time>
        <extensions>
          <gpxtpx:TrackPointExtension>
            <gpxtpx:hr>180</gpxtpx:hr>
          </gpxtpx:TrackPointExtension>
        </extensions>
      </trkpt>
      <trkpt lat="31.235490950233512" lon="121.6366868642025">
        <ele>4.141163533553481</ele>
        <time>1970-01-01T00:21:44.800000Z</time>
        <extensions>
          <gpxtpx:TrackPointExtension>
            <gpxtpx:hr>180</gpxtpx:hr>
          </gpxtpx:TrackPointExtension>
        </extensions>
      </trkpt>
      <trkpt lat="31.23551689779131" lon="121.63668738492422">
        <ele>4.1489293640479445</ele>
        <time>1970-01-01T00:21:45.800000Z</time>
        <extensions>
          <gpxtpx:TrackPointExtension>
            <gpxtpx:hr>180</gpxtpx:hr>
          </gpxtpx:TrackPointExtension>
        </extensions>
      </trkpt>
      <trkpt lat="31.23554299722929" lon="121.63668715640301">
        <ele>4.169723669067025</ele>
        <time>1970-01-01T00:21:46.800000Z</time>
        <extensions>
          <gpxtpx:TrackPointExtension>
            <gpxtpx:hr>180</gpxtpx:hr>
          </gpxtpx:TrackPointExtension>
        </extensions>
      </trkpt>
      <trkpt lat="31.235569044021958" lon="121.63668559440174">
        <ele>4.20332414843142</ele>
        <time>1970-01-01T00:21:47.800000Z</time>
        <extensions>
          <gpxtpx:TrackPointExtension>
            <gpxtpx:hr>180</gpxtpx:hr>
          </gpxtpx:TrackPointExtension>
        </extensions>
      </trkpt>
      <trkpt lat="31.235594924461346" lon="121.63668216652526">
        <ele>4.249251259490848</ele>
        <time>1970-01-01T00:21:48.800000Z</time>
        <extensions>
          <gpxtpx:TrackPointExtension>
            <gpxtpx:hr>181</gpxtpx:hr>
          </gpxtpx:TrackPointExtension>
        </extensions>
      </trkpt>
      <trkpt lat="31.235620335845756" lon="121.6366769107536">
        <ele>4.306638728827238</ele>
        <time>1970-01-01T00:21:49.800000Z</time>
        <extensions>
          <gpxtpx:TrackPointExtension>
            <gpxtpx:hr>181</gpxtpx:hr>
          </gpxtpx:TrackPointExtension>
        </extensions>
      </trkpt>
      <trkpt lat="31.235645196008495" lon="121.63667002006814">
        <ele>4.373826001770794</ele>
        <time>1970-01-01T00:21:50.800000Z</time>
        <extensions>
          <gpxtpx:TrackPointExtension>
            <gpxtpx:hr>181</gpxtpx:hr>
          </gpxtpx:TrackPointExtension>
        </extensions>
      </trkpt>
      <trkpt lat="31.2356693973003" lon="121.6366608038696">
        <ele>4.448190626688302</ele>
        <time>1970-01-01T00:21:51.800000Z</time>
        <extensions>
          <gpxtpx:TrackPointExtension>
            <gpxtpx:hr>181</gpxtpx:hr>
          </gpxtpx:TrackPointExtension>
        </extensions>
      </trkpt>
      <trkpt lat="31.235692424995737" lon="121.63664881960716">
        <ele>4.5257696360349655</ele>
        <time>1970-01-01T00:21:52.800000Z</time>
        <extensions>
          <gpxtpx:TrackPointExtension>
            <gpxtpx:hr>181</gpxtpx:hr>
          </gpxtpx:TrackPointExtension>
        </extensions>
      </trkpt>
      <trkpt lat="31.23571428101161" lon="121.63663433274392">
        <ele>4.601199382916093</ele>
        <time>1970-01-01T00:21:53.800000Z</time>
        <extensions>
          <gpxtpx:TrackPointExtension>
            <gpxtpx:hr>181</gpxtpx:hr>
          </gpxtpx:TrackPointExtension>
        </extensions>
      </trkpt>
      <trkpt lat="31.23573511988547" lon="121.63661722554384">
        <ele>4.66789614316076</ele>
        <time>1970-01-01T00:21:54.900000Z</time>
        <extensions>
          <gpxtpx:TrackPointExtension>
            <gpxtpx:hr>181</gpxtpx:hr>
          </gpxtpx:TrackPointExtension>
        </extensions>
      </trkpt>
      <trkpt lat="31.23575464900605" lon="121.63659761801442">
        <ele>4.721670277416706</ele>
        <time>1970-01-01T00:21:55.900000Z</time>
        <extensions>
          <gpxtpx:TrackPointExtension>
            <gpxtpx:hr>180</gpxtpx:hr>
          </gpxtpx:TrackPointExtension>
        </extensions>
      </trkpt>
      <trkpt lat="31.23577295404226" lon="121.63657630372374">
        <ele>4.764351267367601</ele>
        <time>1970-01-01T00:21:56.900000Z</time>
        <extensions>
          <gpxtpx:TrackPointExtension>
            <gpxtpx:hr>180</gpxtpx:hr>
          </gpxtpx:TrackPointExtension>
        </extensions>
      </trkpt>
      <trkpt lat="31.235790076342624" lon="121.63655356739665">
        <ele>4.799798281863332</ele>
        <time>1970-01-01T00:21:57.900000Z</time>
        <extensions>
          <gpxtpx:TrackPointExtension>
            <gpxtpx:hr>180</gpxtpx:hr>
          </gpxtpx:TrackPointExtension>
        </extensions>
      </trkpt>
      <trkpt lat="31.235805558514162" lon="121.63652923302365">
        <ele>4.830339290201664</ele>
        <time>1970-01-01T00:21:58.900000Z</time>
        <extensions>
          <gpxtpx:TrackPointExtension>
            <gpxtpx:hr>180</gpxtpx:hr>
          </gpxtpx:TrackPointExtension>
        </extensions>
      </trkpt>
      <trkpt lat="31.235819085444618" lon="121.63650351711067">
        <ele>4.857789671048522</ele>
        <time>1970-01-01T00:21:59.900000Z</time>
        <extensions>
          <gpxtpx:TrackPointExtension>
            <gpxtpx:hr>180</gpxtpx:hr>
          </gpxtpx:TrackPointExtension>
        </extensions>
      </trkpt>
      <trkpt lat="31.23583036230482" lon="121.63647660994654">
        <ele>4.883742894977331</ele>
        <time>1970-01-01T00:22:00.900000Z</time>
        <extensions>
          <gpxtpx:TrackPointExtension>
            <gpxtpx:hr>180</gpxtpx:hr>
          </gpxtpx:TrackPointExtension>
        </extensions>
      </trkpt>
      <trkpt lat="31.235838933199236" lon="121.63644862890237">
        <ele>4.909117382019758</ele>
        <time>1970-01-01T00:22:01.900000Z</time>
        <extensions>
          <gpxtpx:TrackPointExtension>
            <gpxtpx:hr>181</gpxtpx:hr>
          </gpxtpx:TrackPointExtension>
        </extensions>
      </trkpt>
      <trkpt lat="31.23584490235049" lon="121.6364201041677">
        <ele>4.9343153946101665</ele>
        <time>1970-01-01T00:22:02.900000Z</time>
        <extensions>
          <gpxtpx:TrackPointExtension>
            <gpxtpx:hr>181</gpxtpx:hr>
          </gpxtpx:TrackPointExtension>
        </extensions>
      </trkpt>
      <trkpt lat="31.23584854745253" lon="121.63639124153771">
        <ele>4.959617214277387</ele>
        <time>1970-01-01T00:22:03.900000Z</time>
        <extensions>
          <gpxtpx:TrackPointExtension>
            <gpxtpx:hr>181</gpxtpx:hr>
          </gpxtpx:TrackPointExtension>
        </extensions>
      </trkpt>
      <trkpt lat="31.23584983367999" lon="121.63636206645204">
        <ele>4.985132143832743</ele>
        <time>1970-01-01T00:22:04.900000Z</time>
        <extensions>
          <gpxtpx:TrackPointExtension>
            <gpxtpx:hr>181</gpxtpx:hr>
          </gpxtpx:TrackPointExtension>
        </extensions>
      </trkpt>
      <trkpt lat="31.235848996586522" lon="121.63633287542052">
        <ele>5.010453293099999</ele>
        <time>1970-01-01T00:22:05.900000Z</time>
        <extensions>
          <gpxtpx:TrackPointExtension>
            <gpxtpx:hr>181</gpxtpx:hr>
          </gpxtpx:TrackPointExtension>
        </extensions>
      </trkpt>
      <trkpt lat="31.23584622240654" lon="121.63630367893953">
        <ele>5.034297750331461</ele>
        <time>1970-01-01T00:22:06.900000Z</time>
        <extensions>
          <gpxtpx:TrackPointExtension>
            <gpxtpx:hr>181</gpxtpx:hr>
          </gpxtpx:TrackPointExtension>
        </extensions>
      </trkpt>
      <trkpt lat="31.23584142006652" lon="121.6362745071061">
        <ele>5.054629215970635</ele>
        <time>1970-01-01T00:22:07.900000Z</time>
        <extensions>
          <gpxtpx:TrackPointExtension>
            <gpxtpx:hr>181</gpxtpx:hr>
          </gpxtpx:TrackPointExtension>
        </extensions>
      </trkpt>
      <trkpt lat="31.235834901224447" lon="121.63624572407184">
        <ele>5.069015460088849</ele>
        <time>1970-01-01T00:22:08.900000Z</time>
        <extensions>
          <gpxtpx:TrackPointExtension>
            <gpxtpx:hr>183</gpxtpx:hr>
          </gpxtpx:TrackPointExtension>
        </extensions>
      </trkpt>
      <trkpt lat="31.235827415052295" lon="121.63621879750724">
        <ele>5.074761263094842</ele>
        <time>1970-01-01T00:22:09.900000Z</time>
        <extensions>
          <gpxtpx:TrackPointExtension>
            <gpxtpx:hr>183</gpxtpx:hr>
          </gpxtpx:TrackPointExtension>
        </extensions>
      </trkpt>
      <trkpt lat="31.235818242163486" lon="121.6361914632276">
        <ele>5.069897312670946</ele>
        <time>1970-01-01T00:22:10.900000Z</time>
        <extensions>
          <gpxtpx:TrackPointExtension>
            <gpxtpx:hr>183</gpxtpx:hr>
          </gpxtpx:TrackPointExtension>
        </extensions>
      </trkpt>
      <trkpt lat="31.235807999604344" lon="121.63616506092859">
        <ele>5.052982851862907</ele>
        <time>1970-01-01T00:22:11.900000Z</time>
        <extensions>
          <gpxtpx:TrackPointExtension>
            <gpxtpx:hr>183</gpxtpx:hr>
          </gpxtpx:TrackPointExtension>
        </extensions>
      </trkpt>
      <trkpt lat="31.23579735782812" lon="121.63613934771125">
        <ele>5.024953882209957</ele>
        <time>1970-01-01T00:22:12.900000Z</time>
        <extensions>
          <gpxtpx:TrackPointExtension>
            <gpxtpx:hr>182</gpxtpx:hr>
          </gpxtpx:TrackPointExtension>
        </extensions>
      </trkpt>
      <trkpt lat="31.235786438113678" lon="121.6361138851495">
        <ele>4.987574459053576</ele>
        <time>1970-01-01T00:22:13.900000Z</time>
        <extensions>
          <gpxtpx:TrackPointExtension>
            <gpxtpx:hr>182</gpxtpx:hr>
          </gpxtpx:TrackPointExtension>
        </extensions>
      </trkpt>
      <trkpt lat="31.235775808033363" lon="121.63608831528225">
        <ele>4.94291038159281</ele>
        <time>1970-01-01T00:22:14.900000Z</time>
        <extensions>
          <gpxtpx:TrackPointExtension>
            <gpxtpx:hr>182</gpxtpx:hr>
          </gpxtpx:TrackPointExtension>
        </extensions>
      </trkpt>
      <trkpt lat="31.235766381759124" lon="121.63606242203936">
        <ele>4.893107588402927</ele>
        <time>1970-01-01T00:22:15.900000Z</time>
        <extensions>
          <gpxtpx:TrackPointExtension>
            <gpxtpx:hr>182</gpxtpx:hr>
          </gpxtpx:TrackPointExtension>
        </extensions>
      </trkpt>
      <trkpt lat="31.235757479755716" lon="121.63603434460121">
        <ele>4.837049504742026</ele>
        <time>1970-01-01T00:22:16.900000Z</time>
        <extensions>
          <gpxtpx:TrackPointExtension>
            <gpxtpx:hr>182</gpxtpx:hr>
          </gpxtpx:TrackPointExtension>
        </extensions>
      </trkpt>
      <trkpt lat="31.235750080418388" lon="121.6360073268345">
        <ele>4.783929558470845</ele>
        <time>1970-01-01T00:22:17.900000Z</time>
        <extensions>
          <gpxtpx:TrackPointExtension>
            <gpxtpx:hr>183</gpxtpx:hr>
          </gpxtpx:TrackPointExtension>
        </extensions>
      </trkpt>
      <trkpt lat="31.235744371525282" lon="121.63598190035331">
        <ele>4.736267268657684</ele>
        <time>1970-01-01T00:22:18.900000Z</time>
        <extensions>
          <gpxtpx:TrackPointExtension>
            <gpxtpx:hr>183</gpxtpx:hr>
          </gpxtpx:TrackPointExtension>
        </extensions>
      </trkpt>
      <trkpt lat="31.23573918920227" lon="121.63595455280415">
        <ele>4.688800663687289</ele>
        <time>1970-01-01T00:22:19.900000Z</time>
        <extensions>
          <gpxtpx:TrackPointExtension>
            <gpxtpx:hr>183</gpxtpx:hr>
          </gpxtpx:TrackPointExtension>
        </extensions>
      </trkpt>
      <trkpt lat="31.235734448784154" lon="121.63592714694929">
        <ele>4.646578751504421</ele>
        <time>1970-01-01T00:22:20.900000Z</time>
        <extensions>
          <gpxtpx:TrackPointExtension>
            <gpxtpx:hr>183</gpxtpx:hr>
          </gpxtpx:TrackPointExtension>
        </extensions>
      </trkpt>
      <trkpt lat="31.23572995468315" lon="121.6358995352069">
        <ele>4.610496189445257</ele>
        <time>1970-01-01T00:22:21.900000Z</time>
        <extensions>
          <gpxtpx:TrackPointExtension>
            <gpxtpx:hr>183</gpxtpx:hr>
          </gpxtpx:TrackPointExtension>
        </extensions>
      </trkpt>
      <trkpt lat="31.235724859379943" lon="121.63586909778864">
        <ele>4.578469906002283</ele>
        <time>1970-01-01T00:22:22.900000Z</time>
        <extensions>
          <gpxtpx:TrackPointExtension>
            <gpxtpx:hr>183</gpxtpx:hr>
          </gpxtpx:TrackPointExtension>
        </extensions>
      </trkpt>
      <trkpt lat="31.235719659797045" lon="121.63584016998689">
        <ele>4.554716877639294</ele>
        <time>1970-01-01T00:22:23.900000Z</time>
        <extensions>
          <gpxtpx:TrackPointExtension>
            <gpxtpx:hr>182</gpxtpx:hr>
          </gpxtpx:TrackPointExtension>
        </extensions>
      </trkpt>
      <trkpt lat="31.235714832496203" lon="121.63581332132857">
        <ele>4.537933578714728</ele>
        <time>1970-01-01T00:22:24.900000Z</time>
        <extensions>
          <gpxtpx:TrackPointExtension>
            <gpxtpx:hr>182</gpxtpx:hr>
          </gpxtpx:TrackPointExtension>
        </extensions>
      </trkpt>
      <trkpt lat="31.23570940553625" lon="121.6357838461616">
        <ele>4.5259459018707275</ele>
        <time>1970-01-01T00:22:25.900000Z</time>
        <extensions>
          <gpxtpx:TrackPointExtension>
            <gpxtpx:hr>182</gpxtpx:hr>
          </gpxtpx:TrackPointExtension>
        </extensions>
      </trkpt>
      <trkpt lat="31.235702936239736" lon="121.6357520797995">
        <ele>4.5211633974686265</ele>
        <time>1970-01-01T00:22:26.900000Z</time>
        <extensions>
          <gpxtpx:TrackPointExtension>
            <gpxtpx:hr>182</gpxtpx:hr>
          </gpxtpx:TrackPointExtension>
        </extensions>
      </trkpt>
      <trkpt lat="31.235696473448012" lon="121.6357240526615">
        <ele>4.523383642546833</ele>
        <time>1970-01-01T00:22:27.900000Z</time>
        <extensions>
          <gpxtpx:TrackPointExtension>
            <gpxtpx:hr>182</gpxtpx:hr>
          </gpxtpx:TrackPointExtension>
        </extensions>
      </trkpt>
      <trkpt lat="31.23568918870025" lon="121.63569735128425">
        <ele>4.5303421057760715</ele>
        <time>1970-01-01T00:22:29Z</time>
        <extensions>
          <gpxtpx:TrackPointExtension>
            <gpxtpx:hr>182</gpxtpx:hr>
          </gpxtpx:TrackPointExtension>
        </extensions>
      </trkpt>
      <trkpt lat="31.235681446189545" lon="121.63567440713686">
        <ele>4.539977915585041</ele>
        <time>1970-01-01T00:22:29.900000Z</time>
        <extensions>
          <gpxtpx:TrackPointExtension>
            <gpxtpx:hr>184</gpxtpx:hr>
          </gpxtpx:TrackPointExtension>
        </extensions>
      </trkpt>
      <trkpt lat="31.235669755705135" lon="121.63564815902967">
        <ele>4.555550673045218</ele>
        <time>1970-01-01T00:22:31Z</time>
        <extensions>
          <gpxtpx:TrackPointExtension>
            <gpxtpx:hr>184</gpxtpx:hr>
          </gpxtpx:TrackPointExtension>
        </extensions>
      </trkpt>
      <trkpt lat="31.235656313473836" lon="121.63562663133546">
        <ele>4.572061697952449</ele>
        <time>1970-01-01T00:22:32Z</time>
        <extensions>
          <gpxtpx:TrackPointExtension>
            <gpxtpx:hr>184</gpxtpx:hr>
          </gpxtpx:TrackPointExtension>
        </extensions>
      </trkpt>
      <trkpt lat="31.23563970444375" lon="121.63560769530746">
        <ele>4.5891308123245835</ele>
        <time>1970-01-01T00:22:33Z</time>
        <extensions>
          <gpxtpx:TrackPointExtension>
            <gpxtpx:hr>184</gpxtpx:hr>
          </gpxtpx:TrackPointExtension>
        </extensions>
      </trkpt>
      <trkpt lat="31.235620556314867" lon="121.63559066803948">
        <ele>4.60571872536093</ele>
        <time>1970-01-01T00:22:34Z</time>
        <extensions>
          <gpxtpx:TrackPointExtension>
            <gpxtpx:hr>184</gpxtpx:hr>
          </gpxtpx:TrackPointExtension>
        </extensions>
      </trkpt>
      <trkpt lat="31.23560226733684" lon="121.63557627040676">
        <ele>4.619388729333878</ele>
        <time>1970-01-01T00:22:34.900000Z</time>
        <extensions>
          <gpxtpx:TrackPointExtension>
            <gpxtpx:hr>183</gpxtpx:hr>
          </gpxtpx:TrackPointExtension>
        </extensions>
      </trkpt>
      <trkpt lat="31.23558057185211" lon="121.63556067358832">
        <ele>4.632847426459193</ele>
        <time>1970-01-01T00:22:35.900000Z</time>
        <extensions>
          <gpxtpx:TrackPointExtension>
            <gpxtpx:hr>183</gpxtpx:hr>
          </gpxtpx:TrackPointExtension>
        </extensions>
      </trkpt>
      <trkpt lat="31.23555837127823" lon="121.635545484731">
        <ele>4.643483794294298</ele>
        <time>1970-01-01T00:22:36.900000Z</time>
        <extensions>
          <gpxtpx:TrackPointExtension>
            <gpxtpx:hr>183</gpxtpx:hr>
          </gpxtpx:TrackPointExtension>
        </extensions>
      </trkpt>
      <trkpt lat="31.235536096458894" lon="121.63553025933872">
        <ele>4.650938478298485</ele>
        <time>1970-01-01T00:22:37.900000Z</time>
        <extensions>
          <gpxtpx:TrackPointExtension>
            <gpxtpx:hr>183</gpxtpx:hr>
          </gpxtpx:TrackPointExtension>
        </extensions>
      </trkpt>
      <trkpt lat="31.23551361764146" lon="121.63551507289789">
        <ele>4.655265445820987</ele>
        <time>1970-01-01T00:22:38.900000Z</time>
        <extensions>
          <gpxtpx:TrackPointExtension>
            <gpxtpx:hr>183</gpxtpx:hr>
          </gpxtpx:TrackPointExtension>
        </extensions>
      </trkpt>
      <trkpt lat="31.23549113455892" lon="121.6354998264237">
        <ele>4.6568251717835665</ele>
        <time>1970-01-01T00:22:39.900000Z</time>
        <extensions>
          <gpxtpx:TrackPointExtension>
            <gpxtpx:hr>183</gpxtpx:hr>
          </gpxtpx:TrackPointExtension>
        </extensions>
      </trkpt>
      <trkpt lat="31.235469000694238" lon="121.6354842991499">
        <ele>4.656169710680842</ele>
        <time>1970-01-01T00:22:40.900000Z</time>
        <extensions>
          <gpxtpx:TrackPointExtension>
            <gpxtpx:hr>183</gpxtpx:hr>
          </gpxtpx:TrackPointExtension>
        </extensions>
      </trkpt>
      <trkpt lat="31.23544714595765" lon="121.6354682511668">
        <ele>4.654019499197602</ele>
        <time>1970-01-01T00:22:41.900000Z</time>
        <extensions>
          <gpxtpx:TrackPointExtension>
            <gpxtpx:hr>183</gpxtpx:hr>
          </gpxtpx:TrackPointExtension>
        </extensions>
      </trkpt>
      <trkpt lat="31.235425510232915" lon="121.63545131764555">
        <ele>4.651317087933421</ele>
        <time>1970-01-01T00:22:42.900000Z</time>
        <extensions>
          <gpxtpx:TrackPointExtension>
            <gpxtpx:hr>183</gpxtpx:hr>
          </gpxtpx:TrackPointExtension>
        </extensions>
      </trkpt>
      <trkpt lat="31.235404231211742" lon="121.63543317499479">
        <ele>4.649241802282631</ele>
        <time>1970-01-01T00:22:43.900000Z</time>
        <extensions>
          <gpxtpx:TrackPointExtension>
            <gpxtpx:hr>183</gpxtpx:hr>
          </gpxtpx:TrackPointExtension>
        </extensions>
      </trkpt>
      <trkpt lat="31.23538321453585" lon="121.63541391656283">
        <ele>4.6490619126707315</ele>
        <time>1970-01-01T00:22:44.900000Z</time>
        <extensions>
          <gpxtpx:TrackPointExtension>
            <gpxtpx:hr>183</gpxtpx:hr>
          </gpxtpx:TrackPointExtension>
        </extensions>
      </trkpt>
      <trkpt lat="31.23536263370535" lon="121.63539400530978">
        <ele>4.651904944330454</ele>
        <time>1970-01-01T00:22:45.900000Z</time>
        <extensions>
          <gpxtpx:TrackPointExtension>
            <gpxtpx:hr>182</gpxtpx:hr>
          </gpxtpx:TrackPointExtension>
        </extensions>
      </trkpt>
      <trkpt lat="31.23534296650127" lon="121.6353735464973">
        <ele>4.658575167879462</ele>
        <time>1970-01-01T00:22:46.900000Z</time>
        <extensions>
          <gpxtpx:TrackPointExtension>
            <gpxtpx:hr>182</gpxtpx:hr>
          </gpxtpx:TrackPointExtension>
        </extensions>
      </trkpt>
      <trkpt lat="31.23532395510599" lon="121.63535239505086">
        <ele>4.669402074068785</ele>
        <time>1970-01-01T00:22:47.900000Z</time>
        <extensions>
          <gpxtpx:TrackPointExtension>
            <gpxtpx:hr>182</gpxtpx:hr>
          </gpxtpx:TrackPointExtension>
        </extensions>
      </trkpt>
      <trkpt lat="31.235304863693063" lon="121.63533075557048">
        <ele>4.684132830239832</ele>
        <time>1970-01-01T00:22:48.900000Z</time>
        <extensions>
          <gpxtpx:TrackPointExtension>
            <gpxtpx:hr>182</gpxtpx:hr>
          </gpxtpx:TrackPointExtension>
        </extensions>
      </trkpt>
      <trkpt lat="31.23528571407568" lon="121.63530898279203">
        <ele>4.701948598027229</ele>
        <time>1970-01-01T00:22:49.900000Z</time>
        <extensions>
          <gpxtpx:TrackPointExtension>
            <gpxtpx:hr>182</gpxtpx:hr>
          </gpxtpx:TrackPointExtension>
        </extensions>
      </trkpt>
      <trkpt lat="31.23526685122939" lon="121.63528741781958">
        <ele>4.721548126079142</ele>
        <time>1970-01-01T00:22:50.900000Z</time>
        <extensions>
          <gpxtpx:TrackPointExtension>
            <gpxtpx:hr>182</gpxtpx:hr>
          </gpxtpx:TrackPointExtension>
        </extensions>
      </trkpt>
      <trkpt lat="31.235248123554463" lon="121.63526612032744">
        <ele>4.741282555274665</ele>
        <time>1970-01-01T00:22:51.900000Z</time>
        <extensions>
          <gpxtpx:TrackPointExtension>
            <gpxtpx:hr>181</gpxtpx:hr>
          </gpxtpx:TrackPointExtension>
        </extensions>
      </trkpt>
      <trkpt lat="31.235229554741267" lon="121.63524484405566">
        <ele>4.75940310023725</ele>
        <time>1970-01-01T00:22:52.900000Z</time>
        <extensions>
          <gpxtpx:TrackPointExtension>
            <gpxtpx:hr>181</gpxtpx:hr>
          </gpxtpx:TrackPointExtension>
        </extensions>
      </trkpt>
      <trkpt lat="31.23521128732247" lon="121.63522361102088">
        <ele>4.7743427362293005</ele>
        <time>1970-01-01T00:22:53.900000Z</time>
        <extensions>
          <gpxtpx:TrackPointExtension>
            <gpxtpx:hr>181</gpxtpx:hr>
          </gpxtpx:TrackPointExtension>
        </extensions>
      </trkpt>
      <trkpt lat="31.23519314824909" lon="121.63520237321451">
        <ele>4.784967565909028</ele>
        <time>1970-01-01T00:22:54.900000Z</time>
        <extensions>
          <gpxtpx:TrackPointExtension>
            <gpxtpx:hr>181</gpxtpx:hr>
          </gpxtpx:TrackPointExtension>
        </extensions>
      </trkpt>
      <trkpt lat="31.23517531263931" lon="121.63518078958737">
        <ele>4.790837340988219</ele>
        <time>1970-01-01T00:22:55.900000Z</time>
        <extensions>
          <gpxtpx:TrackPointExtension>
            <gpxtpx:hr>181</gpxtpx:hr>
          </gpxtpx:TrackPointExtension>
        </extensions>
      </trkpt>
      <trkpt lat="31.235158070963465" lon="121.63515870599174">
        <ele>4.79231764562428</ele>
        <time>1970-01-01T00:22:56.900000Z</time>
        <extensions>
          <gpxtpx:TrackPointExtension>
            <gpxtpx:hr>181</gpxtpx:hr>
          </gpxtpx:TrackPointExtension>
        </extensions>
      </trkpt>
      <trkpt lat="31.235141051952304" lon="121.63513613967496">
        <ele>4.7903912188485265</ele>
        <time>1970-01-01T00:22:57.900000Z</time>
        <extensions>
          <gpxtpx:TrackPointExtension>
            <gpxtpx:hr>182</gpxtpx:hr>
          </gpxtpx:TrackPointExtension>
        </extensions>
      </trkpt>
      <trkpt lat="31.235124042683186" lon="121.63511319140937">
        <ele>4.7863651076331735</ele>
        <time>1970-01-01T00:22:58.900000Z</time>
        <extensions>
          <gpxtpx:TrackPointExtension>
            <gpxtpx:hr>182</gpxtpx:hr>
          </gpxtpx:TrackPointExtension>
        </extensions>
      </trkpt>
      <trkpt lat="31.235107403774194" lon="121.63509016055552">
        <ele>4.781593164429069</ele>
        <time>1970-01-01T00:22:59.900000Z</time>
        <extensions>
          <gpxtpx:TrackPointExtension>
            <gpxtpx:hr>182</gpxtpx:hr>
          </gpxtpx:TrackPointExtension>
        </extensions>
      </trkpt>
      <trkpt lat="31.23509098651035" lon="121.635067282494">
        <ele>4.777175496332347</ele>
        <time>1970-01-01T00:23:00.900000Z</time>
        <extensions>
          <gpxtpx:TrackPointExtension>
            <gpxtpx:hr>182</gpxtpx:hr>
          </gpxtpx:TrackPointExtension>
        </extensions>
      </trkpt>
      <trkpt lat="31.235074346397067" lon="121.63504474705118">
        <ele>4.77374164853245</ele>
        <time>1970-01-01T00:23:01.900000Z</time>
        <extensions>
          <gpxtpx:TrackPointExtension>
            <gpxtpx:hr>182</gpxtpx:hr>
          </gpxtpx:TrackPointExtension>
        </extensions>
      </trkpt>
      <trkpt lat="31.235057728644566" lon="121.6350224070333">
        <ele>4.771415873430669</ele>
        <time>1970-01-01T00:23:02.900000Z</time>
        <extensions>
          <gpxtpx:TrackPointExtension>
            <gpxtpx:hr>183</gpxtpx:hr>
          </gpxtpx:TrackPointExtension>
        </extensions>
      </trkpt>
      <trkpt lat="31.23504114251792" lon="121.63500010315272">
        <ele>4.769872948527336</ele>
        <time>1970-01-01T00:23:03.900000Z</time>
        <extensions>
          <gpxtpx:TrackPointExtension>
            <gpxtpx:hr>183</gpxtpx:hr>
          </gpxtpx:TrackPointExtension>
        </extensions>
      </trkpt>
      <trkpt lat="31.23502437681622" lon="121.63497783329365">
        <ele>4.768453815020621</ele>
        <time>1970-01-01T00:23:04.900000Z</time>
        <extensions>
          <gpxtpx:TrackPointExtension>
            <gpxtpx:hr>183</gpxtpx:hr>
          </gpxtpx:TrackPointExtension>
        </extensions>
      </trkpt>
      <trkpt lat="31.235007839832853" lon="121.63495539052917">
        <ele>4.7663707891479135</ele>
        <time>1970-01-01T00:23:05.900000Z</time>
        <extensions>
          <gpxtpx:TrackPointExtension>
            <gpxtpx:hr>183</gpxtpx:hr>
          </gpxtpx:TrackPointExtension>
        </extensions>
      </trkpt>
      <trkpt lat="31.234991753551586" lon="121.6349327170788">
        <ele>4.762915013357997</ele>
        <time>1970-01-01T00:23:06.900000Z</time>
        <extensions>
          <gpxtpx:TrackPointExtension>
            <gpxtpx:hr>183</gpxtpx:hr>
          </gpxtpx:TrackPointExtension>
        </extensions>
      </trkpt>
      <trkpt lat="31.234975901367115" lon="121.63490983685068">
        <ele>4.757610336877406</ele>
        <time>1970-01-01T00:23:07.900000Z</time>
        <extensions>
          <gpxtpx:TrackPointExtension>
            <gpxtpx:hr>183</gpxtpx:hr>
          </gpxtpx:TrackPointExtension>
        </extensions>
      </trkpt>
      <trkpt lat="31.234960435335108" lon="121.63488669869498">
        <ele>4.750339073128998</ele>
        <time>1970-01-01T00:23:08.900000Z</time>
        <extensions>
          <gpxtpx:TrackPointExtension>
            <gpxtpx:hr>183</gpxtpx:hr>
          </gpxtpx:TrackPointExtension>
        </extensions>
      </trkpt>
      <trkpt lat="31.234945415314584" lon="121.63486358496536">
        <ele>4.741395517252386</ele>
        <time>1970-01-01T00:23:09.900000Z</time>
        <extensions>
          <gpxtpx:TrackPointExtension>
            <gpxtpx:hr>183</gpxtpx:hr>
          </gpxtpx:TrackPointExtension>
        </extensions>
      </trkpt>
      <trkpt lat="31.23493037624155" lon="121.63484077278102">
        <ele>4.731438891962171</ele>
        <time>1970-01-01T00:23:10.900000Z</time>
        <extensions>
          <gpxtpx:TrackPointExtension>
            <gpxtpx:hr>183</gpxtpx:hr>
          </gpxtpx:TrackPointExtension>
        </extensions>
      </trkpt>
      <trkpt lat="31.234915222803533" lon="121.63481825267849">
        <ele>4.721378511749208</ele>
        <time>1970-01-01T00:23:11.900000Z</time>
        <extensions>
          <gpxtpx:TrackPointExtension>
            <gpxtpx:hr>183</gpxtpx:hr>
          </gpxtpx:TrackPointExtension>
        </extensions>
      </trkpt>
      <trkpt lat="31.234900309092538" lon="121.63479592746906">
        <ele>4.712161582894623</ele>
        <time>1970-01-01T00:23:12.900000Z</time>
        <extensions>
          <gpxtpx:TrackPointExtension>
            <gpxtpx:hr>183</gpxtpx:hr>
          </gpxtpx:TrackPointExtension>
        </extensions>
      </trkpt>
      <trkpt lat="31.23488548276697" lon="121.63477384950657">
        <ele>4.704481552354991</ele>
        <time>1970-01-01T00:23:13.900000Z</time>
        <extensions>
          <gpxtpx:TrackPointExtension>
            <gpxtpx:hr>183</gpxtpx:hr>
          </gpxtpx:TrackPointExtension>
        </extensions>
      </trkpt>
      <trkpt lat="31.234870472784745" lon="121.63475202569349">
        <ele>4.69856134057045</ele>
        <time>1970-01-01T00:23:14.900000Z</time>
        <extensions>
          <gpxtpx:TrackPointExtension>
            <gpxtpx:hr>183</gpxtpx:hr>
          </gpxtpx:TrackPointExtension>
        </extensions>
      </trkpt>
      <trkpt lat="31.23485557396364" lon="121.63473021391862">
        <ele>4.694080744870007</ele>
        <time>1970-01-01T00:23:15.900000Z</time>
        <extensions>
          <gpxtpx:TrackPointExtension>
            <gpxtpx:hr>183</gpxtpx:hr>
          </gpxtpx:TrackPointExtension>
        </extensions>
      </trkpt>
      <trkpt lat="31.234840799415572" lon="121.63470833751644">
        <ele>4.69020916800946</ele>
        <time>1970-01-01T00:23:16.900000Z</time>
        <extensions>
          <gpxtpx:TrackPointExtension>
            <gpxtpx:hr>183</gpxtpx:hr>
          </gpxtpx:TrackPointExtension>
        </extensions>
      </trkpt>
      <trkpt lat="31.23482627358924" lon="121.63468614675413">
        <ele>4.685795669443905</ele>
        <time>1970-01-01T00:23:17.900000Z</time>
        <extensions>
          <gpxtpx:TrackPointExtension>
            <gpxtpx:hr>183</gpxtpx:hr>
          </gpxtpx:TrackPointExtension>
        </extensions>
      </trkpt>
      <trkpt lat="31.234812254681405" lon="121.63466321336915">
        <ele>4.67972064204514</ele>
        <time>1970-01-01T00:23:18.900000Z</time>
        <extensions>
          <gpxtpx:TrackPointExtension>
            <gpxtpx:hr>183</gpxtpx:hr>
          </gpxtpx:TrackPointExtension>
        </extensions>
      </trkpt>
      <trkpt lat="31.234798437505635" lon="121.63463951198626">
        <ele>4.6712650349363685</ele>
        <time>1970-01-01T00:23:19.900000Z</time>
        <extensions>
          <gpxtpx:TrackPointExtension>
            <gpxtpx:hr>183</gpxtpx:hr>
          </gpxtpx:TrackPointExtension>
        </extensions>
      </trkpt>
      <trkpt lat="31.234784352091825" lon="121.63461525138192">
        <ele>4.660437035374343</ele>
        <time>1970-01-01T00:23:20.900000Z</time>
        <extensions>
          <gpxtpx:TrackPointExtension>
            <gpxtpx:hr>183</gpxtpx:hr>
          </gpxtpx:TrackPointExtension>
        </extensions>
      </trkpt>
      <trkpt lat="31.234769874250134" lon="121.63459043057468">
        <ele>4.648211459629238</ele>
        <time>1970-01-01T00:23:21.900000Z</time>
        <extensions>
          <gpxtpx:TrackPointExtension>
            <gpxtpx:hr>183</gpxtpx:hr>
          </gpxtpx:TrackPointExtension>
        </extensions>
      </trkpt>
      <trkpt lat="31.23475500161451" lon="121.63456521357487">
        <ele>4.636450065299869</ele>
        <time>1970-01-01T00:23:22.900000Z</time>
        <extensions>
          <gpxtpx:TrackPointExtension>
            <gpxtpx:hr>183</gpxtpx:hr>
          </gpxtpx:TrackPointExtension>
        </extensions>
      </trkpt>
      <trkpt lat="31.23473964618074" lon="121.63453977306693">
        <ele>4.627444580197334</ele>
        <time>1970-01-01T00:23:23.900000Z</time>
        <extensions>
          <gpxtpx:TrackPointExtension>
            <gpxtpx:hr>183</gpxtpx:hr>
          </gpxtpx:TrackPointExtension>
        </extensions>
      </trkpt>
      <trkpt lat="31.23472416950824" lon="121.63451406408264">
        <ele>4.623295762576163</ele>
        <time>1970-01-01T00:23:24.900000Z</time>
        <extensions>
          <gpxtpx:TrackPointExtension>
            <gpxtpx:hr>183</gpxtpx:hr>
          </gpxtpx:TrackPointExtension>
        </extensions>
      </trkpt>
      <trkpt lat="31.234709162207242" lon="121.63448812073747">
        <ele>4.625177447684109</ele>
        <time>1970-01-01T00:23:25.900000Z</time>
        <extensions>
          <gpxtpx:TrackPointExtension>
            <gpxtpx:hr>182</gpxtpx:hr>
          </gpxtpx:TrackPointExtension>
        </extensions>
      </trkpt>
      <trkpt lat="31.234691087543176" lon="121.63445497399837">
        <ele>4.635550348088145</ele>
        <time>1970-01-01T00:23:27.100000Z</time>
        <extensions>
          <gpxtpx:TrackPointExtension>
            <gpxtpx:hr>182</gpxtpx:hr>
          </gpxtpx:TrackPointExtension>
        </extensions>
      </trkpt>
      <trkpt lat="31.234677713864283" lon="121.634428250675">
        <ele>4.6473556607961655</ele>
        <time>1970-01-01T00:23:28.100000Z</time>
        <extensions>
          <gpxtpx:TrackPointExtension>
            <gpxtpx:hr>182</gpxtpx:hr>
          </gpxtpx:TrackPointExtension>
        </extensions>
      </trkpt>
      <trkpt lat="31.234666037850463" lon="121.63440111820069">
        <ele>4.658568011596799</ele>
        <time>1970-01-01T00:23:29.100000Z</time>
        <extensions>
          <gpxtpx:TrackPointExtension>
            <gpxtpx:hr>182</gpxtpx:hr>
          </gpxtpx:TrackPointExtension>
        </extensions>
      </trkpt>
      <trkpt lat="31.234656375511676" lon="121.63437362811003">
        <ele>4.66669790353626</ele>
        <time>1970-01-01T00:23:30.100000Z</time>
        <extensions>
          <gpxtpx:TrackPointExtension>
            <gpxtpx:hr>182</gpxtpx:hr>
          </gpxtpx:TrackPointExtension>
        </extensions>
      </trkpt>
      <trkpt lat="31.234649208892314" lon="121.63434566358708">
        <ele>4.669997695833445</ele>
        <time>1970-01-01T00:23:31.100000Z</time>
        <extensions>
          <gpxtpx:TrackPointExtension>
            <gpxtpx:hr>182</gpxtpx:hr>
          </gpxtpx:TrackPointExtension>
        </extensions>
      </trkpt>
      <trkpt lat="31.234645870256077" lon="121.63431727564144">
        <ele>4.667703529819846</ele>
        <time>1970-01-01T00:23:32.100000Z</time>
        <extensions>
          <gpxtpx:TrackPointExtension>
            <gpxtpx:hr>182</gpxtpx:hr>
          </gpxtpx:TrackPointExtension>
        </extensions>
      </trkpt>
      <trkpt lat="31.234647543574116" lon="121.63428903202967">
        <ele>4.659602922387421</ele>
        <time>1970-01-01T00:23:33.100000Z</time>
        <extensions>
          <gpxtpx:TrackPointExtension>
            <gpxtpx:hr>182</gpxtpx:hr>
          </gpxtpx:TrackPointExtension>
        </extensions>
      </trkpt>
      <trkpt lat="31.23465499698657" lon="121.63426153378497">
        <ele>4.645728566683829</ele>
        <time>1970-01-01T00:23:34.100000Z</time>
        <extensions>
          <gpxtpx:TrackPointExtension>
            <gpxtpx:hr>182</gpxtpx:hr>
          </gpxtpx:TrackPointExtension>
        </extensions>
      </trkpt>
      <trkpt lat="31.234667142005105" lon="121.63423490208892">
        <ele>4.626304873265326</ele>
        <time>1970-01-01T00:23:35.100000Z</time>
        <extensions>
          <gpxtpx:TrackPointExtension>
            <gpxtpx:hr>182</gpxtpx:hr>
          </gpxtpx:TrackPointExtension>
        </extensions>
      </trkpt>
      <trkpt lat="31.234681709587594" lon="121.6342084900947">
        <ele>4.601965299807489</ele>
        <time>1970-01-01T00:23:36.100000Z</time>
        <extensions>
          <gpxtpx:TrackPointExtension>
            <gpxtpx:hr>182</gpxtpx:hr>
          </gpxtpx:TrackPointExtension>
        </extensions>
      </trkpt>
      <trkpt lat="31.234697685037972" lon="121.6341819017065">
        <ele>4.574116509407759</ele>
        <time>1970-01-01T00:23:37.100000Z</time>
        <extensions>
          <gpxtpx:TrackPointExtension>
            <gpxtpx:hr>182</gpxtpx:hr>
          </gpxtpx:TrackPointExtension>
        </extensions>
      </trkpt>
      <trkpt lat="31.23471476743359" lon="121.63415610225104">
        <ele>4.544536950998008</ele>
        <time>1970-01-01T00:23:38.100000Z</time>
        <extensions>
          <gpxtpx:TrackPointExtension>
            <gpxtpx:hr>182</gpxtpx:hr>
          </gpxtpx:TrackPointExtension>
        </extensions>
      </trkpt>
      <trkpt lat="31.234732424283962" lon="121.63413164261938">
        <ele>4.514770864509046</ele>
        <time>1970-01-01T00:23:39.100000Z</time>
        <extensions>
          <gpxtpx:TrackPointExtension>
            <gpxtpx:hr>182</gpxtpx:hr>
          </gpxtpx:TrackPointExtension>
        </extensions>
      </trkpt>
      <trkpt lat="31.23475028832321" lon="121.63410773075937">
        <ele>4.486014666967094</ele>
        <time>1970-01-01T00:23:40.200000Z</time>
        <extensions>
          <gpxtpx:TrackPointExtension>
            <gpxtpx:hr>183</gpxtpx:hr>
          </gpxtpx:TrackPointExtension>
        </extensions>
      </trkpt>
      <trkpt lat="31.234768523699813" lon="121.6340839383058">
        <ele>4.459247174672782</ele>
        <time>1970-01-01T00:23:41.200000Z</time>
        <extensions>
          <gpxtpx:TrackPointExtension>
            <gpxtpx:hr>183</gpxtpx:hr>
          </gpxtpx:TrackPointExtension>
        </extensions>
      </trkpt>
      <trkpt lat="31.234787249454925" lon="121.63406042733516">
        <ele>4.435492789372802</ele>
        <time>1970-01-01T00:23:42.200000Z</time>
        <extensions>
          <gpxtpx:TrackPointExtension>
            <gpxtpx:hr>183</gpxtpx:hr>
          </gpxtpx:TrackPointExtension>
        </extensions>
      </trkpt>
      <trkpt lat="31.23480653719772" lon="121.63403734211323">
        <ele>4.415512275882065</ele>
        <time>1970-01-01T00:23:43.200000Z</time>
        <extensions>
          <gpxtpx:TrackPointExtension>
            <gpxtpx:hr>183</gpxtpx:hr>
          </gpxtpx:TrackPointExtension>
        </extensions>
      </trkpt>
      <trkpt lat="31.23482659774219" lon="121.63401522027067">
        <ele>4.399426863528788</ele>
        <time>1970-01-01T00:23:44.200000Z</time>
        <extensions>
          <gpxtpx:TrackPointExtension>
            <gpxtpx:hr>182</gpxtpx:hr>
          </gpxtpx:TrackPointExtension>
        </extensions>
      </trkpt>
      <trkpt lat="31.23484734116348" lon="121.63399462700644">
        <ele>4.386908450163901</ele>
        <time>1970-01-01T00:23:45.200000Z</time>
        <extensions>
          <gpxtpx:TrackPointExtension>
            <gpxtpx:hr>182</gpxtpx:hr>
          </gpxtpx:TrackPointExtension>
        </extensions>
      </trkpt>
      <trkpt lat="31.234868570165585" lon="121.63397554069626">
        <ele>4.377542826347053</ele>
        <time>1970-01-01T00:23:46.200000Z</time>
        <extensions>
          <gpxtpx:TrackPointExtension>
            <gpxtpx:hr>182</gpxtpx:hr>
          </gpxtpx:TrackPointExtension>
        </extensions>
      </trkpt>
      <trkpt lat="31.234890400280673" lon="121.63395802830624">
        <ele>4.370813244953752</ele>
        <time>1970-01-01T00:23:47.200000Z</time>
        <extensions>
          <gpxtpx:TrackPointExtension>
            <gpxtpx:hr>182</gpxtpx:hr>
          </gpxtpx:TrackPointExtension>
        </extensions>
      </trkpt>
      <trkpt lat="31.234912801507587" lon="121.63394232087916">
        <ele>4.3659802647307515</ele>
        <time>1970-01-01T00:23:48.200000Z</time>
        <extensions>
          <gpxtpx:TrackPointExtension>
            <gpxtpx:hr>182</gpxtpx:hr>
          </gpxtpx:TrackPointExtension>
        </extensions>
      </trkpt>
      <trkpt lat="31.234935579359615" lon="121.63392842063965">
        <ele>4.3621257673949</ele>
        <time>1970-01-01T00:23:49.200000Z</time>
        <extensions>
          <gpxtpx:TrackPointExtension>
            <gpxtpx:hr>182</gpxtpx:hr>
          </gpxtpx:TrackPointExtension>
        </extensions>
      </trkpt>
      <trkpt lat="31.23495872373711" lon="121.63391630744917">
        <ele>4.358535932376981</ele>
        <time>1970-01-01T00:23:50.200000Z</time>
        <extensions>
          <gpxtpx:TrackPointExtension>
            <gpxtpx:hr>182</gpxtpx:hr>
          </gpxtpx:TrackPointExtension>
        </extensions>
      </trkpt>
      <trkpt lat="31.23498220026659" lon="121.63390606193805">
        <ele>4.355072688311338</ele>
        <time>1970-01-01T00:23:51.200000Z</time>
        <extensions>
          <gpxtpx:TrackPointExtension>
            <gpxtpx:hr>182</gpxtpx:hr>
          </gpxtpx:TrackPointExtension>
        </extensions>
      </trkpt>
      <trkpt lat="31.235005919720724" lon="121.63389759576798">
        <ele>4.352092922665179</ele>
        <time>1970-01-01T00:23:52.200000Z</time>
        <extensions>
          <gpxtpx:TrackPointExtension>
            <gpxtpx:hr>182</gpxtpx:hr>
          </gpxtpx:TrackPointExtension>
        </extensions>
      </trkpt>
      <trkpt lat="31.235030184525144" lon="121.63389089923714">
        <ele>4.350295376963913</ele>
        <time>1970-01-01T00:23:53.200000Z</time>
        <extensions>
          <gpxtpx:TrackPointExtension>
            <gpxtpx:hr>182</gpxtpx:hr>
          </gpxtpx:TrackPointExtension>
        </extensions>
      </trkpt>
      <trkpt lat="31.23505520552744" lon="121.63388609200729">
        <ele>4.350278852507472</ele>
        <time>1970-01-01T00:23:54.200000Z</time>
        <extensions>
          <gpxtpx:TrackPointExtension>
            <gpxtpx:hr>182</gpxtpx:hr>
          </gpxtpx:TrackPointExtension>
        </extensions>
      </trkpt>
      <trkpt lat="31.235080640530963" lon="121.63388264827175">
        <ele>4.351894514635205</ele>
        <time>1970-01-01T00:23:55.200000Z</time>
        <extensions>
          <gpxtpx:TrackPointExtension>
            <gpxtpx:hr>182</gpxtpx:hr>
          </gpxtpx:TrackPointExtension>
        </extensions>
      </trkpt>
      <trkpt lat="31.23510627142929" lon="121.63387999095937">
        <ele>4.354616965167224</ele>
        <time>1970-01-01T00:23:56.200000Z</time>
        <extensions>
          <gpxtpx:TrackPointExtension>
            <gpxtpx:hr>184</gpxtpx:hr>
          </gpxtpx:TrackPointExtension>
        </extensions>
      </trkpt>
      <trkpt lat="31.235132130374584" lon="121.63387808891632">
        <ele>4.358369053341448</ele>
        <time>1970-01-01T00:23:57.200000Z</time>
        <extensions>
          <gpxtpx:TrackPointExtension>
            <gpxtpx:hr>184</gpxtpx:hr>
          </gpxtpx:TrackPointExtension>
        </extensions>
      </trkpt>
      <trkpt lat="31.23515809999021" lon="121.63387657404091">
        <ele>4.363572779111564</ele>
        <time>1970-01-01T00:23:58.200000Z</time>
        <extensions>
          <gpxtpx:TrackPointExtension>
            <gpxtpx:hr>184</gpxtpx:hr>
          </gpxtpx:TrackPointExtension>
        </extensions>
      </trkpt>
      <trkpt lat="31.23518405765866" lon="121.63387480543722">
        <ele>4.37058659363538</ele>
        <time>1970-01-01T00:23:59.200000Z</time>
        <extensions>
          <gpxtpx:TrackPointExtension>
            <gpxtpx:hr>184</gpxtpx:hr>
          </gpxtpx:TrackPointExtension>
        </extensions>
      </trkpt>
      <trkpt lat="31.235209924328768" lon="121.63387258627816">
        <ele>4.379485587589443</ele>
        <time>1970-01-01T00:24:00.200000Z</time>
        <extensions>
          <gpxtpx:TrackPointExtension>
            <gpxtpx:hr>184</gpxtpx:hr>
          </gpxtpx:TrackPointExtension>
        </extensions>
      </trkpt>
      <trkpt lat="31.23523558273778" lon="121.63386955367868">
        <ele>4.390622868202627</ele>
        <time>1970-01-01T00:24:01.200000Z</time>
        <extensions>
          <gpxtpx:TrackPointExtension>
            <gpxtpx:hr>184</gpxtpx:hr>
          </gpxtpx:TrackPointExtension>
        </extensions>
      </trkpt>
      <trkpt lat="31.235261239199513" lon="121.63386526134684">
        <ele>4.404902911745012</ele>
        <time>1970-01-01T00:24:02.200000Z</time>
        <extensions>
          <gpxtpx:TrackPointExtension>
            <gpxtpx:hr>184</gpxtpx:hr>
          </gpxtpx:TrackPointExtension>
        </extensions>
      </trkpt>
      <trkpt lat="31.235287151606837" lon="121.63385997871725">
        <ele>4.423296234570444</ele>
        <time>1970-01-01T00:24:03.200000Z</time>
        <extensions>
          <gpxtpx:TrackPointExtension>
            <gpxtpx:hr>184</gpxtpx:hr>
          </gpxtpx:TrackPointExtension>
        </extensions>
      </trkpt>
      <trkpt lat="31.23531319108582" lon="121.63385414933774">
        <ele>4.446085220202804</ele>
        <time>1970-01-01T00:24:04.200000Z</time>
        <extensions>
          <gpxtpx:TrackPointExtension>
            <gpxtpx:hr>184</gpxtpx:hr>
          </gpxtpx:TrackPointExtension>
        </extensions>
      </trkpt>
      <trkpt lat="31.23533922217413" lon="121.63384760595193">
        <ele>4.472306666895747</ele>
        <time>1970-01-01T00:24:05.200000Z</time>
        <extensions>
          <gpxtpx:TrackPointExtension>
            <gpxtpx:hr>184</gpxtpx:hr>
          </gpxtpx:TrackPointExtension>
        </extensions>
      </trkpt>
      <trkpt lat="31.235365431405853" lon="121.63384020018891">
        <ele>4.500216929242015</ele>
        <time>1970-01-01T00:24:06.200000Z</time>
        <extensions>
          <gpxtpx:TrackPointExtension>
            <gpxtpx:hr>184</gpxtpx:hr>
          </gpxtpx:TrackPointExtension>
        </extensions>
      </trkpt>
      <trkpt lat="31.235391847775997" lon="121.6338320838962">
        <ele>4.528409907594323</ele>
        <time>1970-01-01T00:24:07.200000Z</time>
        <extensions>
          <gpxtpx:TrackPointExtension>
            <gpxtpx:hr>184</gpxtpx:hr>
          </gpxtpx:TrackPointExtension>
        </extensions>
      </trkpt>
      <trkpt lat="31.235418107084968" lon="121.6338229981447">
        <ele>4.55651094019413</ele>
        <time>1970-01-01T00:24:08.200000Z</time>
        <extensions>
          <gpxtpx:TrackPointExtension>
            <gpxtpx:hr>184</gpxtpx:hr>
          </gpxtpx:TrackPointExtension>
        </extensions>
      </trkpt>
      <trkpt lat="31.235444215066252" lon="121.63381306787977">
        <ele>4.584865617565811</ele>
        <time>1970-01-01T00:24:09.200000Z</time>
        <extensions>
          <gpxtpx:TrackPointExtension>
            <gpxtpx:hr>184</gpxtpx:hr>
          </gpxtpx:TrackPointExtension>
        </extensions>
      </trkpt>
      <trkpt lat="31.235470268450094" lon="121.63380267964456">
        <ele>4.61387690808624</ele>
        <time>1970-01-01T00:24:10.200000Z</time>
        <extensions>
          <gpxtpx:TrackPointExtension>
            <gpxtpx:hr>184</gpxtpx:hr>
          </gpxtpx:TrackPointExtension>
        </extensions>
      </trkpt>
      <trkpt lat="31.23549597799107" lon="121.63379151629246">
        <ele>4.643564689904451</ele>
        <time>1970-01-01T00:24:11.200000Z</time>
        <extensions>
          <gpxtpx:TrackPointExtension>
            <gpxtpx:hr>184</gpxtpx:hr>
          </gpxtpx:TrackPointExtension>
        </extensions>
      </trkpt>
      <trkpt lat="31.23552134327185" lon="121.63377932047625">
        <ele>4.673390348441899</ele>
        <time>1970-01-01T00:24:12.200000Z</time>
        <extensions>
          <gpxtpx:TrackPointExtension>
            <gpxtpx:hr>184</gpxtpx:hr>
          </gpxtpx:TrackPointExtension>
        </extensions>
      </trkpt>
      <trkpt lat="31.235546350589267" lon="121.63376608167333">
        <ele>4.702445465140045</ele>
        <time>1970-01-01T00:24:13.200000Z</time>
        <extensions>
          <gpxtpx:TrackPointExtension>
            <gpxtpx:hr>184</gpxtpx:hr>
          </gpxtpx:TrackPointExtension>
        </extensions>
      </trkpt>
      <trkpt lat="31.23557065917982" lon="121.6337515072458">
        <ele>4.729713030159473</ele>
        <time>1970-01-01T00:24:14.200000Z</time>
        <extensions>
          <gpxtpx:TrackPointExtension>
            <gpxtpx:hr>184</gpxtpx:hr>
          </gpxtpx:TrackPointExtension>
        </extensions>
      </trkpt>
      <trkpt lat="31.235594307094466" lon="121.63373549544714">
        <ele>4.753906800411642</ele>
        <time>1970-01-01T00:24:15.300000Z</time>
        <extensions>
          <gpxtpx:TrackPointExtension>
            <gpxtpx:hr>184</gpxtpx:hr>
          </gpxtpx:TrackPointExtension>
        </extensions>
      </trkpt>
      <trkpt lat="31.23561738658885" lon="121.6337183910841">
        <ele>4.773759516887367</ele>
        <time>1970-01-01T00:24:16.300000Z</time>
        <extensions>
          <gpxtpx:TrackPointExtension>
            <gpxtpx:hr>184</gpxtpx:hr>
          </gpxtpx:TrackPointExtension>
        </extensions>
      </trkpt>
      <trkpt lat="31.235639537640534" lon="121.6337004889096">
        <ele>4.788257559761405</ele>
        <time>1970-01-01T00:24:17.300000Z</time>
        <extensions>
          <gpxtpx:TrackPointExtension>
            <gpxtpx:hr>184</gpxtpx:hr>
          </gpxtpx:TrackPointExtension>
        </extensions>
      </trkpt>
      <trkpt lat="31.235660880098635" lon="121.63368177322832">
        <ele>4.797108626924455</ele>
        <time>1970-01-01T00:24:18.300000Z</time>
        <extensions>
          <gpxtpx:TrackPointExtension>
            <gpxtpx:hr>184</gpxtpx:hr>
          </gpxtpx:TrackPointExtension>
        </extensions>
      </trkpt>
      <trkpt lat="31.235681702332908" lon="121.63366197106127">
        <ele>4.800574474036694</ele>
        <time>1970-01-01T00:24:19.300000Z</time>
        <extensions>
          <gpxtpx:TrackPointExtension>
            <gpxtpx:hr>184</gpxtpx:hr>
          </gpxtpx:TrackPointExtension>
        </extensions>
      </trkpt>
      <trkpt lat="31.23570145273787" lon="121.63364056062834">
        <ele>4.798918250948191</ele>
        <time>1970-01-01T00:24:20.300000Z</time>
        <extensions>
          <gpxtpx:TrackPointExtension>
            <gpxtpx:hr>184</gpxtpx:hr>
          </gpxtpx:TrackPointExtension>
        </extensions>
      </trkpt>
      <trkpt lat="31.235719937239313" lon="121.63361764449127">
        <ele>4.792271736077964</ele>
        <time>1970-01-01T00:24:21.300000Z</time>
        <extensions>
          <gpxtpx:TrackPointExtension>
            <gpxtpx:hr>184</gpxtpx:hr>
          </gpxtpx:TrackPointExtension>
        </extensions>
      </trkpt>
      <trkpt lat="31.235738256322342" lon="121.6335946726407">
        <ele>4.781368657946587</ele>
        <time>1970-01-01T00:24:22.300000Z</time>
        <extensions>
          <gpxtpx:TrackPointExtension>
            <gpxtpx:hr>184</gpxtpx:hr>
          </gpxtpx:TrackPointExtension>
        </extensions>
      </trkpt>
      <trkpt lat="31.235756559351614" lon="121.63357258364574">
        <ele>4.767919053323567</ele>
        <time>1970-01-01T00:24:23.300000Z</time>
        <extensions>
          <gpxtpx:TrackPointExtension>
            <gpxtpx:hr>184</gpxtpx:hr>
          </gpxtpx:TrackPointExtension>
        </extensions>
      </trkpt>
      <trkpt lat="31.235774122115416" lon="121.63355092060648">
        <ele>4.7545434990897775</ele>
        <time>1970-01-01T00:24:24.300000Z</time>
        <extensions>
          <gpxtpx:TrackPointExtension>
            <gpxtpx:hr>184</gpxtpx:hr>
          </gpxtpx:TrackPointExtension>
        </extensions>
      </trkpt>
      <trkpt lat="31.235790840822464" lon="121.63352894112884">
        <ele>4.744132596999407</ele>
        <time>1970-01-01T00:24:25.300000Z</time>
        <extensions>
          <gpxtpx:TrackPointExtension>
            <gpxtpx:hr>184</gpxtpx:hr>
          </gpxtpx:TrackPointExtension>
        </extensions>
      </trkpt>
      <trkpt lat="31.235806432585854" lon="121.63350583268534">
        <ele>4.738462404347956</ele>
        <time>1970-01-01T00:24:26.300000Z</time>
        <extensions>
          <gpxtpx:TrackPointExtension>
            <gpxtpx:hr>184</gpxtpx:hr>
          </gpxtpx:TrackPointExtension>
        </extensions>
      </trkpt>
      <trkpt lat="31.235820700267574" lon="121.63348107196336">
        <ele>4.738053065724671</ele>
        <time>1970-01-01T00:24:27.300000Z</time>
        <extensions>
          <gpxtpx:TrackPointExtension>
            <gpxtpx:hr>184</gpxtpx:hr>
          </gpxtpx:TrackPointExtension>
        </extensions>
      </trkpt>
      <trkpt lat="31.23583447491591" lon="121.63345554297953">
        <ele>4.7425884352996945</ele>
        <time>1970-01-01T00:24:28.300000Z</time>
        <extensions>
          <gpxtpx:TrackPointExtension>
            <gpxtpx:hr>184</gpxtpx:hr>
          </gpxtpx:TrackPointExtension>
        </extensions>
      </trkpt>
      <trkpt lat="31.235848061811712" lon="121.63343012966209">
        <ele>4.751645337790251</ele>
        <time>1970-01-01T00:24:29.300000Z</time>
        <extensions>
          <gpxtpx:TrackPointExtension>
            <gpxtpx:hr>184</gpxtpx:hr>
          </gpxtpx:TrackPointExtension>
        </extensions>
      </trkpt>
      <trkpt lat="31.2358610588352" lon="121.63340469188203">
        <ele>4.764552308246493</ele>
        <time>1970-01-01T00:24:30.300000Z</time>
        <extensions>
          <gpxtpx:TrackPointExtension>
            <gpxtpx:hr>184</gpxtpx:hr>
          </gpxtpx:TrackPointExtension>
        </extensions>
      </trkpt>
      <trkpt lat="31.23587369897709" lon="121.63337912039283">
        <ele>4.78039803635329</ele>
        <time>1970-01-01T00:24:31.300000Z</time>
        <extensions>
          <gpxtpx:TrackPointExtension>
            <gpxtpx:hr>184</gpxtpx:hr>
          </gpxtpx:TrackPointExtension>
        </extensions>
      </trkpt>
      <trkpt lat="31.23588589780984" lon="121.63335340163711">
        <ele>4.79793902952224</ele>
        <time>1970-01-01T00:24:32.300000Z</time>
        <extensions>
          <gpxtpx:TrackPointExtension>
            <gpxtpx:hr>184</gpxtpx:hr>
          </gpxtpx:TrackPointExtension>
        </extensions>
      </trkpt>
      <trkpt lat="31.235897756840966" lon="121.6333273250139">
        <ele>4.815759517252445</ele>
        <time>1970-01-01T00:24:33.300000Z</time>
        <extensions>
          <gpxtpx:TrackPointExtension>
            <gpxtpx:hr>184</gpxtpx:hr>
          </gpxtpx:TrackPointExtension>
        </extensions>
      </trkpt>
      <trkpt lat="31.2359098079871" lon="121.63330060104286">
        <ele>4.832812659442425</ele>
        <time>1970-01-01T00:24:34.300000Z</time>
        <extensions>
          <gpxtpx:TrackPointExtension>
            <gpxtpx:hr>184</gpxtpx:hr>
          </gpxtpx:TrackPointExtension>
        </extensions>
      </trkpt>
      <trkpt lat="31.23592141127079" lon="121.63327309502802">
        <ele>4.848260615952313</ele>
        <time>1970-01-01T00:24:35.300000Z</time>
        <extensions>
          <gpxtpx:TrackPointExtension>
            <gpxtpx:hr>184</gpxtpx:hr>
          </gpxtpx:TrackPointExtension>
        </extensions>
      </trkpt>
      <trkpt lat="31.235931659679252" lon="121.63324489339898">
        <ele>4.861656174063683</ele>
        <time>1970-01-01T00:24:36.300000Z</time>
        <extensions>
          <gpxtpx:TrackPointExtension>
            <gpxtpx:hr>184</gpxtpx:hr>
          </gpxtpx:TrackPointExtension>
        </extensions>
      </trkpt>
      <trkpt lat="31.23594061299015" lon="121.63321622251237">
        <ele>4.8728984808549285</ele>
        <time>1970-01-01T00:24:37.300000Z</time>
        <extensions>
          <gpxtpx:TrackPointExtension>
            <gpxtpx:hr>184</gpxtpx:hr>
          </gpxtpx:TrackPointExtension>
        </extensions>
      </trkpt>
      <trkpt lat="31.235948297628024" lon="121.63318743351923">
        <ele>4.882307414896786</ele>
        <time>1970-01-01T00:24:38.300000Z</time>
        <extensions>
          <gpxtpx:TrackPointExtension>
            <gpxtpx:hr>184</gpxtpx:hr>
          </gpxtpx:TrackPointExtension>
        </extensions>
      </trkpt>
      <trkpt lat="31.235954859714447" lon="121.6331590058625">
        <ele>4.8903292221948504</ele>
        <time>1970-01-01T00:24:39.300000Z</time>
        <extensions>
          <gpxtpx:TrackPointExtension>
            <gpxtpx:hr>184</gpxtpx:hr>
          </gpxtpx:TrackPointExtension>
        </extensions>
      </trkpt>
      <trkpt lat="31.235960826020023" lon="121.63313099789592">
        <ele>4.897522552870214</ele>
        <time>1970-01-01T00:24:40.300000Z</time>
        <extensions>
          <gpxtpx:TrackPointExtension>
            <gpxtpx:hr>184</gpxtpx:hr>
          </gpxtpx:TrackPointExtension>
        </extensions>
      </trkpt>
      <trkpt lat="31.235966391179804" lon="121.6331031329473">
        <ele>4.904472162947059</ele>
        <time>1970-01-01T00:24:41.300000Z</time>
        <extensions>
          <gpxtpx:TrackPointExtension>
            <gpxtpx:hr>184</gpxtpx:hr>
          </gpxtpx:TrackPointExtension>
        </extensions>
      </trkpt>
      <trkpt lat="31.235971403264" lon="121.63307506282479">
        <ele>4.911739691160619</ele>
        <time>1970-01-01T00:24:42.300000Z</time>
        <extensions>
          <gpxtpx:TrackPointExtension>
            <gpxtpx:hr>184</gpxtpx:hr>
          </gpxtpx:TrackPointExtension>
        </extensions>
      </trkpt>
      <trkpt lat="31.235975996620382" lon="121.6330463773652">
        <ele>4.920185750350356</ele>
        <time>1970-01-01T00:24:43.300000Z</time>
        <extensions>
          <gpxtpx:TrackPointExtension>
            <gpxtpx:hr>184</gpxtpx:hr>
          </gpxtpx:TrackPointExtension>
        </extensions>
      </trkpt>
      <trkpt lat="31.235980278044448" lon="121.63301700081009">
        <ele>4.930678617209196</ele>
        <time>1970-01-01T00:24:44.300000Z</time>
        <extensions>
          <gpxtpx:TrackPointExtension>
            <gpxtpx:hr>184</gpxtpx:hr>
          </gpxtpx:TrackPointExtension>
        </extensions>
      </trkpt>
      <trkpt lat="31.235983698831152" lon="121.63298719317258">
        <ele>4.944253292866051</ele>
        <time>1970-01-01T00:24:45.300000Z</time>
        <extensions>
          <gpxtpx:TrackPointExtension>
            <gpxtpx:hr>184</gpxtpx:hr>
          </gpxtpx:TrackPointExtension>
        </extensions>
      </trkpt>
      <trkpt lat="31.235986010530155" lon="121.6329571320676">
        <ele>4.961670579388738</ele>
        <time>1970-01-01T00:24:46.300000Z</time>
        <extensions>
          <gpxtpx:TrackPointExtension>
            <gpxtpx:hr>184</gpxtpx:hr>
          </gpxtpx:TrackPointExtension>
        </extensions>
      </trkpt>
      <trkpt lat="31.235987674005813" lon="121.63292705926355">
        <ele>4.98355333507061</ele>
        <time>1970-01-01T00:24:47.300000Z</time>
        <extensions>
          <gpxtpx:TrackPointExtension>
            <gpxtpx:hr>184</gpxtpx:hr>
          </gpxtpx:TrackPointExtension>
        </extensions>
      </trkpt>
      <trkpt lat="31.23598920582185" lon="121.63289728405545">
        <ele>5.010117053054273</ele>
        <time>1970-01-01T00:24:48.300000Z</time>
        <extensions>
          <gpxtpx:TrackPointExtension>
            <gpxtpx:hr>184</gpxtpx:hr>
          </gpxtpx:TrackPointExtension>
        </extensions>
      </trkpt>
      <trkpt lat="31.235991285524097" lon="121.6328678409997">
        <ele>5.041082622483373</ele>
        <time>1970-01-01T00:24:49.400000Z</time>
        <extensions>
          <gpxtpx:TrackPointExtension>
            <gpxtpx:hr>184</gpxtpx:hr>
          </gpxtpx:TrackPointExtension>
        </extensions>
      </trkpt>
      <trkpt lat="31.23599453821803" lon="121.63283872358593">
        <ele>5.076035661622882</ele>
        <time>1970-01-01T00:24:50.400000Z</time>
        <extensions>
          <gpxtpx:TrackPointExtension>
            <gpxtpx:hr>184</gpxtpx:hr>
          </gpxtpx:TrackPointExtension>
        </extensions>
      </trkpt>
      <trkpt lat="31.235999570461164" lon="121.63281001660413">
        <ele>5.114422665908933</ele>
        <time>1970-01-01T00:24:51.400000Z</time>
        <extensions>
          <gpxtpx:TrackPointExtension>
            <gpxtpx:hr>184</gpxtpx:hr>
          </gpxtpx:TrackPointExtension>
        </extensions>
      </trkpt>
      <trkpt lat="31.23600703181744" lon="121.63278187821071">
        <ele>5.155647814273834</ele>
        <time>1970-01-01T00:24:52.400000Z</time>
        <extensions>
          <gpxtpx:TrackPointExtension>
            <gpxtpx:hr>184</gpxtpx:hr>
          </gpxtpx:TrackPointExtension>
        </extensions>
      </trkpt>
      <trkpt lat="31.236016801964936" lon="121.63275450988874">
        <ele>5.198791656643152</ele>
        <time>1970-01-01T00:24:53.400000Z</time>
        <extensions>
          <gpxtpx:TrackPointExtension>
            <gpxtpx:hr>184</gpxtpx:hr>
          </gpxtpx:TrackPointExtension>
        </extensions>
      </trkpt>
      <trkpt lat="31.236028228203956" lon="121.63272764531818">
        <ele>5.24261490534991</ele>
        <time>1970-01-01T00:24:54.400000Z</time>
        <extensions>
          <gpxtpx:TrackPointExtension>
            <gpxtpx:hr>184</gpxtpx:hr>
          </gpxtpx:TrackPointExtension>
        </extensions>
      </trkpt>
      <trkpt lat="31.236040499406965" lon="121.63270064914481">
        <ele>5.286090295761824</ele>
        <time>1970-01-01T00:24:55.400000Z</time>
        <extensions>
          <gpxtpx:TrackPointExtension>
            <gpxtpx:hr>184</gpxtpx:hr>
          </gpxtpx:TrackPointExtension>
        </extensions>
      </trkpt>
      <trkpt lat="31.236052699473145" lon="121.63267334203955">
        <ele>5.3289510030299425</ele>
        <time>1970-01-01T00:24:56.400000Z</time>
        <extensions>
          <gpxtpx:TrackPointExtension>
            <gpxtpx:hr>184</gpxtpx:hr>
          </gpxtpx:TrackPointExtension>
        </extensions>
      </trkpt>
      <trkpt lat="31.236064264059877" lon="121.63264575003842">
        <ele>5.3712143655866385</ele>
        <time>1970-01-01T00:24:57.400000Z</time>
        <extensions>
          <gpxtpx:TrackPointExtension>
            <gpxtpx:hr>184</gpxtpx:hr>
          </gpxtpx:TrackPointExtension>
        </extensions>
      </trkpt>
      <trkpt lat="31.2360751477104" lon="121.63261791794183">
        <ele>5.413036753423512</ele>
        <time>1970-01-01T00:24:58.400000Z</time>
        <extensions>
          <gpxtpx:TrackPointExtension>
            <gpxtpx:hr>184</gpxtpx:hr>
          </gpxtpx:TrackPointExtension>
        </extensions>
      </trkpt>
      <trkpt lat="31.23608550307618" lon="121.63259039473837">
        <ele>5.454464364796877</ele>
        <time>1970-01-01T00:24:59.400000Z</time>
        <extensions>
          <gpxtpx:TrackPointExtension>
            <gpxtpx:hr>184</gpxtpx:hr>
          </gpxtpx:TrackPointExtension>
        </extensions>
      </trkpt>
      <trkpt lat="31.236095343699766" lon="121.63256346177506">
        <ele>5.4956248719245195</ele>
        <time>1970-01-01T00:25:00.400000Z</time>
        <extensions>
          <gpxtpx:TrackPointExtension>
            <gpxtpx:hr>184</gpxtpx:hr>
          </gpxtpx:TrackPointExtension>
        </extensions>
      </trkpt>
      <trkpt lat="31.236104987366648" lon="121.63253655567661">
        <ele>5.5369913605973125</ele>
        <time>1970-01-01T00:25:01.400000Z</time>
        <extensions>
          <gpxtpx:TrackPointExtension>
            <gpxtpx:hr>184</gpxtpx:hr>
          </gpxtpx:TrackPointExtension>
        </extensions>
      </trkpt>
      <trkpt lat="31.236114808354348" lon="121.6325092219791">
        <ele>5.579322435893118</ele>
        <time>1970-01-01T00:25:02.400000Z</time>
        <extensions>
          <gpxtpx:TrackPointExtension>
            <gpxtpx:hr>184</gpxtpx:hr>
          </gpxtpx:TrackPointExtension>
        </extensions>
      </trkpt>
      <trkpt lat="31.236124633636535" lon="121.6324815825417">
        <ele>5.623516068793833</ele>
        <time>1970-01-01T00:25:03.400000Z</time>
        <extensions>
          <gpxtpx:TrackPointExtension>
            <gpxtpx:hr>183</gpxtpx:hr>
          </gpxtpx:TrackPointExtension>
        </extensions>
      </trkpt>
      <trkpt lat="31.236134418862303" lon="121.63245392051553">
        <ele>5.67002500128001</ele>
        <time>1970-01-01T00:25:04.400000Z</time>
        <extensions>
          <gpxtpx:TrackPointExtension>
            <gpxtpx:hr>183</gpxtpx:hr>
          </gpxtpx:TrackPointExtension>
        </extensions>
      </trkpt>
      <trkpt lat="31.236144388307597" lon="121.63242659479475">
        <ele>5.718761708587408</ele>
        <time>1970-01-01T00:25:05.400000Z</time>
        <extensions>
          <gpxtpx:TrackPointExtension>
            <gpxtpx:hr>183</gpxtpx:hr>
          </gpxtpx:TrackPointExtension>
        </extensions>
      </trkpt>
      <trkpt lat="31.236154464694867" lon="121.63239960382838">
        <ele>5.769331885501742</ele>
        <time>1970-01-01T00:25:06.400000Z</time>
        <extensions>
          <gpxtpx:TrackPointExtension>
            <gpxtpx:hr>183</gpxtpx:hr>
          </gpxtpx:TrackPointExtension>
        </extensions>
      </trkpt>
      <trkpt lat="31.236164526343064" lon="121.63237250679647">
        <ele>5.821446913294494</ele>
        <time>1970-01-01T00:25:07.400000Z</time>
        <extensions>
          <gpxtpx:TrackPointExtension>
            <gpxtpx:hr>183</gpxtpx:hr>
          </gpxtpx:TrackPointExtension>
        </extensions>
      </trkpt>
      <trkpt lat="31.236174660108947" lon="121.63234513744901">
        <ele>5.875214165076613</ele>
        <time>1970-01-01T00:25:08.400000Z</time>
        <extensions>
          <gpxtpx:TrackPointExtension>
            <gpxtpx:hr>184</gpxtpx:hr>
          </gpxtpx:TrackPointExtension>
        </extensions>
      </trkpt>
      <trkpt lat="31.236185074869507" lon="121.63231750637564">
        <ele>5.930837003514171</ele>
        <time>1970-01-01T00:25:09.400000Z</time>
        <extensions>
          <gpxtpx:TrackPointExtension>
            <gpxtpx:hr>184</gpxtpx:hr>
          </gpxtpx:TrackPointExtension>
        </extensions>
      </trkpt>
      <trkpt lat="31.236196019489906" lon="121.63228958636152">
        <ele>5.988158511929214</ele>
        <time>1970-01-01T00:25:10.400000Z</time>
        <extensions>
          <gpxtpx:TrackPointExtension>
            <gpxtpx:hr>184</gpxtpx:hr>
          </gpxtpx:TrackPointExtension>
        </extensions>
      </trkpt>
      <trkpt lat="31.236207765712813" lon="121.63226190705963">
        <ele>6.046637341380119</ele>
        <time>1970-01-01T00:25:11.400000Z</time>
        <extensions>
          <gpxtpx:TrackPointExtension>
            <gpxtpx:hr>184</gpxtpx:hr>
          </gpxtpx:TrackPointExtension>
        </extensions>
      </trkpt>
      <trkpt lat="31.236220635693723" lon="121.63223497523437">
        <ele>6.105660229921341</ele>
        <time>1970-01-01T00:25:12.400000Z</time>
        <extensions>
          <gpxtpx:TrackPointExtension>
            <gpxtpx:hr>184</gpxtpx:hr>
          </gpxtpx:TrackPointExtension>
        </extensions>
      </trkpt>
      <trkpt lat="31.23623510687109" lon="121.63220912197886">
        <ele>6.164825745858252</ele>
        <time>1970-01-01T00:25:13.400000Z</time>
        <extensions>
          <gpxtpx:TrackPointExtension>
            <gpxtpx:hr>184</gpxtpx:hr>
          </gpxtpx:TrackPointExtension>
        </extensions>
      </trkpt>
      <trkpt lat="31.23625175731358" lon="121.63218539597443">
        <ele>6.224067554809153</ele>
        <time>1970-01-01T00:25:14.400000Z</time>
        <extensions>
          <gpxtpx:TrackPointExtension>
            <gpxtpx:hr>183</gpxtpx:hr>
          </gpxtpx:TrackPointExtension>
        </extensions>
      </trkpt>
      <trkpt lat="31.236270603023286" lon="121.63216495976957">
        <ele>6.283447586931288</ele>
        <time>1970-01-01T00:25:15.400000Z</time>
        <extensions>
          <gpxtpx:TrackPointExtension>
            <gpxtpx:hr>183</gpxtpx:hr>
          </gpxtpx:TrackPointExtension>
        </extensions>
      </trkpt>
      <trkpt lat="31.23629157466821" lon="121.63214873156493">
        <ele>6.343096373602748</ele>
        <time>1970-01-01T00:25:16.400000Z</time>
        <extensions>
          <gpxtpx:TrackPointExtension>
            <gpxtpx:hr>183</gpxtpx:hr>
          </gpxtpx:TrackPointExtension>
        </extensions>
      </trkpt>
      <trkpt lat="31.2363143746844" lon="121.6321372083342">
        <ele>6.403239414095879</ele>
        <time>1970-01-01T00:25:17.400000Z</time>
        <extensions>
          <gpxtpx:TrackPointExtension>
            <gpxtpx:hr>183</gpxtpx:hr>
          </gpxtpx:TrackPointExtension>
        </extensions>
      </trkpt>
      <trkpt lat="31.23633789419822" lon="121.63213036419606">
        <ele>6.46409063693136</ele>
        <time>1970-01-01T00:25:18.400000Z</time>
        <extensions>
          <gpxtpx:TrackPointExtension>
            <gpxtpx:hr>183</gpxtpx:hr>
          </gpxtpx:TrackPointExtension>
        </extensions>
      </trkpt>
      <trkpt lat="31.236361443182933" lon="121.6321277692473">
        <ele>6.52562446333468</ele>
        <time>1970-01-01T00:25:19.400000Z</time>
        <extensions>
          <gpxtpx:TrackPointExtension>
            <gpxtpx:hr>184</gpxtpx:hr>
          </gpxtpx:TrackPointExtension>
        </extensions>
      </trkpt>
      <trkpt lat="31.23638491802661" lon="121.63212894327006">
        <ele>6.58739135786891</ele>
        <time>1970-01-01T00:25:20.400000Z</time>
        <extensions>
          <gpxtpx:TrackPointExtension>
            <gpxtpx:hr>184</gpxtpx:hr>
          </gpxtpx:TrackPointExtension>
        </extensions>
      </trkpt>
      <trkpt lat="31.236408454958763" lon="121.63213334318613">
        <ele>6.6484983144328</ele>
        <time>1970-01-01T00:25:21.400000Z</time>
        <extensions>
          <gpxtpx:TrackPointExtension>
            <gpxtpx:hr>184</gpxtpx:hr>
          </gpxtpx:TrackPointExtension>
        </extensions>
      </trkpt>
      <trkpt lat="31.236432427440267" lon="121.63214004482077">
        <ele>6.707532491534948</ele>
        <time>1970-01-01T00:25:22.400000Z</time>
        <extensions>
          <gpxtpx:TrackPointExtension>
            <gpxtpx:hr>184</gpxtpx:hr>
          </gpxtpx:TrackPointExtension>
        </extensions>
      </trkpt>
      <trkpt lat="31.23645681154196" lon="121.63214831419845">
        <ele>6.762724592350423</ele>
        <time>1970-01-01T00:25:23.400000Z</time>
        <extensions>
          <gpxtpx:TrackPointExtension>
            <gpxtpx:hr>184</gpxtpx:hr>
          </gpxtpx:TrackPointExtension>
        </extensions>
      </trkpt>
      <trkpt lat="31.236481127796132" lon="121.63215747224456">
        <ele>6.812369746156037</ele>
        <time>1970-01-01T00:25:24.500000Z</time>
        <extensions>
          <gpxtpx:TrackPointExtension>
            <gpxtpx:hr>184</gpxtpx:hr>
          </gpxtpx:TrackPointExtension>
        </extensions>
      </trkpt>
      <trkpt lat="31.236505324323716" lon="121.63216712110756">
        <ele>6.855115790851414</ele>
        <time>1970-01-01T00:25:25.500000Z</time>
        <extensions>
          <gpxtpx:TrackPointExtension>
            <gpxtpx:hr>184</gpxtpx:hr>
          </gpxtpx:TrackPointExtension>
        </extensions>
      </trkpt>
      <trkpt lat="31.236529607543474" lon="121.63217743774328">
        <ele>6.89002385828644</ele>
        <time>1970-01-01T00:25:26.500000Z</time>
        <extensions>
          <gpxtpx:TrackPointExtension>
            <gpxtpx:hr>184</gpxtpx:hr>
          </gpxtpx:TrackPointExtension>
        </extensions>
      </trkpt>
      <trkpt lat="31.236553937806082" lon="121.6321884033169">
        <ele>6.916229845955968</ele>
        <time>1970-01-01T00:25:27.500000Z</time>
        <extensions>
          <gpxtpx:TrackPointExtension>
            <gpxtpx:hr>184</gpxtpx:hr>
          </gpxtpx:TrackPointExtension>
        </extensions>
      </trkpt>
      <trkpt lat="31.236578408230628" lon="121.63219983773281">
        <ele>6.93255786318332</ele>
        <time>1970-01-01T00:25:28.500000Z</time>
        <extensions>
          <gpxtpx:TrackPointExtension>
            <gpxtpx:hr>184</gpxtpx:hr>
          </gpxtpx:TrackPointExtension>
        </extensions>
      </trkpt>
      <trkpt lat="31.23660306289693" lon="121.63221196132301">
        <ele>6.937639378011227</ele>
        <time>1970-01-01T00:25:29.500000Z</time>
        <extensions>
          <gpxtpx:TrackPointExtension>
            <gpxtpx:hr>184</gpxtpx:hr>
          </gpxtpx:TrackPointExtension>
        </extensions>
      </trkpt>
      <trkpt lat="31.236627530978584" lon="121.63222480097683">
        <ele>6.930512031540275</ele>
        <time>1970-01-01T00:25:30.500000Z</time>
        <extensions>
          <gpxtpx:TrackPointExtension>
            <gpxtpx:hr>184</gpxtpx:hr>
          </gpxtpx:TrackPointExtension>
        </extensions>
      </trkpt>
      <trkpt lat="31.236651580580393" lon="121.63223815153846">
        <ele>6.911126616410911</ele>
        <time>1970-01-01T00:25:31.500000Z</time>
        <extensions>
          <gpxtpx:TrackPointExtension>
            <gpxtpx:hr>184</gpxtpx:hr>
          </gpxtpx:TrackPointExtension>
        </extensions>
      </trkpt>
      <trkpt lat="31.236675300141222" lon="121.63225230683578">
        <ele>6.880437052808702</ele>
        <time>1970-01-01T00:25:32.500000Z</time>
        <extensions>
          <gpxtpx:TrackPointExtension>
            <gpxtpx:hr>184</gpxtpx:hr>
          </gpxtpx:TrackPointExtension>
        </extensions>
      </trkpt>
      <trkpt lat="31.236698576536988" lon="121.63226747140831">
        <ele>6.8399506555870175</ele>
        <time>1970-01-01T00:25:33.500000Z</time>
        <extensions>
          <gpxtpx:TrackPointExtension>
            <gpxtpx:hr>184</gpxtpx:hr>
          </gpxtpx:TrackPointExtension>
        </extensions>
      </trkpt>
      <trkpt lat="31.23672105337216" lon="121.63228351365767">
        <ele>6.791083067655563</ele>
        <time>1970-01-01T00:25:34.500000Z</time>
        <extensions>
          <gpxtpx:TrackPointExtension>
            <gpxtpx:hr>184</gpxtpx:hr>
          </gpxtpx:TrackPointExtension>
        </extensions>
      </trkpt>
      <trkpt lat="31.23674267545765" lon="121.63230051649322">
        <ele>6.73492840770632</ele>
        <time>1970-01-01T00:25:35.500000Z</time>
        <extensions>
          <gpxtpx:TrackPointExtension>
            <gpxtpx:hr>184</gpxtpx:hr>
          </gpxtpx:TrackPointExtension>
        </extensions>
      </trkpt>
      <trkpt lat="31.236763525850208" lon="121.63231844900704">
        <ele>6.672585889697075</ele>
        <time>1970-01-01T00:25:36.500000Z</time>
        <extensions>
          <gpxtpx:TrackPointExtension>
            <gpxtpx:hr>184</gpxtpx:hr>
          </gpxtpx:TrackPointExtension>
        </extensions>
      </trkpt>
      <trkpt lat="31.236783619293398" lon="121.63233696035554">
        <ele>6.605783200822771</ele>
        <time>1970-01-01T00:25:37.500000Z</time>
        <extensions>
          <gpxtpx:TrackPointExtension>
            <gpxtpx:hr>184</gpxtpx:hr>
          </gpxtpx:TrackPointExtension>
        </extensions>
      </trkpt>
      <trkpt lat="31.23680292714349" lon="121.6323561281311">
        <ele>6.5368600795045495</ele>
        <time>1970-01-01T00:25:38.500000Z</time>
        <extensions>
          <gpxtpx:TrackPointExtension>
            <gpxtpx:hr>185</gpxtpx:hr>
          </gpxtpx:TrackPointExtension>
        </extensions>
      </trkpt>
      <trkpt lat="31.23682138119651" lon="121.63237615734933">
        <ele>6.468167255632579</ele>
        <time>1970-01-01T00:25:39.500000Z</time>
        <extensions>
          <gpxtpx:TrackPointExtension>
            <gpxtpx:hr>185</gpxtpx:hr>
          </gpxtpx:TrackPointExtension>
        </extensions>
      </trkpt>
      <trkpt lat="31.23683909998261" lon="121.63239704891922">
        <ele>6.401502953842282</ele>
        <time>1970-01-01T00:25:40.500000Z</time>
        <extensions>
          <gpxtpx:TrackPointExtension>
            <gpxtpx:hr>185</gpxtpx:hr>
          </gpxtpx:TrackPointExtension>
        </extensions>
      </trkpt>
      <trkpt lat="31.236856300760095" lon="121.63241929796911">
        <ele>6.33783720806241</ele>
        <time>1970-01-01T00:25:41.500000Z</time>
        <extensions>
          <gpxtpx:TrackPointExtension>
            <gpxtpx:hr>185</gpxtpx:hr>
          </gpxtpx:TrackPointExtension>
        </extensions>
      </trkpt>
      <trkpt lat="31.23687307437694" lon="121.63244304503391">
        <ele>6.277646591886878</ele>
        <time>1970-01-01T00:25:42.500000Z</time>
        <extensions>
          <gpxtpx:TrackPointExtension>
            <gpxtpx:hr>185</gpxtpx:hr>
          </gpxtpx:TrackPointExtension>
        </extensions>
      </trkpt>
      <trkpt lat="31.23688930727607" lon="121.63246758836155">
        <ele>6.221123778261244</ele>
        <time>1970-01-01T00:25:43.500000Z</time>
        <extensions>
          <gpxtpx:TrackPointExtension>
            <gpxtpx:hr>184</gpxtpx:hr>
          </gpxtpx:TrackPointExtension>
        </extensions>
      </trkpt>
      <trkpt lat="31.23690488333584" lon="121.63249254860506">
        <ele>6.168029804714024</ele>
        <time>1970-01-01T00:25:44.500000Z</time>
        <extensions>
          <gpxtpx:TrackPointExtension>
            <gpxtpx:hr>184</gpxtpx:hr>
          </gpxtpx:TrackPointExtension>
        </extensions>
      </trkpt>
      <trkpt lat="31.236919924734686" lon="121.63251771376633">
        <ele>6.118016237393022</ele>
        <time>1970-01-01T00:25:45.500000Z</time>
        <extensions>
          <gpxtpx:TrackPointExtension>
            <gpxtpx:hr>184</gpxtpx:hr>
          </gpxtpx:TrackPointExtension>
        </extensions>
      </trkpt>
      <trkpt lat="31.236934624896655" lon="121.63254271084755">
        <ele>6.070723286829889</ele>
        <time>1970-01-01T00:25:46.500000Z</time>
        <extensions>
          <gpxtpx:TrackPointExtension>
            <gpxtpx:hr>184</gpxtpx:hr>
          </gpxtpx:TrackPointExtension>
        </extensions>
      </trkpt>
      <trkpt lat="31.236949084988776" lon="121.63256767539693">
        <ele>6.02571227401495</ele>
        <time>1970-01-01T00:25:47.500000Z</time>
        <extensions>
          <gpxtpx:TrackPointExtension>
            <gpxtpx:hr>184</gpxtpx:hr>
          </gpxtpx:TrackPointExtension>
        </extensions>
      </trkpt>
      <trkpt lat="31.236963692860805" lon="121.63259261446515">
        <ele>5.982738245278597</ele>
        <time>1970-01-01T00:25:48.500000Z</time>
        <extensions>
          <gpxtpx:TrackPointExtension>
            <gpxtpx:hr>184</gpxtpx:hr>
          </gpxtpx:TrackPointExtension>
        </extensions>
      </trkpt>
      <trkpt lat="31.23697888723614" lon="121.63261717047699">
        <ele>5.94193506706506</ele>
        <time>1970-01-01T00:25:49.500000Z</time>
        <extensions>
          <gpxtpx:TrackPointExtension>
            <gpxtpx:hr>184</gpxtpx:hr>
          </gpxtpx:TrackPointExtension>
        </extensions>
      </trkpt>
      <trkpt lat="31.236994659592227" lon="121.63264128548549">
        <ele>5.903581069782376</ele>
        <time>1970-01-01T00:25:50.500000Z</time>
        <extensions>
          <gpxtpx:TrackPointExtension>
            <gpxtpx:hr>184</gpxtpx:hr>
          </gpxtpx:TrackPointExtension>
        </extensions>
      </trkpt>
      <trkpt lat="31.23701096716245" lon="121.63266474344954">
        <ele>5.867824276909232</ele>
        <time>1970-01-01T00:25:51.500000Z</time>
        <extensions>
          <gpxtpx:TrackPointExtension>
            <gpxtpx:hr>184</gpxtpx:hr>
          </gpxtpx:TrackPointExtension>
        </extensions>
      </trkpt>
      <trkpt lat="31.23702827959187" lon="121.6326868226042">
        <ele>5.834442052058876</ele>
        <time>1970-01-01T00:25:52.500000Z</time>
        <extensions>
          <gpxtpx:TrackPointExtension>
            <gpxtpx:hr>184</gpxtpx:hr>
          </gpxtpx:TrackPointExtension>
        </extensions>
      </trkpt>
      <trkpt lat="31.23704653092815" lon="121.63270767299193">
        <ele>5.803035358898342</ele>
        <time>1970-01-01T00:25:53.500000Z</time>
        <extensions>
          <gpxtpx:TrackPointExtension>
            <gpxtpx:hr>184</gpxtpx:hr>
          </gpxtpx:TrackPointExtension>
        </extensions>
      </trkpt>
      <trkpt lat="31.237065007719178" lon="121.63272810698582">
        <ele>5.773019717074931</ele>
        <time>1970-01-01T00:25:54.500000Z</time>
        <extensions>
          <gpxtpx:TrackPointExtension>
            <gpxtpx:hr>184</gpxtpx:hr>
          </gpxtpx:TrackPointExtension>
        </extensions>
      </trkpt>
      <trkpt lat="31.237083437275473" lon="121.63274827863657">
        <ele>5.743703482672572</ele>
        <time>1970-01-01T00:25:55.500000Z</time>
        <extensions>
          <gpxtpx:TrackPointExtension>
            <gpxtpx:hr>184</gpxtpx:hr>
          </gpxtpx:TrackPointExtension>
        </extensions>
      </trkpt>
      <trkpt lat="31.237102018056266" lon="121.632768304136">
        <ele>5.71432928647846</ele>
        <time>1970-01-01T00:25:56.500000Z</time>
        <extensions>
          <gpxtpx:TrackPointExtension>
            <gpxtpx:hr>184</gpxtpx:hr>
          </gpxtpx:TrackPointExtension>
        </extensions>
      </trkpt>
      <trkpt lat="31.237121032266124" lon="121.63278811388865">
        <ele>5.684156876057386</ele>
        <time>1970-01-01T00:25:57.500000Z</time>
        <extensions>
          <gpxtpx:TrackPointExtension>
            <gpxtpx:hr>184</gpxtpx:hr>
          </gpxtpx:TrackPointExtension>
        </extensions>
      </trkpt>
      <trkpt lat="31.237140817022375" lon="121.6328068576943">
        <ele>5.652702417224646</ele>
        <time>1970-01-01T00:25:58.600000Z</time>
        <extensions>
          <gpxtpx:TrackPointExtension>
            <gpxtpx:hr>184</gpxtpx:hr>
          </gpxtpx:TrackPointExtension>
        </extensions>
      </trkpt>
      <trkpt lat="31.237161519637244" lon="121.63282365357604">
        <ele>5.619595895521343</ele>
        <time>1970-01-01T00:25:59.600000Z</time>
        <extensions>
          <gpxtpx:TrackPointExtension>
            <gpxtpx:hr>184</gpxtpx:hr>
          </gpxtpx:TrackPointExtension>
        </extensions>
      </trkpt>
      <trkpt lat="31.237182826106174" lon="121.63283738449752">
        <ele>5.584525334648788</ele>
        <time>1970-01-01T00:26:00.600000Z</time>
        <extensions>
          <gpxtpx:TrackPointExtension>
            <gpxtpx:hr>184</gpxtpx:hr>
          </gpxtpx:TrackPointExtension>
        </extensions>
      </trkpt>
      <trkpt lat="31.237204326022646" lon="121.63284637824995">
        <ele>5.547481478191912</ele>
        <time>1970-01-01T00:26:01.600000Z</time>
        <extensions>
          <gpxtpx:TrackPointExtension>
            <gpxtpx:hr>184</gpxtpx:hr>
          </gpxtpx:TrackPointExtension>
        </extensions>
      </trkpt>
      <trkpt lat="31.237225359023256" lon="121.6328493101958">
        <ele>5.5090404618531466</ele>
        <time>1970-01-01T00:26:02.600000Z</time>
        <extensions>
          <gpxtpx:TrackPointExtension>
            <gpxtpx:hr>184</gpxtpx:hr>
          </gpxtpx:TrackPointExtension>
        </extensions>
      </trkpt>
      <trkpt lat="31.237244704717842" lon="121.63284526713502">
        <ele>5.4703947603702545</ele>
        <time>1970-01-01T00:26:03.600000Z</time>
        <extensions>
          <gpxtpx:TrackPointExtension>
            <gpxtpx:hr>184</gpxtpx:hr>
          </gpxtpx:TrackPointExtension>
        </extensions>
      </trkpt>
      <trkpt lat="31.23726082338557" lon="121.63283395775697">
        <ele>5.432951310649514</ele>
        <time>1970-01-01T00:26:04.600000Z</time>
        <extensions>
          <gpxtpx:TrackPointExtension>
            <gpxtpx:hr>184</gpxtpx:hr>
          </gpxtpx:TrackPointExtension>
        </extensions>
      </trkpt>
      <trkpt lat="31.23727251741048" lon="121.63281634138825">
        <ele>5.39795092958957</ele>
        <time>1970-01-01T00:26:05.600000Z</time>
        <extensions>
          <gpxtpx:TrackPointExtension>
            <gpxtpx:hr>184</gpxtpx:hr>
          </gpxtpx:TrackPointExtension>
        </extensions>
      </trkpt>
      <trkpt lat="31.237279536177912" lon="121.63279431028894">
        <ele>5.366696754470468</ele>
        <time>1970-01-01T00:26:06.600000Z</time>
        <extensions>
          <gpxtpx:TrackPointExtension>
            <gpxtpx:hr>184</gpxtpx:hr>
          </gpxtpx:TrackPointExtension>
        </extensions>
      </trkpt>
      <trkpt lat="31.237282424518067" lon="121.63276937776516">
        <ele>5.340553748421371</ele>
        <time>1970-01-01T00:26:07.600000Z</time>
        <extensions>
          <gpxtpx:TrackPointExtension>
            <gpxtpx:hr>185</gpxtpx:hr>
          </gpxtpx:TrackPointExtension>
        </extensions>
      </trkpt>
      <trkpt lat="31.237282177078608" lon="121.63274207429093">
        <ele>5.320365075953305</ele>
        <time>1970-01-01T00:26:08.600000Z</time>
        <extensions>
          <gpxtpx:TrackPointExtension>
            <gpxtpx:hr>185</gpxtpx:hr>
          </gpxtpx:TrackPointExtension>
        </extensions>
      </trkpt>
      <trkpt lat="31.237279858097217" lon="121.63271313109986">
        <ele>5.306206735782325</ele>
        <time>1970-01-01T00:26:09.600000Z</time>
        <extensions>
          <gpxtpx:TrackPointExtension>
            <gpxtpx:hr>185</gpxtpx:hr>
          </gpxtpx:TrackPointExtension>
        </extensions>
      </trkpt>
      <trkpt lat="31.2372763311569" lon="121.63268382086194">
        <ele>5.297559133730829</ele>
        <time>1970-01-01T00:26:10.600000Z</time>
        <extensions>
          <gpxtpx:TrackPointExtension>
            <gpxtpx:hr>185</gpxtpx:hr>
          </gpxtpx:TrackPointExtension>
        </extensions>
      </trkpt>
      <trkpt lat="31.23727248236376" lon="121.63265468307299">
        <ele>5.293777065351605</ele>
        <time>1970-01-01T00:26:11.600000Z</time>
        <extensions>
          <gpxtpx:TrackPointExtension>
            <gpxtpx:hr>185</gpxtpx:hr>
          </gpxtpx:TrackPointExtension>
        </extensions>
      </trkpt>
      <trkpt lat="31.237268770387452" lon="121.63262546818784">
        <ele>5.294385829940438</ele>
        <time>1970-01-01T00:26:12.600000Z</time>
        <extensions>
          <gpxtpx:TrackPointExtension>
            <gpxtpx:hr>185</gpxtpx:hr>
          </gpxtpx:TrackPointExtension>
        </extensions>
      </trkpt>
      <trkpt lat="31.237265037023402" lon="121.63259612584037">
        <ele>5.299167711287737</ele>
        <time>1970-01-01T00:26:13.600000Z</time>
        <extensions>
          <gpxtpx:TrackPointExtension>
            <gpxtpx:hr>185</gpxtpx:hr>
          </gpxtpx:TrackPointExtension>
        </extensions>
      </trkpt>
      <trkpt lat="31.237261247897862" lon="121.63256662188243">
        <ele>5.307860837318003</ele>
        <time>1970-01-01T00:26:14.600000Z</time>
        <extensions>
          <gpxtpx:TrackPointExtension>
            <gpxtpx:hr>185</gpxtpx:hr>
          </gpxtpx:TrackPointExtension>
        </extensions>
      </trkpt>
      <trkpt lat="31.237257584131218" lon="121.63253688462851">
        <ele>5.319784167222679</ele>
        <time>1970-01-01T00:26:15.600000Z</time>
        <extensions>
          <gpxtpx:TrackPointExtension>
            <gpxtpx:hr>185</gpxtpx:hr>
          </gpxtpx:TrackPointExtension>
        </extensions>
      </trkpt>
      <trkpt lat="31.237253946798536" lon="121.63250739500545">
        <ele>5.3337272042408586</ele>
        <time>1970-01-01T00:26:16.600000Z</time>
        <extensions>
          <gpxtpx:TrackPointExtension>
            <gpxtpx:hr>185</gpxtpx:hr>
          </gpxtpx:TrackPointExtension>
        </extensions>
      </trkpt>
      <trkpt lat="31.237250285364514" lon="121.63247840772982">
        <ele>5.347872249782085</ele>
        <time>1970-01-01T00:26:17.600000Z</time>
        <extensions>
          <gpxtpx:TrackPointExtension>
            <gpxtpx:hr>185</gpxtpx:hr>
          </gpxtpx:TrackPointExtension>
        </extensions>
      </trkpt>
      <trkpt lat="31.237246493174094" lon="121.63244955711119">
        <ele>5.360372111201286</ele>
        <time>1970-01-01T00:26:18.600000Z</time>
        <extensions>
          <gpxtpx:TrackPointExtension>
            <gpxtpx:hr>185</gpxtpx:hr>
          </gpxtpx:TrackPointExtension>
        </extensions>
      </trkpt>
      <trkpt lat="31.237242139680504" lon="121.63242066444069">
        <ele>5.370082434266806</ele>
        <time>1970-01-01T00:26:19.600000Z</time>
        <extensions>
          <gpxtpx:TrackPointExtension>
            <gpxtpx:hr>185</gpxtpx:hr>
          </gpxtpx:TrackPointExtension>
        </extensions>
      </trkpt>
      <trkpt lat="31.237237032743852" lon="121.63239166522085">
        <ele>5.376715078018606</ele>
        <time>1970-01-01T00:26:20.600000Z</time>
        <extensions>
          <gpxtpx:TrackPointExtension>
            <gpxtpx:hr>185</gpxtpx:hr>
          </gpxtpx:TrackPointExtension>
        </extensions>
      </trkpt>
      <trkpt lat="31.23723109128981" lon="121.6323625214515">
        <ele>5.380445330403745</ele>
        <time>1970-01-01T00:26:21.600000Z</time>
        <extensions>
          <gpxtpx:TrackPointExtension>
            <gpxtpx:hr>185</gpxtpx:hr>
          </gpxtpx:TrackPointExtension>
        </extensions>
      </trkpt>
      <trkpt lat="31.23722418967809" lon="121.63233335987233">
        <ele>5.381287791766226</ele>
        <time>1970-01-01T00:26:22.600000Z</time>
        <extensions>
          <gpxtpx:TrackPointExtension>
            <gpxtpx:hr>186</gpxtpx:hr>
          </gpxtpx:TrackPointExtension>
        </extensions>
      </trkpt>
      <trkpt lat="31.23721648164672" lon="121.63230415329154">
        <ele>5.379058574326336</ele>
        <time>1970-01-01T00:26:23.600000Z</time>
        <extensions>
          <gpxtpx:TrackPointExtension>
            <gpxtpx:hr>186</gpxtpx:hr>
          </gpxtpx:TrackPointExtension>
        </extensions>
      </trkpt>
      <trkpt lat="31.23720835500448" lon="121.632274936707">
        <ele>5.374007197096944</ele>
        <time>1970-01-01T00:26:24.600000Z</time>
        <extensions>
          <gpxtpx:TrackPointExtension>
            <gpxtpx:hr>186</gpxtpx:hr>
          </gpxtpx:TrackPointExtension>
        </extensions>
      </trkpt>
      <trkpt lat="31.23720006408504" lon="121.63224613170877">
        <ele>5.366964722983539</ele>
        <time>1970-01-01T00:26:25.600000Z</time>
        <extensions>
          <gpxtpx:TrackPointExtension>
            <gpxtpx:hr>186</gpxtpx:hr>
          </gpxtpx:TrackPointExtension>
        </extensions>
      </trkpt>
      <trkpt lat="31.237191770079782" lon="121.63221769100824">
        <ele>5.358721604570746</ele>
        <time>1970-01-01T00:26:26.600000Z</time>
        <extensions>
          <gpxtpx:TrackPointExtension>
            <gpxtpx:hr>186</gpxtpx:hr>
          </gpxtpx:TrackPointExtension>
        </extensions>
      </trkpt>
      <trkpt lat="31.237183488990066" lon="121.63218879120369">
        <ele>5.349193285219371</ele>
        <time>1970-01-01T00:26:27.600000Z</time>
        <extensions>
          <gpxtpx:TrackPointExtension>
            <gpxtpx:hr>186</gpxtpx:hr>
          </gpxtpx:TrackPointExtension>
        </extensions>
      </trkpt>
      <trkpt lat="31.237174883948082" lon="121.63215914622698">
        <ele>5.337657954543829</ele>
        <time>1970-01-01T00:26:28.600000Z</time>
        <extensions>
          <gpxtpx:TrackPointExtension>
            <gpxtpx:hr>186</gpxtpx:hr>
          </gpxtpx:TrackPointExtension>
        </extensions>
      </trkpt>
      <trkpt lat="31.237165967535937" lon="121.63212914011909">
        <ele>5.3239521170035005</ele>
        <time>1970-01-01T00:26:29.600000Z</time>
        <extensions>
          <gpxtpx:TrackPointExtension>
            <gpxtpx:hr>186</gpxtpx:hr>
          </gpxtpx:TrackPointExtension>
        </extensions>
      </trkpt>
      <trkpt lat="31.237157049180013" lon="121.63209907571017">
        <ele>5.308895329013467</ele>
        <time>1970-01-01T00:26:30.600000Z</time>
        <extensions>
          <gpxtpx:TrackPointExtension>
            <gpxtpx:hr>186</gpxtpx:hr>
          </gpxtpx:TrackPointExtension>
        </extensions>
      </trkpt>
      <trkpt lat="31.237148156676152" lon="121.63206942880154">
        <ele>5.293929930776358</ele>
        <time>1970-01-01T00:26:31.600000Z</time>
        <extensions>
          <gpxtpx:TrackPointExtension>
            <gpxtpx:hr>186</gpxtpx:hr>
          </gpxtpx:TrackPointExtension>
        </extensions>
      </trkpt>
      <trkpt lat="31.23713955333694" lon="121.63204043788834">
        <ele>5.280125874094665</ele>
        <time>1970-01-01T00:26:32.600000Z</time>
        <extensions>
          <gpxtpx:TrackPointExtension>
            <gpxtpx:hr>186</gpxtpx:hr>
          </gpxtpx:TrackPointExtension>
        </extensions>
      </trkpt>
      <trkpt lat="31.237131692553596" lon="121.63201157053744">
        <ele>5.267607676796615</ele>
        <time>1970-01-01T00:26:33.700000Z</time>
        <extensions>
          <gpxtpx:TrackPointExtension>
            <gpxtpx:hr>185</gpxtpx:hr>
          </gpxtpx:TrackPointExtension>
        </extensions>
      </trkpt>
      <trkpt lat="31.23712456070311" lon="121.63198253872524">
        <ele>5.256271815858781</ele>
        <time>1970-01-01T00:26:34.700000Z</time>
        <extensions>
          <gpxtpx:TrackPointExtension>
            <gpxtpx:hr>185</gpxtpx:hr>
          </gpxtpx:TrackPointExtension>
        </extensions>
      </trkpt>
      <trkpt lat="31.23711812297642" lon="121.63195359156457">
        <ele>5.246339753270149</ele>
        <time>1970-01-01T00:26:35.700000Z</time>
        <extensions>
          <gpxtpx:TrackPointExtension>
            <gpxtpx:hr>185</gpxtpx:hr>
          </gpxtpx:TrackPointExtension>
        </extensions>
      </trkpt>
      <trkpt lat="31.237112407719415" lon="121.63192468388058">
        <ele>5.238452681340277</ele>
        <time>1970-01-01T00:26:36.700000Z</time>
        <extensions>
          <gpxtpx:TrackPointExtension>
            <gpxtpx:hr>185</gpxtpx:hr>
          </gpxtpx:TrackPointExtension>
        </extensions>
      </trkpt>
      <trkpt lat="31.23710698997488" lon="121.63189579521622">
        <ele>5.233767252415419</ele>
        <time>1970-01-01T00:26:37.700000Z</time>
        <extensions>
          <gpxtpx:TrackPointExtension>
            <gpxtpx:hr>185</gpxtpx:hr>
          </gpxtpx:TrackPointExtension>
        </extensions>
      </trkpt>
      <trkpt lat="31.237101809870325" lon="121.63186719814823">
        <ele>5.2336172591894865</ele>
        <time>1970-01-01T00:26:38.700000Z</time>
        <extensions>
          <gpxtpx:TrackPointExtension>
            <gpxtpx:hr>185</gpxtpx:hr>
          </gpxtpx:TrackPointExtension>
        </extensions>
      </trkpt>
      <trkpt lat="31.237097448813863" lon="121.6318388217415">
        <ele>5.238984424620867</ele>
        <time>1970-01-01T00:26:39.700000Z</time>
        <extensions>
          <gpxtpx:TrackPointExtension>
            <gpxtpx:hr>185</gpxtpx:hr>
          </gpxtpx:TrackPointExtension>
        </extensions>
      </trkpt>
      <trkpt lat="31.23709395291321" lon="121.63181032648605">
        <ele>5.250314514152706</ele>
        <time>1970-01-01T00:26:40.700000Z</time>
        <extensions>
          <gpxtpx:TrackPointExtension>
            <gpxtpx:hr>185</gpxtpx:hr>
          </gpxtpx:TrackPointExtension>
        </extensions>
      </trkpt>
      <trkpt lat="31.237090970482086" lon="121.6317812781298">
        <ele>5.267551419325173</ele>
        <time>1970-01-01T00:26:41.700000Z</time>
        <extensions>
          <gpxtpx:TrackPointExtension>
            <gpxtpx:hr>185</gpxtpx:hr>
          </gpxtpx:TrackPointExtension>
        </extensions>
      </trkpt>
      <trkpt lat="31.237088530486226" lon="121.63175131518152">
        <ele>5.290449321269989</ele>
        <time>1970-01-01T00:26:42.700000Z</time>
        <extensions>
          <gpxtpx:TrackPointExtension>
            <gpxtpx:hr>185</gpxtpx:hr>
          </gpxtpx:TrackPointExtension>
        </extensions>
      </trkpt>
      <trkpt lat="31.2370865717633" lon="121.63172080098308">
        <ele>5.318819119594991</ele>
        <time>1970-01-01T00:26:43.700000Z</time>
        <extensions>
          <gpxtpx:TrackPointExtension>
            <gpxtpx:hr>185</gpxtpx:hr>
          </gpxtpx:TrackPointExtension>
        </extensions>
      </trkpt>
      <trkpt lat="31.237084960394604" lon="121.63169035042135">
        <ele>5.352509987540543</ele>
        <time>1970-01-01T00:26:44.700000Z</time>
        <extensions>
          <gpxtpx:TrackPointExtension>
            <gpxtpx:hr>185</gpxtpx:hr>
          </gpxtpx:TrackPointExtension>
        </extensions>
      </trkpt>
      <trkpt lat="31.237084005530665" lon="121.63166010637848">
        <ele>5.391121791675687</ele>
        <time>1970-01-01T00:26:45.700000Z</time>
        <extensions>
          <gpxtpx:TrackPointExtension>
            <gpxtpx:hr>185</gpxtpx:hr>
          </gpxtpx:TrackPointExtension>
        </extensions>
      </trkpt>
      <trkpt lat="31.237083809924624" lon="121.63163012158722">
        <ele>5.434229483827949</ele>
        <time>1970-01-01T00:26:46.700000Z</time>
        <extensions>
          <gpxtpx:TrackPointExtension>
            <gpxtpx:hr>185</gpxtpx:hr>
          </gpxtpx:TrackPointExtension>
        </extensions>
      </trkpt>
      <trkpt lat="31.237084059659157" lon="121.63160040761343">
        <ele>5.481861510314047</ele>
        <time>1970-01-01T00:26:47.700000Z</time>
        <extensions>
          <gpxtpx:TrackPointExtension>
            <gpxtpx:hr>185</gpxtpx:hr>
          </gpxtpx:TrackPointExtension>
        </extensions>
      </trkpt>
      <trkpt lat="31.23708478259002" lon="121.6315706155389">
        <ele>5.53425600938499</ele>
        <time>1970-01-01T00:26:48.700000Z</time>
        <extensions>
          <gpxtpx:TrackPointExtension>
            <gpxtpx:hr>185</gpxtpx:hr>
          </gpxtpx:TrackPointExtension>
        </extensions>
      </trkpt>
      <trkpt lat="31.23708586358122" lon="121.631540507884">
        <ele>5.591494554653764</ele>
        <time>1970-01-01T00:26:49.700000Z</time>
        <extensions>
          <gpxtpx:TrackPointExtension>
            <gpxtpx:hr>185</gpxtpx:hr>
          </gpxtpx:TrackPointExtension>
        </extensions>
      </trkpt>
      <trkpt lat="31.237087164057282" lon="121.63151026454287">
        <ele>5.653008668683469</ele>
        <time>1970-01-01T00:26:50.700000Z</time>
        <extensions>
          <gpxtpx:TrackPointExtension>
            <gpxtpx:hr>185</gpxtpx:hr>
          </gpxtpx:TrackPointExtension>
        </extensions>
      </trkpt>
      <trkpt lat="31.237088811591597" lon="121.63148004733307">
        <ele>5.7173878159374</ele>
        <time>1970-01-01T00:26:51.700000Z</time>
        <extensions>
          <gpxtpx:TrackPointExtension>
            <gpxtpx:hr>185</gpxtpx:hr>
          </gpxtpx:TrackPointExtension>
        </extensions>
      </trkpt>
      <trkpt lat="31.23709032453841" lon="121.63145004375865">
        <ele>5.783107040449977</ele>
        <time>1970-01-01T00:26:52.700000Z</time>
        <extensions>
          <gpxtpx:TrackPointExtension>
            <gpxtpx:hr>186</gpxtpx:hr>
          </gpxtpx:TrackPointExtension>
        </extensions>
      </trkpt>
      <trkpt lat="31.237091349196724" lon="121.63142062083317">
        <ele>5.8491032952442765</ele>
        <time>1970-01-01T00:26:53.700000Z</time>
        <extensions>
          <gpxtpx:TrackPointExtension>
            <gpxtpx:hr>186</gpxtpx:hr>
          </gpxtpx:TrackPointExtension>
        </extensions>
      </trkpt>
      <trkpt lat="31.237091957009387" lon="121.6313916090748">
        <ele>5.914431096985936</ele>
        <time>1970-01-01T00:26:54.700000Z</time>
        <extensions>
          <gpxtpx:TrackPointExtension>
            <gpxtpx:hr>186</gpxtpx:hr>
          </gpxtpx:TrackPointExtension>
        </extensions>
      </trkpt>
      <trkpt lat="31.237092079183274" lon="121.63136255323352">
        <ele>5.978912888094783</ele>
        <time>1970-01-01T00:26:55.700000Z</time>
        <extensions>
          <gpxtpx:TrackPointExtension>
            <gpxtpx:hr>186</gpxtpx:hr>
          </gpxtpx:TrackPointExtension>
        </extensions>
      </trkpt>
      <trkpt lat="31.237091506907447" lon="121.63133341335075">
        <ele>6.042190478183329</ele>
        <time>1970-01-01T00:26:56.700000Z</time>
        <extensions>
          <gpxtpx:TrackPointExtension>
            <gpxtpx:hr>186</gpxtpx:hr>
          </gpxtpx:TrackPointExtension>
        </extensions>
      </trkpt>
      <trkpt lat="31.237090301214142" lon="121.63130411379534">
        <ele>6.103264565579593</ele>
        <time>1970-01-01T00:26:57.700000Z</time>
        <extensions>
          <gpxtpx:TrackPointExtension>
            <gpxtpx:hr>186</gpxtpx:hr>
          </gpxtpx:TrackPointExtension>
        </extensions>
      </trkpt>
      <trkpt lat="31.23708845577401" lon="121.63127460504987">
        <ele>6.161152730695903</ele>
        <time>1970-01-01T00:26:58.700000Z</time>
        <extensions>
          <gpxtpx:TrackPointExtension>
            <gpxtpx:hr>186</gpxtpx:hr>
          </gpxtpx:TrackPointExtension>
        </extensions>
      </trkpt>
      <trkpt lat="31.23708573599175" lon="121.63124533366832">
        <ele>6.215291873551905</ele>
        <time>1970-01-01T00:26:59.700000Z</time>
        <extensions>
          <gpxtpx:TrackPointExtension>
            <gpxtpx:hr>186</gpxtpx:hr>
          </gpxtpx:TrackPointExtension>
        </extensions>
      </trkpt>
      <trkpt lat="31.237082342531004" lon="121.63121649824191">
        <ele>6.265664301812649</ele>
        <time>1970-01-01T00:27:00.700000Z</time>
        <extensions>
          <gpxtpx:TrackPointExtension>
            <gpxtpx:hr>186</gpxtpx:hr>
          </gpxtpx:TrackPointExtension>
        </extensions>
      </trkpt>
      <trkpt lat="31.23707826784726" lon="121.63118784881212">
        <ele>6.312442458234727</ele>
        <time>1970-01-01T00:27:01.700000Z</time>
        <extensions>
          <gpxtpx:TrackPointExtension>
            <gpxtpx:hr>186</gpxtpx:hr>
          </gpxtpx:TrackPointExtension>
        </extensions>
      </trkpt>
      <trkpt lat="31.237073096797545" lon="121.63115926414756">
        <ele>6.355357672087848</ele>
        <time>1970-01-01T00:27:02.700000Z</time>
        <extensions>
          <gpxtpx:TrackPointExtension>
            <gpxtpx:hr>186</gpxtpx:hr>
          </gpxtpx:TrackPointExtension>
        </extensions>
      </trkpt>
      <trkpt lat="31.23706690748555" lon="121.63113074527908">
        <ele>6.393694962374866</ele>
        <time>1970-01-01T00:27:03.700000Z</time>
        <extensions>
          <gpxtpx:TrackPointExtension>
            <gpxtpx:hr>186</gpxtpx:hr>
          </gpxtpx:TrackPointExtension>
        </extensions>
      </trkpt>
      <trkpt lat="31.237059846976738" lon="121.63110240788586">
        <ele>6.426718643866479</ele>
        <time>1970-01-01T00:27:04.700000Z</time>
        <extensions>
          <gpxtpx:TrackPointExtension>
            <gpxtpx:hr>186</gpxtpx:hr>
          </gpxtpx:TrackPointExtension>
        </extensions>
      </trkpt>
      <trkpt lat="31.23705172420845" lon="121.63107422039059">
        <ele>6.454089175909758</ele>
        <time>1970-01-01T00:27:05.700000Z</time>
        <extensions>
          <gpxtpx:TrackPointExtension>
            <gpxtpx:hr>186</gpxtpx:hr>
          </gpxtpx:TrackPointExtension>
        </extensions>
      </trkpt>
      <trkpt lat="31.237042833366583" lon="121.63104573042875">
        <ele>6.475911412388086</ele>
        <time>1970-01-01T00:27:06.700000Z</time>
        <extensions>
          <gpxtpx:TrackPointExtension>
            <gpxtpx:hr>186</gpxtpx:hr>
          </gpxtpx:TrackPointExtension>
        </extensions>
      </trkpt>
      <trkpt lat="31.237033263818688" lon="121.63101689498077">
        <ele>6.492574277333915</ele>
        <time>1970-01-01T00:27:07.700000Z</time>
        <extensions>
          <gpxtpx:TrackPointExtension>
            <gpxtpx:hr>186</gpxtpx:hr>
          </gpxtpx:TrackPointExtension>
        </extensions>
      </trkpt>
      <trkpt lat="31.237022853185554" lon="121.63098828985845">
        <ele>6.504388029687107</ele>
        <time>1970-01-01T00:27:08.800000Z</time>
        <extensions>
          <gpxtpx:TrackPointExtension>
            <gpxtpx:hr>186</gpxtpx:hr>
          </gpxtpx:TrackPointExtension>
        </extensions>
      </trkpt>
      <trkpt lat="31.23701190173808" lon="121.63095995769983">
        <ele>6.511130101978779</ele>
        <time>1970-01-01T00:27:09.800000Z</time>
        <extensions>
          <gpxtpx:TrackPointExtension>
            <gpxtpx:hr>186</gpxtpx:hr>
          </gpxtpx:TrackPointExtension>
        </extensions>
      </trkpt>
      <trkpt lat="31.237000382309898" lon="121.63093156154177">
        <ele>6.512406292371452</ele>
        <time>1970-01-01T00:27:10.800000Z</time>
        <extensions>
          <gpxtpx:TrackPointExtension>
            <gpxtpx:hr>186</gpxtpx:hr>
          </gpxtpx:TrackPointExtension>
        </extensions>
      </trkpt>
      <trkpt lat="31.236988120718078" lon="121.63090315137424">
        <ele>6.508409498259425</ele>
        <time>1970-01-01T00:27:11.800000Z</time>
        <extensions>
          <gpxtpx:TrackPointExtension>
            <gpxtpx:hr>186</gpxtpx:hr>
          </gpxtpx:TrackPointExtension>
        </extensions>
      </trkpt>
      <trkpt lat="31.236975476531423" lon="121.63087483185208">
        <ele>6.500078531913459</ele>
        <time>1970-01-01T00:27:12.800000Z</time>
        <extensions>
          <gpxtpx:TrackPointExtension>
            <gpxtpx:hr>186</gpxtpx:hr>
          </gpxtpx:TrackPointExtension>
        </extensions>
      </trkpt>
      <trkpt lat="31.236962652035064" lon="121.63084685647577">
        <ele>6.488988688215613</ele>
        <time>1970-01-01T00:27:13.800000Z</time>
        <extensions>
          <gpxtpx:TrackPointExtension>
            <gpxtpx:hr>186</gpxtpx:hr>
          </gpxtpx:TrackPointExtension>
        </extensions>
      </trkpt>
      <trkpt lat="31.236949654858833" lon="121.63081958380486">
        <ele>6.476671881973743</ele>
        <time>1970-01-01T00:27:14.800000Z</time>
        <extensions>
          <gpxtpx:TrackPointExtension>
            <gpxtpx:hr>186</gpxtpx:hr>
          </gpxtpx:TrackPointExtension>
        </extensions>
      </trkpt>
      <trkpt lat="31.236936594439193" lon="121.63079283544154">
        <ele>6.463935976848006</ele>
        <time>1970-01-01T00:27:15.800000Z</time>
        <extensions>
          <gpxtpx:TrackPointExtension>
            <gpxtpx:hr>186</gpxtpx:hr>
          </gpxtpx:TrackPointExtension>
        </extensions>
      </trkpt>
      <trkpt lat="31.23692330300072" lon="121.63076643703731">
        <ele>6.4510060381144285</ele>
        <time>1970-01-01T00:27:16.800000Z</time>
        <extensions>
          <gpxtpx:TrackPointExtension>
            <gpxtpx:hr>186</gpxtpx:hr>
          </gpxtpx:TrackPointExtension>
        </extensions>
      </trkpt>
      <trkpt lat="31.23690968900719" lon="121.63074040326799">
        <ele>6.437793467193842</ele>
        <time>1970-01-01T00:27:17.800000Z</time>
        <extensions>
          <gpxtpx:TrackPointExtension>
            <gpxtpx:hr>186</gpxtpx:hr>
          </gpxtpx:TrackPointExtension>
        </extensions>
      </trkpt>
      <trkpt lat="31.236895901887397" lon="121.63071436373487">
        <ele>6.424173223786056</ele>
        <time>1970-01-01T00:27:18.800000Z</time>
        <extensions>
          <gpxtpx:TrackPointExtension>
            <gpxtpx:hr>186</gpxtpx:hr>
          </gpxtpx:TrackPointExtension>
        </extensions>
      </trkpt>
      <trkpt lat="31.236882119279652" lon="121.63068796136034">
        <ele>6.410175139084458</ele>
        <time>1970-01-01T00:27:19.800000Z</time>
        <extensions>
          <gpxtpx:TrackPointExtension>
            <gpxtpx:hr>186</gpxtpx:hr>
          </gpxtpx:TrackPointExtension>
        </extensions>
      </trkpt>
      <trkpt lat="31.236868611319675" lon="121.63066143723157">
        <ele>6.395951809361577</ele>
        <time>1970-01-01T00:27:20.800000Z</time>
        <extensions>
          <gpxtpx:TrackPointExtension>
            <gpxtpx:hr>186</gpxtpx:hr>
          </gpxtpx:TrackPointExtension>
        </extensions>
      </trkpt>
      <trkpt lat="31.23685585138176" lon="121.63063483704505">
        <ele>6.381601721048355</ele>
        <time>1970-01-01T00:27:21.800000Z</time>
        <extensions>
          <gpxtpx:TrackPointExtension>
            <gpxtpx:hr>186</gpxtpx:hr>
          </gpxtpx:TrackPointExtension>
        </extensions>
      </trkpt>
      <trkpt lat="31.23684397205681" lon="121.63060795391154">
        <ele>6.367040015757084</ele>
        <time>1970-01-01T00:27:22.800000Z</time>
        <extensions>
          <gpxtpx:TrackPointExtension>
            <gpxtpx:hr>186</gpxtpx:hr>
          </gpxtpx:TrackPointExtension>
        </extensions>
      </trkpt>
      <trkpt lat="31.236832965139932" lon="121.63058090514939">
        <ele>6.352138914167881</ele>
        <time>1970-01-01T00:27:23.800000Z</time>
        <extensions>
          <gpxtpx:TrackPointExtension>
            <gpxtpx:hr>186</gpxtpx:hr>
          </gpxtpx:TrackPointExtension>
        </extensions>
      </trkpt>
      <trkpt lat="31.236823410508784" lon="121.63055350745066">
        <ele>6.336997149512172</ele>
        <time>1970-01-01T00:27:24.800000Z</time>
        <extensions>
          <gpxtpx:TrackPointExtension>
            <gpxtpx:hr>186</gpxtpx:hr>
          </gpxtpx:TrackPointExtension>
        </extensions>
      </trkpt>
      <trkpt lat="31.236815221197542" lon="121.63052575956266">
        <ele>6.322005972266197</ele>
        <time>1970-01-01T00:27:25.800000Z</time>
        <extensions>
          <gpxtpx:TrackPointExtension>
            <gpxtpx:hr>186</gpxtpx:hr>
          </gpxtpx:TrackPointExtension>
        </extensions>
      </trkpt>
      <trkpt lat="31.236808150520154" lon="121.63049810748129">
        <ele>6.307595792226493</ele>
        <time>1970-01-01T00:27:26.800000Z</time>
        <extensions>
          <gpxtpx:TrackPointExtension>
            <gpxtpx:hr>186</gpxtpx:hr>
          </gpxtpx:TrackPointExtension>
        </extensions>
      </trkpt>
      <trkpt lat="31.236802542183277" lon="121.63047062585612">
        <ele>6.294052097015083</ele>
        <time>1970-01-01T00:27:27.800000Z</time>
        <extensions>
          <gpxtpx:TrackPointExtension>
            <gpxtpx:hr>186</gpxtpx:hr>
          </gpxtpx:TrackPointExtension>
        </extensions>
      </trkpt>
      <trkpt lat="31.236798226467705" lon="121.63044297068325">
        <ele>6.281644465401769</ele>
        <time>1970-01-01T00:27:28.800000Z</time>
        <extensions>
          <gpxtpx:TrackPointExtension>
            <gpxtpx:hr>186</gpxtpx:hr>
          </gpxtpx:TrackPointExtension>
        </extensions>
      </trkpt>
      <trkpt lat="31.236794743561287" lon="121.63041509194869">
        <ele>6.270780315622687</ele>
        <time>1970-01-01T00:27:29.800000Z</time>
        <extensions>
          <gpxtpx:TrackPointExtension>
            <gpxtpx:hr>186</gpxtpx:hr>
          </gpxtpx:TrackPointExtension>
        </extensions>
      </trkpt>
      <trkpt lat="31.23679195013273" lon="121.63038716506301">
        <ele>6.262128269299865</ele>
        <time>1970-01-01T00:27:30.800000Z</time>
        <extensions>
          <gpxtpx:TrackPointExtension>
            <gpxtpx:hr>186</gpxtpx:hr>
          </gpxtpx:TrackPointExtension>
        </extensions>
      </trkpt>
      <trkpt lat="31.23678960895247" lon="121.63035888087244">
        <ele>6.256839846260846</ele>
        <time>1970-01-01T00:27:31.800000Z</time>
        <extensions>
          <gpxtpx:TrackPointExtension>
            <gpxtpx:hr>186</gpxtpx:hr>
          </gpxtpx:TrackPointExtension>
        </extensions>
      </trkpt>
      <trkpt lat="31.236787370345688" lon="121.63033019410749">
        <ele>6.256370607763529</ele>
        <time>1970-01-01T00:27:32.800000Z</time>
        <extensions>
          <gpxtpx:TrackPointExtension>
            <gpxtpx:hr>187</gpxtpx:hr>
          </gpxtpx:TrackPointExtension>
        </extensions>
      </trkpt>
      <trkpt lat="31.236785552460375" lon="121.63030141641087">
        <ele>6.262222089804709</ele>
        <time>1970-01-01T00:27:33.800000Z</time>
        <extensions>
          <gpxtpx:TrackPointExtension>
            <gpxtpx:hr>187</gpxtpx:hr>
          </gpxtpx:TrackPointExtension>
        </extensions>
      </trkpt>
      <trkpt lat="31.23678430750962" lon="121.6302723602295">
        <ele>6.275879051536322</ele>
        <time>1970-01-01T00:27:34.800000Z</time>
        <extensions>
          <gpxtpx:TrackPointExtension>
            <gpxtpx:hr>187</gpxtpx:hr>
          </gpxtpx:TrackPointExtension>
        </extensions>
      </trkpt>
      <trkpt lat="31.23678359274374" lon="121.63024296969108">
        <ele>6.2986664436757565</ele>
        <time>1970-01-01T00:27:35.800000Z</time>
        <extensions>
          <gpxtpx:TrackPointExtension>
            <gpxtpx:hr>187</gpxtpx:hr>
          </gpxtpx:TrackPointExtension>
        </extensions>
      </trkpt>
      <trkpt lat="31.236783898963196" lon="121.63021375567246">
        <ele>6.331660511903465</ele>
        <time>1970-01-01T00:27:36.800000Z</time>
        <extensions>
          <gpxtpx:TrackPointExtension>
            <gpxtpx:hr>187</gpxtpx:hr>
          </gpxtpx:TrackPointExtension>
        </extensions>
      </trkpt>
      <trkpt lat="31.236785288872888" lon="121.63018492937677">
        <ele>6.375394162721932</ele>
        <time>1970-01-01T00:27:37.800000Z</time>
        <extensions>
          <gpxtpx:TrackPointExtension>
            <gpxtpx:hr>187</gpxtpx:hr>
          </gpxtpx:TrackPointExtension>
        </extensions>
      </trkpt>
      <trkpt lat="31.236787433960245" lon="121.63015629371141">
        <ele>6.42976909969002</ele>
        <time>1970-01-01T00:27:38.800000Z</time>
        <extensions>
          <gpxtpx:TrackPointExtension>
            <gpxtpx:hr>187</gpxtpx:hr>
          </gpxtpx:TrackPointExtension>
        </extensions>
      </trkpt>
      <trkpt lat="31.236790181221384" lon="121.63012774842969">
        <ele>6.4940755143761635</ele>
        <time>1970-01-01T00:27:39.800000Z</time>
        <extensions>
          <gpxtpx:TrackPointExtension>
            <gpxtpx:hr>187</gpxtpx:hr>
          </gpxtpx:TrackPointExtension>
        </extensions>
      </trkpt>
      <trkpt lat="31.23679329635898" lon="121.63009911014767">
        <ele>6.566674904897809</ele>
        <time>1970-01-01T00:27:40.800000Z</time>
        <extensions>
          <gpxtpx:TrackPointExtension>
            <gpxtpx:hr>187</gpxtpx:hr>
          </gpxtpx:TrackPointExtension>
        </extensions>
      </trkpt>
      <trkpt lat="31.236796608686852" lon="121.63007034739277">
        <ele>6.644672968424857</ele>
        <time>1970-01-01T00:27:41.800000Z</time>
        <extensions>
          <gpxtpx:TrackPointExtension>
            <gpxtpx:hr>187</gpxtpx:hr>
          </gpxtpx:TrackPointExtension>
        </extensions>
      </trkpt>
      <trkpt lat="31.236800188618428" lon="121.6300417754365">
        <ele>6.723486242815852</ele>
        <time>1970-01-01T00:27:42.800000Z</time>
        <extensions>
          <gpxtpx:TrackPointExtension>
            <gpxtpx:hr>187</gpxtpx:hr>
          </gpxtpx:TrackPointExtension>
        </extensions>
      </trkpt>
      <trkpt lat="31.236803682302803" lon="121.63001326130983">
        <ele>6.796597869135439</ele>
        <time>1970-01-01T00:27:43.900000Z</time>
        <extensions>
          <gpxtpx:TrackPointExtension>
            <gpxtpx:hr>187</gpxtpx:hr>
          </gpxtpx:TrackPointExtension>
        </extensions>
      </trkpt>
      <trkpt lat="31.23680658150031" lon="121.62998454503025">
        <ele>6.857434245757759</ele>
        <time>1970-01-01T00:27:44.900000Z</time>
        <extensions>
          <gpxtpx:TrackPointExtension>
            <gpxtpx:hr>187</gpxtpx:hr>
          </gpxtpx:TrackPointExtension>
        </extensions>
      </trkpt>
      <trkpt lat="31.23680869416247" lon="121.6299557501782">
        <ele>6.902919034473598</ele>
        <time>1970-01-01T00:27:45.900000Z</time>
        <extensions>
          <gpxtpx:TrackPointExtension>
            <gpxtpx:hr>187</gpxtpx:hr>
          </gpxtpx:TrackPointExtension>
        </extensions>
      </trkpt>
      <trkpt lat="31.236809573524745" lon="121.62992712771273">
        <ele>6.933383169583976</ele>
        <time>1970-01-01T00:27:46.900000Z</time>
        <extensions>
          <gpxtpx:TrackPointExtension>
            <gpxtpx:hr>187</gpxtpx:hr>
          </gpxtpx:TrackPointExtension>
        </extensions>
      </trkpt>
      <trkpt lat="31.236808817826972" lon="121.62989877022741">
        <ele>6.951237217523158</ele>
        <time>1970-01-01T00:27:47.900000Z</time>
        <extensions>
          <gpxtpx:TrackPointExtension>
            <gpxtpx:hr>188</gpxtpx:hr>
          </gpxtpx:TrackPointExtension>
        </extensions>
      </trkpt>
      <trkpt lat="31.236806414664017" lon="121.62987058495068">
        <ele>6.959788694046438</ele>
        <time>1970-01-01T00:27:48.900000Z</time>
        <extensions>
          <gpxtpx:TrackPointExtension>
            <gpxtpx:hr>188</gpxtpx:hr>
          </gpxtpx:TrackPointExtension>
        </extensions>
      </trkpt>
      <trkpt lat="31.236802291796685" lon="121.62984242017339">
        <ele>6.962419065646827</ele>
        <time>1970-01-01T00:27:49.900000Z</time>
        <extensions>
          <gpxtpx:TrackPointExtension>
            <gpxtpx:hr>188</gpxtpx:hr>
          </gpxtpx:TrackPointExtension>
        </extensions>
      </trkpt>
      <trkpt lat="31.23679601164337" lon="121.62981461627994">
        <ele>6.9619909562170506</ele>
        <time>1970-01-01T00:27:50.900000Z</time>
        <extensions>
          <gpxtpx:TrackPointExtension>
            <gpxtpx:hr>188</gpxtpx:hr>
          </gpxtpx:TrackPointExtension>
        </extensions>
      </trkpt>
      <trkpt lat="31.236787434312387" lon="121.62978767875353">
        <ele>6.960512951016426</ele>
        <time>1970-01-01T00:27:51.900000Z</time>
        <extensions>
          <gpxtpx:TrackPointExtension>
            <gpxtpx:hr>188</gpxtpx:hr>
          </gpxtpx:TrackPointExtension>
        </extensions>
      </trkpt>
      <trkpt lat="31.236776538254023" lon="121.6297618339115">
        <ele>6.959147314541042</ele>
        <time>1970-01-01T00:27:52.900000Z</time>
        <extensions>
          <gpxtpx:TrackPointExtension>
            <gpxtpx:hr>188</gpxtpx:hr>
          </gpxtpx:TrackPointExtension>
        </extensions>
      </trkpt>
      <trkpt lat="31.23676337533624" lon="121.62973716003648">
        <ele>6.9584109131246805</ele>
        <time>1970-01-01T00:27:53.900000Z</time>
        <extensions>
          <gpxtpx:TrackPointExtension>
            <gpxtpx:hr>188</gpxtpx:hr>
          </gpxtpx:TrackPointExtension>
        </extensions>
      </trkpt>
      <trkpt lat="31.23674862226271" lon="121.62971354769392">
        <ele>6.958446749486029</ele>
        <time>1970-01-01T00:27:54.900000Z</time>
        <extensions>
          <gpxtpx:TrackPointExtension>
            <gpxtpx:hr>188</gpxtpx:hr>
          </gpxtpx:TrackPointExtension>
        </extensions>
      </trkpt>
      <trkpt lat="31.236732311602466" lon="121.62969106889629">
        <ele>6.959372531622648</ele>
        <time>1970-01-01T00:27:55.900000Z</time>
        <extensions>
          <gpxtpx:TrackPointExtension>
            <gpxtpx:hr>188</gpxtpx:hr>
          </gpxtpx:TrackPointExtension>
        </extensions>
      </trkpt>
      <trkpt lat="31.23671406066953" lon="121.62967020039362">
        <ele>6.96155078150332</ele>
        <time>1970-01-01T00:27:56.900000Z</time>
        <extensions>
          <gpxtpx:TrackPointExtension>
            <gpxtpx:hr>187</gpxtpx:hr>
          </gpxtpx:TrackPointExtension>
        </extensions>
      </trkpt>
      <trkpt lat="31.236694130277243" lon="121.6296512614762">
        <ele>6.96560485009104</ele>
        <time>1970-01-01T00:27:57.900000Z</time>
        <extensions>
          <gpxtpx:TrackPointExtension>
            <gpxtpx:hr>187</gpxtpx:hr>
          </gpxtpx:TrackPointExtension>
        </extensions>
      </trkpt>
      <trkpt lat="31.23667282216106" lon="121.62963429349881">
        <ele>6.9722496354952455</ele>
        <time>1970-01-01T00:27:58.900000Z</time>
        <extensions>
          <gpxtpx:TrackPointExtension>
            <gpxtpx:hr>187</gpxtpx:hr>
          </gpxtpx:TrackPointExtension>
        </extensions>
      </trkpt>
      <trkpt lat="31.236650129998967" lon="121.62961945242834">
        <ele>6.982090298086405</ele>
        <time>1970-01-01T00:27:59.900000Z</time>
        <extensions>
          <gpxtpx:TrackPointExtension>
            <gpxtpx:hr>187</gpxtpx:hr>
          </gpxtpx:TrackPointExtension>
        </extensions>
      </trkpt>
      <trkpt lat="31.236626456552113" lon="121.62960672803113">
        <ele>6.995418721809983</ele>
        <time>1970-01-01T00:28:00.900000Z</time>
        <extensions>
          <gpxtpx:TrackPointExtension>
            <gpxtpx:hr>187</gpxtpx:hr>
          </gpxtpx:TrackPointExtension>
        </extensions>
      </trkpt>
      <trkpt lat="31.236602251868067" lon="121.62959603195112">
        <ele>7.012063018977642</ele>
        <time>1970-01-01T00:28:01.900000Z</time>
        <extensions>
          <gpxtpx:TrackPointExtension>
            <gpxtpx:hr>187</gpxtpx:hr>
          </gpxtpx:TrackPointExtension>
        </extensions>
      </trkpt>
      <trkpt lat="31.236577477451725" lon="121.62958747087283">
        <ele>7.031436422839761</ele>
        <time>1970-01-01T00:28:02.900000Z</time>
        <extensions>
          <gpxtpx:TrackPointExtension>
            <gpxtpx:hr>187</gpxtpx:hr>
          </gpxtpx:TrackPointExtension>
        </extensions>
      </trkpt>
      <trkpt lat="31.236552344013397" lon="121.62958093940351">
        <ele>7.0527491848915815</ele>
        <time>1970-01-01T00:28:03.900000Z</time>
        <extensions>
          <gpxtpx:TrackPointExtension>
            <gpxtpx:hr>187</gpxtpx:hr>
          </gpxtpx:TrackPointExtension>
        </extensions>
      </trkpt>
      <trkpt lat="31.236526912639277" lon="121.62957644785031">
        <ele>7.07520722784102</ele>
        <time>1970-01-01T00:28:04.900000Z</time>
        <extensions>
          <gpxtpx:TrackPointExtension>
            <gpxtpx:hr>187</gpxtpx:hr>
          </gpxtpx:TrackPointExtension>
        </extensions>
      </trkpt>
      <trkpt lat="31.23650099270214" lon="121.62957418949796">
        <ele>7.098142157308757</ele>
        <time>1970-01-01T00:28:05.900000Z</time>
        <extensions>
          <gpxtpx:TrackPointExtension>
            <gpxtpx:hr>187</gpxtpx:hr>
          </gpxtpx:TrackPointExtension>
        </extensions>
      </trkpt>
      <trkpt lat="31.23647479560034" lon="121.62957378825894">
        <ele>7.121097967028618</ele>
        <time>1970-01-01T00:28:06.900000Z</time>
        <extensions>
          <gpxtpx:TrackPointExtension>
            <gpxtpx:hr>187</gpxtpx:hr>
          </gpxtpx:TrackPointExtension>
        </extensions>
      </trkpt>
      <trkpt lat="31.23644880590501" lon="121.62957499922733">
        <ele>7.143878574483097</ele>
        <time>1970-01-01T00:28:07.900000Z</time>
        <extensions>
          <gpxtpx:TrackPointExtension>
            <gpxtpx:hr>187</gpxtpx:hr>
          </gpxtpx:TrackPointExtension>
        </extensions>
      </trkpt>
      <trkpt lat="31.23642343230892" lon="121.62957832883535">
        <ele>7.166568569839001</ele>
        <time>1970-01-01T00:28:08.900000Z</time>
        <extensions>
          <gpxtpx:TrackPointExtension>
            <gpxtpx:hr>187</gpxtpx:hr>
          </gpxtpx:TrackPointExtension>
        </extensions>
      </trkpt>
      <trkpt lat="31.236398902069844" lon="121.62958375028364">
        <ele>7.189502561464906</ele>
        <time>1970-01-01T00:28:09.900000Z</time>
        <extensions>
          <gpxtpx:TrackPointExtension>
            <gpxtpx:hr>187</gpxtpx:hr>
          </gpxtpx:TrackPointExtension>
        </extensions>
      </trkpt>
      <trkpt lat="31.23637525674909" lon="121.62959084663058">
        <ele>7.2131288042292</ele>
        <time>1970-01-01T00:28:10.900000Z</time>
        <extensions>
          <gpxtpx:TrackPointExtension>
            <gpxtpx:hr>187</gpxtpx:hr>
          </gpxtpx:TrackPointExtension>
        </extensions>
      </trkpt>
      <trkpt lat="31.236352413486557" lon="121.6295996468544">
        <ele>7.237817459739745</ele>
        <time>1970-01-01T00:28:11.900000Z</time>
        <extensions>
          <gpxtpx:TrackPointExtension>
            <gpxtpx:hr>187</gpxtpx:hr>
          </gpxtpx:TrackPointExtension>
        </extensions>
      </trkpt>
      <trkpt lat="31.236329888285372" lon="121.62960990300138">
        <ele>7.263704949058592</ele>
        <time>1970-01-01T00:28:12.900000Z</time>
        <extensions>
          <gpxtpx:TrackPointExtension>
            <gpxtpx:hr>187</gpxtpx:hr>
          </gpxtpx:TrackPointExtension>
        </extensions>
      </trkpt>
      <trkpt lat="31.23630710758058" lon="121.62962146141477">
        <ele>7.290580541826785</ele>
        <time>1970-01-01T00:28:13.900000Z</time>
        <extensions>
          <gpxtpx:TrackPointExtension>
            <gpxtpx:hr>187</gpxtpx:hr>
          </gpxtpx:TrackPointExtension>
        </extensions>
      </trkpt>
      <trkpt lat="31.236283874167064" lon="121.6296341505048">
        <ele>7.317805347032845</ele>
        <time>1970-01-01T00:28:14.900000Z</time>
        <extensions>
          <gpxtpx:TrackPointExtension>
            <gpxtpx:hr>187</gpxtpx:hr>
          </gpxtpx:TrackPointExtension>
        </extensions>
      </trkpt>
      <trkpt lat="31.236260295163422" lon="121.62964721125466">
        <ele>7.344296057708561</ele>
        <time>1970-01-01T00:28:15.900000Z</time>
        <extensions>
          <gpxtpx:TrackPointExtension>
            <gpxtpx:hr>187</gpxtpx:hr>
          </gpxtpx:TrackPointExtension>
        </extensions>
      </trkpt>
      <trkpt lat="31.2362367814495" lon="121.62966015288563">
        <ele>7.36856487672776</ele>
        <time>1970-01-01T00:28:16.900000Z</time>
        <extensions>
          <gpxtpx:TrackPointExtension>
            <gpxtpx:hr>187</gpxtpx:hr>
          </gpxtpx:TrackPointExtension>
        </extensions>
      </trkpt>
      <trkpt lat="31.236213636680393" lon="121.62967298784102">
        <ele>7.388842457905412</ele>
        <time>1970-01-01T00:28:17.900000Z</time>
        <extensions>
          <gpxtpx:TrackPointExtension>
            <gpxtpx:hr>187</gpxtpx:hr>
          </gpxtpx:TrackPointExtension>
        </extensions>
      </trkpt>
      <trkpt lat="31.236190598167497" lon="121.62968553881605">
        <ele>7.4033501744270325</ele>
        <time>1970-01-01T00:28:18.900000Z</time>
        <extensions>
          <gpxtpx:TrackPointExtension>
            <gpxtpx:hr>187</gpxtpx:hr>
          </gpxtpx:TrackPointExtension>
        </extensions>
      </trkpt>
      <trkpt lat="31.23616732357105" lon="121.62969746181253">
        <ele>7.410604989156127</ele>
        <time>1970-01-01T00:28:19.900000Z</time>
        <extensions>
          <gpxtpx:TrackPointExtension>
            <gpxtpx:hr>187</gpxtpx:hr>
          </gpxtpx:TrackPointExtension>
        </extensions>
      </trkpt>
      <trkpt lat="31.236143797418116" lon="121.62970863923572">
        <ele>7.409595739096403</ele>
        <time>1970-01-01T00:28:20.900000Z</time>
        <extensions>
          <gpxtpx:TrackPointExtension>
            <gpxtpx:hr>187</gpxtpx:hr>
          </gpxtpx:TrackPointExtension>
        </extensions>
      </trkpt>
      <trkpt lat="31.236120022983393" lon="121.62971877206142">
        <ele>7.39991024043411</ele>
        <time>1970-01-01T00:28:21.900000Z</time>
        <extensions>
          <gpxtpx:TrackPointExtension>
            <gpxtpx:hr>187</gpxtpx:hr>
          </gpxtpx:TrackPointExtension>
        </extensions>
      </trkpt>
      <trkpt lat="31.236096082931027" lon="121.62972773484026">
        <ele>7.381815543398261</ele>
        <time>1970-01-01T00:28:22.900000Z</time>
        <extensions>
          <gpxtpx:TrackPointExtension>
            <gpxtpx:hr>187</gpxtpx:hr>
          </gpxtpx:TrackPointExtension>
        </extensions>
      </trkpt>
      <trkpt lat="31.236072036328114" lon="121.62973558250862">
        <ele>7.356198330409825</ele>
        <time>1970-01-01T00:28:23.900000Z</time>
        <extensions>
          <gpxtpx:TrackPointExtension>
            <gpxtpx:hr>186</gpxtpx:hr>
          </gpxtpx:TrackPointExtension>
        </extensions>
      </trkpt>
      <trkpt lat="31.23604781127733" lon="121.62974203148275">
        <ele>7.324476825073361</ele>
        <time>1970-01-01T00:28:24.900000Z</time>
        <extensions>
          <gpxtpx:TrackPointExtension>
            <gpxtpx:hr>186</gpxtpx:hr>
          </gpxtpx:TrackPointExtension>
        </extensions>
      </trkpt>
      <trkpt lat="31.23602316457018" lon="121.62974708872643">
        <ele>7.288496691733599</ele>
        <time>1970-01-01T00:28:25.900000Z</time>
        <extensions>
          <gpxtpx:TrackPointExtension>
            <gpxtpx:hr>186</gpxtpx:hr>
          </gpxtpx:TrackPointExtension>
        </extensions>
      </trkpt>
      <trkpt lat="31.2359977239678" lon="121.62975138033025">
        <ele>7.250373008660972</ele>
        <time>1970-01-01T00:28:26.900000Z</time>
        <extensions>
          <gpxtpx:TrackPointExtension>
            <gpxtpx:hr>186</gpxtpx:hr>
          </gpxtpx:TrackPointExtension>
        </extensions>
      </trkpt>
      <trkpt lat="31.235971548916353" lon="121.62975508318063">
        <ele>7.212314366362989</ele>
        <time>1970-01-01T00:28:27.900000Z</time>
        <extensions>
          <gpxtpx:TrackPointExtension>
            <gpxtpx:hr>186</gpxtpx:hr>
          </gpxtpx:TrackPointExtension>
        </extensions>
      </trkpt>
      <trkpt lat="31.23594504801161" lon="121.6297581331608">
        <ele>7.176379625685513</ele>
        <time>1970-01-01T00:28:28.900000Z</time>
        <extensions>
          <gpxtpx:TrackPointExtension>
            <gpxtpx:hr>186</gpxtpx:hr>
          </gpxtpx:TrackPointExtension>
        </extensions>
      </trkpt>
      <trkpt lat="31.235918598575555" lon="121.62976071431896">
        <ele>7.144201258197427</ele>
        <time>1970-01-01T00:28:29.900000Z</time>
        <extensions>
          <gpxtpx:TrackPointExtension>
            <gpxtpx:hr>186</gpxtpx:hr>
          </gpxtpx:TrackPointExtension>
        </extensions>
      </trkpt>
      <trkpt lat="31.235892537021346" lon="121.62976231368464">
        <ele>7.116812814958394</ele>
        <time>1970-01-01T00:28:30.900000Z</time>
        <extensions>
          <gpxtpx:TrackPointExtension>
            <gpxtpx:hr>186</gpxtpx:hr>
          </gpxtpx:TrackPointExtension>
        </extensions>
      </trkpt>
      <trkpt lat="31.235867054677104" lon="121.62976212073964">
        <ele>7.09456960298121</ele>
        <time>1970-01-01T00:28:31.900000Z</time>
        <extensions>
          <gpxtpx:TrackPointExtension>
            <gpxtpx:hr>186</gpxtpx:hr>
          </gpxtpx:TrackPointExtension>
        </extensions>
      </trkpt>
      <trkpt lat="31.235841982868923" lon="121.62975991024352">
        <ele>7.077123297378421</ele>
        <time>1970-01-01T00:28:32.900000Z</time>
        <extensions>
          <gpxtpx:TrackPointExtension>
            <gpxtpx:hr>186</gpxtpx:hr>
          </gpxtpx:TrackPointExtension>
        </extensions>
      </trkpt>
      <trkpt lat="31.23581693013177" lon="121.62975612890216">
        <ele>7.0635080663487315</ele>
        <time>1970-01-01T00:28:33.900000Z</time>
        <extensions>
          <gpxtpx:TrackPointExtension>
            <gpxtpx:hr>186</gpxtpx:hr>
          </gpxtpx:TrackPointExtension>
        </extensions>
      </trkpt>
      <trkpt lat="31.235791642437388" lon="121.62975160824378">
        <ele>7.052298804745078</ele>
        <time>1970-01-01T00:28:34.900000Z</time>
        <extensions>
          <gpxtpx:TrackPointExtension>
            <gpxtpx:hr>186</gpxtpx:hr>
          </gpxtpx:TrackPointExtension>
        </extensions>
      </trkpt>
      <trkpt lat="31.2357661759587" lon="121.62974704454328">
        <ele>7.0418860875070095</ele>
        <time>1970-01-01T00:28:35.900000Z</time>
        <extensions>
          <gpxtpx:TrackPointExtension>
            <gpxtpx:hr>186</gpxtpx:hr>
          </gpxtpx:TrackPointExtension>
        </extensions>
      </trkpt>
      <trkpt lat="31.235740719515274" lon="121.62974246080226">
        <ele>7.030974314548075</ele>
        <time>1970-01-01T00:28:36.900000Z</time>
        <extensions>
          <gpxtpx:TrackPointExtension>
            <gpxtpx:hr>186</gpxtpx:hr>
          </gpxtpx:TrackPointExtension>
        </extensions>
      </trkpt>
      <trkpt lat="31.235715211917697" lon="121.62973755035938">
        <ele>7.019034808501601</ele>
        <time>1970-01-01T00:28:37.900000Z</time>
        <extensions>
          <gpxtpx:TrackPointExtension>
            <gpxtpx:hr>187</gpxtpx:hr>
          </gpxtpx:TrackPointExtension>
        </extensions>
      </trkpt>
      <trkpt lat="31.23568949970438" lon="121.62973208719373">
        <ele>7.006381341256201</ele>
        <time>1970-01-01T00:28:38.900000Z</time>
        <extensions>
          <gpxtpx:TrackPointExtension>
            <gpxtpx:hr>187</gpxtpx:hr>
          </gpxtpx:TrackPointExtension>
        </extensions>
      </trkpt>
      <trkpt lat="31.235663731921523" lon="121.62972571931635">
        <ele>6.993971472606063</ele>
        <time>1970-01-01T00:28:39.900000Z</time>
        <extensions>
          <gpxtpx:TrackPointExtension>
            <gpxtpx:hr>187</gpxtpx:hr>
          </gpxtpx:TrackPointExtension>
        </extensions>
      </trkpt>
      <trkpt lat="31.235638196625157" lon="121.62971843124816">
        <ele>6.983151999302208</ele>
        <time>1970-01-01T00:28:40.900000Z</time>
        <extensions>
          <gpxtpx:TrackPointExtension>
            <gpxtpx:hr>187</gpxtpx:hr>
          </gpxtpx:TrackPointExtension>
        </extensions>
      </trkpt>
      <trkpt lat="31.235613009533466" lon="121.62971035840353">
        <ele>6.9753817124292254</ele>
        <time>1970-01-01T00:28:41.900000Z</time>
        <extensions>
          <gpxtpx:TrackPointExtension>
            <gpxtpx:hr>187</gpxtpx:hr>
          </gpxtpx:TrackPointExtension>
        </extensions>
      </trkpt>
      <trkpt lat="31.23558824909336" lon="121.62970137706533">
        <ele>6.971966439858079</ele>
        <time>1970-01-01T00:28:42.900000Z</time>
        <extensions>
          <gpxtpx:TrackPointExtension>
            <gpxtpx:hr>186</gpxtpx:hr>
          </gpxtpx:TrackPointExtension>
        </extensions>
      </trkpt>
      <trkpt lat="31.23556383265592" lon="121.62969169580573">
        <ele>6.973882929421961</ele>
        <time>1970-01-01T00:28:43.900000Z</time>
        <extensions>
          <gpxtpx:TrackPointExtension>
            <gpxtpx:hr>186</gpxtpx:hr>
          </gpxtpx:TrackPointExtension>
        </extensions>
      </trkpt>
      <trkpt lat="31.23553946523803" lon="121.6296817687801">
        <ele>6.981649934314191</ele>
        <time>1970-01-01T00:28:44.900000Z</time>
        <extensions>
          <gpxtpx:TrackPointExtension>
            <gpxtpx:hr>186</gpxtpx:hr>
          </gpxtpx:TrackPointExtension>
        </extensions>
      </trkpt>
      <trkpt lat="31.23551508250338" lon="121.62967143306693">
        <ele>6.995200457051396</ele>
        <time>1970-01-01T00:28:45.900000Z</time>
        <extensions>
          <gpxtpx:TrackPointExtension>
            <gpxtpx:hr>186</gpxtpx:hr>
          </gpxtpx:TrackPointExtension>
        </extensions>
      </trkpt>
      <trkpt lat="31.235490914527464" lon="121.62966053765095">
        <ele>7.013788807205856</ele>
        <time>1970-01-01T00:28:46.900000Z</time>
        <extensions>
          <gpxtpx:TrackPointExtension>
            <gpxtpx:hr>186</gpxtpx:hr>
          </gpxtpx:TrackPointExtension>
        </extensions>
      </trkpt>
      <trkpt lat="31.23546700428473" lon="121.62964914045608">
        <ele>7.03591531701386</ele>
        <time>1970-01-01T00:28:47.900000Z</time>
        <extensions>
          <gpxtpx:TrackPointExtension>
            <gpxtpx:hr>186</gpxtpx:hr>
          </gpxtpx:TrackPointExtension>
        </extensions>
      </trkpt>
      <trkpt lat="31.235443449072232" lon="121.62963691300708">
        <ele>7.059373495168984</ele>
        <time>1970-01-01T00:28:48.900000Z</time>
        <extensions>
          <gpxtpx:TrackPointExtension>
            <gpxtpx:hr>186</gpxtpx:hr>
          </gpxtpx:TrackPointExtension>
        </extensions>
      </trkpt>
      <trkpt lat="31.235420461867015" lon="121.62962418285026">
        <ele>7.0814972668886185</ele>
        <time>1970-01-01T00:28:49.900000Z</time>
        <extensions>
          <gpxtpx:TrackPointExtension>
            <gpxtpx:hr>186</gpxtpx:hr>
          </gpxtpx:TrackPointExtension>
        </extensions>
      </trkpt>
      <trkpt lat="31.2353977761196" lon="121.629611398765">
        <ele>7.099456233903766</ele>
        <time>1970-01-01T00:28:50.900000Z</time>
        <extensions>
          <gpxtpx:TrackPointExtension>
            <gpxtpx:hr>186</gpxtpx:hr>
          </gpxtpx:TrackPointExtension>
        </extensions>
      </trkpt>
      <trkpt lat="31.235375232476713" lon="121.62959836874579">
        <ele>7.110540985129774</ele>
        <time>1970-01-01T00:28:51.900000Z</time>
        <extensions>
          <gpxtpx:TrackPointExtension>
            <gpxtpx:hr>186</gpxtpx:hr>
          </gpxtpx:TrackPointExtension>
        </extensions>
      </trkpt>
      <trkpt lat="31.235352926604634" lon="121.62958541428524">
        <ele>7.1124690575525165</ele>
        <time>1970-01-01T00:28:52.900000Z</time>
        <extensions>
          <gpxtpx:TrackPointExtension>
            <gpxtpx:hr>186</gpxtpx:hr>
          </gpxtpx:TrackPointExtension>
        </extensions>
      </trkpt>
      <trkpt lat="31.235330756276444" lon="121.62957317598382">
        <ele>7.103561508469284</ele>
        <time>1970-01-01T00:28:53.900000Z</time>
        <extensions>
          <gpxtpx:TrackPointExtension>
            <gpxtpx:hr>186</gpxtpx:hr>
          </gpxtpx:TrackPointExtension>
        </extensions>
      </trkpt>
      <trkpt lat="31.23530870882262" lon="121.62956187285607">
        <ele>7.0827295538038015</ele>
        <time>1970-01-01T00:28:54.900000Z</time>
        <extensions>
          <gpxtpx:TrackPointExtension>
            <gpxtpx:hr>186</gpxtpx:hr>
          </gpxtpx:TrackPointExtension>
        </extensions>
      </trkpt>
      <trkpt lat="31.235286635019726" lon="121.62955194527596">
        <ele>7.049384626559913</ele>
        <time>1970-01-01T00:28:55.900000Z</time>
        <extensions>
          <gpxtpx:TrackPointExtension>
            <gpxtpx:hr>186</gpxtpx:hr>
          </gpxtpx:TrackPointExtension>
        </extensions>
      </trkpt>
      <trkpt lat="31.23526392740442" lon="121.62954384198908">
        <ele>7.003198475576937</ele>
        <time>1970-01-01T00:28:56.900000Z</time>
        <extensions>
          <gpxtpx:TrackPointExtension>
            <gpxtpx:hr>186</gpxtpx:hr>
          </gpxtpx:TrackPointExtension>
        </extensions>
      </trkpt>
      <trkpt lat="31.235240168214748" lon="121.62953764372692">
        <ele>6.943807673640549</ele>
        <time>1970-01-01T00:28:57.900000Z</time>
        <extensions>
          <gpxtpx:TrackPointExtension>
            <gpxtpx:hr>186</gpxtpx:hr>
          </gpxtpx:TrackPointExtension>
        </extensions>
      </trkpt>
      <trkpt lat="31.235215470190116" lon="121.62953369991526">
        <ele>6.87060147151351</ele>
        <time>1970-01-01T00:28:58.900000Z</time>
        <extensions>
          <gpxtpx:TrackPointExtension>
            <gpxtpx:hr>186</gpxtpx:hr>
          </gpxtpx:TrackPointExtension>
        </extensions>
      </trkpt>
      <trkpt lat="31.23519008909905" lon="121.62953216931317">
        <ele>6.782598386518657</ele>
        <time>1970-01-01T00:28:59.900000Z</time>
        <extensions>
          <gpxtpx:TrackPointExtension>
            <gpxtpx:hr>186</gpxtpx:hr>
          </gpxtpx:TrackPointExtension>
        </extensions>
      </trkpt>
      <trkpt lat="31.235164399715885" lon="121.62953279017016">
        <ele>6.678581329993904</ele>
        <time>1970-01-01T00:29:00.900000Z</time>
        <extensions>
          <gpxtpx:TrackPointExtension>
            <gpxtpx:hr>186</gpxtpx:hr>
          </gpxtpx:TrackPointExtension>
        </extensions>
      </trkpt>
      <trkpt lat="31.23513899526803" lon="121.62953549840647">
        <ele>6.557773462496698</ele>
        <time>1970-01-01T00:29:01.900000Z</time>
        <extensions>
          <gpxtpx:TrackPointExtension>
            <gpxtpx:hr>185</gpxtpx:hr>
          </gpxtpx:TrackPointExtension>
        </extensions>
      </trkpt>
      <trkpt lat="31.23511432241194" lon="121.62954044844723">
        <ele>6.421074793674052</ele>
        <time>1970-01-01T00:29:02.900000Z</time>
        <extensions>
          <gpxtpx:TrackPointExtension>
            <gpxtpx:hr>185</gpxtpx:hr>
          </gpxtpx:TrackPointExtension>
        </extensions>
      </trkpt>
      <trkpt lat="31.23508509607729" lon="121.62954948704018">
        <ele>6.238507064059377</ele>
        <time>1970-01-01T00:29:04.100000Z</time>
        <extensions>
          <gpxtpx:TrackPointExtension>
            <gpxtpx:hr>185</gpxtpx:hr>
          </gpxtpx:TrackPointExtension>
        </extensions>
      </trkpt>
      <trkpt lat="31.235061728442137" lon="121.62955893684106">
        <ele>6.086256404407322</ele>
        <time>1970-01-01T00:29:05.100000Z</time>
        <extensions>
          <gpxtpx:TrackPointExtension>
            <gpxtpx:hr>185</gpxtpx:hr>
          </gpxtpx:TrackPointExtension>
        </extensions>
      </trkpt>
      <trkpt lat="31.235038626912225" lon="121.62957000400438">
        <ele>5.938960972242057</ele>
        <time>1970-01-01T00:29:06.100000Z</time>
        <extensions>
          <gpxtpx:TrackPointExtension>
            <gpxtpx:hr>185</gpxtpx:hr>
          </gpxtpx:TrackPointExtension>
        </extensions>
      </trkpt>
      <trkpt lat="31.235015928839246" lon="121.62958257043059">
        <ele>5.799735431559384</ele>
        <time>1970-01-01T00:29:07.100000Z</time>
        <extensions>
          <gpxtpx:TrackPointExtension>
            <gpxtpx:hr>185</gpxtpx:hr>
          </gpxtpx:TrackPointExtension>
        </extensions>
      </trkpt>
      <trkpt lat="31.23499384991082" lon="121.62959669697622">
        <ele>5.669868405908346</ele>
        <time>1970-01-01T00:29:08.100000Z</time>
        <extensions>
          <gpxtpx:TrackPointExtension>
            <gpxtpx:hr>185</gpxtpx:hr>
          </gpxtpx:TrackPointExtension>
        </extensions>
      </trkpt>
      <trkpt lat="31.23497296598803" lon="121.62961266138933">
        <ele>5.549411887302995</ele>
        <time>1970-01-01T00:29:09.100000Z</time>
        <extensions>
          <gpxtpx:TrackPointExtension>
            <gpxtpx:hr>185</gpxtpx:hr>
          </gpxtpx:TrackPointExtension>
        </extensions>
      </trkpt>
      <trkpt lat="31.234953543636667" lon="121.62963025271443">
        <ele>5.438213759101927</ele>
        <time>1970-01-01T00:29:10.100000Z</time>
        <extensions>
          <gpxtpx:TrackPointExtension>
            <gpxtpx:hr>185</gpxtpx:hr>
          </gpxtpx:TrackPointExtension>
        </extensions>
      </trkpt>
      <trkpt lat="31.234935479768872" lon="121.62964931567612">
        <ele>5.335622384212911</ele>
        <time>1970-01-01T00:29:11.100000Z</time>
        <extensions>
          <gpxtpx:TrackPointExtension>
            <gpxtpx:hr>185</gpxtpx:hr>
          </gpxtpx:TrackPointExtension>
        </extensions>
      </trkpt>
      <trkpt lat="31.234918942344496" lon="121.62966982965852">
        <ele>5.2405227990821</ele>
        <time>1970-01-01T00:29:12.100000Z</time>
        <extensions>
          <gpxtpx:TrackPointExtension>
            <gpxtpx:hr>185</gpxtpx:hr>
          </gpxtpx:TrackPointExtension>
        </extensions>
      </trkpt>
      <trkpt lat="31.23490379713488" lon="121.62969180618495">
        <ele>5.152030813507736</ele>
        <time>1970-01-01T00:29:13.100000Z</time>
        <extensions>
          <gpxtpx:TrackPointExtension>
            <gpxtpx:hr>185</gpxtpx:hr>
          </gpxtpx:TrackPointExtension>
        </extensions>
      </trkpt>
      <trkpt lat="31.234889888141485" lon="121.6297154813673">
        <ele>5.0691017378121614</ele>
        <time>1970-01-01T00:29:14.100000Z</time>
        <extensions>
          <gpxtpx:TrackPointExtension>
            <gpxtpx:hr>185</gpxtpx:hr>
          </gpxtpx:TrackPointExtension>
        </extensions>
      </trkpt>
      <trkpt lat="31.234877237881047" lon="121.62974067396893">
        <ele>4.990384053438902</ele>
        <time>1970-01-01T00:29:15.100000Z</time>
        <extensions>
          <gpxtpx:TrackPointExtension>
            <gpxtpx:hr>185</gpxtpx:hr>
          </gpxtpx:TrackPointExtension>
        </extensions>
      </trkpt>
      <trkpt lat="31.234865521438927" lon="121.62976713547624">
        <ele>4.914438923820853</ele>
        <time>1970-01-01T00:29:16.100000Z</time>
        <extensions>
          <gpxtpx:TrackPointExtension>
            <gpxtpx:hr>185</gpxtpx:hr>
          </gpxtpx:TrackPointExtension>
        </extensions>
      </trkpt>
      <trkpt lat="31.23485466980753" lon="121.62979463464643">
        <ele>4.840209897607565</ele>
        <time>1970-01-01T00:29:17.100000Z</time>
        <extensions>
          <gpxtpx:TrackPointExtension>
            <gpxtpx:hr>185</gpxtpx:hr>
          </gpxtpx:TrackPointExtension>
        </extensions>
      </trkpt>
      <trkpt lat="31.234844951293077" lon="121.62982259810246">
        <ele>4.76688482798636</ele>
        <time>1970-01-01T00:29:18.100000Z</time>
        <extensions>
          <gpxtpx:TrackPointExtension>
            <gpxtpx:hr>184</gpxtpx:hr>
          </gpxtpx:TrackPointExtension>
        </extensions>
      </trkpt>
      <trkpt lat="31.234836261839977" lon="121.62985039716577">
        <ele>4.6938024731352925</ele>
        <time>1970-01-01T00:29:19.100000Z</time>
        <extensions>
          <gpxtpx:TrackPointExtension>
            <gpxtpx:hr>184</gpxtpx:hr>
          </gpxtpx:TrackPointExtension>
        </extensions>
      </trkpt>
      <trkpt lat="31.234828408482606" lon="121.62987780987649">
        <ele>4.621103843674064</ele>
        <time>1970-01-01T00:29:20.100000Z</time>
        <extensions>
          <gpxtpx:TrackPointExtension>
            <gpxtpx:hr>184</gpxtpx:hr>
          </gpxtpx:TrackPointExtension>
        </extensions>
      </trkpt>
      <trkpt lat="31.234821478108287" lon="121.62990487875082">
        <ele>4.549697424285114</ele>
        <time>1970-01-01T00:29:21.100000Z</time>
        <extensions>
          <gpxtpx:TrackPointExtension>
            <gpxtpx:hr>184</gpxtpx:hr>
          </gpxtpx:TrackPointExtension>
        </extensions>
      </trkpt>
      <trkpt lat="31.234815477454383" lon="121.62993171658823">
        <ele>4.48067466635257</ele>
        <time>1970-01-01T00:29:22.100000Z</time>
        <extensions>
          <gpxtpx:TrackPointExtension>
            <gpxtpx:hr>184</gpxtpx:hr>
          </gpxtpx:TrackPointExtension>
        </extensions>
      </trkpt>
      <trkpt lat="31.234811362421063" lon="121.62995854845582">
        <ele>4.414515453390777</ele>
        <time>1970-01-01T00:29:23.100000Z</time>
        <extensions>
          <gpxtpx:TrackPointExtension>
            <gpxtpx:hr>184</gpxtpx:hr>
          </gpxtpx:TrackPointExtension>
        </extensions>
      </trkpt>
      <trkpt lat="31.23480991767169" lon="121.62998531354422">
        <ele>4.35116648953408</ele>
        <time>1970-01-01T00:29:24.100000Z</time>
        <extensions>
          <gpxtpx:TrackPointExtension>
            <gpxtpx:hr>184</gpxtpx:hr>
          </gpxtpx:TrackPointExtension>
        </extensions>
      </trkpt>
      <trkpt lat="31.234810657983818" lon="121.63001157300447">
        <ele>4.291437603533268</ele>
        <time>1970-01-01T00:29:25.100000Z</time>
        <extensions>
          <gpxtpx:TrackPointExtension>
            <gpxtpx:hr>184</gpxtpx:hr>
          </gpxtpx:TrackPointExtension>
        </extensions>
      </trkpt>
      <trkpt lat="31.234814036681783" lon="121.6300367556048">
        <ele>4.237156773917377</ele>
        <time>1970-01-01T00:29:26.100000Z</time>
        <extensions>
          <gpxtpx:TrackPointExtension>
            <gpxtpx:hr>184</gpxtpx:hr>
          </gpxtpx:TrackPointExtension>
        </extensions>
      </trkpt>
      <trkpt lat="31.234817969702956" lon="121.63006204395572">
        <ele>4.190007244236767</ele>
        <time>1970-01-01T00:29:27.100000Z</time>
        <extensions>
          <gpxtpx:TrackPointExtension>
            <gpxtpx:hr>184</gpxtpx:hr>
          </gpxtpx:TrackPointExtension>
        </extensions>
      </trkpt>
      <trkpt lat="31.234819282431822" lon="121.63008846921086">
        <ele>4.151592348702252</ele>
        <time>1970-01-01T00:29:28.100000Z</time>
        <extensions>
          <gpxtpx:TrackPointExtension>
            <gpxtpx:hr>184</gpxtpx:hr>
          </gpxtpx:TrackPointExtension>
        </extensions>
      </trkpt>
      <trkpt lat="31.234817964228462" lon="121.63011538719795">
        <ele>4.123777151107788</ele>
        <time>1970-01-01T00:29:29.200000Z</time>
        <extensions>
          <gpxtpx:TrackPointExtension>
            <gpxtpx:hr>184</gpxtpx:hr>
          </gpxtpx:TrackPointExtension>
        </extensions>
      </trkpt>
      <trkpt lat="31.234814335319143" lon="121.6301424527544">
        <ele>4.108013290911913</ele>
        <time>1970-01-01T00:29:30.200000Z</time>
        <extensions>
          <gpxtpx:TrackPointExtension>
            <gpxtpx:hr>184</gpxtpx:hr>
          </gpxtpx:TrackPointExtension>
        </extensions>
      </trkpt>
      <trkpt lat="31.234808744108115" lon="121.63016923767394">
        <ele>4.1042121378704906</ele>
        <time>1970-01-01T00:29:31.200000Z</time>
        <extensions>
          <gpxtpx:TrackPointExtension>
            <gpxtpx:hr>184</gpxtpx:hr>
          </gpxtpx:TrackPointExtension>
        </extensions>
      </trkpt>
      <trkpt lat="31.234801714072212" lon="121.63019562034569">
        <ele>4.110436518676579</ele>
        <time>1970-01-01T00:29:32.200000Z</time>
        <extensions>
          <gpxtpx:TrackPointExtension>
            <gpxtpx:hr>184</gpxtpx:hr>
          </gpxtpx:TrackPointExtension>
        </extensions>
      </trkpt>
      <trkpt lat="31.2347925934334" lon="121.63022174552175">
        <ele>4.1230744030326605</ele>
        <time>1970-01-01T00:29:33.200000Z</time>
        <extensions>
          <gpxtpx:TrackPointExtension>
            <gpxtpx:hr>184</gpxtpx:hr>
          </gpxtpx:TrackPointExtension>
        </extensions>
      </trkpt>
      <trkpt lat="31.234780109525495" lon="121.63024683193719">
        <ele>4.137379303574562</ele>
        <time>1970-01-01T00:29:34.200000Z</time>
        <extensions>
          <gpxtpx:TrackPointExtension>
            <gpxtpx:hr>184</gpxtpx:hr>
          </gpxtpx:TrackPointExtension>
        </extensions>
      </trkpt>
      <trkpt lat="31.234763721984095" lon="121.63026927225603">
        <ele>4.149260520003736</ele>
        <time>1970-01-01T00:29:35.200000Z</time>
        <extensions>
          <gpxtpx:TrackPointExtension>
            <gpxtpx:hr>184</gpxtpx:hr>
          </gpxtpx:TrackPointExtension>
        </extensions>
      </trkpt>
      <trkpt lat="31.23474313597369" lon="121.63028706726449">
        <ele>4.156305780634284</ele>
        <time>1970-01-01T00:29:36.200000Z</time>
        <extensions>
          <gpxtpx:TrackPointExtension>
            <gpxtpx:hr>184</gpxtpx:hr>
          </gpxtpx:TrackPointExtension>
        </extensions>
      </trkpt>
      <trkpt lat="31.234718458422602" lon="121.63029912828803">
        <ele>4.157460214570165</ele>
        <time>1970-01-01T00:29:37.200000Z</time>
        <extensions>
          <gpxtpx:TrackPointExtension>
            <gpxtpx:hr>184</gpxtpx:hr>
          </gpxtpx:TrackPointExtension>
        </extensions>
      </trkpt>
      <trkpt lat="31.23469080366046" lon="121.63030678154932">
        <ele>4.152362640015781</ele>
        <time>1970-01-01T00:29:38.200000Z</time>
        <extensions>
          <gpxtpx:TrackPointExtension>
            <gpxtpx:hr>184</gpxtpx:hr>
          </gpxtpx:TrackPointExtension>
        </extensions>
      </trkpt>
      <trkpt lat="31.234662023591405" lon="121.63031181470313">
        <ele>4.141173026524484</ele>
        <time>1970-01-01T00:29:39.200000Z</time>
        <extensions>
          <gpxtpx:TrackPointExtension>
            <gpxtpx:hr>184</gpxtpx:hr>
          </gpxtpx:TrackPointExtension>
        </extensions>
      </trkpt>
      <trkpt lat="31.23463371151034" lon="121.6303151175962">
        <ele>4.125081927515566</ele>
        <time>1970-01-01T00:29:40.200000Z</time>
        <extensions>
          <gpxtpx:TrackPointExtension>
            <gpxtpx:hr>184</gpxtpx:hr>
          </gpxtpx:TrackPointExtension>
        </extensions>
      </trkpt>
      <trkpt lat="31.23460653593895" lon="121.63031760914369">
        <ele>4.106093391776085</ele>
        <time>1970-01-01T00:29:41.200000Z</time>
        <extensions>
          <gpxtpx:TrackPointExtension>
            <gpxtpx:hr>184</gpxtpx:hr>
          </gpxtpx:TrackPointExtension>
        </extensions>
      </trkpt>
      <trkpt lat="31.234580457035626" lon="121.63032005898378">
        <ele>4.086438233032823</ele>
        <time>1970-01-01T00:29:42.200000Z</time>
        <extensions>
          <gpxtpx:TrackPointExtension>
            <gpxtpx:hr>184</gpxtpx:hr>
          </gpxtpx:TrackPointExtension>
        </extensions>
      </trkpt>
      <trkpt lat="31.23455477864536" lon="121.63032266306931">
        <ele>4.0684219198301435</ele>
        <time>1970-01-01T00:29:43.200000Z</time>
        <extensions>
          <gpxtpx:TrackPointExtension>
            <gpxtpx:hr>183</gpxtpx:hr>
          </gpxtpx:TrackPointExtension>
        </extensions>
      </trkpt>
      <trkpt lat="31.234528417669914" lon="121.63032566838746">
        <ele>4.053682771511376</ele>
        <time>1970-01-01T00:29:44.200000Z</time>
        <extensions>
          <gpxtpx:TrackPointExtension>
            <gpxtpx:hr>183</gpxtpx:hr>
          </gpxtpx:TrackPointExtension>
        </extensions>
      </trkpt>
      <trkpt lat="31.234501036674594" lon="121.63032926152678">
        <ele>4.042801648378372</ele>
        <time>1970-01-01T00:29:45.200000Z</time>
        <extensions>
          <gpxtpx:TrackPointExtension>
            <gpxtpx:hr>183</gpxtpx:hr>
          </gpxtpx:TrackPointExtension>
        </extensions>
      </trkpt>
      <trkpt lat="31.234473242743164" lon="121.63033320482722">
        <ele>4.0358371287584305</ele>
        <time>1970-01-01T00:29:46.200000Z</time>
        <extensions>
          <gpxtpx:TrackPointExtension>
            <gpxtpx:hr>183</gpxtpx:hr>
          </gpxtpx:TrackPointExtension>
        </extensions>
      </trkpt>
      <trkpt lat="31.234445588796454" lon="121.6303372806181">
        <ele>4.032780819572508</ele>
        <time>1970-01-01T00:29:47.200000Z</time>
        <extensions>
          <gpxtpx:TrackPointExtension>
            <gpxtpx:hr>185</gpxtpx:hr>
          </gpxtpx:TrackPointExtension>
        </extensions>
      </trkpt>
      <trkpt lat="31.23441847918877" lon="121.63034164714982">
        <ele>4.03387556783855</ele>
        <time>1970-01-01T00:29:48.200000Z</time>
        <extensions>
          <gpxtpx:TrackPointExtension>
            <gpxtpx:hr>185</gpxtpx:hr>
          </gpxtpx:TrackPointExtension>
        </extensions>
      </trkpt>
      <trkpt lat="31.23439199219508" lon="121.63034638017163">
        <ele>4.039536626078188</ele>
        <time>1970-01-01T00:29:49.200000Z</time>
        <extensions>
          <gpxtpx:TrackPointExtension>
            <gpxtpx:hr>185</gpxtpx:hr>
          </gpxtpx:TrackPointExtension>
        </extensions>
      </trkpt>
      <trkpt lat="31.234365639155406" lon="121.63035144786755">
        <ele>4.050029406324029</ele>
        <time>1970-01-01T00:29:50.200000Z</time>
        <extensions>
          <gpxtpx:TrackPointExtension>
            <gpxtpx:hr>185</gpxtpx:hr>
          </gpxtpx:TrackPointExtension>
        </extensions>
      </trkpt>
      <trkpt lat="31.23433910483027" lon="121.63035700011538">
        <ele>4.065406763926148</ele>
        <time>1970-01-01T00:29:51.200000Z</time>
        <extensions>
          <gpxtpx:TrackPointExtension>
            <gpxtpx:hr>185</gpxtpx:hr>
          </gpxtpx:TrackPointExtension>
        </extensions>
      </trkpt>
      <trkpt lat="31.234312298228385" lon="121.63036283832159">
        <ele>4.085529003292322</ele>
        <time>1970-01-01T00:29:52.200000Z</time>
        <extensions>
          <gpxtpx:TrackPointExtension>
            <gpxtpx:hr>185</gpxtpx:hr>
          </gpxtpx:TrackPointExtension>
        </extensions>
      </trkpt>
      <trkpt lat="31.23428501167646" lon="121.63036875778886">
        <ele>4.110359886661172</ele>
        <time>1970-01-01T00:29:53.200000Z</time>
        <extensions>
          <gpxtpx:TrackPointExtension>
            <gpxtpx:hr>185</gpxtpx:hr>
          </gpxtpx:TrackPointExtension>
        </extensions>
      </trkpt>
      <trkpt lat="31.23425732495245" lon="121.63037471610798">
        <ele>4.139711886644363</ele>
        <time>1970-01-01T00:29:54.200000Z</time>
        <extensions>
          <gpxtpx:TrackPointExtension>
            <gpxtpx:hr>185</gpxtpx:hr>
          </gpxtpx:TrackPointExtension>
        </extensions>
      </trkpt>
      <trkpt lat="31.23422968679145" lon="121.63038016604223">
        <ele>4.17293849401176</ele>
        <time>1970-01-01T00:29:55.200000Z</time>
        <extensions>
          <gpxtpx:TrackPointExtension>
            <gpxtpx:hr>185</gpxtpx:hr>
          </gpxtpx:TrackPointExtension>
        </extensions>
      </trkpt>
      <trkpt lat="31.234202273704337" lon="121.63038458648055">
        <ele>4.209233948029578</ele>
        <time>1970-01-01T00:29:56.200000Z</time>
        <extensions>
          <gpxtpx:TrackPointExtension>
            <gpxtpx:hr>185</gpxtpx:hr>
          </gpxtpx:TrackPointExtension>
        </extensions>
      </trkpt>
      <trkpt lat="31.234175061407303" lon="121.63038783905198">
        <ele>4.247749484144151</ele>
        <time>1970-01-01T00:29:57.200000Z</time>
        <extensions>
          <gpxtpx:TrackPointExtension>
            <gpxtpx:hr>184</gpxtpx:hr>
          </gpxtpx:TrackPointExtension>
        </extensions>
      </trkpt>
      <trkpt lat="31.234148206582887" lon="121.63038936006535">
        <ele>4.288037497550249</ele>
        <time>1970-01-01T00:29:58.200000Z</time>
        <extensions>
          <gpxtpx:TrackPointExtension>
            <gpxtpx:hr>184</gpxtpx:hr>
          </gpxtpx:TrackPointExtension>
        </extensions>
      </trkpt>
      <trkpt lat="31.23412155427259" lon="121.6303887613726">
        <ele>4.33018100168556</ele>
        <time>1970-01-01T00:29:59.200000Z</time>
        <extensions>
          <gpxtpx:TrackPointExtension>
            <gpxtpx:hr>184</gpxtpx:hr>
          </gpxtpx:TrackPointExtension>
        </extensions>
      </trkpt>
      <trkpt lat="31.23409508228304" lon="121.63038605802193">
        <ele>4.374121728353202</ele>
        <time>1970-01-01T00:30:00.200000Z</time>
        <extensions>
          <gpxtpx:TrackPointExtension>
            <gpxtpx:hr>184</gpxtpx:hr>
          </gpxtpx:TrackPointExtension>
        </extensions>
      </trkpt>
      <trkpt lat="31.234069338859648" lon="121.63038053533162">
        <ele>4.419459763914347</ele>
        <time>1970-01-01T00:30:01.200000Z</time>
        <extensions>
          <gpxtpx:TrackPointExtension>
            <gpxtpx:hr>184</gpxtpx:hr>
          </gpxtpx:TrackPointExtension>
        </extensions>
      </trkpt>
      <trkpt lat="31.234044628124842" lon="121.63037133557195">
        <ele>4.465662476606667</ele>
        <time>1970-01-01T00:30:02.200000Z</time>
        <extensions>
          <gpxtpx:TrackPointExtension>
            <gpxtpx:hr>184</gpxtpx:hr>
          </gpxtpx:TrackPointExtension>
        </extensions>
      </trkpt>
      <trkpt lat="31.2340210364737" lon="121.63035795422056">
        <ele>4.512019087560475</ele>
        <time>1970-01-01T00:30:03.300000Z</time>
        <extensions>
          <gpxtpx:TrackPointExtension>
            <gpxtpx:hr>184</gpxtpx:hr>
          </gpxtpx:TrackPointExtension>
        </extensions>
      </trkpt>
      <trkpt lat="31.233999434412333" lon="121.63034003589306">
        <ele>4.55758317373693</ele>
        <time>1970-01-01T00:30:04.300000Z</time>
        <extensions>
          <gpxtpx:TrackPointExtension>
            <gpxtpx:hr>184</gpxtpx:hr>
          </gpxtpx:TrackPointExtension>
        </extensions>
      </trkpt>
      <trkpt lat="31.2339806878881" lon="121.6303177159525">
        <ele>4.6011510621756315</ele>
        <time>1970-01-01T00:30:05.300000Z</time>
        <extensions>
          <gpxtpx:TrackPointExtension>
            <gpxtpx:hr>184</gpxtpx:hr>
          </gpxtpx:TrackPointExtension>
        </extensions>
      </trkpt>
      <trkpt lat="31.233964573378124" lon="121.63029210687526">
        <ele>4.641774353571236</ele>
        <time>1970-01-01T00:30:06.300000Z</time>
        <extensions>
          <gpxtpx:TrackPointExtension>
            <gpxtpx:hr>184</gpxtpx:hr>
          </gpxtpx:TrackPointExtension>
        </extensions>
      </trkpt>
      <trkpt lat="31.23395057754661" lon="121.63026471256225">
        <ele>4.6792313400655985</ele>
        <time>1970-01-01T00:30:07.300000Z</time>
        <extensions>
          <gpxtpx:TrackPointExtension>
            <gpxtpx:hr>184</gpxtpx:hr>
          </gpxtpx:TrackPointExtension>
        </extensions>
      </trkpt>
      <trkpt lat="31.233938171594158" lon="121.63023648173626">
        <ele>4.713802627287805</ele>
        <time>1970-01-01T00:30:08.300000Z</time>
        <extensions>
          <gpxtpx:TrackPointExtension>
            <gpxtpx:hr>185</gpxtpx:hr>
          </gpxtpx:TrackPointExtension>
        </extensions>
      </trkpt>
      <trkpt lat="31.233926910545495" lon="121.63020806143237">
        <ele>4.746104760095477</ele>
        <time>1970-01-01T00:30:09.300000Z</time>
        <extensions>
          <gpxtpx:TrackPointExtension>
            <gpxtpx:hr>185</gpxtpx:hr>
          </gpxtpx:TrackPointExtension>
        </extensions>
      </trkpt>
      <trkpt lat="31.233916747330966" lon="121.63017974703482">
        <ele>4.776947500184178</ele>
        <time>1970-01-01T00:30:10.300000Z</time>
        <extensions>
          <gpxtpx:TrackPointExtension>
            <gpxtpx:hr>185</gpxtpx:hr>
          </gpxtpx:TrackPointExtension>
        </extensions>
      </trkpt>
      <trkpt lat="31.233907476611915" lon="121.63015123033763">
        <ele>4.806966709904373</ele>
        <time>1970-01-01T00:30:11.300000Z</time>
        <extensions>
          <gpxtpx:TrackPointExtension>
            <gpxtpx:hr>185</gpxtpx:hr>
          </gpxtpx:TrackPointExtension>
        </extensions>
      </trkpt>
      <trkpt lat="31.233898908229893" lon="121.63012216366634">
        <ele>4.836205545812845</ele>
        <time>1970-01-01T00:30:12.300000Z</time>
        <extensions>
          <gpxtpx:TrackPointExtension>
            <gpxtpx:hr>185</gpxtpx:hr>
          </gpxtpx:TrackPointExtension>
        </extensions>
      </trkpt>
      <trkpt lat="31.233891261180137" lon="121.63009263973781">
        <ele>4.864028164185584</ele>
        <time>1970-01-01T00:30:13.300000Z</time>
        <extensions>
          <gpxtpx:TrackPointExtension>
            <gpxtpx:hr>185</gpxtpx:hr>
          </gpxtpx:TrackPointExtension>
        </extensions>
      </trkpt>
      <trkpt lat="31.233884629635494" lon="121.63006281074719">
        <ele>4.8894415171816945</ele>
        <time>1970-01-01T00:30:14.300000Z</time>
        <extensions>
          <gpxtpx:TrackPointExtension>
            <gpxtpx:hr>185</gpxtpx:hr>
          </gpxtpx:TrackPointExtension>
        </extensions>
      </trkpt>
      <trkpt lat="31.23387915793189" lon="121.63003287382725">
        <ele>4.9114641500636935</ele>
        <time>1970-01-01T00:30:15.300000Z</time>
        <extensions>
          <gpxtpx:TrackPointExtension>
            <gpxtpx:hr>185</gpxtpx:hr>
          </gpxtpx:TrackPointExtension>
        </extensions>
      </trkpt>
      <trkpt lat="31.23387511624969" lon="121.63000321755372">
        <ele>4.929367803037167</ele>
        <time>1970-01-01T00:30:16.300000Z</time>
        <extensions>
          <gpxtpx:TrackPointExtension>
            <gpxtpx:hr>185</gpxtpx:hr>
          </gpxtpx:TrackPointExtension>
        </extensions>
      </trkpt>
      <trkpt lat="31.23387216752511" lon="121.62997389252439">
        <ele>4.94276143796742</ele>
        <time>1970-01-01T00:30:17.300000Z</time>
        <extensions>
          <gpxtpx:TrackPointExtension>
            <gpxtpx:hr>185</gpxtpx:hr>
          </gpxtpx:TrackPointExtension>
        </extensions>
      </trkpt>
      <trkpt lat="31.233869711112142" lon="121.62994468418512">
        <ele>4.9515521032735705</ele>
        <time>1970-01-01T00:30:18.300000Z</time>
        <extensions>
          <gpxtpx:TrackPointExtension>
            <gpxtpx:hr>186</gpxtpx:hr>
          </gpxtpx:TrackPointExtension>
        </extensions>
      </trkpt>
      <trkpt lat="31.233867176329714" lon="121.62991572630459">
        <ele>4.955807804130018</ele>
        <time>1970-01-01T00:30:19.300000Z</time>
        <extensions>
          <gpxtpx:TrackPointExtension>
            <gpxtpx:hr>186</gpxtpx:hr>
          </gpxtpx:TrackPointExtension>
        </extensions>
      </trkpt>
      <trkpt lat="31.23386384543675" lon="121.62988697507708">
        <ele>4.955470871180296</ele>
        <time>1970-01-01T00:30:20.300000Z</time>
        <extensions>
          <gpxtpx:TrackPointExtension>
            <gpxtpx:hr>186</gpxtpx:hr>
          </gpxtpx:TrackPointExtension>
        </extensions>
      </trkpt>
      <trkpt lat="31.233859409653224" lon="121.62985810731782">
        <ele>4.950271710753441</ele>
        <time>1970-01-01T00:30:21.300000Z</time>
        <extensions>
          <gpxtpx:TrackPointExtension>
            <gpxtpx:hr>186</gpxtpx:hr>
          </gpxtpx:TrackPointExtension>
        </extensions>
      </trkpt>
      <trkpt lat="31.233854097354534" lon="121.62982900115102">
        <ele>4.939934057183564</ele>
        <time>1970-01-01T00:30:22.300000Z</time>
        <extensions>
          <gpxtpx:TrackPointExtension>
            <gpxtpx:hr>186</gpxtpx:hr>
          </gpxtpx:TrackPointExtension>
        </extensions>
      </trkpt>
      <trkpt lat="31.233848010387845" lon="121.62979946231253">
        <ele>4.924302248284221</ele>
        <time>1970-01-01T00:30:23.300000Z</time>
        <extensions>
          <gpxtpx:TrackPointExtension>
            <gpxtpx:hr>186</gpxtpx:hr>
          </gpxtpx:TrackPointExtension>
        </extensions>
      </trkpt>
      <trkpt lat="31.233841057648814" lon="121.62976956652197">
        <ele>4.903206923045218</ele>
        <time>1970-01-01T00:30:24.300000Z</time>
        <extensions>
          <gpxtpx:TrackPointExtension>
            <gpxtpx:hr>187</gpxtpx:hr>
          </gpxtpx:TrackPointExtension>
        </extensions>
      </trkpt>
      <trkpt lat="31.233833544508666" lon="121.62973977223619">
        <ele>4.876225147396326</ele>
        <time>1970-01-01T00:30:25.300000Z</time>
        <extensions>
          <gpxtpx:TrackPointExtension>
            <gpxtpx:hr>187</gpxtpx:hr>
          </gpxtpx:TrackPointExtension>
        </extensions>
      </trkpt>
      <trkpt lat="31.233825667288055" lon="121.62971024046459">
        <ele>4.842880233190954</ele>
        <time>1970-01-01T00:30:26.300000Z</time>
        <extensions>
          <gpxtpx:TrackPointExtension>
            <gpxtpx:hr>187</gpxtpx:hr>
          </gpxtpx:TrackPointExtension>
        </extensions>
      </trkpt>
      <trkpt lat="31.233817272523382" lon="121.62968076959989">
        <ele>4.803128441795707</ele>
        <time>1970-01-01T00:30:27.300000Z</time>
        <extensions>
          <gpxtpx:TrackPointExtension>
            <gpxtpx:hr>188</gpxtpx:hr>
          </gpxtpx:TrackPointExtension>
        </extensions>
      </trkpt>
      <trkpt lat="31.233808693594693" lon="121.62965126060078">
        <ele>4.757389025762677</ele>
        <time>1970-01-01T00:30:28.300000Z</time>
        <extensions>
          <gpxtpx:TrackPointExtension>
            <gpxtpx:hr>188</gpxtpx:hr>
          </gpxtpx:TrackPointExtension>
        </extensions>
      </trkpt>
      <trkpt lat="31.23380025931337" lon="121.62962180712226">
        <ele>4.7064711805433035</ele>
        <time>1970-01-01T00:30:29.300000Z</time>
        <extensions>
          <gpxtpx:TrackPointExtension>
            <gpxtpx:hr>188</gpxtpx:hr>
          </gpxtpx:TrackPointExtension>
        </extensions>
      </trkpt>
      <trkpt lat="31.233791867400466" lon="121.62959229271856">
        <ele>4.651422256603837</ele>
        <time>1970-01-01T00:30:30.300000Z</time>
        <extensions>
          <gpxtpx:TrackPointExtension>
            <gpxtpx:hr>188</gpxtpx:hr>
          </gpxtpx:TrackPointExtension>
        </extensions>
      </trkpt>
      <trkpt lat="31.23378358032964" lon="121.6295624759571">
        <ele>4.593304735608399</ele>
        <time>1970-01-01T00:30:31.300000Z</time>
        <extensions>
          <gpxtpx:TrackPointExtension>
            <gpxtpx:hr>188</gpxtpx:hr>
          </gpxtpx:TrackPointExtension>
        </extensions>
      </trkpt>
      <trkpt lat="31.233775452317996" lon="121.62953229031605">
        <ele>4.533446425572038</ele>
        <time>1970-01-01T00:30:32.300000Z</time>
        <extensions>
          <gpxtpx:TrackPointExtension>
            <gpxtpx:hr>188</gpxtpx:hr>
          </gpxtpx:TrackPointExtension>
        </extensions>
      </trkpt>
      <trkpt lat="31.23376736963608" lon="121.62950185973857">
        <ele>4.473503857851028</ele>
        <time>1970-01-01T00:30:33.300000Z</time>
        <extensions>
          <gpxtpx:TrackPointExtension>
            <gpxtpx:hr>188</gpxtpx:hr>
          </gpxtpx:TrackPointExtension>
        </extensions>
      </trkpt>
      <trkpt lat="31.233759537604243" lon="121.62947138228002">
        <ele>4.415119907818735</ele>
        <time>1970-01-01T00:30:34.300000Z</time>
        <extensions>
          <gpxtpx:TrackPointExtension>
            <gpxtpx:hr>188</gpxtpx:hr>
          </gpxtpx:TrackPointExtension>
        </extensions>
      </trkpt>
      <trkpt lat="31.2337521892443" lon="121.6294410731248">
        <ele>4.359790351241827</ele>
        <time>1970-01-01T00:30:35.300000Z</time>
        <extensions>
          <gpxtpx:TrackPointExtension>
            <gpxtpx:hr>188</gpxtpx:hr>
          </gpxtpx:TrackPointExtension>
        </extensions>
      </trkpt>
      <trkpt lat="31.23374507476696" lon="121.62941094112877">
        <ele>4.308653110638261</ele>
        <time>1970-01-01T00:30:36.300000Z</time>
        <extensions>
          <gpxtpx:TrackPointExtension>
            <gpxtpx:hr>188</gpxtpx:hr>
          </gpxtpx:TrackPointExtension>
        </extensions>
      </trkpt>
      <trkpt lat="31.233738134083303" lon="121.62938063952258">
        <ele>4.262631488963962</ele>
        <time>1970-01-01T00:30:37.300000Z</time>
        <extensions>
          <gpxtpx:TrackPointExtension>
            <gpxtpx:hr>188</gpxtpx:hr>
          </gpxtpx:TrackPointExtension>
        </extensions>
      </trkpt>
      <trkpt lat="31.23373108198249" lon="121.62934989061365">
        <ele>4.222775317728519</ele>
        <time>1970-01-01T00:30:38.400000Z</time>
        <extensions>
          <gpxtpx:TrackPointExtension>
            <gpxtpx:hr>188</gpxtpx:hr>
          </gpxtpx:TrackPointExtension>
        </extensions>
      </trkpt>
      <trkpt lat="31.233723242157915" lon="121.62931892614372">
        <ele>4.190190299414098</ele>
        <time>1970-01-01T00:30:39.400000Z</time>
        <extensions>
          <gpxtpx:TrackPointExtension>
            <gpxtpx:hr>188</gpxtpx:hr>
          </gpxtpx:TrackPointExtension>
        </extensions>
      </trkpt>
      <trkpt lat="31.233714625674345" lon="121.62928826033541">
        <ele>4.165894091129303</ele>
        <time>1970-01-01T00:30:40.400000Z</time>
        <extensions>
          <gpxtpx:TrackPointExtension>
            <gpxtpx:hr>188</gpxtpx:hr>
          </gpxtpx:TrackPointExtension>
        </extensions>
      </trkpt>
      <trkpt lat="31.23370548109308" lon="121.62925767731258">
        <ele>4.150493834167719</ele>
        <time>1970-01-01T00:30:41.400000Z</time>
        <extensions>
          <gpxtpx:TrackPointExtension>
            <gpxtpx:hr>188</gpxtpx:hr>
          </gpxtpx:TrackPointExtension>
        </extensions>
      </trkpt>
      <trkpt lat="31.23369589867425" lon="121.62922684467273">
        <ele>4.14364093542099</ele>
        <time>1970-01-01T00:30:42.400000Z</time>
        <extensions>
          <gpxtpx:TrackPointExtension>
            <gpxtpx:hr>188</gpxtpx:hr>
          </gpxtpx:TrackPointExtension>
        </extensions>
      </trkpt>
      <trkpt lat="31.233686526592983" lon="121.62919576582843">
        <ele>4.144159642979503</ele>
        <time>1970-01-01T00:30:43.400000Z</time>
        <extensions>
          <gpxtpx:TrackPointExtension>
            <gpxtpx:hr>188</gpxtpx:hr>
          </gpxtpx:TrackPointExtension>
        </extensions>
      </trkpt>
      <trkpt lat="31.23367808248937" lon="121.62916425620317">
        <ele>4.150826576165855</ele>
        <time>1970-01-01T00:30:44.400000Z</time>
        <extensions>
          <gpxtpx:TrackPointExtension>
            <gpxtpx:hr>188</gpxtpx:hr>
          </gpxtpx:TrackPointExtension>
        </extensions>
      </trkpt>
      <trkpt lat="31.23367062654671" lon="121.62913236751012">
        <ele>4.162872577086091</ele>
        <time>1970-01-01T00:30:45.400000Z</time>
        <extensions>
          <gpxtpx:TrackPointExtension>
            <gpxtpx:hr>188</gpxtpx:hr>
          </gpxtpx:TrackPointExtension>
        </extensions>
      </trkpt>
      <trkpt lat="31.23366437648243" lon="121.62910031469316">
        <ele>4.1798783000558615</ele>
        <time>1970-01-01T00:30:46.400000Z</time>
        <extensions>
          <gpxtpx:TrackPointExtension>
            <gpxtpx:hr>188</gpxtpx:hr>
          </gpxtpx:TrackPointExtension>
        </extensions>
      </trkpt>
      <trkpt lat="31.2336596450464" lon="121.62906806969129">
        <ele>4.201307659037411</ele>
        <time>1970-01-01T00:30:47.400000Z</time>
        <extensions>
          <gpxtpx:TrackPointExtension>
            <gpxtpx:hr>189</gpxtpx:hr>
          </gpxtpx:TrackPointExtension>
        </extensions>
      </trkpt>
      <trkpt lat="31.233656242165342" lon="121.62903558055434">
        <ele>4.226146408356726</ele>
        <time>1970-01-01T00:30:48.400000Z</time>
        <extensions>
          <gpxtpx:TrackPointExtension>
            <gpxtpx:hr>189</gpxtpx:hr>
          </gpxtpx:TrackPointExtension>
        </extensions>
      </trkpt>
      <trkpt lat="31.233654217561806" lon="121.6290027753578">
        <ele>4.253038514405489</ele>
        <time>1970-01-01T00:30:49.400000Z</time>
        <extensions>
          <gpxtpx:TrackPointExtension>
            <gpxtpx:hr>189</gpxtpx:hr>
          </gpxtpx:TrackPointExtension>
        </extensions>
      </trkpt>
      <trkpt lat="31.23365362697353" lon="121.6289694696885">
        <ele>4.280402361415327</ele>
        <time>1970-01-01T00:30:50.400000Z</time>
        <extensions>
          <gpxtpx:TrackPointExtension>
            <gpxtpx:hr>189</gpxtpx:hr>
          </gpxtpx:TrackPointExtension>
        </extensions>
      </trkpt>
      <trkpt lat="31.233653700591695" lon="121.62893591749376">
        <ele>4.306313938461244</ele>
        <time>1970-01-01T00:30:51.400000Z</time>
        <extensions>
          <gpxtpx:TrackPointExtension>
            <gpxtpx:hr>189</gpxtpx:hr>
          </gpxtpx:TrackPointExtension>
        </extensions>
      </trkpt>
      <trkpt lat="31.233653921054305" lon="121.62890283248952">
        <ele>4.328949430026114</ele>
        <time>1970-01-01T00:30:52.400000Z</time>
        <extensions>
          <gpxtpx:TrackPointExtension>
            <gpxtpx:hr>189</gpxtpx:hr>
          </gpxtpx:TrackPointExtension>
        </extensions>
      </trkpt>
      <trkpt lat="31.233654253547886" lon="121.62887026098016">
        <ele>4.347076619975269</ele>
        <time>1970-01-01T00:30:53.400000Z</time>
        <extensions>
          <gpxtpx:TrackPointExtension>
            <gpxtpx:hr>189</gpxtpx:hr>
          </gpxtpx:TrackPointExtension>
        </extensions>
      </trkpt>
      <trkpt lat="31.23365451324232" lon="121.62883779954205">
        <ele>4.360095749609172</ele>
        <time>1970-01-01T00:30:54.400000Z</time>
        <extensions>
          <gpxtpx:TrackPointExtension>
            <gpxtpx:hr>189</gpxtpx:hr>
          </gpxtpx:TrackPointExtension>
        </extensions>
      </trkpt>
      <trkpt lat="31.233654721836707" lon="121.62880544482216">
        <ele>4.367643275298178</ele>
        <time>1970-01-01T00:30:55.400000Z</time>
        <extensions>
          <gpxtpx:TrackPointExtension>
            <gpxtpx:hr>189</gpxtpx:hr>
          </gpxtpx:TrackPointExtension>
        </extensions>
      </trkpt>
      <trkpt lat="31.23365489988123" lon="121.6287731871651">
        <ele>4.369251026771963</ele>
        <time>1970-01-01T00:30:56.400000Z</time>
        <extensions>
          <gpxtpx:TrackPointExtension>
            <gpxtpx:hr>189</gpxtpx:hr>
          </gpxtpx:TrackPointExtension>
        </extensions>
      </trkpt>
      <trkpt lat="31.233654933878547" lon="121.62874098594756">
        <ele>4.3647321453318</ele>
        <time>1970-01-01T00:30:57.400000Z</time>
        <extensions>
          <gpxtpx:TrackPointExtension>
            <gpxtpx:hr>189</gpxtpx:hr>
          </gpxtpx:TrackPointExtension>
        </extensions>
      </trkpt>
      <trkpt lat="31.23365500843374" lon="121.62870885427546">
        <ele>4.354672351852059</ele>
        <time>1970-01-01T00:30:58.400000Z</time>
        <extensions>
          <gpxtpx:TrackPointExtension>
            <gpxtpx:hr>188</gpxtpx:hr>
          </gpxtpx:TrackPointExtension>
        </extensions>
      </trkpt>
      <trkpt lat="31.23365524324385" lon="121.62867683899233">
        <ele>4.340643000788987</ele>
        <time>1970-01-01T00:30:59.400000Z</time>
        <extensions>
          <gpxtpx:TrackPointExtension>
            <gpxtpx:hr>188</gpxtpx:hr>
          </gpxtpx:TrackPointExtension>
        </extensions>
      </trkpt>
      <trkpt lat="31.233655418906803" lon="121.62864557282614">
        <ele>4.324514785781503</ele>
        <time>1970-01-01T00:31:00.400000Z</time>
        <extensions>
          <gpxtpx:TrackPointExtension>
            <gpxtpx:hr>188</gpxtpx:hr>
          </gpxtpx:TrackPointExtension>
        </extensions>
      </trkpt>
      <trkpt lat="31.233655713232544" lon="121.62861581656607">
        <ele>4.307538481429219</ele>
        <time>1970-01-01T00:31:01.400000Z</time>
        <extensions>
          <gpxtpx:TrackPointExtension>
            <gpxtpx:hr>188</gpxtpx:hr>
          </gpxtpx:TrackPointExtension>
        </extensions>
      </trkpt>
      <trkpt lat="31.23365634604036" lon="121.62858748634815">
        <ele>4.290476080961525</ele>
        <time>1970-01-01T00:31:02.400000Z</time>
        <extensions>
          <gpxtpx:TrackPointExtension>
            <gpxtpx:hr>188</gpxtpx:hr>
          </gpxtpx:TrackPointExtension>
        </extensions>
      </trkpt>
      <trkpt lat="31.23365705294255" lon="121.62855979993115">
        <ele>4.274008587002754</ele>
        <time>1970-01-01T00:31:03.400000Z</time>
        <extensions>
          <gpxtpx:TrackPointExtension>
            <gpxtpx:hr>188</gpxtpx:hr>
          </gpxtpx:TrackPointExtension>
        </extensions>
      </trkpt>
      <trkpt lat="31.23365773963811" lon="121.62853292293794">
        <ele>4.258805830962956</ele>
        <time>1970-01-01T00:31:04.400000Z</time>
        <extensions>
          <gpxtpx:TrackPointExtension>
            <gpxtpx:hr>188</gpxtpx:hr>
          </gpxtpx:TrackPointExtension>
        </extensions>
      </trkpt>
      <trkpt lat="31.233658972943783" lon="121.62850825237051">
        <ele>4.245619688183069</ele>
        <time>1970-01-01T00:31:05.400000Z</time>
        <extensions>
          <gpxtpx:TrackPointExtension>
            <gpxtpx:hr>188</gpxtpx:hr>
          </gpxtpx:TrackPointExtension>
        </extensions>
      </trkpt>
      <trkpt lat="31.233661469314484" lon="121.62848692795646">
        <ele>4.235340585932136</ele>
        <time>1970-01-01T00:31:06.400000Z</time>
        <extensions>
          <gpxtpx:TrackPointExtension>
            <gpxtpx:hr>188</gpxtpx:hr>
          </gpxtpx:TrackPointExtension>
        </extensions>
      </trkpt>
      <trkpt lat="31.23366536190124" lon="121.62846974279144">
        <ele>4.228903905488551</ele>
        <time>1970-01-01T00:31:07.400000Z</time>
        <extensions>
          <gpxtpx:TrackPointExtension>
            <gpxtpx:hr>188</gpxtpx:hr>
          </gpxtpx:TrackPointExtension>
        </extensions>
      </trkpt>
      <trkpt lat="31.233671017641452" lon="121.62845724148313">
        <ele>4.227041962556541</ele>
        <time>1970-01-01T00:31:08.400000Z</time>
        <extensions>
          <gpxtpx:TrackPointExtension>
            <gpxtpx:hr>188</gpxtpx:hr>
          </gpxtpx:TrackPointExtension>
        </extensions>
      </trkpt>
      <trkpt lat="31.233679191587918" lon="121.62844986145984">
        <ele>4.230178042314947</ele>
        <time>1970-01-01T00:31:09.400000Z</time>
        <extensions>
          <gpxtpx:TrackPointExtension>
            <gpxtpx:hr>188</gpxtpx:hr>
          </gpxtpx:TrackPointExtension>
        </extensions>
      </trkpt>
      <trkpt lat="31.233689778067504" lon="121.62844817358778">
        <ele>4.238501578569412</ele>
        <time>1970-01-01T00:31:10.400000Z</time>
        <extensions>
          <gpxtpx:TrackPointExtension>
            <gpxtpx:hr>188</gpxtpx:hr>
          </gpxtpx:TrackPointExtension>
        </extensions>
      </trkpt>
      <trkpt lat="31.23370172833268" lon="121.62845097431897">
        <ele>4.2522880751639605</ele>
        <time>1970-01-01T00:31:11.400000Z</time>
        <extensions>
          <gpxtpx:TrackPointExtension>
            <gpxtpx:hr>188</gpxtpx:hr>
          </gpxtpx:TrackPointExtension>
        </extensions>
      </trkpt>
      <trkpt lat="31.23371376027382" lon="121.62845569559346">
        <ele>4.272064717486501</ele>
        <time>1970-01-01T00:31:12.400000Z</time>
        <extensions>
          <gpxtpx:TrackPointExtension>
            <gpxtpx:hr>184</gpxtpx:hr>
          </gpxtpx:TrackPointExtension>
        </extensions>
      </trkpt>
      <trkpt lat="31.23372498795141" lon="121.62846141052216">
        <ele>4.298656395636499</ele>
        <time>1970-01-01T00:31:13.500000Z</time>
        <extensions>
          <gpxtpx:TrackPointExtension>
            <gpxtpx:hr>184</gpxtpx:hr>
          </gpxtpx:TrackPointExtension>
        </extensions>
      </trkpt>
      <trkpt lat="31.23373528740179" lon="121.62846768169257">
        <ele>4.332607137039304</ele>
        <time>1970-01-01T00:31:14.500000Z</time>
        <extensions>
          <gpxtpx:TrackPointExtension>
            <gpxtpx:hr>184</gpxtpx:hr>
          </gpxtpx:TrackPointExtension>
        </extensions>
      </trkpt>
      <trkpt lat="31.23374684173916" lon="121.62847220375534">
        <ele>4.3738611014559865</ele>
        <time>1970-01-01T00:31:15.500000Z</time>
        <extensions>
          <gpxtpx:TrackPointExtension>
            <gpxtpx:hr>184</gpxtpx:hr>
          </gpxtpx:TrackPointExtension>
        </extensions>
      </trkpt>
      <trkpt lat="31.23376248814322" lon="121.62846987136953">
        <ele>4.421804256737232</ele>
        <time>1970-01-01T00:31:16.500000Z</time>
        <extensions>
          <gpxtpx:TrackPointExtension>
            <gpxtpx:hr>184</gpxtpx:hr>
          </gpxtpx:TrackPointExtension>
        </extensions>
      </trkpt>
      <trkpt lat="31.233781754084358" lon="121.62845753860954">
        <ele>4.47549869120121</ele>
        <time>1970-01-01T00:31:17.500000Z</time>
        <extensions>
          <gpxtpx:TrackPointExtension>
            <gpxtpx:hr>184</gpxtpx:hr>
          </gpxtpx:TrackPointExtension>
        </extensions>
      </trkpt>
      <trkpt lat="31.23380273635406" lon="121.62843626953872">
        <ele>4.5340809263288975</ele>
        <time>1970-01-01T00:31:18.500000Z</time>
        <extensions>
          <gpxtpx:TrackPointExtension>
            <gpxtpx:hr>183</gpxtpx:hr>
          </gpxtpx:TrackPointExtension>
        </extensions>
      </trkpt>
      <trkpt lat="31.233824102960785" lon="121.62840738120603">
        <ele>4.596556914038956</ele>
        <time>1970-01-01T00:31:19.500000Z</time>
        <extensions>
          <gpxtpx:TrackPointExtension>
            <gpxtpx:hr>183</gpxtpx:hr>
          </gpxtpx:TrackPointExtension>
        </extensions>
      </trkpt>
      <trkpt lat="31.233844518909564" lon="121.62837310898009">
        <ele>4.661435720510781</ele>
        <time>1970-01-01T00:31:20.500000Z</time>
        <extensions>
          <gpxtpx:TrackPointExtension>
            <gpxtpx:hr>183</gpxtpx:hr>
          </gpxtpx:TrackPointExtension>
        </extensions>
      </trkpt>
      <trkpt lat="31.233863099219313" lon="121.62833697415596">
        <ele>4.7270474107936025</ele>
        <time>1970-01-01T00:31:21.500000Z</time>
        <extensions>
          <gpxtpx:TrackPointExtension>
            <gpxtpx:hr>181</gpxtpx:hr>
          </gpxtpx:TrackPointExtension>
        </extensions>
      </trkpt>
      <trkpt lat="31.233879505723344" lon="121.62830117289461">
        <ele>4.791656939312816</ele>
        <time>1970-01-01T00:31:22.500000Z</time>
        <extensions>
          <gpxtpx:TrackPointExtension>
            <gpxtpx:hr>181</gpxtpx:hr>
          </gpxtpx:TrackPointExtension>
        </extensions>
      </trkpt>
      <trkpt lat="31.233894442871573" lon="121.62826700020545">
        <ele>4.8531075064092875</ele>
        <time>1970-01-01T00:31:23.500000Z</time>
        <extensions>
          <gpxtpx:TrackPointExtension>
            <gpxtpx:hr>181</gpxtpx:hr>
          </gpxtpx:TrackPointExtension>
        </extensions>
      </trkpt>
      <trkpt lat="31.233909678920195" lon="121.62823620376729">
        <ele>4.909282987006009</ele>
        <time>1970-01-01T00:31:24.500000Z</time>
        <extensions>
          <gpxtpx:TrackPointExtension>
            <gpxtpx:hr>181</gpxtpx:hr>
          </gpxtpx:TrackPointExtension>
        </extensions>
      </trkpt>
      <trkpt lat="31.23392679234199" lon="121.62821055934636">
        <ele>4.958639699965715</ele>
        <time>1970-01-01T00:31:25.500000Z</time>
        <extensions>
          <gpxtpx:TrackPointExtension>
            <gpxtpx:hr>181</gpxtpx:hr>
          </gpxtpx:TrackPointExtension>
        </extensions>
      </trkpt>
      <trkpt lat="31.233946715004524" lon="121.628191844459">
        <ele>5.000274304300547</ele>
        <time>1970-01-01T00:31:26.500000Z</time>
        <extensions>
          <gpxtpx:TrackPointExtension>
            <gpxtpx:hr>180</gpxtpx:hr>
          </gpxtpx:TrackPointExtension>
        </extensions>
      </trkpt>
      <trkpt lat="31.23396951937361" lon="121.62818003050117">
        <ele>5.033630665391684</ele>
        <time>1970-01-01T00:31:27.500000Z</time>
        <extensions>
          <gpxtpx:TrackPointExtension>
            <gpxtpx:hr>180</gpxtpx:hr>
          </gpxtpx:TrackPointExtension>
        </extensions>
      </trkpt>
      <trkpt lat="31.2339944602389" lon="121.62817284907106">
        <ele>5.0584874246269464</ele>
        <time>1970-01-01T00:31:28.500000Z</time>
        <extensions>
          <gpxtpx:TrackPointExtension>
            <gpxtpx:hr>180</gpxtpx:hr>
          </gpxtpx:TrackPointExtension>
        </extensions>
      </trkpt>
      <trkpt lat="31.234020090659214" lon="121.6281688993564">
        <ele>5.075072158128023</ele>
        <time>1970-01-01T00:31:29.500000Z</time>
        <extensions>
          <gpxtpx:TrackPointExtension>
            <gpxtpx:hr>180</gpxtpx:hr>
          </gpxtpx:TrackPointExtension>
        </extensions>
      </trkpt>
      <trkpt lat="31.23404574663342" lon="121.62816793121058">
        <ele>5.0839345110580325</ele>
        <time>1970-01-01T00:31:30.500000Z</time>
        <extensions>
          <gpxtpx:TrackPointExtension>
            <gpxtpx:hr>180</gpxtpx:hr>
          </gpxtpx:TrackPointExtension>
        </extensions>
      </trkpt>
      <trkpt lat="31.23407154090927" lon="121.62816922644117">
        <ele>5.086229609325528</ele>
        <time>1970-01-01T00:31:31.500000Z</time>
        <extensions>
          <gpxtpx:TrackPointExtension>
            <gpxtpx:hr>181</gpxtpx:hr>
          </gpxtpx:TrackPointExtension>
        </extensions>
      </trkpt>
      <trkpt lat="31.234097138316262" lon="121.62817168643883">
        <ele>5.083618042990565</ele>
        <time>1970-01-01T00:31:32.500000Z</time>
        <extensions>
          <gpxtpx:TrackPointExtension>
            <gpxtpx:hr>181</gpxtpx:hr>
          </gpxtpx:TrackPointExtension>
        </extensions>
      </trkpt>
      <trkpt lat="31.23412245941898" lon="121.62817468789115">
        <ele>5.07777984905988</ele>
        <time>1970-01-01T00:31:33.500000Z</time>
        <extensions>
          <gpxtpx:TrackPointExtension>
            <gpxtpx:hr>181</gpxtpx:hr>
          </gpxtpx:TrackPointExtension>
        </extensions>
      </trkpt>
      <trkpt lat="31.234148035272362" lon="121.62817824331884">
        <ele>5.070219018496573</ele>
        <time>1970-01-01T00:31:34.500000Z</time>
        <extensions>
          <gpxtpx:TrackPointExtension>
            <gpxtpx:hr>181</gpxtpx:hr>
          </gpxtpx:TrackPointExtension>
        </extensions>
      </trkpt>
      <trkpt lat="31.23417437493259" lon="121.62818248390407">
        <ele>5.061819325201213</ele>
        <time>1970-01-01T00:31:35.500000Z</time>
        <extensions>
          <gpxtpx:TrackPointExtension>
            <gpxtpx:hr>181</gpxtpx:hr>
          </gpxtpx:TrackPointExtension>
        </extensions>
      </trkpt>
      <trkpt lat="31.23420122774754" lon="121.62818747364713">
        <ele>5.052746103145182</ele>
        <time>1970-01-01T00:31:36.500000Z</time>
        <extensions>
          <gpxtpx:TrackPointExtension>
            <gpxtpx:hr>181</gpxtpx:hr>
          </gpxtpx:TrackPointExtension>
        </extensions>
      </trkpt>
      <trkpt lat="31.234228258033536" lon="121.62819296692147">
        <ele>5.0428474601358175</ele>
        <time>1970-01-01T00:31:37.500000Z</time>
        <extensions>
          <gpxtpx:TrackPointExtension>
            <gpxtpx:hr>182</gpxtpx:hr>
          </gpxtpx:TrackPointExtension>
        </extensions>
      </trkpt>
      <trkpt lat="31.234255278751647" lon="121.62819896697408">
        <ele>5.032014636322856</ele>
        <time>1970-01-01T00:31:38.500000Z</time>
        <extensions>
          <gpxtpx:TrackPointExtension>
            <gpxtpx:hr>182</gpxtpx:hr>
          </gpxtpx:TrackPointExtension>
        </extensions>
      </trkpt>
      <trkpt lat="31.234282363849687" lon="121.62820567535212">
        <ele>5.02019924018532</ele>
        <time>1970-01-01T00:31:39.500000Z</time>
        <extensions>
          <gpxtpx:TrackPointExtension>
            <gpxtpx:hr>182</gpxtpx:hr>
          </gpxtpx:TrackPointExtension>
        </extensions>
      </trkpt>
      <trkpt lat="31.23430978495184" lon="121.62821276181067">
        <ele>5.006973196752369</ele>
        <time>1970-01-01T00:31:40.500000Z</time>
        <extensions>
          <gpxtpx:TrackPointExtension>
            <gpxtpx:hr>182</gpxtpx:hr>
          </gpxtpx:TrackPointExtension>
        </extensions>
      </trkpt>
      <trkpt lat="31.234337297925002" lon="121.628220058232">
        <ele>4.991680012084544</ele>
        <time>1970-01-01T00:31:41.500000Z</time>
        <extensions>
          <gpxtpx:TrackPointExtension>
            <gpxtpx:hr>182</gpxtpx:hr>
          </gpxtpx:TrackPointExtension>
        </extensions>
      </trkpt>
      <trkpt lat="31.234364638797484" lon="121.62822750222156">
        <ele>4.974230630323291</ele>
        <time>1970-01-01T00:31:42.500000Z</time>
        <extensions>
          <gpxtpx:TrackPointExtension>
            <gpxtpx:hr>182</gpxtpx:hr>
          </gpxtpx:TrackPointExtension>
        </extensions>
      </trkpt>
      <trkpt lat="31.23439184476188" lon="121.62823469184353">
        <ele>4.955204460769892</ele>
        <time>1970-01-01T00:31:43.500000Z</time>
        <extensions>
          <gpxtpx:TrackPointExtension>
            <gpxtpx:hr>182</gpxtpx:hr>
          </gpxtpx:TrackPointExtension>
        </extensions>
      </trkpt>
      <trkpt lat="31.234418795270773" lon="121.62824158755768">
        <ele>4.935584728606045</ele>
        <time>1970-01-01T00:31:44.500000Z</time>
        <extensions>
          <gpxtpx:TrackPointExtension>
            <gpxtpx:hr>182</gpxtpx:hr>
          </gpxtpx:TrackPointExtension>
        </extensions>
      </trkpt>
      <trkpt lat="31.234445489396887" lon="121.62824848760626">
        <ele>4.91647769138217</ele>
        <time>1970-01-01T00:31:45.500000Z</time>
        <extensions>
          <gpxtpx:TrackPointExtension>
            <gpxtpx:hr>182</gpxtpx:hr>
          </gpxtpx:TrackPointExtension>
        </extensions>
      </trkpt>
      <trkpt lat="31.234472164861472" lon="121.62825546809145">
        <ele>4.898634078912437</ele>
        <time>1970-01-01T00:31:46.500000Z</time>
        <extensions>
          <gpxtpx:TrackPointExtension>
            <gpxtpx:hr>182</gpxtpx:hr>
          </gpxtpx:TrackPointExtension>
        </extensions>
      </trkpt>
      <trkpt lat="31.23449897637758" lon="121.62826263308875">
        <ele>4.882144648581743</ele>
        <time>1970-01-01T00:31:47.600000Z</time>
        <extensions>
          <gpxtpx:TrackPointExtension>
            <gpxtpx:hr>182</gpxtpx:hr>
          </gpxtpx:TrackPointExtension>
        </extensions>
      </trkpt>
      <trkpt lat="31.23452618621147" lon="121.62827001876072">
        <ele>4.866688144393265</ele>
        <time>1970-01-01T00:31:48.600000Z</time>
        <extensions>
          <gpxtpx:TrackPointExtension>
            <gpxtpx:hr>186</gpxtpx:hr>
          </gpxtpx:TrackPointExtension>
        </extensions>
      </trkpt>
      <trkpt lat="31.23455396947858" lon="121.62827727397017">
        <ele>4.8522629626095295</ele>
        <time>1970-01-01T00:31:49.600000Z</time>
        <extensions>
          <gpxtpx:TrackPointExtension>
            <gpxtpx:hr>186</gpxtpx:hr>
          </gpxtpx:TrackPointExtension>
        </extensions>
      </trkpt>
      <trkpt lat="31.234581987092962" lon="121.62828437972397">
        <ele>4.83953442890197</ele>
        <time>1970-01-01T00:31:50.600000Z</time>
        <extensions>
          <gpxtpx:TrackPointExtension>
            <gpxtpx:hr>186</gpxtpx:hr>
          </gpxtpx:TrackPointExtension>
        </extensions>
      </trkpt>
      <trkpt lat="31.234609941057112" lon="121.62829136888163">
        <ele>4.829752316698432</ele>
        <time>1970-01-01T00:31:51.600000Z</time>
        <extensions>
          <gpxtpx:TrackPointExtension>
            <gpxtpx:hr>186</gpxtpx:hr>
          </gpxtpx:TrackPointExtension>
        </extensions>
      </trkpt>
      <trkpt lat="31.234637769261667" lon="121.62829797458963">
        <ele>4.824178664013743</ele>
        <time>1970-01-01T00:31:52.600000Z</time>
        <extensions>
          <gpxtpx:TrackPointExtension>
            <gpxtpx:hr>186</gpxtpx:hr>
          </gpxtpx:TrackPointExtension>
        </extensions>
      </trkpt>
      <trkpt lat="31.234665374695567" lon="121.6283042190174">
        <ele>4.823604304343462</ele>
        <time>1970-01-01T00:31:53.600000Z</time>
        <extensions>
          <gpxtpx:TrackPointExtension>
            <gpxtpx:hr>186</gpxtpx:hr>
          </gpxtpx:TrackPointExtension>
        </extensions>
      </trkpt>
      <trkpt lat="31.234692815672226" lon="121.62831028268936">
        <ele>4.828544775955379</ele>
        <time>1970-01-01T00:31:54.600000Z</time>
        <extensions>
          <gpxtpx:TrackPointExtension>
            <gpxtpx:hr>186</gpxtpx:hr>
          </gpxtpx:TrackPointExtension>
        </extensions>
      </trkpt>
      <trkpt lat="31.234720156733342" lon="121.62831610745454">
        <ele>4.839232752099633</ele>
        <time>1970-01-01T00:31:55.600000Z</time>
        <extensions>
          <gpxtpx:TrackPointExtension>
            <gpxtpx:hr>186</gpxtpx:hr>
          </gpxtpx:TrackPointExtension>
        </extensions>
      </trkpt>
      <trkpt lat="31.234747243255764" lon="121.62832181525242">
        <ele>4.855645413510501</ele>
        <time>1970-01-01T00:31:56.600000Z</time>
        <extensions>
          <gpxtpx:TrackPointExtension>
            <gpxtpx:hr>186</gpxtpx:hr>
          </gpxtpx:TrackPointExtension>
        </extensions>
      </trkpt>
      <trkpt lat="31.234774061071022" lon="121.62832751438188">
        <ele>4.8778159730136395</ele>
        <time>1970-01-01T00:31:57.600000Z</time>
        <extensions>
          <gpxtpx:TrackPointExtension>
            <gpxtpx:hr>186</gpxtpx:hr>
          </gpxtpx:TrackPointExtension>
        </extensions>
      </trkpt>
      <trkpt lat="31.234800676143905" lon="121.62833277420644">
        <ele>4.905343795195222</ele>
        <time>1970-01-01T00:31:58.600000Z</time>
        <extensions>
          <gpxtpx:TrackPointExtension>
            <gpxtpx:hr>187</gpxtpx:hr>
          </gpxtpx:TrackPointExtension>
        </extensions>
      </trkpt>
      <trkpt lat="31.234826942706388" lon="121.62833744364795">
        <ele>4.936793839558959</ele>
        <time>1970-01-01T00:31:59.600000Z</time>
        <extensions>
          <gpxtpx:TrackPointExtension>
            <gpxtpx:hr>187</gpxtpx:hr>
          </gpxtpx:TrackPointExtension>
        </extensions>
      </trkpt>
      <trkpt lat="31.23485287600558" lon="121.62834167480446">
        <ele>4.970326686277986</ele>
        <time>1970-01-01T00:32:00.600000Z</time>
        <extensions>
          <gpxtpx:TrackPointExtension>
            <gpxtpx:hr>187</gpxtpx:hr>
          </gpxtpx:TrackPointExtension>
        </extensions>
      </trkpt>
      <trkpt lat="31.234878586561138" lon="121.62834577941042">
        <ele>5.0043197283521295</ele>
        <time>1970-01-01T00:32:01.600000Z</time>
        <extensions>
          <gpxtpx:TrackPointExtension>
            <gpxtpx:hr>186</gpxtpx:hr>
          </gpxtpx:TrackPointExtension>
        </extensions>
      </trkpt>
      <trkpt lat="31.234904363037163" lon="121.62835003716897">
        <ele>5.037065727636218</ele>
        <time>1970-01-01T00:32:02.600000Z</time>
        <extensions>
          <gpxtpx:TrackPointExtension>
            <gpxtpx:hr>186</gpxtpx:hr>
          </gpxtpx:TrackPointExtension>
        </extensions>
      </trkpt>
      <trkpt lat="31.23493086650153" lon="121.62835423400014">
        <ele>5.0664990320801735</ele>
        <time>1970-01-01T00:32:03.600000Z</time>
        <extensions>
          <gpxtpx:TrackPointExtension>
            <gpxtpx:hr>186</gpxtpx:hr>
          </gpxtpx:TrackPointExtension>
        </extensions>
      </trkpt>
      <trkpt lat="31.23495856561442" lon="121.62835809347955">
        <ele>5.09067589789629</ele>
        <time>1970-01-01T00:32:04.600000Z</time>
        <extensions>
          <gpxtpx:TrackPointExtension>
            <gpxtpx:hr>186</gpxtpx:hr>
          </gpxtpx:TrackPointExtension>
        </extensions>
      </trkpt>
      <trkpt lat="31.23498712313581" lon="121.62836175085188">
        <ele>5.108242213726044</ele>
        <time>1970-01-01T00:32:05.600000Z</time>
        <extensions>
          <gpxtpx:TrackPointExtension>
            <gpxtpx:hr>186</gpxtpx:hr>
          </gpxtpx:TrackPointExtension>
        </extensions>
      </trkpt>
      <trkpt lat="31.235015693811903" lon="121.6283652036086">
        <ele>5.118400186300278</ele>
        <time>1970-01-01T00:32:06.600000Z</time>
        <extensions>
          <gpxtpx:TrackPointExtension>
            <gpxtpx:hr>186</gpxtpx:hr>
          </gpxtpx:TrackPointExtension>
        </extensions>
      </trkpt>
      <trkpt lat="31.235043811362463" lon="121.62836815243713">
        <ele>5.1206499906256795</ele>
        <time>1970-01-01T00:32:07.600000Z</time>
        <extensions>
          <gpxtpx:TrackPointExtension>
            <gpxtpx:hr>186</gpxtpx:hr>
          </gpxtpx:TrackPointExtension>
        </extensions>
      </trkpt>
      <trkpt lat="31.23507122839025" lon="121.62837108011986">
        <ele>5.114601096138358</ele>
        <time>1970-01-01T00:32:08.600000Z</time>
        <extensions>
          <gpxtpx:TrackPointExtension>
            <gpxtpx:hr>186</gpxtpx:hr>
          </gpxtpx:TrackPointExtension>
        </extensions>
      </trkpt>
      <trkpt lat="31.235097761745894" lon="121.62837478137772">
        <ele>5.100305866450071</ele>
        <time>1970-01-01T00:32:09.600000Z</time>
        <extensions>
          <gpxtpx:TrackPointExtension>
            <gpxtpx:hr>186</gpxtpx:hr>
          </gpxtpx:TrackPointExtension>
        </extensions>
      </trkpt>
      <trkpt lat="31.235123698440777" lon="121.62837982953717">
        <ele>5.07836786005646</ele>
        <time>1970-01-01T00:32:10.600000Z</time>
        <extensions>
          <gpxtpx:TrackPointExtension>
            <gpxtpx:hr>186</gpxtpx:hr>
          </gpxtpx:TrackPointExtension>
        </extensions>
      </trkpt>
      <trkpt lat="31.23514937665847" lon="121.62838625852156">
        <ele>5.049472424201667</ele>
        <time>1970-01-01T00:32:11.600000Z</time>
        <extensions>
          <gpxtpx:TrackPointExtension>
            <gpxtpx:hr>186</gpxtpx:hr>
          </gpxtpx:TrackPointExtension>
        </extensions>
      </trkpt>
      <trkpt lat="31.235175013831363" lon="121.6283929676099">
        <ele>5.014617920853198</ele>
        <time>1970-01-01T00:32:12.600000Z</time>
        <extensions>
          <gpxtpx:TrackPointExtension>
            <gpxtpx:hr>186</gpxtpx:hr>
          </gpxtpx:TrackPointExtension>
        </extensions>
      </trkpt>
      <trkpt lat="31.2352009472782" lon="121.62839925038223">
        <ele>4.975417378358543</ele>
        <time>1970-01-01T00:32:13.600000Z</time>
        <extensions>
          <gpxtpx:TrackPointExtension>
            <gpxtpx:hr>186</gpxtpx:hr>
          </gpxtpx:TrackPointExtension>
        </extensions>
      </trkpt>
      <trkpt lat="31.235227213664572" lon="121.62840559560468">
        <ele>4.933768663555384</ele>
        <time>1970-01-01T00:32:14.600000Z</time>
        <extensions>
          <gpxtpx:TrackPointExtension>
            <gpxtpx:hr>186</gpxtpx:hr>
          </gpxtpx:TrackPointExtension>
        </extensions>
      </trkpt>
      <trkpt lat="31.235253729691024" lon="121.62841248502825">
        <ele>4.89157060533762</ele>
        <time>1970-01-01T00:32:15.600000Z</time>
        <extensions>
          <gpxtpx:TrackPointExtension>
            <gpxtpx:hr>186</gpxtpx:hr>
          </gpxtpx:TrackPointExtension>
        </extensions>
      </trkpt>
      <trkpt lat="31.23528040200005" lon="121.62842023690814">
        <ele>4.85063836351037</ele>
        <time>1970-01-01T00:32:16.600000Z</time>
        <extensions>
          <gpxtpx:TrackPointExtension>
            <gpxtpx:hr>186</gpxtpx:hr>
          </gpxtpx:TrackPointExtension>
        </extensions>
      </trkpt>
      <trkpt lat="31.235306745043385" lon="121.62842895455731">
        <ele>4.813008929602802</ele>
        <time>1970-01-01T00:32:17.600000Z</time>
        <extensions>
          <gpxtpx:TrackPointExtension>
            <gpxtpx:hr>186</gpxtpx:hr>
          </gpxtpx:TrackPointExtension>
        </extensions>
      </trkpt>
      <trkpt lat="31.23533257257348" lon="121.62843754270042">
        <ele>4.781109571456909</ele>
        <time>1970-01-01T00:32:18.600000Z</time>
        <extensions>
          <gpxtpx:TrackPointExtension>
            <gpxtpx:hr>186</gpxtpx:hr>
          </gpxtpx:TrackPointExtension>
        </extensions>
      </trkpt>
      <trkpt lat="31.23535819191762" lon="121.62844469638615">
        <ele>4.757519140839577</ele>
        <time>1970-01-01T00:32:19.600000Z</time>
        <extensions>
          <gpxtpx:TrackPointExtension>
            <gpxtpx:hr>186</gpxtpx:hr>
          </gpxtpx:TrackPointExtension>
        </extensions>
      </trkpt>
      <trkpt lat="31.235383757953237" lon="121.62845022822859">
        <ele>4.744931689463556</ele>
        <time>1970-01-01T00:32:20.600000Z</time>
        <extensions>
          <gpxtpx:TrackPointExtension>
            <gpxtpx:hr>186</gpxtpx:hr>
          </gpxtpx:TrackPointExtension>
        </extensions>
      </trkpt>
      <trkpt lat="31.235409183896635" lon="121.62845449623441">
        <ele>4.745340599678457</ele>
        <time>1970-01-01T00:32:21.600000Z</time>
        <extensions>
          <gpxtpx:TrackPointExtension>
            <gpxtpx:hr>186</gpxtpx:hr>
          </gpxtpx:TrackPointExtension>
        </extensions>
      </trkpt>
      <trkpt lat="31.23543489874515" lon="121.62845770660603">
        <ele>4.75913011841476</ele>
        <time>1970-01-01T00:32:22.700000Z</time>
        <extensions>
          <gpxtpx:TrackPointExtension>
            <gpxtpx:hr>186</gpxtpx:hr>
          </gpxtpx:TrackPointExtension>
        </extensions>
      </trkpt>
      <trkpt lat="31.235461261628576" lon="121.62846028771358">
        <ele>4.785462629981339</ele>
        <time>1970-01-01T00:32:23.700000Z</time>
        <extensions>
          <gpxtpx:TrackPointExtension>
            <gpxtpx:hr>187</gpxtpx:hr>
          </gpxtpx:TrackPointExtension>
        </extensions>
      </trkpt>
      <trkpt lat="31.235487765823724" lon="121.62846268225567">
        <ele>4.822811296209693</ele>
        <time>1970-01-01T00:32:24.700000Z</time>
        <extensions>
          <gpxtpx:TrackPointExtension>
            <gpxtpx:hr>187</gpxtpx:hr>
          </gpxtpx:TrackPointExtension>
        </extensions>
      </trkpt>
      <trkpt lat="31.23551418794619" lon="121.6284647313029">
        <ele>4.869309540838003</ele>
        <time>1970-01-01T00:32:25.700000Z</time>
        <extensions>
          <gpxtpx:TrackPointExtension>
            <gpxtpx:hr>187</gpxtpx:hr>
          </gpxtpx:TrackPointExtension>
        </extensions>
      </trkpt>
      <trkpt lat="31.235540953981246" lon="121.6284663459356">
        <ele>4.922938311472535</ele>
        <time>1970-01-01T00:32:26.700000Z</time>
        <extensions>
          <gpxtpx:TrackPointExtension>
            <gpxtpx:hr>187</gpxtpx:hr>
          </gpxtpx:TrackPointExtension>
        </extensions>
      </trkpt>
      <trkpt lat="31.235568253784415" lon="121.62846790979417">
        <ele>4.981661603786051</ele>
        <time>1970-01-01T00:32:27.700000Z</time>
        <extensions>
          <gpxtpx:TrackPointExtension>
            <gpxtpx:hr>187</gpxtpx:hr>
          </gpxtpx:TrackPointExtension>
        </extensions>
      </trkpt>
      <trkpt lat="31.235596010429887" lon="121.62846957261262">
        <ele>5.0440869918093085</ele>
        <time>1970-01-01T00:32:28.700000Z</time>
        <extensions>
          <gpxtpx:TrackPointExtension>
            <gpxtpx:hr>187</gpxtpx:hr>
          </gpxtpx:TrackPointExtension>
        </extensions>
      </trkpt>
      <trkpt lat="31.235623981141423" lon="121.62847156786258">
        <ele>5.109565865248442</ele>
        <time>1970-01-01T00:32:29.700000Z</time>
        <extensions>
          <gpxtpx:TrackPointExtension>
            <gpxtpx:hr>187</gpxtpx:hr>
          </gpxtpx:TrackPointExtension>
        </extensions>
      </trkpt>
      <trkpt lat="31.235651618375822" lon="121.62847395015548">
        <ele>5.177443193271756</ele>
        <time>1970-01-01T00:32:30.700000Z</time>
        <extensions>
          <gpxtpx:TrackPointExtension>
            <gpxtpx:hr>187</gpxtpx:hr>
          </gpxtpx:TrackPointExtension>
        </extensions>
      </trkpt>
      <trkpt lat="31.235678855900822" lon="121.62847577598346">
        <ele>5.246659531258047</ele>
        <time>1970-01-01T00:32:31.700000Z</time>
        <extensions>
          <gpxtpx:TrackPointExtension>
            <gpxtpx:hr>187</gpxtpx:hr>
          </gpxtpx:TrackPointExtension>
        </extensions>
      </trkpt>
      <trkpt lat="31.235706046950074" lon="121.62847649079056">
        <ele>5.316185069270432</ele>
        <time>1970-01-01T00:32:32.700000Z</time>
        <extensions>
          <gpxtpx:TrackPointExtension>
            <gpxtpx:hr>188</gpxtpx:hr>
          </gpxtpx:TrackPointExtension>
        </extensions>
      </trkpt>
      <trkpt lat="31.235733216565418" lon="121.62847583682846">
        <ele>5.385433357208967</ele>
        <time>1970-01-01T00:32:33.700000Z</time>
        <extensions>
          <gpxtpx:TrackPointExtension>
            <gpxtpx:hr>188</gpxtpx:hr>
          </gpxtpx:TrackPointExtension>
        </extensions>
      </trkpt>
      <trkpt lat="31.235760398552955" lon="121.62847321104427">
        <ele>5.454107418656349</ele>
        <time>1970-01-01T00:32:34.700000Z</time>
        <extensions>
          <gpxtpx:TrackPointExtension>
            <gpxtpx:hr>188</gpxtpx:hr>
          </gpxtpx:TrackPointExtension>
        </extensions>
      </trkpt>
      <trkpt lat="31.235787802418052" lon="121.62846885435526">
        <ele>5.522031445987523</ele>
        <time>1970-01-01T00:32:35.700000Z</time>
        <extensions>
          <gpxtpx:TrackPointExtension>
            <gpxtpx:hr>188</gpxtpx:hr>
          </gpxtpx:TrackPointExtension>
        </extensions>
      </trkpt>
      <trkpt lat="31.235815206312374" lon="121.62846387796523">
        <ele>5.589050120674074</ele>
        <time>1970-01-01T00:32:36.700000Z</time>
        <extensions>
          <gpxtpx:TrackPointExtension>
            <gpxtpx:hr>188</gpxtpx:hr>
          </gpxtpx:TrackPointExtension>
        </extensions>
      </trkpt>
      <trkpt lat="31.23584247419159" lon="121.62845942251398">
        <ele>5.654805711470544</ele>
        <time>1970-01-01T00:32:37.700000Z</time>
        <extensions>
          <gpxtpx:TrackPointExtension>
            <gpxtpx:hr>188</gpxtpx:hr>
          </gpxtpx:TrackPointExtension>
        </extensions>
      </trkpt>
      <trkpt lat="31.23586978740391" lon="121.6284564034246">
        <ele>5.7187059838324785</ele>
        <time>1970-01-01T00:32:38.700000Z</time>
        <extensions>
          <gpxtpx:TrackPointExtension>
            <gpxtpx:hr>188</gpxtpx:hr>
          </gpxtpx:TrackPointExtension>
        </extensions>
      </trkpt>
      <trkpt lat="31.235897092668814" lon="121.62845525578898">
        <ele>5.779884669929743</ele>
        <time>1970-01-01T00:32:39.700000Z</time>
        <extensions>
          <gpxtpx:TrackPointExtension>
            <gpxtpx:hr>188</gpxtpx:hr>
          </gpxtpx:TrackPointExtension>
        </extensions>
      </trkpt>
      <trkpt lat="31.235924606530137" lon="121.6284556021636">
        <ele>5.837245354428887</ele>
        <time>1970-01-01T00:32:40.700000Z</time>
        <extensions>
          <gpxtpx:TrackPointExtension>
            <gpxtpx:hr>188</gpxtpx:hr>
          </gpxtpx:TrackPointExtension>
        </extensions>
      </trkpt>
      <trkpt lat="31.235952571824214" lon="121.62845721901715">
        <ele>5.889878491871059</ele>
        <time>1970-01-01T00:32:41.700000Z</time>
        <extensions>
          <gpxtpx:TrackPointExtension>
            <gpxtpx:hr>188</gpxtpx:hr>
          </gpxtpx:TrackPointExtension>
        </extensions>
      </trkpt>
      <trkpt lat="31.2359806367945" lon="121.62846033262944">
        <ele>5.937533296644688</ele>
        <time>1970-01-01T00:32:42.700000Z</time>
        <extensions>
          <gpxtpx:TrackPointExtension>
            <gpxtpx:hr>188</gpxtpx:hr>
          </gpxtpx:TrackPointExtension>
        </extensions>
      </trkpt>
      <trkpt lat="31.23600843128716" lon="121.62846294099717">
        <ele>5.980842554010451</ele>
        <time>1970-01-01T00:32:43.700000Z</time>
        <extensions>
          <gpxtpx:TrackPointExtension>
            <gpxtpx:hr>188</gpxtpx:hr>
          </gpxtpx:TrackPointExtension>
        </extensions>
      </trkpt>
      <trkpt lat="31.23603605119141" lon="121.62846360523784">
        <ele>6.020745507441461</ele>
        <time>1970-01-01T00:32:44.700000Z</time>
        <extensions>
          <gpxtpx:TrackPointExtension>
            <gpxtpx:hr>188</gpxtpx:hr>
          </gpxtpx:TrackPointExtension>
        </extensions>
      </trkpt>
      <trkpt lat="31.23606370961228" lon="121.62846370679733">
        <ele>6.057498351670802</ele>
        <time>1970-01-01T00:32:45.700000Z</time>
        <extensions>
          <gpxtpx:TrackPointExtension>
            <gpxtpx:hr>188</gpxtpx:hr>
          </gpxtpx:TrackPointExtension>
        </extensions>
      </trkpt>
      <trkpt lat="31.236091348370365" lon="121.62846410723832">
        <ele>6.090512907132506</ele>
        <time>1970-01-01T00:32:46.700000Z</time>
        <extensions>
          <gpxtpx:TrackPointExtension>
            <gpxtpx:hr>188</gpxtpx:hr>
          </gpxtpx:TrackPointExtension>
        </extensions>
      </trkpt>
      <trkpt lat="31.236118854663655" lon="121.62846492289886">
        <ele>6.119147649034858</ele>
        <time>1970-01-01T00:32:47.700000Z</time>
        <extensions>
          <gpxtpx:TrackPointExtension>
            <gpxtpx:hr>188</gpxtpx:hr>
          </gpxtpx:TrackPointExtension>
        </extensions>
      </trkpt>
      <trkpt lat="31.236146069523294" lon="121.62846642847632">
        <ele>6.143283610232174</ele>
        <time>1970-01-01T00:32:48.700000Z</time>
        <extensions>
          <gpxtpx:TrackPointExtension>
            <gpxtpx:hr>188</gpxtpx:hr>
          </gpxtpx:TrackPointExtension>
        </extensions>
      </trkpt>
      <trkpt lat="31.236172722158752" lon="121.6284686193107">
        <ele>6.163436951115727</ele>
        <time>1970-01-01T00:32:49.700000Z</time>
        <extensions>
          <gpxtpx:TrackPointExtension>
            <gpxtpx:hr>188</gpxtpx:hr>
          </gpxtpx:TrackPointExtension>
        </extensions>
      </trkpt>
      <trkpt lat="31.236198752556795" lon="121.6284711156315">
        <ele>6.179999897256494</ele>
        <time>1970-01-01T00:32:50.700000Z</time>
        <extensions>
          <gpxtpx:TrackPointExtension>
            <gpxtpx:hr>188</gpxtpx:hr>
          </gpxtpx:TrackPointExtension>
        </extensions>
      </trkpt>
      <trkpt lat="31.236224162676095" lon="121.62847393588872">
        <ele>6.192709848284721</ele>
        <time>1970-01-01T00:32:51.700000Z</time>
        <extensions>
          <gpxtpx:TrackPointExtension>
            <gpxtpx:hr>188</gpxtpx:hr>
          </gpxtpx:TrackPointExtension>
        </extensions>
      </trkpt>
      <trkpt lat="31.236248648576193" lon="121.62847703504205">
        <ele>6.201118906028569</ele>
        <time>1970-01-01T00:32:52.700000Z</time>
        <extensions>
          <gpxtpx:TrackPointExtension>
            <gpxtpx:hr>189</gpxtpx:hr>
          </gpxtpx:TrackPointExtension>
        </extensions>
      </trkpt>
      <trkpt lat="31.23627217604434" lon="121.62848005562513">
        <ele>6.205260621383786</ele>
        <time>1970-01-01T00:32:53.700000Z</time>
        <extensions>
          <gpxtpx:TrackPointExtension>
            <gpxtpx:hr>189</gpxtpx:hr>
          </gpxtpx:TrackPointExtension>
        </extensions>
      </trkpt>
      <trkpt lat="31.23629533273023" lon="121.6284831471196">
        <ele>6.206095548346639</ele>
        <time>1970-01-01T00:32:54.700000Z</time>
        <extensions>
          <gpxtpx:TrackPointExtension>
            <gpxtpx:hr>189</gpxtpx:hr>
          </gpxtpx:TrackPointExtension>
        </extensions>
      </trkpt>
      <trkpt lat="31.23631874447405" lon="121.62848630657726">
        <ele>6.205208349041641</ele>
        <time>1970-01-01T00:32:55.700000Z</time>
        <extensions>
          <gpxtpx:TrackPointExtension>
            <gpxtpx:hr>189</gpxtpx:hr>
          </gpxtpx:TrackPointExtension>
        </extensions>
      </trkpt>
      <trkpt lat="31.2363426981975" lon="121.62848918434594">
        <ele>6.20410380885005</ele>
        <time>1970-01-01T00:32:56.700000Z</time>
        <extensions>
          <gpxtpx:TrackPointExtension>
            <gpxtpx:hr>189</gpxtpx:hr>
          </gpxtpx:TrackPointExtension>
        </extensions>
      </trkpt>
      <trkpt lat="31.236367154843894" lon="121.62849196107734">
        <ele>6.203612150624394</ele>
        <time>1970-01-01T00:32:57.800000Z</time>
        <extensions>
          <gpxtpx:TrackPointExtension>
            <gpxtpx:hr>189</gpxtpx:hr>
          </gpxtpx:TrackPointExtension>
        </extensions>
      </trkpt>
      <trkpt lat="31.236391883695706" lon="121.62849460238455">
        <ele>6.203784056939185</ele>
        <time>1970-01-01T00:32:58.800000Z</time>
        <extensions>
          <gpxtpx:TrackPointExtension>
            <gpxtpx:hr>189</gpxtpx:hr>
          </gpxtpx:TrackPointExtension>
        </extensions>
      </trkpt>
      <trkpt lat="31.236416954268922" lon="121.62849673640926">
        <ele>6.204407194629312</ele>
        <time>1970-01-01T00:32:59.800000Z</time>
        <extensions>
          <gpxtpx:TrackPointExtension>
            <gpxtpx:hr>189</gpxtpx:hr>
          </gpxtpx:TrackPointExtension>
        </extensions>
      </trkpt>
      <trkpt lat="31.23644256294688" lon="121.62849852936067">
        <ele>6.205340153537691</ele>
        <time>1970-01-01T00:33:00.800000Z</time>
        <extensions>
          <gpxtpx:TrackPointExtension>
            <gpxtpx:hr>189</gpxtpx:hr>
          </gpxtpx:TrackPointExtension>
        </extensions>
      </trkpt>
      <trkpt lat="31.236468534979412" lon="121.62850007175463">
        <ele>6.206564209423959</ele>
        <time>1970-01-01T00:33:01.800000Z</time>
        <extensions>
          <gpxtpx:TrackPointExtension>
            <gpxtpx:hr>189</gpxtpx:hr>
          </gpxtpx:TrackPointExtension>
        </extensions>
      </trkpt>
      <trkpt lat="31.236494667233785" lon="121.62850105370876">
        <ele>6.2079002959653735</ele>
        <time>1970-01-01T00:33:02.800000Z</time>
        <extensions>
          <gpxtpx:TrackPointExtension>
            <gpxtpx:hr>189</gpxtpx:hr>
          </gpxtpx:TrackPointExtension>
        </extensions>
      </trkpt>
      <trkpt lat="31.236520952849236" lon="121.62850154994989">
        <ele>6.2084027118980885</ele>
        <time>1970-01-01T00:33:03.800000Z</time>
        <extensions>
          <gpxtpx:TrackPointExtension>
            <gpxtpx:hr>189</gpxtpx:hr>
          </gpxtpx:TrackPointExtension>
        </extensions>
      </trkpt>
      <trkpt lat="31.2365474987014" lon="121.62850172997297">
        <ele>6.206350916996598</ele>
        <time>1970-01-01T00:33:04.800000Z</time>
        <extensions>
          <gpxtpx:TrackPointExtension>
            <gpxtpx:hr>189</gpxtpx:hr>
          </gpxtpx:TrackPointExtension>
        </extensions>
      </trkpt>
      <trkpt lat="31.23657464431073" lon="121.62850129644623">
        <ele>6.200055163353682</ele>
        <time>1970-01-01T00:33:05.800000Z</time>
        <extensions>
          <gpxtpx:TrackPointExtension>
            <gpxtpx:hr>189</gpxtpx:hr>
          </gpxtpx:TrackPointExtension>
        </extensions>
      </trkpt>
      <trkpt lat="31.236602487053833" lon="121.62850029640305">
        <ele>6.188562890514731</ele>
        <time>1970-01-01T00:33:06.800000Z</time>
        <extensions>
          <gpxtpx:TrackPointExtension>
            <gpxtpx:hr>189</gpxtpx:hr>
          </gpxtpx:TrackPointExtension>
        </extensions>
      </trkpt>
      <trkpt lat="31.236630364252225" lon="121.62849904335748">
        <ele>6.171806237660348</ele>
        <time>1970-01-01T00:33:07.800000Z</time>
        <extensions>
          <gpxtpx:TrackPointExtension>
            <gpxtpx:hr>189</gpxtpx:hr>
          </gpxtpx:TrackPointExtension>
        </extensions>
      </trkpt>
      <trkpt lat="31.236657787097304" lon="121.62849753539753">
        <ele>6.150242759846151</ele>
        <time>1970-01-01T00:33:08.800000Z</time>
        <extensions>
          <gpxtpx:TrackPointExtension>
            <gpxtpx:hr>190</gpxtpx:hr>
          </gpxtpx:TrackPointExtension>
        </extensions>
      </trkpt>
      <trkpt lat="31.236685165470515" lon="121.62849584479048">
        <ele>6.1248081875965</ele>
        <time>1970-01-01T00:33:09.800000Z</time>
        <extensions>
          <gpxtpx:TrackPointExtension>
            <gpxtpx:hr>190</gpxtpx:hr>
          </gpxtpx:TrackPointExtension>
        </extensions>
      </trkpt>
      <trkpt lat="31.236712846800618" lon="121.62849405603612">
        <ele>6.097213080152869</ele>
        <time>1970-01-01T00:33:10.800000Z</time>
        <extensions>
          <gpxtpx:TrackPointExtension>
            <gpxtpx:hr>190</gpxtpx:hr>
          </gpxtpx:TrackPointExtension>
        </extensions>
      </trkpt>
      <trkpt lat="31.23674071598171" lon="121.62849212290791">
        <ele>6.069927502423525</ele>
        <time>1970-01-01T00:33:11.800000Z</time>
        <extensions>
          <gpxtpx:TrackPointExtension>
            <gpxtpx:hr>190</gpxtpx:hr>
          </gpxtpx:TrackPointExtension>
        </extensions>
      </trkpt>
      <trkpt lat="31.23676866706071" lon="121.628490258252">
        <ele>6.04571574088186</ele>
        <time>1970-01-01T00:33:12.800000Z</time>
        <extensions>
          <gpxtpx:TrackPointExtension>
            <gpxtpx:hr>190</gpxtpx:hr>
          </gpxtpx:TrackPointExtension>
        </extensions>
      </trkpt>
      <trkpt lat="31.236796498820553" lon="121.62848867587525">
        <ele>6.026649936102331</ele>
        <time>1970-01-01T00:33:13.800000Z</time>
        <extensions>
          <gpxtpx:TrackPointExtension>
            <gpxtpx:hr>190</gpxtpx:hr>
          </gpxtpx:TrackPointExtension>
        </extensions>
      </trkpt>
      <trkpt lat="31.23682399034264" lon="121.6284870754335">
        <ele>6.013841039501131</ele>
        <time>1970-01-01T00:33:14.800000Z</time>
        <extensions>
          <gpxtpx:TrackPointExtension>
            <gpxtpx:hr>190</gpxtpx:hr>
          </gpxtpx:TrackPointExtension>
        </extensions>
      </trkpt>
      <trkpt lat="31.236851258183883" lon="121.6284853815183">
        <ele>6.00785256549716</ele>
        <time>1970-01-01T00:33:15.800000Z</time>
        <extensions>
          <gpxtpx:TrackPointExtension>
            <gpxtpx:hr>190</gpxtpx:hr>
          </gpxtpx:TrackPointExtension>
        </extensions>
      </trkpt>
      <trkpt lat="31.236878587736733" lon="121.62848393085207">
        <ele>6.008824675343931</ele>
        <time>1970-01-01T00:33:16.800000Z</time>
        <extensions>
          <gpxtpx:TrackPointExtension>
            <gpxtpx:hr>190</gpxtpx:hr>
          </gpxtpx:TrackPointExtension>
        </extensions>
      </trkpt>
      <trkpt lat="31.236906129170723" lon="121.62848257968292">
        <ele>6.016641044057906</ele>
        <time>1970-01-01T00:33:17.800000Z</time>
        <extensions>
          <gpxtpx:TrackPointExtension>
            <gpxtpx:hr>190</gpxtpx:hr>
          </gpxtpx:TrackPointExtension>
        </extensions>
      </trkpt>
      <trkpt lat="31.236934066183338" lon="121.6284812495277">
        <ele>6.030874500051141</ele>
        <time>1970-01-01T00:33:18.800000Z</time>
        <extensions>
          <gpxtpx:TrackPointExtension>
            <gpxtpx:hr>191</gpxtpx:hr>
          </gpxtpx:TrackPointExtension>
        </extensions>
      </trkpt>
      <trkpt lat="31.23696225692633" lon="121.62848020310572">
        <ele>6.050489949062467</ele>
        <time>1970-01-01T00:33:19.800000Z</time>
        <extensions>
          <gpxtpx:TrackPointExtension>
            <gpxtpx:hr>191</gpxtpx:hr>
          </gpxtpx:TrackPointExtension>
        </extensions>
      </trkpt>
      <trkpt lat="31.23699027398524" lon="121.6284792554949">
        <ele>6.073972270824015</ele>
        <time>1970-01-01T00:33:20.800000Z</time>
        <extensions>
          <gpxtpx:TrackPointExtension>
            <gpxtpx:hr>191</gpxtpx:hr>
          </gpxtpx:TrackPointExtension>
        </extensions>
      </trkpt>
      <trkpt lat="31.237018026525355" lon="121.6284782248792">
        <ele>6.099662933498621</ele>
        <time>1970-01-01T00:33:21.800000Z</time>
        <extensions>
          <gpxtpx:TrackPointExtension>
            <gpxtpx:hr>191</gpxtpx:hr>
          </gpxtpx:TrackPointExtension>
        </extensions>
      </trkpt>
      <trkpt lat="31.237045423479024" lon="121.62847771889707">
        <ele>6.125986077822745</ele>
        <time>1970-01-01T00:33:22.800000Z</time>
        <extensions>
          <gpxtpx:TrackPointExtension>
            <gpxtpx:hr>191</gpxtpx:hr>
          </gpxtpx:TrackPointExtension>
        </extensions>
      </trkpt>
      <trkpt lat="31.23707220586494" lon="121.6284780989208">
        <ele>6.151589357294142</ele>
        <time>1970-01-01T00:33:23.800000Z</time>
        <extensions>
          <gpxtpx:TrackPointExtension>
            <gpxtpx:hr>191</gpxtpx:hr>
          </gpxtpx:TrackPointExtension>
        </extensions>
      </trkpt>
      <trkpt lat="31.237098664672914" lon="121.62847917138906">
        <ele>6.175174403935671</ele>
        <time>1970-01-01T00:33:24.800000Z</time>
        <extensions>
          <gpxtpx:TrackPointExtension>
            <gpxtpx:hr>191</gpxtpx:hr>
          </gpxtpx:TrackPointExtension>
        </extensions>
      </trkpt>
      <trkpt lat="31.237125248281984" lon="121.62848102219034">
        <ele>6.195364773273468</ele>
        <time>1970-01-01T00:33:25.800000Z</time>
        <extensions>
          <gpxtpx:TrackPointExtension>
            <gpxtpx:hr>191</gpxtpx:hr>
          </gpxtpx:TrackPointExtension>
        </extensions>
      </trkpt>
      <trkpt lat="31.23715160573609" lon="121.62848336788146">
        <ele>6.210867125540972</ele>
        <time>1970-01-01T00:33:26.800000Z</time>
        <extensions>
          <gpxtpx:TrackPointExtension>
            <gpxtpx:hr>191</gpxtpx:hr>
          </gpxtpx:TrackPointExtension>
        </extensions>
      </trkpt>
      <trkpt lat="31.23717752377092" lon="121.62848577574593">
        <ele>6.220738308504224</ele>
        <time>1970-01-01T00:33:27.800000Z</time>
        <extensions>
          <gpxtpx:TrackPointExtension>
            <gpxtpx:hr>190</gpxtpx:hr>
          </gpxtpx:TrackPointExtension>
        </extensions>
      </trkpt>
      <trkpt lat="31.237203456472997" lon="121.62848826440207">
        <ele>6.224742247723043</ele>
        <time>1970-01-01T00:33:28.800000Z</time>
        <extensions>
          <gpxtpx:TrackPointExtension>
            <gpxtpx:hr>190</gpxtpx:hr>
          </gpxtpx:TrackPointExtension>
        </extensions>
      </trkpt>
      <trkpt lat="31.237229340023436" lon="121.62849070441472">
        <ele>6.2234583012759686</ele>
        <time>1970-01-01T00:33:29.800000Z</time>
        <extensions>
          <gpxtpx:TrackPointExtension>
            <gpxtpx:hr>190</gpxtpx:hr>
          </gpxtpx:TrackPointExtension>
        </extensions>
      </trkpt>
      <trkpt lat="31.237254657476274" lon="121.62849253360757">
        <ele>6.21796140819788</ele>
        <time>1970-01-01T00:33:30.800000Z</time>
        <extensions>
          <gpxtpx:TrackPointExtension>
            <gpxtpx:hr>190</gpxtpx:hr>
          </gpxtpx:TrackPointExtension>
        </extensions>
      </trkpt>
      <trkpt lat="31.23727947911769" lon="121.62849399924701">
        <ele>6.209339850582182</ele>
        <time>1970-01-01T00:33:31.800000Z</time>
        <extensions>
          <gpxtpx:TrackPointExtension>
            <gpxtpx:hr>190</gpxtpx:hr>
          </gpxtpx:TrackPointExtension>
        </extensions>
      </trkpt>
      <trkpt lat="31.23730379511293" lon="121.6284960129514">
        <ele>6.198406293056905</ele>
        <time>1970-01-01T00:33:32.900000Z</time>
        <extensions>
          <gpxtpx:TrackPointExtension>
            <gpxtpx:hr>190</gpxtpx:hr>
          </gpxtpx:TrackPointExtension>
        </extensions>
      </trkpt>
      <trkpt lat="31.237326899673295" lon="121.62849880290506">
        <ele>6.185792467556894</ele>
        <time>1970-01-01T00:33:33.900000Z</time>
        <extensions>
          <gpxtpx:TrackPointExtension>
            <gpxtpx:hr>190</gpxtpx:hr>
          </gpxtpx:TrackPointExtension>
        </extensions>
      </trkpt>
      <trkpt lat="31.2373475514277" lon="121.62850253368306">
        <ele>6.172212326899171</ele>
        <time>1970-01-01T00:33:34.900000Z</time>
        <extensions>
          <gpxtpx:TrackPointExtension>
            <gpxtpx:hr>191</gpxtpx:hr>
          </gpxtpx:TrackPointExtension>
        </extensions>
      </trkpt>
      <trkpt lat="31.237364446099058" lon="121.62850680083086">
        <ele>6.1586577808484435</ele>
        <time>1970-01-01T00:33:35.900000Z</time>
        <extensions>
          <gpxtpx:TrackPointExtension>
            <gpxtpx:hr>191</gpxtpx:hr>
          </gpxtpx:TrackPointExtension>
        </extensions>
      </trkpt>
      <trkpt lat="31.23737780598256" lon="121.62851061489623">
        <ele>6.145888190716505</ele>
        <time>1970-01-01T00:33:36.900000Z</time>
        <extensions>
          <gpxtpx:TrackPointExtension>
            <gpxtpx:hr>191</gpxtpx:hr>
          </gpxtpx:TrackPointExtension>
        </extensions>
      </trkpt>
      <trkpt lat="31.237389059659478" lon="121.62851343726365">
        <ele>6.133952317759395</ele>
        <time>1970-01-01T00:33:37.900000Z</time>
        <extensions>
          <gpxtpx:TrackPointExtension>
            <gpxtpx:hr>191</gpxtpx:hr>
          </gpxtpx:TrackPointExtension>
        </extensions>
      </trkpt>
    </trkseg>
  </trk>
</gpx>