<?xml version="1.0" encoding="UTF-8"?>
<gpx xmlns="http://www.topografix.com/GPX/1/1" xmlns:gpxtpx="http://www.garmin.com/xmlschemas/TrackPointExtension/v1" xmlns:xsi="http://www.w3.org/2001/XMLSchema-instance" xsi:schemaLocation="http://www.topografix.com/GPX/1/1 http://www.topografix.com/GPX/1/1/gpx.xsd" version="1.1" creator="gpx.py -- https://github.com/tkrajina/gpxpy">
  <trk>
    <name>gpx from keep</name>
    <type>Run</type>
    <trkseg>
      <trkpt lat="31.24175949116475" lon="121.62305484191464">
        <ele>4.309985252097249</ele>
        <time>7632-05-17T07:56:53Z</time>
      </trkpt>
      <trkpt lat="31.241743391946493" lon="121.62305614070559">
        <ele>4.350671083666384</ele>
        <time>1970-01-01T00:00:00.800000Z</time>
        <extensions>
          <gpxtpx:TrackPointExtension>
            <gpxtpx:hr>86</gpxtpx:hr>
          </gpxtpx:TrackPointExtension>
        </extensions>
      </trkpt>
      <trkpt lat="31.241718455140145" lon="121.6230581066505">
        <ele>4.399871255271137</ele>
        <time>1970-01-01T00:00:01.800000Z</time>
        <extensions>
          <gpxtpx:TrackPointExtension>
            <gpxtpx:hr>86</gpxtpx:hr>
          </gpxtpx:TrackPointExtension>
        </extensions>
      </trkpt>
      <trkpt lat="31.241691172788787" lon="121.62306010582508">
        <ele>4.453886930830777</ele>
        <time>1970-01-01T00:00:02.800000Z</time>
        <extensions>
          <gpxtpx:TrackPointExtension>
            <gpxtpx:hr>86</gpxtpx:hr>
          </gpxtpx:TrackPointExtension>
        </extensions>
      </trkpt>
      <trkpt lat="31.241664263697114" lon="121.62306230415635">
        <ele>4.512449353933334</ele>
        <time>1970-01-01T00:00:03.800000Z</time>
        <extensions>
          <gpxtpx:TrackPointExtension>
            <gpxtpx:hr>98</gpxtpx:hr>
          </gpxtpx:TrackPointExtension>
        </extensions>
      </trkpt>
      <trkpt lat="31.24163861776493" lon="121.62306411465717">
        <ele>4.57360743638128</ele>
        <time>1970-01-01T00:00:04.900000Z</time>
        <extensions>
          <gpxtpx:TrackPointExtension>
            <gpxtpx:hr>98</gpxtpx:hr>
          </gpxtpx:TrackPointExtension>
        </extensions>
      </trkpt>
      <trkpt lat="31.241613188945905" lon="121.62306484743895">
        <ele>4.634534023702145</ele>
        <time>1970-01-01T00:00:05.900000Z</time>
        <extensions>
          <gpxtpx:TrackPointExtension>
            <gpxtpx:hr>98</gpxtpx:hr>
          </gpxtpx:TrackPointExtension>
        </extensions>
      </trkpt>
      <trkpt lat="31.24158743886561" lon="121.623066012937">
        <ele>4.6925815446302295</ele>
        <time>1970-01-01T00:00:06.900000Z</time>
        <extensions>
          <gpxtpx:TrackPointExtension>
            <gpxtpx:hr>98</gpxtpx:hr>
          </gpxtpx:TrackPointExtension>
        </extensions>
      </trkpt>
      <trkpt lat="31.241561670397658" lon="121.62306940162632">
        <ele>4.746017879806459</ele>
        <time>1970-01-01T00:00:07.900000Z</time>
        <extensions>
          <gpxtpx:TrackPointExtension>
            <gpxtpx:hr>98</gpxtpx:hr>
          </gpxtpx:TrackPointExtension>
        </extensions>
      </trkpt>
      <trkpt lat="31.241536089968807" lon="121.62307470791252">
        <ele>4.794152512215078</ele>
        <time>1970-01-01T00:00:08.900000Z</time>
        <extensions>
          <gpxtpx:TrackPointExtension>
            <gpxtpx:hr>102</gpxtpx:hr>
          </gpxtpx:TrackPointExtension>
        </extensions>
      </trkpt>
      <trkpt lat="31.241511025528002" lon="121.62308110636017">
        <ele>4.836737361736596</ele>
        <time>1970-01-01T00:00:09.900000Z</time>
        <extensions>
          <gpxtpx:TrackPointExtension>
            <gpxtpx:hr>102</gpxtpx:hr>
          </gpxtpx:TrackPointExtension>
        </extensions>
      </trkpt>
      <trkpt lat="31.241486939777367" lon="121.62308856004437">
        <ele>4.8735614866018295</ele>
        <time>1970-01-01T00:00:10.900000Z</time>
        <extensions>
          <gpxtpx:TrackPointExtension>
            <gpxtpx:hr>102</gpxtpx:hr>
          </gpxtpx:TrackPointExtension>
        </extensions>
      </trkpt>
      <trkpt lat="31.24146381973194" lon="121.62309400301419">
        <ele>4.904521209187806</ele>
        <time>1970-01-01T00:00:11.900000Z</time>
        <extensions>
          <gpxtpx:TrackPointExtension>
            <gpxtpx:hr>102</gpxtpx:hr>
          </gpxtpx:TrackPointExtension>
        </extensions>
      </trkpt>
      <trkpt lat="31.241442260282085" lon="121.62309070936118">
        <ele>4.9297625152394176</ele>
        <time>1970-01-01T00:00:12.900000Z</time>
        <extensions>
          <gpxtpx:TrackPointExtension>
            <gpxtpx:hr>102</gpxtpx:hr>
          </gpxtpx:TrackPointExtension>
        </extensions>
      </trkpt>
      <trkpt lat="31.241424939046173" lon="121.62307594584067">
        <ele>4.949776249006391</ele>
        <time>1970-01-01T00:00:13.900000Z</time>
        <extensions>
          <gpxtpx:TrackPointExtension>
            <gpxtpx:hr>102</gpxtpx:hr>
          </gpxtpx:TrackPointExtension>
        </extensions>
      </trkpt>
      <trkpt lat="31.241413543971948" lon="121.62305380280314">
        <ele>4.965397194959223</ele>
        <time>1970-01-01T00:00:14.900000Z</time>
        <extensions>
          <gpxtpx:TrackPointExtension>
            <gpxtpx:hr>118</gpxtpx:hr>
          </gpxtpx:TrackPointExtension>
        </extensions>
      </trkpt>
      <trkpt lat="31.241406828783454" lon="121.62302820103045">
        <ele>4.977634170092642</ele>
        <time>1970-01-01T00:00:15.900000Z</time>
        <extensions>
          <gpxtpx:TrackPointExtension>
            <gpxtpx:hr>118</gpxtpx:hr>
          </gpxtpx:TrackPointExtension>
        </extensions>
      </trkpt>
      <trkpt lat="31.24140296078963" lon="121.6230005099541">
        <ele>4.987436717376113</ele>
        <time>1970-01-01T00:00:16.900000Z</time>
        <extensions>
          <gpxtpx:TrackPointExtension>
            <gpxtpx:hr>118</gpxtpx:hr>
          </gpxtpx:TrackPointExtension>
        </extensions>
      </trkpt>
      <trkpt lat="31.241400363786383" lon="121.62297147696776">
        <ele>4.9957116516307</ele>
        <time>1970-01-01T00:00:17.900000Z</time>
        <extensions>
          <gpxtpx:TrackPointExtension>
            <gpxtpx:hr>118</gpxtpx:hr>
          </gpxtpx:TrackPointExtension>
        </extensions>
      </trkpt>
      <trkpt lat="31.241398176189836" lon="121.6229414394108">
        <ele>5.0034833289682865</ele>
        <time>1970-01-01T00:00:18.900000Z</time>
        <extensions>
          <gpxtpx:TrackPointExtension>
            <gpxtpx:hr>118</gpxtpx:hr>
          </gpxtpx:TrackPointExtension>
        </extensions>
      </trkpt>
      <trkpt lat="31.241396654517423" lon="121.62291064252271">
        <ele>5.011792012490332</ele>
        <time>1970-01-01T00:00:19.900000Z</time>
        <extensions>
          <gpxtpx:TrackPointExtension>
            <gpxtpx:hr>121</gpxtpx:hr>
          </gpxtpx:TrackPointExtension>
        </extensions>
      </trkpt>
      <trkpt lat="31.241395871385457" lon="121.62287931377968">
        <ele>5.021518856287003</ele>
        <time>1970-01-01T00:00:20.900000Z</time>
        <extensions>
          <gpxtpx:TrackPointExtension>
            <gpxtpx:hr>121</gpxtpx:hr>
          </gpxtpx:TrackPointExtension>
        </extensions>
      </trkpt>
      <trkpt lat="31.24139540004462" lon="121.62284754081651">
        <ele>5.033353867940605</ele>
        <time>1970-01-01T00:00:21.900000Z</time>
        <extensions>
          <gpxtpx:TrackPointExtension>
            <gpxtpx:hr>121</gpxtpx:hr>
          </gpxtpx:TrackPointExtension>
        </extensions>
      </trkpt>
      <trkpt lat="31.241395241787334" lon="121.62281523336281">
        <ele>5.047780143097043</ele>
        <time>1970-01-01T00:00:22.900000Z</time>
        <extensions>
          <gpxtpx:TrackPointExtension>
            <gpxtpx:hr>121</gpxtpx:hr>
          </gpxtpx:TrackPointExtension>
        </extensions>
      </trkpt>
      <trkpt lat="31.241395393903723" lon="121.62278240684869">
        <ele>5.065075658261776</ele>
        <time>1970-01-01T00:00:23.900000Z</time>
        <extensions>
          <gpxtpx:TrackPointExtension>
            <gpxtpx:hr>121</gpxtpx:hr>
          </gpxtpx:TrackPointExtension>
        </extensions>
      </trkpt>
      <trkpt lat="31.241395495556663" lon="121.62274917639233">
        <ele>5.085269069299102</ele>
        <time>1970-01-01T00:00:24.900000Z</time>
        <extensions>
          <gpxtpx:TrackPointExtension>
            <gpxtpx:hr>129</gpxtpx:hr>
          </gpxtpx:TrackPointExtension>
        </extensions>
      </trkpt>
      <trkpt lat="31.241395600163102" lon="121.62271545247535">
        <ele>5.108197287656367</ele>
        <time>1970-01-01T00:00:25.900000Z</time>
        <extensions>
          <gpxtpx:TrackPointExtension>
            <gpxtpx:hr>129</gpxtpx:hr>
          </gpxtpx:TrackPointExtension>
        </extensions>
      </trkpt>
      <trkpt lat="31.241395796358216" lon="121.62268112755172">
        <ele>5.133679284714162</ele>
        <time>1970-01-01T00:00:26.900000Z</time>
        <extensions>
          <gpxtpx:TrackPointExtension>
            <gpxtpx:hr>129</gpxtpx:hr>
          </gpxtpx:TrackPointExtension>
        </extensions>
      </trkpt>
      <trkpt lat="31.24139599136195" lon="121.62264622339279">
        <ele>5.161496599204838</ele>
        <time>1970-01-01T00:00:27.900000Z</time>
        <extensions>
          <gpxtpx:TrackPointExtension>
            <gpxtpx:hr>129</gpxtpx:hr>
          </gpxtpx:TrackPointExtension>
        </extensions>
      </trkpt>
      <trkpt lat="31.241396321840227" lon="121.62261092864654">
        <ele>5.191297044046223</ele>
        <time>1970-01-01T00:00:28.900000Z</time>
        <extensions>
          <gpxtpx:TrackPointExtension>
            <gpxtpx:hr>129</gpxtpx:hr>
          </gpxtpx:TrackPointExtension>
        </extensions>
      </trkpt>
      <trkpt lat="31.24139683622692" lon="121.62257547809635">
        <ele>5.222637135535479</ele>
        <time>1970-01-01T00:00:29.900000Z</time>
        <extensions>
          <gpxtpx:TrackPointExtension>
            <gpxtpx:hr>129</gpxtpx:hr>
          </gpxtpx:TrackPointExtension>
        </extensions>
      </trkpt>
      <trkpt lat="31.24139732922597" lon="121.62253997291327">
        <ele>5.25483669154346</ele>
        <time>1970-01-01T00:00:30.900000Z</time>
        <extensions>
          <gpxtpx:TrackPointExtension>
            <gpxtpx:hr>136</gpxtpx:hr>
          </gpxtpx:TrackPointExtension>
        </extensions>
      </trkpt>
      <trkpt lat="31.241397810992353" lon="121.62250445167886">
        <ele>5.286733531393111</ele>
        <time>1970-01-01T00:00:31.900000Z</time>
        <extensions>
          <gpxtpx:TrackPointExtension>
            <gpxtpx:hr>136</gpxtpx:hr>
          </gpxtpx:TrackPointExtension>
        </extensions>
      </trkpt>
      <trkpt lat="31.24139843017729" lon="121.62246905055744">
        <ele>5.316306412220001</ele>
        <time>1970-01-01T00:00:32.900000Z</time>
        <extensions>
          <gpxtpx:TrackPointExtension>
            <gpxtpx:hr>136</gpxtpx:hr>
          </gpxtpx:TrackPointExtension>
        </extensions>
      </trkpt>
      <trkpt lat="31.241399020998116" lon="121.6224338888457">
        <ele>5.340335917659104</ele>
        <time>1970-01-01T00:00:33.900000Z</time>
        <extensions>
          <gpxtpx:TrackPointExtension>
            <gpxtpx:hr>136</gpxtpx:hr>
          </gpxtpx:TrackPointExtension>
        </extensions>
      </trkpt>
      <trkpt lat="31.241399481274268" lon="121.62239917519713">
        <ele>5.355396427214146</ele>
        <time>1970-01-01T00:00:34.900000Z</time>
        <extensions>
          <gpxtpx:TrackPointExtension>
            <gpxtpx:hr>136</gpxtpx:hr>
          </gpxtpx:TrackPointExtension>
        </extensions>
      </trkpt>
      <trkpt lat="31.241399890472252" lon="121.62236509840372">
        <ele>5.359668763354421</ele>
        <time>1970-01-01T00:00:35.900000Z</time>
        <extensions>
          <gpxtpx:TrackPointExtension>
            <gpxtpx:hr>139</gpxtpx:hr>
          </gpxtpx:TrackPointExtension>
        </extensions>
      </trkpt>
      <trkpt lat="31.241400172701134" lon="121.62233177570609">
        <ele>5.352997800335288</ele>
        <time>1970-01-01T00:00:36.900000Z</time>
        <extensions>
          <gpxtpx:TrackPointExtension>
            <gpxtpx:hr>139</gpxtpx:hr>
          </gpxtpx:TrackPointExtension>
        </extensions>
      </trkpt>
      <trkpt lat="31.241400291202662" lon="121.62229947644171">
        <ele>5.336209029890597</ele>
        <time>1970-01-01T00:00:38Z</time>
        <extensions>
          <gpxtpx:TrackPointExtension>
            <gpxtpx:hr>139</gpxtpx:hr>
          </gpxtpx:TrackPointExtension>
        </extensions>
      </trkpt>
      <trkpt lat="31.241400357189097" lon="121.62226809078356">
        <ele>5.310577118769288</ele>
        <time>1970-01-01T00:00:39Z</time>
        <extensions>
          <gpxtpx:TrackPointExtension>
            <gpxtpx:hr>139</gpxtpx:hr>
          </gpxtpx:TrackPointExtension>
        </extensions>
      </trkpt>
      <trkpt lat="31.241400258893783" lon="121.62223699290108">
        <ele>5.277417483739555</ele>
        <time>1970-01-01T00:00:40Z</time>
        <extensions>
          <gpxtpx:TrackPointExtension>
            <gpxtpx:hr>140</gpxtpx:hr>
          </gpxtpx:TrackPointExtension>
        </extensions>
      </trkpt>
      <trkpt lat="31.241400071880875" lon="121.62220546035758">
        <ele>5.23821060732007</ele>
        <time>1970-01-01T00:00:41Z</time>
        <extensions>
          <gpxtpx:TrackPointExtension>
            <gpxtpx:hr>140</gpxtpx:hr>
          </gpxtpx:TrackPointExtension>
        </extensions>
      </trkpt>
      <trkpt lat="31.241400196469648" lon="121.62217323698606">
        <ele>5.194355609826744</ele>
        <time>1970-01-01T00:00:42Z</time>
        <extensions>
          <gpxtpx:TrackPointExtension>
            <gpxtpx:hr>140</gpxtpx:hr>
          </gpxtpx:TrackPointExtension>
        </extensions>
      </trkpt>
      <trkpt lat="31.241400655733283" lon="121.62214081695363">
        <ele>5.146971101872623</ele>
        <time>1970-01-01T00:00:43Z</time>
        <extensions>
          <gpxtpx:TrackPointExtension>
            <gpxtpx:hr>140</gpxtpx:hr>
          </gpxtpx:TrackPointExtension>
        </extensions>
      </trkpt>
      <trkpt lat="31.241401163253173" lon="121.62210883214715">
        <ele>5.096893044188619</ele>
        <time>1970-01-01T00:00:44Z</time>
        <extensions>
          <gpxtpx:TrackPointExtension>
            <gpxtpx:hr>140</gpxtpx:hr>
          </gpxtpx:TrackPointExtension>
        </extensions>
      </trkpt>
      <trkpt lat="31.241401824285848" lon="121.6220773309753">
        <ele>5.04456687066704</ele>
        <time>1970-01-01T00:00:45Z</time>
        <extensions>
          <gpxtpx:TrackPointExtension>
            <gpxtpx:hr>140</gpxtpx:hr>
          </gpxtpx:TrackPointExtension>
        </extensions>
      </trkpt>
      <trkpt lat="31.24140277779793" lon="121.62204614556619">
        <ele>4.9901417177170515</ele>
        <time>1970-01-01T00:00:46Z</time>
        <extensions>
          <gpxtpx:TrackPointExtension>
            <gpxtpx:hr>140</gpxtpx:hr>
          </gpxtpx:TrackPointExtension>
        </extensions>
      </trkpt>
      <trkpt lat="31.241403898974646" lon="121.62201529605132">
        <ele>4.933490322902799</ele>
        <time>1970-01-01T00:00:47Z</time>
        <extensions>
          <gpxtpx:TrackPointExtension>
            <gpxtpx:hr>140</gpxtpx:hr>
          </gpxtpx:TrackPointExtension>
        </extensions>
      </trkpt>
      <trkpt lat="31.241405343263455" lon="121.62198461080767">
        <ele>4.8743322268128395</ele>
        <time>1970-01-01T00:00:48Z</time>
        <extensions>
          <gpxtpx:TrackPointExtension>
            <gpxtpx:hr>140</gpxtpx:hr>
          </gpxtpx:TrackPointExtension>
        </extensions>
      </trkpt>
      <trkpt lat="31.241407265060506" lon="121.62195377003681">
        <ele>4.812899031676352</ele>
        <time>1970-01-01T00:00:49Z</time>
        <extensions>
          <gpxtpx:TrackPointExtension>
            <gpxtpx:hr>144</gpxtpx:hr>
          </gpxtpx:TrackPointExtension>
        </extensions>
      </trkpt>
      <trkpt lat="31.241409376077375" lon="121.62192301827648">
        <ele>4.750445431098342</ele>
        <time>1970-01-01T00:00:50Z</time>
        <extensions>
          <gpxtpx:TrackPointExtension>
            <gpxtpx:hr>144</gpxtpx:hr>
          </gpxtpx:TrackPointExtension>
        </extensions>
      </trkpt>
      <trkpt lat="31.241411449103463" lon="121.62189299837003">
        <ele>4.688879637047648</ele>
        <time>1970-01-01T00:00:51Z</time>
        <extensions>
          <gpxtpx:TrackPointExtension>
            <gpxtpx:hr>144</gpxtpx:hr>
          </gpxtpx:TrackPointExtension>
        </extensions>
      </trkpt>
      <trkpt lat="31.241413400267657" lon="121.62186353294416">
        <ele>4.630224415101111</ele>
        <time>1970-01-01T00:00:52Z</time>
        <extensions>
          <gpxtpx:TrackPointExtension>
            <gpxtpx:hr>144</gpxtpx:hr>
          </gpxtpx:TrackPointExtension>
        </extensions>
      </trkpt>
      <trkpt lat="31.24141488352975" lon="121.62183399635875">
        <ele>4.576045453548431</ele>
        <time>1970-01-01T00:00:53Z</time>
        <extensions>
          <gpxtpx:TrackPointExtension>
            <gpxtpx:hr>144</gpxtpx:hr>
          </gpxtpx:TrackPointExtension>
        </extensions>
      </trkpt>
      <trkpt lat="31.241415659997493" lon="121.62180402071445">
        <ele>4.527125615626574</ele>
        <time>1970-01-01T00:00:54Z</time>
        <extensions>
          <gpxtpx:TrackPointExtension>
            <gpxtpx:hr>144</gpxtpx:hr>
          </gpxtpx:TrackPointExtension>
        </extensions>
      </trkpt>
      <trkpt lat="31.24141593424954" lon="121.62177337829772">
        <ele>4.483712008222938</ele>
        <time>1970-01-01T00:00:55Z</time>
        <extensions>
          <gpxtpx:TrackPointExtension>
            <gpxtpx:hr>144</gpxtpx:hr>
          </gpxtpx:TrackPointExtension>
        </extensions>
      </trkpt>
      <trkpt lat="31.241415756162173" lon="121.62174236012132">
        <ele>4.445675582624972</ele>
        <time>1970-01-01T00:00:56Z</time>
        <extensions>
          <gpxtpx:TrackPointExtension>
            <gpxtpx:hr>146</gpxtpx:hr>
          </gpxtpx:TrackPointExtension>
        </extensions>
      </trkpt>
      <trkpt lat="31.241415114904363" lon="121.62171134320573">
        <ele>4.413016624748707</ele>
        <time>1970-01-01T00:00:57Z</time>
        <extensions>
          <gpxtpx:TrackPointExtension>
            <gpxtpx:hr>146</gpxtpx:hr>
          </gpxtpx:TrackPointExtension>
        </extensions>
      </trkpt>
      <trkpt lat="31.241414203350377" lon="121.62168011187293">
        <ele>4.385925504378974</ele>
        <time>1970-01-01T00:00:58Z</time>
        <extensions>
          <gpxtpx:TrackPointExtension>
            <gpxtpx:hr>146</gpxtpx:hr>
          </gpxtpx:TrackPointExtension>
        </extensions>
      </trkpt>
      <trkpt lat="31.24141295137827" lon="121.62164855149449">
        <ele>4.364267471246421</ele>
        <time>1970-01-01T00:00:59Z</time>
        <extensions>
          <gpxtpx:TrackPointExtension>
            <gpxtpx:hr>146</gpxtpx:hr>
          </gpxtpx:TrackPointExtension>
        </extensions>
      </trkpt>
      <trkpt lat="31.241411332373946" lon="121.62161696133329">
        <ele>4.347464876249433</ele>
        <time>1970-01-01T00:01:00Z</time>
        <extensions>
          <gpxtpx:TrackPointExtension>
            <gpxtpx:hr>146</gpxtpx:hr>
          </gpxtpx:TrackPointExtension>
        </extensions>
      </trkpt>
      <trkpt lat="31.241409658916616" lon="121.62158503973687">
        <ele>4.334281708113849</ele>
        <time>1970-01-01T00:01:01Z</time>
        <extensions>
          <gpxtpx:TrackPointExtension>
            <gpxtpx:hr>146</gpxtpx:hr>
          </gpxtpx:TrackPointExtension>
        </extensions>
      </trkpt>
      <trkpt lat="31.241408066507063" lon="121.62155222168595">
        <ele>4.323478906415403</ele>
        <time>1970-01-01T00:01:02Z</time>
        <extensions>
          <gpxtpx:TrackPointExtension>
            <gpxtpx:hr>146</gpxtpx:hr>
          </gpxtpx:TrackPointExtension>
        </extensions>
      </trkpt>
      <trkpt lat="31.241406707748386" lon="121.62151887476922">
        <ele>4.314283416606486</ele>
        <time>1970-01-01T00:01:03Z</time>
        <extensions>
          <gpxtpx:TrackPointExtension>
            <gpxtpx:hr>146</gpxtpx:hr>
          </gpxtpx:TrackPointExtension>
        </extensions>
      </trkpt>
      <trkpt lat="31.241406120742568" lon="121.62148551918472">
        <ele>4.306157135404646</ele>
        <time>1970-01-01T00:01:04Z</time>
        <extensions>
          <gpxtpx:TrackPointExtension>
            <gpxtpx:hr>147</gpxtpx:hr>
          </gpxtpx:TrackPointExtension>
        </extensions>
      </trkpt>
      <trkpt lat="31.241406628525677" lon="121.62145240877673">
        <ele>4.299018483608961</ele>
        <time>1970-01-01T00:01:05Z</time>
        <extensions>
          <gpxtpx:TrackPointExtension>
            <gpxtpx:hr>147</gpxtpx:hr>
          </gpxtpx:TrackPointExtension>
        </extensions>
      </trkpt>
      <trkpt lat="31.241408368285843" lon="121.62142008350605">
        <ele>4.293239653110504</ele>
        <time>1970-01-01T00:01:06Z</time>
        <extensions>
          <gpxtpx:TrackPointExtension>
            <gpxtpx:hr>147</gpxtpx:hr>
          </gpxtpx:TrackPointExtension>
        </extensions>
      </trkpt>
      <trkpt lat="31.24141202213215" lon="121.62138892032563">
        <ele>4.2896016193553805</ele>
        <time>1970-01-01T00:01:07Z</time>
        <extensions>
          <gpxtpx:TrackPointExtension>
            <gpxtpx:hr>147</gpxtpx:hr>
          </gpxtpx:TrackPointExtension>
        </extensions>
      </trkpt>
      <trkpt lat="31.241418774558227" lon="121.62135933018433">
        <ele>4.288820283487439</ele>
        <time>1970-01-01T00:01:08Z</time>
        <extensions>
          <gpxtpx:TrackPointExtension>
            <gpxtpx:hr>147</gpxtpx:hr>
          </gpxtpx:TrackPointExtension>
        </extensions>
      </trkpt>
      <trkpt lat="31.24142969007329" lon="121.62133243263509">
        <ele>4.291446342132986</ele>
        <time>1970-01-01T00:01:09Z</time>
        <extensions>
          <gpxtpx:TrackPointExtension>
            <gpxtpx:hr>149</gpxtpx:hr>
          </gpxtpx:TrackPointExtension>
        </extensions>
      </trkpt>
      <trkpt lat="31.24144542966107" lon="121.62130952777203">
        <ele>4.297560138627887</ele>
        <time>1970-01-01T00:01:10Z</time>
        <extensions>
          <gpxtpx:TrackPointExtension>
            <gpxtpx:hr>149</gpxtpx:hr>
          </gpxtpx:TrackPointExtension>
        </extensions>
      </trkpt>
      <trkpt lat="31.24146578697267" lon="121.62129158961496">
        <ele>4.307039030827582</ele>
        <time>1970-01-01T00:01:11Z</time>
        <extensions>
          <gpxtpx:TrackPointExtension>
            <gpxtpx:hr>149</gpxtpx:hr>
          </gpxtpx:TrackPointExtension>
        </extensions>
      </trkpt>
      <trkpt lat="31.241489483186218" lon="121.62127896482893">
        <ele>4.319709829054773</ele>
        <time>1970-01-01T00:01:12Z</time>
        <extensions>
          <gpxtpx:TrackPointExtension>
            <gpxtpx:hr>149</gpxtpx:hr>
          </gpxtpx:TrackPointExtension>
        </extensions>
      </trkpt>
      <trkpt lat="31.241515250912066" lon="121.62127116069139">
        <ele>4.33521868661046</ele>
        <time>1970-01-01T00:01:13.100000Z</time>
        <extensions>
          <gpxtpx:TrackPointExtension>
            <gpxtpx:hr>151</gpxtpx:hr>
          </gpxtpx:TrackPointExtension>
        </extensions>
      </trkpt>
      <trkpt lat="31.24154237054338" lon="121.62126726259947">
        <ele>4.352887693792582</ele>
        <time>1970-01-01T00:01:14.100000Z</time>
        <extensions>
          <gpxtpx:TrackPointExtension>
            <gpxtpx:hr>151</gpxtpx:hr>
          </gpxtpx:TrackPointExtension>
        </extensions>
      </trkpt>
      <trkpt lat="31.24157007761748" lon="121.62126607612126">
        <ele>4.3719517076388</ele>
        <time>1970-01-01T00:01:15.100000Z</time>
        <extensions>
          <gpxtpx:TrackPointExtension>
            <gpxtpx:hr>151</gpxtpx:hr>
          </gpxtpx:TrackPointExtension>
        </extensions>
      </trkpt>
      <trkpt lat="31.241597596353916" lon="121.62126628882015">
        <ele>4.391917607747018</ele>
        <time>1970-01-01T00:01:16.100000Z</time>
        <extensions>
          <gpxtpx:TrackPointExtension>
            <gpxtpx:hr>151</gpxtpx:hr>
          </gpxtpx:TrackPointExtension>
        </extensions>
      </trkpt>
      <trkpt lat="31.241624622998398" lon="121.62126722667362">
        <ele>4.412475937977433</ele>
        <time>1970-01-01T00:01:17.100000Z</time>
        <extensions>
          <gpxtpx:TrackPointExtension>
            <gpxtpx:hr>151</gpxtpx:hr>
          </gpxtpx:TrackPointExtension>
        </extensions>
      </trkpt>
      <trkpt lat="31.241651155202867" lon="121.62126850667232">
        <ele>4.4334949273616076</ele>
        <time>1970-01-01T00:01:18.100000Z</time>
        <extensions>
          <gpxtpx:TrackPointExtension>
            <gpxtpx:hr>151</gpxtpx:hr>
          </gpxtpx:TrackPointExtension>
        </extensions>
      </trkpt>
      <trkpt lat="31.241677339268072" lon="121.62126966097881">
        <ele>4.455220025032759</ele>
        <time>1970-01-01T00:01:19.100000Z</time>
        <extensions>
          <gpxtpx:TrackPointExtension>
            <gpxtpx:hr>151</gpxtpx:hr>
          </gpxtpx:TrackPointExtension>
        </extensions>
      </trkpt>
      <trkpt lat="31.24170359767057" lon="121.62127083638929">
        <ele>4.478290160186589</ele>
        <time>1970-01-01T00:01:20.100000Z</time>
        <extensions>
          <gpxtpx:TrackPointExtension>
            <gpxtpx:hr>154</gpxtpx:hr>
          </gpxtpx:TrackPointExtension>
        </extensions>
      </trkpt>
      <trkpt lat="31.241730096776482" lon="121.62127233897324">
        <ele>4.503634804859757</ele>
        <time>1970-01-01T00:01:21.100000Z</time>
        <extensions>
          <gpxtpx:TrackPointExtension>
            <gpxtpx:hr>154</gpxtpx:hr>
          </gpxtpx:TrackPointExtension>
        </extensions>
      </trkpt>
      <trkpt lat="31.241756431259418" lon="121.62127397164373">
        <ele>4.532043684273958</ele>
        <time>1970-01-01T00:01:22.100000Z</time>
        <extensions>
          <gpxtpx:TrackPointExtension>
            <gpxtpx:hr>154</gpxtpx:hr>
          </gpxtpx:TrackPointExtension>
        </extensions>
      </trkpt>
      <trkpt lat="31.2417822011533" lon="121.6212754461082">
        <ele>4.563583120703697</ele>
        <time>1970-01-01T00:01:23.100000Z</time>
        <extensions>
          <gpxtpx:TrackPointExtension>
            <gpxtpx:hr>154</gpxtpx:hr>
          </gpxtpx:TrackPointExtension>
        </extensions>
      </trkpt>
      <trkpt lat="31.241807607123587" lon="121.62127679599716">
        <ele>4.597564718686044</ele>
        <time>1970-01-01T00:01:24.100000Z</time>
        <extensions>
          <gpxtpx:TrackPointExtension>
            <gpxtpx:hr>154</gpxtpx:hr>
          </gpxtpx:TrackPointExtension>
        </extensions>
      </trkpt>
      <trkpt lat="31.241832963802313" lon="121.62127784726849">
        <ele>4.633148590102792</ele>
        <time>1970-01-01T00:01:25.100000Z</time>
        <extensions>
          <gpxtpx:TrackPointExtension>
            <gpxtpx:hr>154</gpxtpx:hr>
          </gpxtpx:TrackPointExtension>
        </extensions>
      </trkpt>
      <trkpt lat="31.241858326795963" lon="121.6212784869755">
        <ele>4.669866390526295</ele>
        <time>1970-01-01T00:01:26.100000Z</time>
        <extensions>
          <gpxtpx:TrackPointExtension>
            <gpxtpx:hr>155</gpxtpx:hr>
          </gpxtpx:TrackPointExtension>
        </extensions>
      </trkpt>
      <trkpt lat="31.24188386625426" lon="121.62127893257072">
        <ele>4.707796613685787</ele>
        <time>1970-01-01T00:01:27.100000Z</time>
        <extensions>
          <gpxtpx:TrackPointExtension>
            <gpxtpx:hr>155</gpxtpx:hr>
          </gpxtpx:TrackPointExtension>
        </extensions>
      </trkpt>
      <trkpt lat="31.24190958103281" lon="121.62127927462741">
        <ele>4.7469537341967225</ele>
        <time>1970-01-01T00:01:28.100000Z</time>
        <extensions>
          <gpxtpx:TrackPointExtension>
            <gpxtpx:hr>155</gpxtpx:hr>
          </gpxtpx:TrackPointExtension>
        </extensions>
      </trkpt>
      <trkpt lat="31.241935216072303" lon="121.62127984317328">
        <ele>4.786888004280627</ele>
        <time>1970-01-01T00:01:29.100000Z</time>
        <extensions>
          <gpxtpx:TrackPointExtension>
            <gpxtpx:hr>155</gpxtpx:hr>
          </gpxtpx:TrackPointExtension>
        </extensions>
      </trkpt>
      <trkpt lat="31.24196059012346" lon="121.62128069146314">
        <ele>4.8271900955587626</ele>
        <time>1970-01-01T00:01:30.100000Z</time>
        <extensions>
          <gpxtpx:TrackPointExtension>
            <gpxtpx:hr>156</gpxtpx:hr>
          </gpxtpx:TrackPointExtension>
        </extensions>
      </trkpt>
      <trkpt lat="31.241985408999366" lon="121.62128124412854">
        <ele>4.867783972993493</ele>
        <time>1970-01-01T00:01:31.100000Z</time>
        <extensions>
          <gpxtpx:TrackPointExtension>
            <gpxtpx:hr>156</gpxtpx:hr>
          </gpxtpx:TrackPointExtension>
        </extensions>
      </trkpt>
      <trkpt lat="31.242009552128458" lon="121.62128115486105">
        <ele>4.908609815873206</ele>
        <time>1970-01-01T00:01:32.100000Z</time>
        <extensions>
          <gpxtpx:TrackPointExtension>
            <gpxtpx:hr>156</gpxtpx:hr>
          </gpxtpx:TrackPointExtension>
        </extensions>
      </trkpt>
      <trkpt lat="31.24203381096525" lon="121.62128052706515">
        <ele>4.949327087029815</ele>
        <time>1970-01-01T00:01:33.100000Z</time>
        <extensions>
          <gpxtpx:TrackPointExtension>
            <gpxtpx:hr>156</gpxtpx:hr>
          </gpxtpx:TrackPointExtension>
        </extensions>
      </trkpt>
      <trkpt lat="31.242058965223297" lon="121.62127943740698">
        <ele>4.989725578576326</ele>
        <time>1970-01-01T00:01:34.100000Z</time>
        <extensions>
          <gpxtpx:TrackPointExtension>
            <gpxtpx:hr>156</gpxtpx:hr>
          </gpxtpx:TrackPointExtension>
        </extensions>
      </trkpt>
      <trkpt lat="31.24208489260623" lon="121.62127800765526">
        <ele>5.030130854807794</ele>
        <time>1970-01-01T00:01:35.100000Z</time>
        <extensions>
          <gpxtpx:TrackPointExtension>
            <gpxtpx:hr>156</gpxtpx:hr>
          </gpxtpx:TrackPointExtension>
        </extensions>
      </trkpt>
      <trkpt lat="31.242111219065386" lon="121.62127673374545">
        <ele>5.071206670254469</ele>
        <time>1970-01-01T00:01:36.100000Z</time>
        <extensions>
          <gpxtpx:TrackPointExtension>
            <gpxtpx:hr>158</gpxtpx:hr>
          </gpxtpx:TrackPointExtension>
        </extensions>
      </trkpt>
      <trkpt lat="31.24213782205998" lon="121.6212759688274">
        <ele>5.113842211663723</ele>
        <time>1970-01-01T00:01:37.100000Z</time>
        <extensions>
          <gpxtpx:TrackPointExtension>
            <gpxtpx:hr>158</gpxtpx:hr>
          </gpxtpx:TrackPointExtension>
        </extensions>
      </trkpt>
      <trkpt lat="31.24216455919124" lon="121.62127582472583">
        <ele>5.15904476121068</ele>
        <time>1970-01-01T00:01:38.100000Z</time>
        <extensions>
          <gpxtpx:TrackPointExtension>
            <gpxtpx:hr>158</gpxtpx:hr>
          </gpxtpx:TrackPointExtension>
        </extensions>
      </trkpt>
      <trkpt lat="31.24219109994562" lon="121.62127663545148">
        <ele>5.207637660205364</ele>
        <time>1970-01-01T00:01:39.100000Z</time>
        <extensions>
          <gpxtpx:TrackPointExtension>
            <gpxtpx:hr>158</gpxtpx:hr>
          </gpxtpx:TrackPointExtension>
        </extensions>
      </trkpt>
      <trkpt lat="31.242217456941848" lon="121.621278268761">
        <ele>5.260137839242816</ele>
        <time>1970-01-01T00:01:40.100000Z</time>
        <extensions>
          <gpxtpx:TrackPointExtension>
            <gpxtpx:hr>158</gpxtpx:hr>
          </gpxtpx:TrackPointExtension>
        </extensions>
      </trkpt>
      <trkpt lat="31.242243802183136" lon="121.62128006866152">
        <ele>5.316943750716746</ele>
        <time>1970-01-01T00:01:41.100000Z</time>
        <extensions>
          <gpxtpx:TrackPointExtension>
            <gpxtpx:hr>158</gpxtpx:hr>
          </gpxtpx:TrackPointExtension>
        </extensions>
      </trkpt>
      <trkpt lat="31.2422703120951" lon="121.62128185768063">
        <ele>5.378812565468252</ele>
        <time>1970-01-01T00:01:42.100000Z</time>
        <extensions>
          <gpxtpx:TrackPointExtension>
            <gpxtpx:hr>158</gpxtpx:hr>
          </gpxtpx:TrackPointExtension>
        </extensions>
      </trkpt>
      <trkpt lat="31.242297392781722" lon="121.62128365708182">
        <ele>5.447271201759577</ele>
        <time>1970-01-01T00:01:43.100000Z</time>
        <extensions>
          <gpxtpx:TrackPointExtension>
            <gpxtpx:hr>158</gpxtpx:hr>
          </gpxtpx:TrackPointExtension>
        </extensions>
      </trkpt>
      <trkpt lat="31.24232519479919" lon="121.62128535589581">
        <ele>5.52404759824276</ele>
        <time>1970-01-01T00:01:44.100000Z</time>
        <extensions>
          <gpxtpx:TrackPointExtension>
            <gpxtpx:hr>158</gpxtpx:hr>
          </gpxtpx:TrackPointExtension>
        </extensions>
      </trkpt>
      <trkpt lat="31.242353470104337" lon="121.62128719565824">
        <ele>5.610469966195524</ele>
        <time>1970-01-01T00:01:45.100000Z</time>
        <extensions>
          <gpxtpx:TrackPointExtension>
            <gpxtpx:hr>159</gpxtpx:hr>
          </gpxtpx:TrackPointExtension>
        </extensions>
      </trkpt>
      <trkpt lat="31.242382151939523" lon="121.62128943760194">
        <ele>5.7076503317803144</ele>
        <time>1970-01-01T00:01:46.100000Z</time>
        <extensions>
          <gpxtpx:TrackPointExtension>
            <gpxtpx:hr>159</gpxtpx:hr>
          </gpxtpx:TrackPointExtension>
        </extensions>
      </trkpt>
      <trkpt lat="31.242411172523386" lon="121.62129192563111">
        <ele>5.816490648314357</ele>
        <time>1970-01-01T00:01:47.200000Z</time>
        <extensions>
          <gpxtpx:TrackPointExtension>
            <gpxtpx:hr>159</gpxtpx:hr>
          </gpxtpx:TrackPointExtension>
        </extensions>
      </trkpt>
      <trkpt lat="31.24244019598751" lon="121.62129471191793">
        <ele>5.937950239516795</ele>
        <time>1970-01-01T00:01:48.200000Z</time>
        <extensions>
          <gpxtpx:TrackPointExtension>
            <gpxtpx:hr>159</gpxtpx:hr>
          </gpxtpx:TrackPointExtension>
        </extensions>
      </trkpt>
      <trkpt lat="31.24246903633468" lon="121.62129776872837">
        <ele>6.073129439726472</ele>
        <time>1970-01-01T00:01:49.200000Z</time>
        <extensions>
          <gpxtpx:TrackPointExtension>
            <gpxtpx:hr>159</gpxtpx:hr>
          </gpxtpx:TrackPointExtension>
        </extensions>
      </trkpt>
      <trkpt lat="31.242497628055947" lon="121.62130073812612">
        <ele>6.222981512546539</ele>
        <time>1970-01-01T00:01:50.200000Z</time>
        <extensions>
          <gpxtpx:TrackPointExtension>
            <gpxtpx:hr>159</gpxtpx:hr>
          </gpxtpx:TrackPointExtension>
        </extensions>
      </trkpt>
      <trkpt lat="31.242525732244523" lon="121.62130325113448">
        <ele>6.3880376080051064</ele>
        <time>1970-01-01T00:01:51.200000Z</time>
        <extensions>
          <gpxtpx:TrackPointExtension>
            <gpxtpx:hr>159</gpxtpx:hr>
          </gpxtpx:TrackPointExtension>
        </extensions>
      </trkpt>
      <trkpt lat="31.242553314630403" lon="121.62130491793734">
        <ele>6.567608170211315</ele>
        <time>1970-01-01T00:01:52.200000Z</time>
        <extensions>
          <gpxtpx:TrackPointExtension>
            <gpxtpx:hr>159</gpxtpx:hr>
          </gpxtpx:TrackPointExtension>
        </extensions>
      </trkpt>
      <trkpt lat="31.24258036240845" lon="121.62130543118785">
        <ele>6.759305560030043</ele>
        <time>1970-01-01T00:01:53.200000Z</time>
        <extensions>
          <gpxtpx:TrackPointExtension>
            <gpxtpx:hr>159</gpxtpx:hr>
          </gpxtpx:TrackPointExtension>
        </extensions>
      </trkpt>
      <trkpt lat="31.24260653456845" lon="121.62130472989381">
        <ele>6.958479339256883</ele>
        <time>1970-01-01T00:01:54.200000Z</time>
        <extensions>
          <gpxtpx:TrackPointExtension>
            <gpxtpx:hr>159</gpxtpx:hr>
          </gpxtpx:TrackPointExtension>
        </extensions>
      </trkpt>
      <trkpt lat="31.24263168858332" lon="121.62130269748033">
        <ele>7.157197058200836</ele>
        <time>1970-01-01T00:01:55.200000Z</time>
        <extensions>
          <gpxtpx:TrackPointExtension>
            <gpxtpx:hr>160</gpxtpx:hr>
          </gpxtpx:TrackPointExtension>
        </extensions>
      </trkpt>
      <trkpt lat="31.242655900383976" lon="121.62129844120582">
        <ele>7.344041842035949</ele>
        <time>1970-01-01T00:01:56.200000Z</time>
        <extensions>
          <gpxtpx:TrackPointExtension>
            <gpxtpx:hr>160</gpxtpx:hr>
          </gpxtpx:TrackPointExtension>
        </extensions>
      </trkpt>
      <trkpt lat="31.242678742105777" lon="121.62129112682545">
        <ele>7.507216808386147</ele>
        <time>1970-01-01T00:01:57.200000Z</time>
        <extensions>
          <gpxtpx:TrackPointExtension>
            <gpxtpx:hr>160</gpxtpx:hr>
          </gpxtpx:TrackPointExtension>
        </extensions>
      </trkpt>
      <trkpt lat="31.242701363405423" lon="121.62128352326823">
        <ele>7.6408781837671995</ele>
        <time>1970-01-01T00:01:58.200000Z</time>
        <extensions>
          <gpxtpx:TrackPointExtension>
            <gpxtpx:hr>160</gpxtpx:hr>
          </gpxtpx:TrackPointExtension>
        </extensions>
      </trkpt>
      <trkpt lat="31.242725024393632" lon="121.62127761478678">
        <ele>7.744725332595408</ele>
        <time>1970-01-01T00:01:59.200000Z</time>
        <extensions>
          <gpxtpx:TrackPointExtension>
            <gpxtpx:hr>160</gpxtpx:hr>
          </gpxtpx:TrackPointExtension>
        </extensions>
      </trkpt>
      <trkpt lat="31.24274927785524" lon="121.62127362740763">
        <ele>7.821686482056975</ele>
        <time>1970-01-01T00:02:00.200000Z</time>
        <extensions>
          <gpxtpx:TrackPointExtension>
            <gpxtpx:hr>160</gpxtpx:hr>
          </gpxtpx:TrackPointExtension>
        </extensions>
      </trkpt>
      <trkpt lat="31.24277371695959" lon="121.62127269775762">
        <ele>7.876219866797328</ele>
        <time>1970-01-01T00:02:01.200000Z</time>
        <extensions>
          <gpxtpx:TrackPointExtension>
            <gpxtpx:hr>160</gpxtpx:hr>
          </gpxtpx:TrackPointExtension>
        </extensions>
      </trkpt>
      <trkpt lat="31.24279828912911" lon="121.6212732816396">
        <ele>7.91319889947772</ele>
        <time>1970-01-01T00:02:02.200000Z</time>
        <extensions>
          <gpxtpx:TrackPointExtension>
            <gpxtpx:hr>160</gpxtpx:hr>
          </gpxtpx:TrackPointExtension>
        </extensions>
      </trkpt>
      <trkpt lat="31.24282311282888" lon="121.62127402369885">
        <ele>7.937430114485323</ele>
        <time>1970-01-01T00:02:03.200000Z</time>
        <extensions>
          <gpxtpx:TrackPointExtension>
            <gpxtpx:hr>160</gpxtpx:hr>
          </gpxtpx:TrackPointExtension>
        </extensions>
      </trkpt>
      <trkpt lat="31.24284820306875" lon="121.6212753737347">
        <ele>7.953693768009543</ele>
        <time>1970-01-01T00:02:04.200000Z</time>
        <extensions>
          <gpxtpx:TrackPointExtension>
            <gpxtpx:hr>160</gpxtpx:hr>
          </gpxtpx:TrackPointExtension>
        </extensions>
      </trkpt>
      <trkpt lat="31.24287432311849" lon="121.62127720241796">
        <ele>7.967696685343981</ele>
        <time>1970-01-01T00:02:05.200000Z</time>
        <extensions>
          <gpxtpx:TrackPointExtension>
            <gpxtpx:hr>159</gpxtpx:hr>
          </gpxtpx:TrackPointExtension>
        </extensions>
      </trkpt>
      <trkpt lat="31.242899578906616" lon="121.62127891507733">
        <ele>7.9812886621803045</ele>
        <time>1970-01-01T00:02:06.200000Z</time>
        <extensions>
          <gpxtpx:TrackPointExtension>
            <gpxtpx:hr>159</gpxtpx:hr>
          </gpxtpx:TrackPointExtension>
        </extensions>
      </trkpt>
      <trkpt lat="31.242925993783178" lon="121.62128068434708">
        <ele>7.992581192404032</ele>
        <time>1970-01-01T00:02:07.200000Z</time>
        <extensions>
          <gpxtpx:TrackPointExtension>
            <gpxtpx:hr>159</gpxtpx:hr>
          </gpxtpx:TrackPointExtension>
        </extensions>
      </trkpt>
      <trkpt lat="31.242952914313303" lon="121.62128219912492">
        <ele>7.996520586311817</ele>
        <time>1970-01-01T00:02:08.200000Z</time>
        <extensions>
          <gpxtpx:TrackPointExtension>
            <gpxtpx:hr>159</gpxtpx:hr>
          </gpxtpx:TrackPointExtension>
        </extensions>
      </trkpt>
      <trkpt lat="31.242980158053317" lon="121.6212831079936">
        <ele>7.990519296377897</ele>
        <time>1970-01-01T00:02:09.200000Z</time>
        <extensions>
          <gpxtpx:TrackPointExtension>
            <gpxtpx:hr>159</gpxtpx:hr>
          </gpxtpx:TrackPointExtension>
        </extensions>
      </trkpt>
      <trkpt lat="31.24300755136735" lon="121.62128370536003">
        <ele>7.974109831266105</ele>
        <time>1970-01-01T00:02:10.200000Z</time>
        <extensions>
          <gpxtpx:TrackPointExtension>
            <gpxtpx:hr>159</gpxtpx:hr>
          </gpxtpx:TrackPointExtension>
        </extensions>
      </trkpt>
      <trkpt lat="31.243034970703633" lon="121.6212843364353">
        <ele>7.949126924388111</ele>
        <time>1970-01-01T00:02:11.200000Z</time>
        <extensions>
          <gpxtpx:TrackPointExtension>
            <gpxtpx:hr>159</gpxtpx:hr>
          </gpxtpx:TrackPointExtension>
        </extensions>
      </trkpt>
      <trkpt lat="31.243062390875792" lon="121.6212849509727">
        <ele>7.9202904822304845</ele>
        <time>1970-01-01T00:02:12.200000Z</time>
        <extensions>
          <gpxtpx:TrackPointExtension>
            <gpxtpx:hr>159</gpxtpx:hr>
          </gpxtpx:TrackPointExtension>
        </extensions>
      </trkpt>
      <trkpt lat="31.243091216456968" lon="121.62128567146006">
        <ele>7.895916376262903</ele>
        <time>1970-01-01T00:02:13.200000Z</time>
        <extensions>
          <gpxtpx:TrackPointExtension>
            <gpxtpx:hr>159</gpxtpx:hr>
          </gpxtpx:TrackPointExtension>
        </extensions>
      </trkpt>
      <trkpt lat="31.243118942943852" lon="121.62128637557082">
        <ele>7.887792967259884</ele>
        <time>1970-01-01T00:02:14.200000Z</time>
        <extensions>
          <gpxtpx:TrackPointExtension>
            <gpxtpx:hr>160</gpxtpx:hr>
          </gpxtpx:TrackPointExtension>
        </extensions>
      </trkpt>
      <trkpt lat="31.243145381794" lon="121.62128675989182">
        <ele>7.89431372191757</ele>
        <time>1970-01-01T00:02:15.200000Z</time>
        <extensions>
          <gpxtpx:TrackPointExtension>
            <gpxtpx:hr>160</gpxtpx:hr>
          </gpxtpx:TrackPointExtension>
        </extensions>
      </trkpt>
      <trkpt lat="31.243173634187936" lon="121.62128670271437">
        <ele>7.908604167401791</ele>
        <time>1970-01-01T00:02:16.200000Z</time>
        <extensions>
          <gpxtpx:TrackPointExtension>
            <gpxtpx:hr>160</gpxtpx:hr>
          </gpxtpx:TrackPointExtension>
        </extensions>
      </trkpt>
      <trkpt lat="31.243202344193797" lon="121.62128624805165">
        <ele>7.9240410989150405</ele>
        <time>1970-01-01T00:02:17.200000Z</time>
        <extensions>
          <gpxtpx:TrackPointExtension>
            <gpxtpx:hr>160</gpxtpx:hr>
          </gpxtpx:TrackPointExtension>
        </extensions>
      </trkpt>
      <trkpt lat="31.243231305710882" lon="121.62128524462803">
        <ele>7.937891135923564</ele>
        <time>1970-01-01T00:02:18.200000Z</time>
        <extensions>
          <gpxtpx:TrackPointExtension>
            <gpxtpx:hr>160</gpxtpx:hr>
          </gpxtpx:TrackPointExtension>
        </extensions>
      </trkpt>
      <trkpt lat="31.243260326904316" lon="121.62128372981901">
        <ele>7.950125867500901</ele>
        <time>1970-01-01T00:02:19.200000Z</time>
        <extensions>
          <gpxtpx:TrackPointExtension>
            <gpxtpx:hr>160</gpxtpx:hr>
          </gpxtpx:TrackPointExtension>
        </extensions>
      </trkpt>
      <trkpt lat="31.24328932988146" lon="121.6212821712577">
        <ele>7.962104273959994</ele>
        <time>1970-01-01T00:02:20.200000Z</time>
        <extensions>
          <gpxtpx:TrackPointExtension>
            <gpxtpx:hr>160</gpxtpx:hr>
          </gpxtpx:TrackPointExtension>
        </extensions>
      </trkpt>
      <trkpt lat="31.243318269731425" lon="121.62128041207968">
        <ele>7.9756995504722</ele>
        <time>1970-01-01T00:02:21.200000Z</time>
        <extensions>
          <gpxtpx:TrackPointExtension>
            <gpxtpx:hr>160</gpxtpx:hr>
          </gpxtpx:TrackPointExtension>
        </extensions>
      </trkpt>
      <trkpt lat="31.24334712546974" lon="121.62127832475929">
        <ele>7.992717063054442</ele>
        <time>1970-01-01T00:02:22.200000Z</time>
        <extensions>
          <gpxtpx:TrackPointExtension>
            <gpxtpx:hr>160</gpxtpx:hr>
          </gpxtpx:TrackPointExtension>
        </extensions>
      </trkpt>
      <trkpt lat="31.243375843905607" lon="121.62127608270137">
        <ele>8.014559078030288</ele>
        <time>1970-01-01T00:02:23.200000Z</time>
        <extensions>
          <gpxtpx:TrackPointExtension>
            <gpxtpx:hr>160</gpxtpx:hr>
          </gpxtpx:TrackPointExtension>
        </extensions>
      </trkpt>
      <trkpt lat="31.243404372162395" lon="121.62127339503755">
        <ele>8.042051465250552</ele>
        <time>1970-01-01T00:02:24.200000Z</time>
        <extensions>
          <gpxtpx:TrackPointExtension>
            <gpxtpx:hr>160</gpxtpx:hr>
          </gpxtpx:TrackPointExtension>
        </extensions>
      </trkpt>
      <trkpt lat="31.24343286120107" lon="121.62127009194623">
        <ele>8.075308909639716</ele>
        <time>1970-01-01T00:02:25.200000Z</time>
        <extensions>
          <gpxtpx:TrackPointExtension>
            <gpxtpx:hr>161</gpxtpx:hr>
          </gpxtpx:TrackPointExtension>
        </extensions>
      </trkpt>
      <trkpt lat="31.243461409529072" lon="121.62126660894377">
        <ele>8.113637664355338</ele>
        <time>1970-01-01T00:02:26.200000Z</time>
        <extensions>
          <gpxtpx:TrackPointExtension>
            <gpxtpx:hr>161</gpxtpx:hr>
          </gpxtpx:TrackPointExtension>
        </extensions>
      </trkpt>
      <trkpt lat="31.243489759253386" lon="121.62126351093171">
        <ele>8.155454384163022</ele>
        <time>1970-01-01T00:02:27.200000Z</time>
        <extensions>
          <gpxtpx:TrackPointExtension>
            <gpxtpx:hr>161</gpxtpx:hr>
          </gpxtpx:TrackPointExtension>
        </extensions>
      </trkpt>
      <trkpt lat="31.243517625198525" lon="121.62126124534655">
        <ele>8.198341797105968</ele>
        <time>1970-01-01T00:02:28.200000Z</time>
        <extensions>
          <gpxtpx:TrackPointExtension>
            <gpxtpx:hr>161</gpxtpx:hr>
          </gpxtpx:TrackPointExtension>
        </extensions>
      </trkpt>
      <trkpt lat="31.243545212083458" lon="121.62126032171895">
        <ele>8.239309435710311</ele>
        <time>1970-01-01T00:02:29.200000Z</time>
        <extensions>
          <gpxtpx:TrackPointExtension>
            <gpxtpx:hr>161</gpxtpx:hr>
          </gpxtpx:TrackPointExtension>
        </extensions>
      </trkpt>
      <trkpt lat="31.24357310280566" lon="121.62126108028343">
        <ele>8.2751443721354</ele>
        <time>1970-01-01T00:02:30.200000Z</time>
        <extensions>
          <gpxtpx:TrackPointExtension>
            <gpxtpx:hr>162</gpxtpx:hr>
          </gpxtpx:TrackPointExtension>
        </extensions>
      </trkpt>
      <trkpt lat="31.243601860974145" lon="121.62126360006191">
        <ele>8.302849741652608</ele>
        <time>1970-01-01T00:02:31.200000Z</time>
        <extensions>
          <gpxtpx:TrackPointExtension>
            <gpxtpx:hr>162</gpxtpx:hr>
          </gpxtpx:TrackPointExtension>
        </extensions>
      </trkpt>
      <trkpt lat="31.24363164733941" lon="121.62126773647613">
        <ele>8.320155042223632</ele>
        <time>1970-01-01T00:02:32.200000Z</time>
        <extensions>
          <gpxtpx:TrackPointExtension>
            <gpxtpx:hr>162</gpxtpx:hr>
          </gpxtpx:TrackPointExtension>
        </extensions>
      </trkpt>
      <trkpt lat="31.243661980587" lon="121.62127286377891">
        <ele>8.325828852131963</ele>
        <time>1970-01-01T00:02:33.200000Z</time>
        <extensions>
          <gpxtpx:TrackPointExtension>
            <gpxtpx:hr>162</gpxtpx:hr>
          </gpxtpx:TrackPointExtension>
        </extensions>
      </trkpt>
      <trkpt lat="31.2436922731422" lon="121.62127824438748">
        <ele>8.319719695486128</ele>
        <time>1970-01-01T00:02:34.200000Z</time>
        <extensions>
          <gpxtpx:TrackPointExtension>
            <gpxtpx:hr>162</gpxtpx:hr>
          </gpxtpx:TrackPointExtension>
        </extensions>
      </trkpt>
      <trkpt lat="31.24372231443977" lon="121.6212834640626">
        <ele>8.302660363726318</ele>
        <time>1970-01-01T00:02:35.200000Z</time>
        <extensions>
          <gpxtpx:TrackPointExtension>
            <gpxtpx:hr>162</gpxtpx:hr>
          </gpxtpx:TrackPointExtension>
        </extensions>
      </trkpt>
      <trkpt lat="31.243752099135783" lon="121.62128800469844">
        <ele>8.276147287338972</ele>
        <time>1970-01-01T00:02:36.200000Z</time>
        <extensions>
          <gpxtpx:TrackPointExtension>
            <gpxtpx:hr>162</gpxtpx:hr>
          </gpxtpx:TrackPointExtension>
        </extensions>
      </trkpt>
      <trkpt lat="31.243781722793585" lon="121.62129162687202">
        <ele>8.241884146817029</ele>
        <time>1970-01-01T00:02:37.200000Z</time>
        <extensions>
          <gpxtpx:TrackPointExtension>
            <gpxtpx:hr>164</gpxtpx:hr>
          </gpxtpx:TrackPointExtension>
        </extensions>
      </trkpt>
      <trkpt lat="31.243811286929894" lon="121.62129476933231">
        <ele>8.20139258634299</ele>
        <time>1970-01-01T00:02:38.200000Z</time>
        <extensions>
          <gpxtpx:TrackPointExtension>
            <gpxtpx:hr>164</gpxtpx:hr>
          </gpxtpx:TrackPointExtension>
        </extensions>
      </trkpt>
      <trkpt lat="31.243840569591065" lon="121.6212974565647">
        <ele>8.155678174458444</ele>
        <time>1970-01-01T00:02:39.200000Z</time>
        <extensions>
          <gpxtpx:TrackPointExtension>
            <gpxtpx:hr>164</gpxtpx:hr>
          </gpxtpx:TrackPointExtension>
        </extensions>
      </trkpt>
      <trkpt lat="31.24386937851736" lon="121.62129973627479">
        <ele>8.105017123743892</ele>
        <time>1970-01-01T00:02:40.200000Z</time>
        <extensions>
          <gpxtpx:TrackPointExtension>
            <gpxtpx:hr>165</gpxtpx:hr>
          </gpxtpx:TrackPointExtension>
        </extensions>
      </trkpt>
      <trkpt lat="31.243897711874858" lon="121.62130220010299">
        <ele>8.04898326843977</ele>
        <time>1970-01-01T00:02:41.200000Z</time>
        <extensions>
          <gpxtpx:TrackPointExtension>
            <gpxtpx:hr>165</gpxtpx:hr>
          </gpxtpx:TrackPointExtension>
        </extensions>
      </trkpt>
      <trkpt lat="31.24392511621286" lon="121.62130507492842">
        <ele>7.986694022081792</ele>
        <time>1970-01-01T00:02:42.200000Z</time>
        <extensions>
          <gpxtpx:TrackPointExtension>
            <gpxtpx:hr>165</gpxtpx:hr>
          </gpxtpx:TrackPointExtension>
        </extensions>
      </trkpt>
      <trkpt lat="31.24395093551085" lon="121.62130801031809">
        <ele>7.917162385769188</ele>
        <time>1970-01-01T00:02:43.200000Z</time>
        <extensions>
          <gpxtpx:TrackPointExtension>
            <gpxtpx:hr>165</gpxtpx:hr>
          </gpxtpx:TrackPointExtension>
        </extensions>
      </trkpt>
      <trkpt lat="31.24397497157416" lon="121.62131042264552">
        <ele>7.839724361896515</ele>
        <time>1970-01-01T00:02:44.200000Z</time>
        <extensions>
          <gpxtpx:TrackPointExtension>
            <gpxtpx:hr>165</gpxtpx:hr>
          </gpxtpx:TrackPointExtension>
        </extensions>
      </trkpt>
      <trkpt lat="31.24399722443009" lon="121.62131187501221">
        <ele>7.754463986493647</ele>
        <time>1970-01-01T00:02:45.200000Z</time>
        <extensions>
          <gpxtpx:TrackPointExtension>
            <gpxtpx:hr>165</gpxtpx:hr>
          </gpxtpx:TrackPointExtension>
        </extensions>
      </trkpt>
      <trkpt lat="31.2440172366123" lon="121.62131248466059">
        <ele>7.66235547978431</ele>
        <time>1970-01-01T00:02:46.200000Z</time>
        <extensions>
          <gpxtpx:TrackPointExtension>
            <gpxtpx:hr>165</gpxtpx:hr>
          </gpxtpx:TrackPointExtension>
        </extensions>
      </trkpt>
      <trkpt lat="31.244034567002064" lon="121.62131277738283">
        <ele>7.565097033046186</ele>
        <time>1970-01-01T00:02:47.200000Z</time>
        <extensions>
          <gpxtpx:TrackPointExtension>
            <gpxtpx:hr>165</gpxtpx:hr>
          </gpxtpx:TrackPointExtension>
        </extensions>
      </trkpt>
      <trkpt lat="31.24404952149082" lon="121.6213131525861">
        <ele>7.4648736249655485</ele>
        <time>1970-01-01T00:02:48.200000Z</time>
        <extensions>
          <gpxtpx:TrackPointExtension>
            <gpxtpx:hr>165</gpxtpx:hr>
          </gpxtpx:TrackPointExtension>
        </extensions>
      </trkpt>
      <trkpt lat="31.244063026956926" lon="121.62131378358099">
        <ele>7.364089966751635</ele>
        <time>1970-01-01T00:02:49.200000Z</time>
        <extensions>
          <gpxtpx:TrackPointExtension>
            <gpxtpx:hr>165</gpxtpx:hr>
          </gpxtpx:TrackPointExtension>
        </extensions>
      </trkpt>
      <trkpt lat="31.244076106394733" lon="121.62131467148113">
        <ele>7.265099490061402</ele>
        <time>1970-01-01T00:02:50.200000Z</time>
        <extensions>
          <gpxtpx:TrackPointExtension>
            <gpxtpx:hr>165</gpxtpx:hr>
          </gpxtpx:TrackPointExtension>
        </extensions>
      </trkpt>
      <trkpt lat="31.244089397771035" lon="121.6213159905566">
        <ele>7.170018773525953</ele>
        <time>1970-01-01T00:02:51.200000Z</time>
        <extensions>
          <gpxtpx:TrackPointExtension>
            <gpxtpx:hr>165</gpxtpx:hr>
          </gpxtpx:TrackPointExtension>
        </extensions>
      </trkpt>
      <trkpt lat="31.244102939410435" lon="121.62131823871849">
        <ele>7.080604895949364</ele>
        <time>1970-01-01T00:02:52.200000Z</time>
        <extensions>
          <gpxtpx:TrackPointExtension>
            <gpxtpx:hr>165</gpxtpx:hr>
          </gpxtpx:TrackPointExtension>
        </extensions>
      </trkpt>
      <trkpt lat="31.244116294786583" lon="121.62132207317829">
        <ele>6.99817611835897</ele>
        <time>1970-01-01T00:02:53.200000Z</time>
        <extensions>
          <gpxtpx:TrackPointExtension>
            <gpxtpx:hr>165</gpxtpx:hr>
          </gpxtpx:TrackPointExtension>
        </extensions>
      </trkpt>
      <trkpt lat="31.244129097958265" lon="121.62132820699088">
        <ele>6.9236309779807925</ele>
        <time>1970-01-01T00:02:54.200000Z</time>
        <extensions>
          <gpxtpx:TrackPointExtension>
            <gpxtpx:hr>165</gpxtpx:hr>
          </gpxtpx:TrackPointExtension>
        </extensions>
      </trkpt>
      <trkpt lat="31.244140716645056" lon="121.62133691032136">
        <ele>6.857487448491156</ele>
        <time>1970-01-01T00:02:55.200000Z</time>
        <extensions>
          <gpxtpx:TrackPointExtension>
            <gpxtpx:hr>165</gpxtpx:hr>
          </gpxtpx:TrackPointExtension>
        </extensions>
      </trkpt>
      <trkpt lat="31.24415140085732" lon="121.62134637026557">
        <ele>6.799907996319234</ele>
        <time>1970-01-01T00:02:56.200000Z</time>
        <extensions>
          <gpxtpx:TrackPointExtension>
            <gpxtpx:hr>165</gpxtpx:hr>
          </gpxtpx:TrackPointExtension>
        </extensions>
      </trkpt>
      <trkpt lat="31.24416161048455" lon="121.62135441059738">
        <ele>6.750745112076402</ele>
        <time>1970-01-01T00:02:57.200000Z</time>
        <extensions>
          <gpxtpx:TrackPointExtension>
            <gpxtpx:hr>165</gpxtpx:hr>
          </gpxtpx:TrackPointExtension>
        </extensions>
      </trkpt>
      <trkpt lat="31.244170707777155" lon="121.62136052528744">
        <ele>6.709569426253438</ele>
        <time>1970-01-01T00:02:58.200000Z</time>
        <extensions>
          <gpxtpx:TrackPointExtension>
            <gpxtpx:hr>160</gpxtpx:hr>
          </gpxtpx:TrackPointExtension>
        </extensions>
      </trkpt>
      <trkpt lat="31.2441788242564" lon="121.62136302445052">
        <ele>6.675727249123156</ele>
        <time>1970-01-01T00:02:59.200000Z</time>
        <extensions>
          <gpxtpx:TrackPointExtension>
            <gpxtpx:hr>160</gpxtpx:hr>
          </gpxtpx:TrackPointExtension>
        </extensions>
      </trkpt>
      <trkpt lat="31.244185472645448" lon="121.62136099362574">
        <ele>6.648415010422468</ele>
        <time>1970-01-01T00:03:00.200000Z</time>
        <extensions>
          <gpxtpx:TrackPointExtension>
            <gpxtpx:hr>160</gpxtpx:hr>
          </gpxtpx:TrackPointExtension>
        </extensions>
      </trkpt>
      <trkpt lat="31.244187912064277" lon="121.62135561678559">
        <ele>6.626736619509757</ele>
        <time>1970-01-01T00:03:01.200000Z</time>
        <extensions>
          <gpxtpx:TrackPointExtension>
            <gpxtpx:hr>160</gpxtpx:hr>
          </gpxtpx:TrackPointExtension>
        </extensions>
      </trkpt>
      <trkpt lat="31.244186175272272" lon="121.62134910476968">
        <ele>6.609794208779931</ele>
        <time>1970-01-01T00:03:02.200000Z</time>
        <extensions>
          <gpxtpx:TrackPointExtension>
            <gpxtpx:hr>160</gpxtpx:hr>
          </gpxtpx:TrackPointExtension>
        </extensions>
      </trkpt>
      <trkpt lat="31.244183077100487" lon="121.62134376906675">
        <ele>6.596758634783328</ele>
        <time>1970-01-01T00:03:03.200000Z</time>
        <extensions>
          <gpxtpx:TrackPointExtension>
            <gpxtpx:hr>160</gpxtpx:hr>
          </gpxtpx:TrackPointExtension>
        </extensions>
      </trkpt>
      <trkpt lat="31.244179734781746" lon="121.62133988719135">
        <ele>6.586886066943407</ele>
        <time>1970-01-01T00:03:04.200000Z</time>
        <extensions>
          <gpxtpx:TrackPointExtension>
            <gpxtpx:hr>154</gpxtpx:hr>
          </gpxtpx:TrackPointExtension>
        </extensions>
      </trkpt>
      <trkpt lat="31.2441763288495" lon="121.62133690297787">
        <ele>6.5795014733448625</ele>
        <time>1970-01-01T00:03:05.200000Z</time>
        <extensions>
          <gpxtpx:TrackPointExtension>
            <gpxtpx:hr>154</gpxtpx:hr>
          </gpxtpx:TrackPointExtension>
        </extensions>
      </trkpt>
      <trkpt lat="31.244172862021415" lon="121.62133431140286">
        <ele>6.573985503986478</ele>
        <time>1970-01-01T00:03:06.200000Z</time>
        <extensions>
          <gpxtpx:TrackPointExtension>
            <gpxtpx:hr>154</gpxtpx:hr>
          </gpxtpx:TrackPointExtension>
        </extensions>
      </trkpt>
      <trkpt lat="31.244169339694338" lon="121.6213318426584">
        <ele>6.56982209160924</ele>
        <time>1970-01-01T00:03:07.200000Z</time>
        <extensions>
          <gpxtpx:TrackPointExtension>
            <gpxtpx:hr>154</gpxtpx:hr>
          </gpxtpx:TrackPointExtension>
        </extensions>
      </trkpt>
      <trkpt lat="31.24416580592892" lon="121.6213295987247">
        <ele>6.56666255556047</ele>
        <time>1970-01-01T00:03:08.200000Z</time>
        <extensions>
          <gpxtpx:TrackPointExtension>
            <gpxtpx:hr>154</gpxtpx:hr>
          </gpxtpx:TrackPointExtension>
        </extensions>
      </trkpt>
      <trkpt lat="31.244162479120405" lon="121.62132853463099">
        <ele>6.564319994300604</ele>
        <time>1970-01-01T00:03:09.200000Z</time>
        <extensions>
          <gpxtpx:TrackPointExtension>
            <gpxtpx:hr>154</gpxtpx:hr>
          </gpxtpx:TrackPointExtension>
        </extensions>
      </trkpt>
      <trkpt lat="31.244159656871265" lon="121.62132903567442">
        <ele>6.562681925483048</ele>
        <time>1970-01-01T00:03:10.200000Z</time>
        <extensions>
          <gpxtpx:TrackPointExtension>
            <gpxtpx:hr>154</gpxtpx:hr>
          </gpxtpx:TrackPointExtension>
        </extensions>
      </trkpt>
      <trkpt lat="31.24415751181262" lon="121.62133028275574">
        <ele>6.561638864688575</ele>
        <time>1970-01-01T00:03:11.200000Z</time>
        <extensions>
          <gpxtpx:TrackPointExtension>
            <gpxtpx:hr>142</gpxtpx:hr>
          </gpxtpx:TrackPointExtension>
        </extensions>
      </trkpt>
      <trkpt lat="31.244156085126594" lon="121.62133173164166">
        <ele>6.56112661678344</ele>
        <time>1970-01-01T00:03:12.200000Z</time>
        <extensions>
          <gpxtpx:TrackPointExtension>
            <gpxtpx:hr>142</gpxtpx:hr>
          </gpxtpx:TrackPointExtension>
        </extensions>
      </trkpt>
      <trkpt lat="31.24415525204" lon="121.62133322407205">
        <ele>6.561229232698679</ele>
        <time>1970-01-01T00:03:13.200000Z</time>
        <extensions>
          <gpxtpx:TrackPointExtension>
            <gpxtpx:hr>142</gpxtpx:hr>
          </gpxtpx:TrackPointExtension>
        </extensions>
      </trkpt>
      <trkpt lat="31.244154890528282" lon="121.62133477330916">
        <ele>6.5621990095824</ele>
        <time>1970-01-01T00:03:14.200000Z</time>
        <extensions>
          <gpxtpx:TrackPointExtension>
            <gpxtpx:hr>142</gpxtpx:hr>
          </gpxtpx:TrackPointExtension>
        </extensions>
      </trkpt>
      <trkpt lat="31.24415491110075" lon="121.62133640985473">
        <ele>6.564332316629589</ele>
        <time>1970-01-01T00:03:15.200000Z</time>
        <extensions>
          <gpxtpx:TrackPointExtension>
            <gpxtpx:hr>142</gpxtpx:hr>
          </gpxtpx:TrackPointExtension>
        </extensions>
      </trkpt>
      <trkpt lat="31.24415511264436" lon="121.62133783675614">
        <ele>6.567805868573487</ele>
        <time>1970-01-01T00:03:16.200000Z</time>
        <extensions>
          <gpxtpx:TrackPointExtension>
            <gpxtpx:hr>140</gpxtpx:hr>
          </gpxtpx:TrackPointExtension>
        </extensions>
      </trkpt>
      <trkpt lat="31.24415533889084" lon="121.6213388541276">
        <ele>6.572580157779157</ele>
        <time>1970-01-01T00:03:17.200000Z</time>
        <extensions>
          <gpxtpx:TrackPointExtension>
            <gpxtpx:hr>140</gpxtpx:hr>
          </gpxtpx:TrackPointExtension>
        </extensions>
      </trkpt>
      <trkpt lat="31.244155595236702" lon="121.62133960011862">
        <ele>6.578348542563617</ele>
        <time>1970-01-01T00:03:18.200000Z</time>
        <extensions>
          <gpxtpx:TrackPointExtension>
            <gpxtpx:hr>140</gpxtpx:hr>
          </gpxtpx:TrackPointExtension>
        </extensions>
      </trkpt>
      <trkpt lat="31.24415585465934" lon="121.62134005731147">
        <ele>6.584566205739975</ele>
        <time>1970-01-01T00:03:19.200000Z</time>
        <extensions>
          <gpxtpx:TrackPointExtension>
            <gpxtpx:hr>140</gpxtpx:hr>
          </gpxtpx:TrackPointExtension>
        </extensions>
      </trkpt>
      <trkpt lat="31.244156102644304" lon="121.62134023530835">
        <ele>6.5906308544799685</ele>
        <time>1970-01-01T00:03:20.200000Z</time>
        <extensions>
          <gpxtpx:TrackPointExtension>
            <gpxtpx:hr>140</gpxtpx:hr>
          </gpxtpx:TrackPointExtension>
        </extensions>
      </trkpt>
      <trkpt lat="31.24415632383036" lon="121.62134021766472">
        <ele>6.59609538782388</ele>
        <time>1970-01-01T00:03:21.200000Z</time>
        <extensions>
          <gpxtpx:TrackPointExtension>
            <gpxtpx:hr>140</gpxtpx:hr>
          </gpxtpx:TrackPointExtension>
        </extensions>
      </trkpt>
      <trkpt lat="31.24415650354039" lon="121.62134005716696">
        <ele>6.600758616812527</ele>
        <time>1970-01-01T00:03:22.200000Z</time>
        <extensions>
          <gpxtpx:TrackPointExtension>
            <gpxtpx:hr>140</gpxtpx:hr>
          </gpxtpx:TrackPointExtension>
        </extensions>
      </trkpt>
      <trkpt lat="31.24415665350027" lon="121.6213397988983">
        <ele>6.604652110487223</ele>
        <time>1970-01-01T00:03:23.200000Z</time>
        <extensions>
          <gpxtpx:TrackPointExtension>
            <gpxtpx:hr>140</gpxtpx:hr>
          </gpxtpx:TrackPointExtension>
        </extensions>
      </trkpt>
      <trkpt lat="31.244156776257082" lon="121.62133947896396">
        <ele>6.607979895547032</ele>
        <time>1970-01-01T00:03:24.200000Z</time>
        <extensions>
          <gpxtpx:TrackPointExtension>
            <gpxtpx:hr>140</gpxtpx:hr>
          </gpxtpx:TrackPointExtension>
        </extensions>
      </trkpt>
      <trkpt lat="31.24415687065152" lon="121.62133915565974">
        <ele>6.61101015470922</ele>
        <time>1970-01-01T00:03:25.200000Z</time>
        <extensions>
          <gpxtpx:TrackPointExtension>
            <gpxtpx:hr>140</gpxtpx:hr>
          </gpxtpx:TrackPointExtension>
        </extensions>
      </trkpt>
      <trkpt lat="31.244156938258577" lon="121.62133886370374">
        <ele>6.6139529924839735</ele>
        <time>1970-01-01T00:03:26.200000Z</time>
        <extensions>
          <gpxtpx:TrackPointExtension>
            <gpxtpx:hr>137</gpxtpx:hr>
          </gpxtpx:TrackPointExtension>
        </extensions>
      </trkpt>
      <trkpt lat="31.24415698726687" lon="121.62133858561596">
        <ele>6.616884495131671</ele>
        <time>1970-01-01T00:03:27.200000Z</time>
        <extensions>
          <gpxtpx:TrackPointExtension>
            <gpxtpx:hr>137</gpxtpx:hr>
          </gpxtpx:TrackPointExtension>
        </extensions>
      </trkpt>
      <trkpt lat="31.244157019204003" lon="121.62133832324146">
        <ele>6.619720313698053</ele>
        <time>1970-01-01T00:03:28.200000Z</time>
        <extensions>
          <gpxtpx:TrackPointExtension>
            <gpxtpx:hr>137</gpxtpx:hr>
          </gpxtpx:TrackPointExtension>
        </extensions>
      </trkpt>
      <trkpt lat="31.244157034713982" lon="121.62133806590307">
        <ele>6.622213497757912</ele>
        <time>1970-01-01T00:03:29.200000Z</time>
        <extensions>
          <gpxtpx:TrackPointExtension>
            <gpxtpx:hr>137</gpxtpx:hr>
          </gpxtpx:TrackPointExtension>
        </extensions>
      </trkpt>
      <trkpt lat="31.24415703421683" lon="121.62133779841743">
        <ele>6.6239712396636605</ele>
        <time>1970-01-01T00:03:30.200000Z</time>
        <extensions>
          <gpxtpx:TrackPointExtension>
            <gpxtpx:hr>137</gpxtpx:hr>
          </gpxtpx:TrackPointExtension>
        </extensions>
      </trkpt>
      <trkpt lat="31.24415701616709" lon="121.62133752139731">
        <ele>6.62449262663722</ele>
        <time>1970-01-01T00:03:31.200000Z</time>
        <extensions>
          <gpxtpx:TrackPointExtension>
            <gpxtpx:hr>137</gpxtpx:hr>
          </gpxtpx:TrackPointExtension>
        </extensions>
      </trkpt>
      <trkpt lat="31.244156978782524" lon="121.6213372305435">
        <ele>6.623243933543563</ele>
        <time>1970-01-01T00:03:32.200000Z</time>
        <extensions>
          <gpxtpx:TrackPointExtension>
            <gpxtpx:hr>137</gpxtpx:hr>
          </gpxtpx:TrackPointExtension>
        </extensions>
      </trkpt>
      <trkpt lat="31.24415691982162" lon="121.62133691713478">
        <ele>6.619795437902212</ele>
        <time>1970-01-01T00:03:33.200000Z</time>
        <extensions>
          <gpxtpx:TrackPointExtension>
            <gpxtpx:hr>137</gpxtpx:hr>
          </gpxtpx:TrackPointExtension>
        </extensions>
      </trkpt>
      <trkpt lat="31.24415683656224" lon="121.62133657046832">
        <ele>6.613957788795233</ele>
        <time>1970-01-01T00:03:34.200000Z</time>
        <extensions>
          <gpxtpx:TrackPointExtension>
            <gpxtpx:hr>137</gpxtpx:hr>
          </gpxtpx:TrackPointExtension>
        </extensions>
      </trkpt>
      <trkpt lat="31.244156725894424" lon="121.621336179328">
        <ele>6.605829085223377</ele>
        <time>1970-01-01T00:03:35.200000Z</time>
        <extensions>
          <gpxtpx:TrackPointExtension>
            <gpxtpx:hr>123</gpxtpx:hr>
          </gpxtpx:TrackPointExtension>
        </extensions>
      </trkpt>
      <trkpt lat="31.244156584453275" lon="121.62133573306983">
        <ele>6.595785102806985</ele>
        <time>1970-01-01T00:03:36.200000Z</time>
        <extensions>
          <gpxtpx:TrackPointExtension>
            <gpxtpx:hr>123</gpxtpx:hr>
          </gpxtpx:TrackPointExtension>
        </extensions>
      </trkpt>
      <trkpt lat="31.24415640851398" lon="121.62133522184824">
        <ele>6.584431808441877</ele>
        <time>1970-01-01T00:03:37.200000Z</time>
        <extensions>
          <gpxtpx:TrackPointExtension>
            <gpxtpx:hr>123</gpxtpx:hr>
          </gpxtpx:TrackPointExtension>
        </extensions>
      </trkpt>
      <trkpt lat="31.244156193568553" lon="121.62133463607375">
        <ele>6.572483837604523</ele>
        <time>1970-01-01T00:03:38.200000Z</time>
        <extensions>
          <gpxtpx:TrackPointExtension>
            <gpxtpx:hr>123</gpxtpx:hr>
          </gpxtpx:TrackPointExtension>
        </extensions>
      </trkpt>
      <trkpt lat="31.24415593429788" lon="121.62133396724037">
        <ele>6.560625054873526</ele>
        <time>1970-01-01T00:03:39.200000Z</time>
        <extensions>
          <gpxtpx:TrackPointExtension>
            <gpxtpx:hr>123</gpxtpx:hr>
          </gpxtpx:TrackPointExtension>
        </extensions>
      </trkpt>
      <trkpt lat="31.24415562463353" lon="121.62133320907233">
        <ele>6.5494014816358685</ele>
        <time>1970-01-01T00:03:40.200000Z</time>
        <extensions>
          <gpxtpx:TrackPointExtension>
            <gpxtpx:hr>122</gpxtpx:hr>
          </gpxtpx:TrackPointExtension>
        </extensions>
      </trkpt>
      <trkpt lat="31.24415525509963" lon="121.6213323519092">
        <ele>6.5391227304935455</ele>
        <time>1970-01-01T00:03:41.200000Z</time>
        <extensions>
          <gpxtpx:TrackPointExtension>
            <gpxtpx:hr>122</gpxtpx:hr>
          </gpxtpx:TrackPointExtension>
        </extensions>
      </trkpt>
      <trkpt lat="31.244154809454976" lon="121.62133137546616">
        <ele>6.529806247912347</ele>
        <time>1970-01-01T00:03:42.200000Z</time>
        <extensions>
          <gpxtpx:TrackPointExtension>
            <gpxtpx:hr>122</gpxtpx:hr>
          </gpxtpx:TrackPointExtension>
        </extensions>
      </trkpt>
      <trkpt lat="31.244154330270284" lon="121.62133042725002">
        <ele>6.521222504787147</ele>
        <time>1970-01-01T00:03:43.200000Z</time>
        <extensions>
          <gpxtpx:TrackPointExtension>
            <gpxtpx:hr>122</gpxtpx:hr>
          </gpxtpx:TrackPointExtension>
        </extensions>
      </trkpt>
      <trkpt lat="31.244153855214517" lon="121.62132965305995">
        <ele>6.512988301925361</ele>
        <time>1970-01-01T00:03:44.200000Z</time>
        <extensions>
          <gpxtpx:TrackPointExtension>
            <gpxtpx:hr>113</gpxtpx:hr>
          </gpxtpx:TrackPointExtension>
        </extensions>
      </trkpt>
      <trkpt lat="31.24415335092141" lon="121.62132902650139">
        <ele>6.504655406810343</ele>
        <time>1970-01-01T00:03:45.200000Z</time>
        <extensions>
          <gpxtpx:TrackPointExtension>
            <gpxtpx:hr>113</gpxtpx:hr>
          </gpxtpx:TrackPointExtension>
        </extensions>
      </trkpt>
      <trkpt lat="31.244152770993903" lon="121.6213285232573">
        <ele>6.4958034651353955</ele>
        <time>1970-01-01T00:03:46.200000Z</time>
        <extensions>
          <gpxtpx:TrackPointExtension>
            <gpxtpx:hr>113</gpxtpx:hr>
          </gpxtpx:TrackPointExtension>
        </extensions>
      </trkpt>
      <trkpt lat="31.244152041411304" lon="121.62132811353345">
        <ele>6.486146683804691</ele>
        <time>1970-01-01T00:03:47.200000Z</time>
        <extensions>
          <gpxtpx:TrackPointExtension>
            <gpxtpx:hr>113</gpxtpx:hr>
          </gpxtpx:TrackPointExtension>
        </extensions>
      </trkpt>
      <trkpt lat="31.244151044260214" lon="121.6213277595622">
        <ele>6.475668196566403</ele>
        <time>1970-01-01T00:03:48.200000Z</time>
        <extensions>
          <gpxtpx:TrackPointExtension>
            <gpxtpx:hr>113</gpxtpx:hr>
          </gpxtpx:TrackPointExtension>
        </extensions>
      </trkpt>
      <trkpt lat="31.244149850762376" lon="121.62132746832789">
        <ele>6.46477463003248</ele>
        <time>1970-01-01T00:03:49.200000Z</time>
        <extensions>
          <gpxtpx:TrackPointExtension>
            <gpxtpx:hr>114</gpxtpx:hr>
          </gpxtpx:TrackPointExtension>
        </extensions>
      </trkpt>
      <trkpt lat="31.244148614651817" lon="121.62132724175163">
        <ele>6.454349804669619</ele>
        <time>1970-01-01T00:03:50.200000Z</time>
        <extensions>
          <gpxtpx:TrackPointExtension>
            <gpxtpx:hr>114</gpxtpx:hr>
          </gpxtpx:TrackPointExtension>
        </extensions>
      </trkpt>
      <trkpt lat="31.244147294726773" lon="121.62132701872576">
        <ele>6.445694787427783</ele>
        <time>1970-01-01T00:03:51.200000Z</time>
        <extensions>
          <gpxtpx:TrackPointExtension>
            <gpxtpx:hr>114</gpxtpx:hr>
          </gpxtpx:TrackPointExtension>
        </extensions>
      </trkpt>
      <trkpt lat="31.244146096926805" lon="121.62132674301625">
        <ele>6.4403479704633355</ele>
        <time>1970-01-01T00:03:52.200000Z</time>
        <extensions>
          <gpxtpx:TrackPointExtension>
            <gpxtpx:hr>114</gpxtpx:hr>
          </gpxtpx:TrackPointExtension>
        </extensions>
      </trkpt>
      <trkpt lat="31.24414518773769" lon="121.62132633372937">
        <ele>6.439779969863594</ele>
        <time>1970-01-01T00:03:53.200000Z</time>
        <extensions>
          <gpxtpx:TrackPointExtension>
            <gpxtpx:hr>118</gpxtpx:hr>
          </gpxtpx:TrackPointExtension>
        </extensions>
      </trkpt>
      <trkpt lat="31.24414446738749" lon="121.62132579245613">
        <ele>6.444961535744369</ele>
        <time>1970-01-01T00:03:54.200000Z</time>
        <extensions>
          <gpxtpx:TrackPointExtension>
            <gpxtpx:hr>118</gpxtpx:hr>
          </gpxtpx:TrackPointExtension>
        </extensions>
      </trkpt>
      <trkpt lat="31.244143940750877" lon="121.62132538475056">
        <ele>6.456067655235529</ele>
        <time>1970-01-01T00:03:55.200000Z</time>
        <extensions>
          <gpxtpx:TrackPointExtension>
            <gpxtpx:hr>118</gpxtpx:hr>
          </gpxtpx:TrackPointExtension>
        </extensions>
      </trkpt>
      <trkpt lat="31.244143573248614" lon="121.62132526142226">
        <ele>6.4724861746653914</ele>
        <time>1970-01-01T00:03:56.200000Z</time>
        <extensions>
          <gpxtpx:TrackPointExtension>
            <gpxtpx:hr>118</gpxtpx:hr>
          </gpxtpx:TrackPointExtension>
        </extensions>
      </trkpt>
      <trkpt lat="31.244143287254936" lon="121.6213253324118">
        <ele>6.492957102134824</ele>
        <time>1970-01-01T00:03:57.200000Z</time>
        <extensions>
          <gpxtpx:TrackPointExtension>
            <gpxtpx:hr>118</gpxtpx:hr>
          </gpxtpx:TrackPointExtension>
        </extensions>
      </trkpt>
      <trkpt lat="31.244143033891785" lon="121.62132553471886">
        <ele>6.515796593390405</ele>
        <time>1970-01-01T00:03:58.200000Z</time>
        <extensions>
          <gpxtpx:TrackPointExtension>
            <gpxtpx:hr>118</gpxtpx:hr>
          </gpxtpx:TrackPointExtension>
        </extensions>
      </trkpt>
      <trkpt lat="31.244142794639348" lon="121.6213258117571">
        <ele>6.539226002059877</ele>
        <time>1970-01-01T00:03:59.200000Z</time>
        <extensions>
          <gpxtpx:TrackPointExtension>
            <gpxtpx:hr>118</gpxtpx:hr>
          </gpxtpx:TrackPointExtension>
        </extensions>
      </trkpt>
      <trkpt lat="31.24414258443832" lon="121.62132609834222">
        <ele>6.561634882353246</ele>
        <time>1970-01-01T00:04:00.200000Z</time>
        <extensions>
          <gpxtpx:TrackPointExtension>
            <gpxtpx:hr>113</gpxtpx:hr>
          </gpxtpx:TrackPointExtension>
        </extensions>
      </trkpt>
      <trkpt lat="31.244142414139716" lon="121.6213263549353">
        <ele>6.581695058383048</ele>
        <time>1970-01-01T00:04:01.200000Z</time>
        <extensions>
          <gpxtpx:TrackPointExtension>
            <gpxtpx:hr>113</gpxtpx:hr>
          </gpxtpx:TrackPointExtension>
        </extensions>
      </trkpt>
      <trkpt lat="31.24414227551247" lon="121.62132657709566">
        <ele>6.59841423202306</ele>
        <time>1970-01-01T00:04:02.200000Z</time>
        <extensions>
          <gpxtpx:TrackPointExtension>
            <gpxtpx:hr>113</gpxtpx:hr>
          </gpxtpx:TrackPointExtension>
        </extensions>
      </trkpt>
      <trkpt lat="31.244142165525805" lon="121.62132676229125">
        <ele>6.611172982491553</ele>
        <time>1970-01-01T00:04:03.200000Z</time>
        <extensions>
          <gpxtpx:TrackPointExtension>
            <gpxtpx:hr>113</gpxtpx:hr>
          </gpxtpx:TrackPointExtension>
        </extensions>
      </trkpt>
      <trkpt lat="31.244142081326267" lon="121.62132691443954">
        <ele>6.61976214312017</ele>
        <time>1970-01-01T00:04:04.200000Z</time>
        <extensions>
          <gpxtpx:TrackPointExtension>
            <gpxtpx:hr>113</gpxtpx:hr>
          </gpxtpx:TrackPointExtension>
        </extensions>
      </trkpt>
      <trkpt lat="31.244142023001654" lon="121.62132703614864">
        <ele>6.624401098117232</ele>
        <time>1970-01-01T00:04:05.200000Z</time>
        <extensions>
          <gpxtpx:TrackPointExtension>
            <gpxtpx:hr>113</gpxtpx:hr>
          </gpxtpx:TrackPointExtension>
        </extensions>
      </trkpt>
      <trkpt lat="31.24414199415253" lon="121.62132712940823">
        <ele>6.625661795958877</ele>
        <time>1970-01-01T00:04:06.200000Z</time>
        <extensions>
          <gpxtpx:TrackPointExtension>
            <gpxtpx:hr>113</gpxtpx:hr>
          </gpxtpx:TrackPointExtension>
        </extensions>
      </trkpt>
      <trkpt lat="31.244141998364604" lon="121.62132720049765">
        <ele>6.624352993443608</ele>
        <time>1970-01-01T00:04:07.200000Z</time>
        <extensions>
          <gpxtpx:TrackPointExtension>
            <gpxtpx:hr>113</gpxtpx:hr>
          </gpxtpx:TrackPointExtension>
        </extensions>
      </trkpt>
      <trkpt lat="31.24414204465092" lon="121.62132725053982">
        <ele>6.621406584046781</ele>
        <time>1970-01-01T00:04:08.200000Z</time>
        <extensions>
          <gpxtpx:TrackPointExtension>
            <gpxtpx:hr>113</gpxtpx:hr>
          </gpxtpx:TrackPointExtension>
        </extensions>
      </trkpt>
      <trkpt lat="31.244142146880197" lon="121.62132728265362">
        <ele>6.6177359744906425</ele>
        <time>1970-01-01T00:04:09.200000Z</time>
        <extensions>
          <gpxtpx:TrackPointExtension>
            <gpxtpx:hr>113</gpxtpx:hr>
          </gpxtpx:TrackPointExtension>
        </extensions>
      </trkpt>
      <trkpt lat="31.244142328549184" lon="121.62132730017915">
        <ele>6.614094472490251</ele>
        <time>1970-01-01T00:04:10.200000Z</time>
        <extensions>
          <gpxtpx:TrackPointExtension>
            <gpxtpx:hr>113</gpxtpx:hr>
          </gpxtpx:TrackPointExtension>
        </extensions>
      </trkpt>
      <trkpt lat="31.244142613772343" lon="121.62132731133289">
        <ele>6.610947874374688</ele>
        <time>1970-01-01T00:04:11.200000Z</time>
        <extensions>
          <gpxtpx:TrackPointExtension>
            <gpxtpx:hr>108</gpxtpx:hr>
          </gpxtpx:TrackPointExtension>
        </extensions>
      </trkpt>
      <trkpt lat="31.244143052482723" lon="121.62132731951115">
        <ele>6.608353083021939</ele>
        <time>1970-01-01T00:04:12.200000Z</time>
        <extensions>
          <gpxtpx:TrackPointExtension>
            <gpxtpx:hr>108</gpxtpx:hr>
          </gpxtpx:TrackPointExtension>
        </extensions>
      </trkpt>
      <trkpt lat="31.244143666326636" lon="121.62132733134305">
        <ele>6.605941267684102</ele>
        <time>1970-01-01T00:04:13.200000Z</time>
        <extensions>
          <gpxtpx:TrackPointExtension>
            <gpxtpx:hr>108</gpxtpx:hr>
          </gpxtpx:TrackPointExtension>
        </extensions>
      </trkpt>
      <trkpt lat="31.24414449517251" lon="121.62132734608194">
        <ele>6.603073647245765</ele>
        <time>1970-01-01T00:04:14.200000Z</time>
        <extensions>
          <gpxtpx:TrackPointExtension>
            <gpxtpx:hr>108</gpxtpx:hr>
          </gpxtpx:TrackPointExtension>
        </extensions>
      </trkpt>
      <trkpt lat="31.244145635280418" lon="121.62132734405856">
        <ele>6.599088815040886</ele>
        <time>1970-01-01T00:04:15.200000Z</time>
        <extensions>
          <gpxtpx:TrackPointExtension>
            <gpxtpx:hr>108</gpxtpx:hr>
          </gpxtpx:TrackPointExtension>
        </extensions>
      </trkpt>
      <trkpt lat="31.2441468773808" lon="121.62132743402695">
        <ele>6.5936015686020255</ele>
        <time>1970-01-01T00:04:16.200000Z</time>
        <extensions>
          <gpxtpx:TrackPointExtension>
            <gpxtpx:hr>108</gpxtpx:hr>
          </gpxtpx:TrackPointExtension>
        </extensions>
      </trkpt>
      <trkpt lat="31.244148058605084" lon="121.6213277264406">
        <ele>6.58687206171453</ele>
        <time>1970-01-01T00:04:17.200000Z</time>
        <extensions>
          <gpxtpx:TrackPointExtension>
            <gpxtpx:hr>108</gpxtpx:hr>
          </gpxtpx:TrackPointExtension>
        </extensions>
      </trkpt>
      <trkpt lat="31.244149037571347" lon="121.62132824864042">
        <ele>6.579955641180277</ele>
        <time>1970-01-01T00:04:18.200000Z</time>
        <extensions>
          <gpxtpx:TrackPointExtension>
            <gpxtpx:hr>108</gpxtpx:hr>
          </gpxtpx:TrackPointExtension>
        </extensions>
      </trkpt>
      <trkpt lat="31.244149663649416" lon="121.62132899754296">
        <ele>6.574343642219901</ele>
        <time>1970-01-01T00:04:19.200000Z</time>
        <extensions>
          <gpxtpx:TrackPointExtension>
            <gpxtpx:hr>108</gpxtpx:hr>
          </gpxtpx:TrackPointExtension>
        </extensions>
      </trkpt>
      <trkpt lat="31.24415005978402" lon="121.6213298636258">
        <ele>6.571405093185604</ele>
        <time>1970-01-01T00:04:20.200000Z</time>
        <extensions>
          <gpxtpx:TrackPointExtension>
            <gpxtpx:hr>108</gpxtpx:hr>
          </gpxtpx:TrackPointExtension>
        </extensions>
      </trkpt>
      <trkpt lat="31.244150298858223" lon="121.62133070379767">
        <ele>6.571971493773162</ele>
        <time>1970-01-01T00:04:21.200000Z</time>
        <extensions>
          <gpxtpx:TrackPointExtension>
            <gpxtpx:hr>108</gpxtpx:hr>
          </gpxtpx:TrackPointExtension>
        </extensions>
      </trkpt>
      <trkpt lat="31.244150443635515" lon="121.62133148833038">
        <ele>6.576013710349798</ele>
        <time>1970-01-01T00:04:22.200000Z</time>
        <extensions>
          <gpxtpx:TrackPointExtension>
            <gpxtpx:hr>108</gpxtpx:hr>
          </gpxtpx:TrackPointExtension>
        </extensions>
      </trkpt>
      <trkpt lat="31.24415051110056" lon="121.62133217803012">
        <ele>6.582550598308444</ele>
        <time>1970-01-01T00:04:23.200000Z</time>
        <extensions>
          <gpxtpx:TrackPointExtension>
            <gpxtpx:hr>108</gpxtpx:hr>
          </gpxtpx:TrackPointExtension>
        </extensions>
      </trkpt>
      <trkpt lat="31.244150495265913" lon="121.62133270207066">
        <ele>6.590058566071093</ele>
        <time>1970-01-01T00:04:24.200000Z</time>
        <extensions>
          <gpxtpx:TrackPointExtension>
            <gpxtpx:hr>108</gpxtpx:hr>
          </gpxtpx:TrackPointExtension>
        </extensions>
      </trkpt>
      <trkpt lat="31.24415042086629" lon="121.62133307634564">
        <ele>6.597108501940966</ele>
        <time>1970-01-01T00:04:25.200000Z</time>
        <extensions>
          <gpxtpx:TrackPointExtension>
            <gpxtpx:hr>108</gpxtpx:hr>
          </gpxtpx:TrackPointExtension>
        </extensions>
      </trkpt>
      <trkpt lat="31.244150303412507" lon="121.62133331049225">
        <ele>6.60275804810226</ele>
        <time>1970-01-01T00:04:26.200000Z</time>
        <extensions>
          <gpxtpx:TrackPointExtension>
            <gpxtpx:hr>108</gpxtpx:hr>
          </gpxtpx:TrackPointExtension>
        </extensions>
      </trkpt>
      <trkpt lat="31.24415015304051" lon="121.62133341072996">
        <ele>6.606644104234874</ele>
        <time>1970-01-01T00:04:27.200000Z</time>
        <extensions>
          <gpxtpx:TrackPointExtension>
            <gpxtpx:hr>108</gpxtpx:hr>
          </gpxtpx:TrackPointExtension>
        </extensions>
      </trkpt>
      <trkpt lat="31.244149977886696" lon="121.62133338086377">
        <ele>6.608918813057244</ele>
        <time>1970-01-01T00:04:28.200000Z</time>
        <extensions>
          <gpxtpx:TrackPointExtension>
            <gpxtpx:hr>108</gpxtpx:hr>
          </gpxtpx:TrackPointExtension>
        </extensions>
      </trkpt>
      <trkpt lat="31.24414978656421" lon="121.6213332217339">
        <ele>6.610051066614687</ele>
        <time>1970-01-01T00:04:29.200000Z</time>
        <extensions>
          <gpxtpx:TrackPointExtension>
            <gpxtpx:hr>108</gpxtpx:hr>
          </gpxtpx:TrackPointExtension>
        </extensions>
      </trkpt>
      <trkpt lat="31.244149590788293" lon="121.62133292999627">
        <ele>6.610564641654491</ele>
        <time>1970-01-01T00:04:30.200000Z</time>
        <extensions>
          <gpxtpx:TrackPointExtension>
            <gpxtpx:hr>100</gpxtpx:hr>
          </gpxtpx:TrackPointExtension>
        </extensions>
      </trkpt>
      <trkpt lat="31.244149411024324" lon="121.6213324982087">
        <ele>6.610865415073931</ele>
        <time>1970-01-01T00:04:31.200000Z</time>
        <extensions>
          <gpxtpx:TrackPointExtension>
            <gpxtpx:hr>100</gpxtpx:hr>
          </gpxtpx:TrackPointExtension>
        </extensions>
      </trkpt>
      <trkpt lat="31.244149283737293" lon="121.6213319166749">
        <ele>6.611200418323278</ele>
        <time>1970-01-01T00:04:32.200000Z</time>
        <extensions>
          <gpxtpx:TrackPointExtension>
            <gpxtpx:hr>100</gpxtpx:hr>
          </gpxtpx:TrackPointExtension>
        </extensions>
      </trkpt>
      <trkpt lat="31.244149269486247" lon="121.62133116780379">
        <ele>6.611693227663636</ele>
        <time>1970-01-01T00:04:33.200000Z</time>
        <extensions>
          <gpxtpx:TrackPointExtension>
            <gpxtpx:hr>100</gpxtpx:hr>
          </gpxtpx:TrackPointExtension>
        </extensions>
      </trkpt>
      <trkpt lat="31.244149466945483" lon="121.62133022530146">
        <ele>6.612408380955458</ele>
        <time>1970-01-01T00:04:34.200000Z</time>
        <extensions>
          <gpxtpx:TrackPointExtension>
            <gpxtpx:hr>100</gpxtpx:hr>
          </gpxtpx:TrackPointExtension>
        </extensions>
      </trkpt>
      <trkpt lat="31.244150040491235" lon="121.62132903960612">
        <ele>6.613451095297933</ele>
        <time>1970-01-01T00:04:35.200000Z</time>
        <extensions>
          <gpxtpx:TrackPointExtension>
            <gpxtpx:hr>101</gpxtpx:hr>
          </gpxtpx:TrackPointExtension>
        </extensions>
      </trkpt>
      <trkpt lat="31.244151259552893" lon="121.62132752559629">
        <ele>6.61504524294287</ele>
        <time>1970-01-01T00:04:36.200000Z</time>
        <extensions>
          <gpxtpx:TrackPointExtension>
            <gpxtpx:hr>101</gpxtpx:hr>
          </gpxtpx:TrackPointExtension>
        </extensions>
      </trkpt>
      <trkpt lat="31.244153604013558" lon="121.62132550903785">
        <ele>6.61756990570575</ele>
        <time>1970-01-01T00:04:37.200000Z</time>
        <extensions>
          <gpxtpx:TrackPointExtension>
            <gpxtpx:hr>101</gpxtpx:hr>
          </gpxtpx:TrackPointExtension>
        </extensions>
      </trkpt>
      <trkpt lat="31.244157681838125" lon="121.62132283766273">
        <ele>6.621569483540952</ele>
        <time>1970-01-01T00:04:38.200000Z</time>
        <extensions>
          <gpxtpx:TrackPointExtension>
            <gpxtpx:hr>104</gpxtpx:hr>
          </gpxtpx:TrackPointExtension>
        </extensions>
      </trkpt>
      <trkpt lat="31.244164159609163" lon="121.62131950504182">
        <ele>6.62774427048862</ele>
        <time>1970-01-01T00:04:39.200000Z</time>
        <extensions>
          <gpxtpx:TrackPointExtension>
            <gpxtpx:hr>104</gpxtpx:hr>
          </gpxtpx:TrackPointExtension>
        </extensions>
      </trkpt>
      <trkpt lat="31.24417388976277" lon="121.6213156578102">
        <ele>6.636910445056856</ele>
        <time>1970-01-01T00:04:40.200000Z</time>
        <extensions>
          <gpxtpx:TrackPointExtension>
            <gpxtpx:hr>104</gpxtpx:hr>
          </gpxtpx:TrackPointExtension>
        </extensions>
      </trkpt>
      <trkpt lat="31.244188108216466" lon="121.62131180357585">
        <ele>6.6498501393944025</ele>
        <time>1970-01-01T00:04:41.200000Z</time>
        <extensions>
          <gpxtpx:TrackPointExtension>
            <gpxtpx:hr>104</gpxtpx:hr>
          </gpxtpx:TrackPointExtension>
        </extensions>
      </trkpt>
      <trkpt lat="31.24420777782533" lon="121.62130798703144">
        <ele>6.666953621432185</ele>
        <time>1970-01-01T00:04:42.200000Z</time>
        <extensions>
          <gpxtpx:TrackPointExtension>
            <gpxtpx:hr>104</gpxtpx:hr>
          </gpxtpx:TrackPointExtension>
        </extensions>
      </trkpt>
      <trkpt lat="31.24423307401472" lon="121.6213039074278">
        <ele>6.687755742110312</ele>
        <time>1970-01-01T00:04:43.200000Z</time>
        <extensions>
          <gpxtpx:TrackPointExtension>
            <gpxtpx:hr>104</gpxtpx:hr>
          </gpxtpx:TrackPointExtension>
        </extensions>
      </trkpt>
      <trkpt lat="31.244262931242602" lon="121.62129982695218">
        <ele>6.710653650574386</ele>
        <time>1970-01-01T00:04:44.200000Z</time>
        <extensions>
          <gpxtpx:TrackPointExtension>
            <gpxtpx:hr>106</gpxtpx:hr>
          </gpxtpx:TrackPointExtension>
        </extensions>
      </trkpt>
      <trkpt lat="31.244294886764308" lon="121.62129606583278">
        <ele>6.73287124466151</ele>
        <time>1970-01-01T00:04:45.200000Z</time>
        <extensions>
          <gpxtpx:TrackPointExtension>
            <gpxtpx:hr>106</gpxtpx:hr>
          </gpxtpx:TrackPointExtension>
        </extensions>
      </trkpt>
      <trkpt lat="31.244326828038403" lon="121.6212932005819">
        <ele>6.750644986517727</ele>
        <time>1970-01-01T00:04:46.200000Z</time>
        <extensions>
          <gpxtpx:TrackPointExtension>
            <gpxtpx:hr>106</gpxtpx:hr>
          </gpxtpx:TrackPointExtension>
        </extensions>
      </trkpt>
      <trkpt lat="31.244357675553772" lon="121.62129137725239">
        <ele>6.759707858785987</ele>
        <time>1970-01-01T00:04:47.200000Z</time>
        <extensions>
          <gpxtpx:TrackPointExtension>
            <gpxtpx:hr>106</gpxtpx:hr>
          </gpxtpx:TrackPointExtension>
        </extensions>
      </trkpt>
      <trkpt lat="31.244387270862774" lon="121.62129081145416">
        <ele>6.756037269718945</ele>
        <time>1970-01-01T00:04:48.200000Z</time>
        <extensions>
          <gpxtpx:TrackPointExtension>
            <gpxtpx:hr>106</gpxtpx:hr>
          </gpxtpx:TrackPointExtension>
        </extensions>
      </trkpt>
      <trkpt lat="31.244416597188373" lon="121.6212923587176">
        <ele>6.736520204693079</ele>
        <time>1970-01-01T00:04:49.200000Z</time>
        <extensions>
          <gpxtpx:TrackPointExtension>
            <gpxtpx:hr>111</gpxtpx:hr>
          </gpxtpx:TrackPointExtension>
        </extensions>
      </trkpt>
      <trkpt lat="31.244446399463392" lon="121.6212965154154">
        <ele>6.699473814107478</ele>
        <time>1970-01-01T00:04:50.200000Z</time>
        <extensions>
          <gpxtpx:TrackPointExtension>
            <gpxtpx:hr>111</gpxtpx:hr>
          </gpxtpx:TrackPointExtension>
        </extensions>
      </trkpt>
      <trkpt lat="31.24447690371571" lon="121.62130367868225">
        <ele>6.645182516425848</ele>
        <time>1970-01-01T00:04:51.200000Z</time>
        <extensions>
          <gpxtpx:TrackPointExtension>
            <gpxtpx:hr>111</gpxtpx:hr>
          </gpxtpx:TrackPointExtension>
        </extensions>
      </trkpt>
      <trkpt lat="31.24450823116615" lon="121.62131373754356">
        <ele>6.5764463795349</ele>
        <time>1970-01-01T00:04:52.200000Z</time>
        <extensions>
          <gpxtpx:TrackPointExtension>
            <gpxtpx:hr>111</gpxtpx:hr>
          </gpxtpx:TrackPointExtension>
        </extensions>
      </trkpt>
      <trkpt lat="31.2445242450901" lon="121.62131949436153">
        <ele>6.538328217342496</ele>
        <time>1970-01-01T00:04:52.700000Z</time>
        <extensions>
          <gpxtpx:TrackPointExtension>
            <gpxtpx:hr>111</gpxtpx:hr>
          </gpxtpx:TrackPointExtension>
        </extensions>
      </trkpt>
      <trkpt lat="31.24455663419731" lon="121.62133055663226">
        <ele>6.459235806949437</ele>
        <time>1970-01-01T00:04:53.700000Z</time>
        <extensions>
          <gpxtpx:TrackPointExtension>
            <gpxtpx:hr>111</gpxtpx:hr>
          </gpxtpx:TrackPointExtension>
        </extensions>
      </trkpt>
      <trkpt lat="31.24458950054075" lon="121.62134005467011">
        <ele>6.379439136013389</ele>
        <time>1970-01-01T00:04:54.700000Z</time>
        <extensions>
          <gpxtpx:TrackPointExtension>
            <gpxtpx:hr>133</gpxtpx:hr>
          </gpxtpx:TrackPointExtension>
        </extensions>
      </trkpt>
      <trkpt lat="31.244622314736308" lon="121.62134734084272">
        <ele>6.304208537563682</ele>
        <time>1970-01-01T00:04:55.700000Z</time>
        <extensions>
          <gpxtpx:TrackPointExtension>
            <gpxtpx:hr>133</gpxtpx:hr>
          </gpxtpx:TrackPointExtension>
        </extensions>
      </trkpt>
      <trkpt lat="31.244655029814137" lon="121.62135276800473">
        <ele>6.237097596749663</ele>
        <time>1970-01-01T00:04:56.700000Z</time>
        <extensions>
          <gpxtpx:TrackPointExtension>
            <gpxtpx:hr>133</gpxtpx:hr>
          </gpxtpx:TrackPointExtension>
        </extensions>
      </trkpt>
      <trkpt lat="31.24468817077815" lon="121.62135738378493">
        <ele>6.1798941707238555</ele>
        <time>1970-01-01T00:04:57.700000Z</time>
        <extensions>
          <gpxtpx:TrackPointExtension>
            <gpxtpx:hr>133</gpxtpx:hr>
          </gpxtpx:TrackPointExtension>
        </extensions>
      </trkpt>
      <trkpt lat="31.244721789359467" lon="121.6213620743181">
        <ele>6.133000084199011</ele>
        <time>1970-01-01T00:04:58.700000Z</time>
        <extensions>
          <gpxtpx:TrackPointExtension>
            <gpxtpx:hr>133</gpxtpx:hr>
          </gpxtpx:TrackPointExtension>
        </extensions>
      </trkpt>
      <trkpt lat="31.24475534254146" lon="121.62136703601334">
        <ele>6.095654089003801</ele>
        <time>1970-01-01T00:04:59.700000Z</time>
        <extensions>
          <gpxtpx:TrackPointExtension>
            <gpxtpx:hr>133</gpxtpx:hr>
          </gpxtpx:TrackPointExtension>
        </extensions>
      </trkpt>
      <trkpt lat="31.244788666033653" lon="121.62137199636628">
        <ele>6.066387762315571</ele>
        <time>1970-01-01T00:05:00.700000Z</time>
        <extensions>
          <gpxtpx:TrackPointExtension>
            <gpxtpx:hr>133</gpxtpx:hr>
          </gpxtpx:TrackPointExtension>
        </extensions>
      </trkpt>
      <trkpt lat="31.244821808691974" lon="121.62137689512016">
        <ele>6.04390561953187</ele>
        <time>1970-01-01T00:05:01.700000Z</time>
        <extensions>
          <gpxtpx:TrackPointExtension>
            <gpxtpx:hr>139</gpxtpx:hr>
          </gpxtpx:TrackPointExtension>
        </extensions>
      </trkpt>
      <trkpt lat="31.244854687892687" lon="121.6213814309126">
        <ele>6.027143906801939</ele>
        <time>1970-01-01T00:05:02.700000Z</time>
        <extensions>
          <gpxtpx:TrackPointExtension>
            <gpxtpx:hr>139</gpxtpx:hr>
          </gpxtpx:TrackPointExtension>
        </extensions>
      </trkpt>
      <trkpt lat="31.24488736797275" lon="121.62138531311503">
        <ele>6.014874316751957</ele>
        <time>1970-01-01T00:05:03.700000Z</time>
        <extensions>
          <gpxtpx:TrackPointExtension>
            <gpxtpx:hr>139</gpxtpx:hr>
          </gpxtpx:TrackPointExtension>
        </extensions>
      </trkpt>
      <trkpt lat="31.244920161372136" lon="121.62138886185993">
        <ele>6.005652358755469</ele>
        <time>1970-01-01T00:05:04.700000Z</time>
        <extensions>
          <gpxtpx:TrackPointExtension>
            <gpxtpx:hr>140</gpxtpx:hr>
          </gpxtpx:TrackPointExtension>
        </extensions>
      </trkpt>
      <trkpt lat="31.244953079081778" lon="121.62139226903162">
        <ele>5.998020468279719</ele>
        <time>1970-01-01T00:05:05.700000Z</time>
        <extensions>
          <gpxtpx:TrackPointExtension>
            <gpxtpx:hr>140</gpxtpx:hr>
          </gpxtpx:TrackPointExtension>
        </extensions>
      </trkpt>
      <trkpt lat="31.244986079976226" lon="121.62139569283961">
        <ele>5.990770283155143</ele>
        <time>1970-01-01T00:05:06.700000Z</time>
        <extensions>
          <gpxtpx:TrackPointExtension>
            <gpxtpx:hr>140</gpxtpx:hr>
          </gpxtpx:TrackPointExtension>
        </extensions>
      </trkpt>
      <trkpt lat="31.24501900120315" lon="121.62139963458407">
        <ele>5.983231774531305</ele>
        <time>1970-01-01T00:05:07.700000Z</time>
        <extensions>
          <gpxtpx:TrackPointExtension>
            <gpxtpx:hr>140</gpxtpx:hr>
          </gpxtpx:TrackPointExtension>
        </extensions>
      </trkpt>
      <trkpt lat="31.245051451968955" lon="121.62140413425385">
        <ele>5.975458145141602</ele>
        <time>1970-01-01T00:05:08.700000Z</time>
        <extensions>
          <gpxtpx:TrackPointExtension>
            <gpxtpx:hr>140</gpxtpx:hr>
          </gpxtpx:TrackPointExtension>
        </extensions>
      </trkpt>
      <trkpt lat="31.245083523724173" lon="121.62140919122201">
        <ele>5.967781116254628</ele>
        <time>1970-01-01T00:05:09.700000Z</time>
        <extensions>
          <gpxtpx:TrackPointExtension>
            <gpxtpx:hr>148</gpxtpx:hr>
          </gpxtpx:TrackPointExtension>
        </extensions>
      </trkpt>
      <trkpt lat="31.24511556378675" lon="121.62141504986738">
        <ele>5.960409547202289</ele>
        <time>1970-01-01T00:05:10.700000Z</time>
        <extensions>
          <gpxtpx:TrackPointExtension>
            <gpxtpx:hr>148</gpxtpx:hr>
          </gpxtpx:TrackPointExtension>
        </extensions>
      </trkpt>
      <trkpt lat="31.24514750502299" lon="121.6214214998914">
        <ele>5.953648512251675</ele>
        <time>1970-01-01T00:05:11.700000Z</time>
        <extensions>
          <gpxtpx:TrackPointExtension>
            <gpxtpx:hr>148</gpxtpx:hr>
          </gpxtpx:TrackPointExtension>
        </extensions>
      </trkpt>
      <trkpt lat="31.245179470457906" lon="121.62142853262655">
        <ele>5.948042192496359</ele>
        <time>1970-01-01T00:05:12.700000Z</time>
        <extensions>
          <gpxtpx:TrackPointExtension>
            <gpxtpx:hr>148</gpxtpx:hr>
          </gpxtpx:TrackPointExtension>
        </extensions>
      </trkpt>
      <trkpt lat="31.245211580121783" lon="121.62143583857065">
        <ele>5.944316050969064</ele>
        <time>1970-01-01T00:05:13.700000Z</time>
        <extensions>
          <gpxtpx:TrackPointExtension>
            <gpxtpx:hr>148</gpxtpx:hr>
          </gpxtpx:TrackPointExtension>
        </extensions>
      </trkpt>
      <trkpt lat="31.24524382453966" lon="121.62144325689523">
        <ele>5.942734898068011</ele>
        <time>1970-01-01T00:05:14.700000Z</time>
        <extensions>
          <gpxtpx:TrackPointExtension>
            <gpxtpx:hr>149</gpxtpx:hr>
          </gpxtpx:TrackPointExtension>
        </extensions>
      </trkpt>
      <trkpt lat="31.245276359867837" lon="121.62145057321996">
        <ele>5.942581258714199</ele>
        <time>1970-01-01T00:05:15.700000Z</time>
        <extensions>
          <gpxtpx:TrackPointExtension>
            <gpxtpx:hr>149</gpxtpx:hr>
          </gpxtpx:TrackPointExtension>
        </extensions>
      </trkpt>
      <trkpt lat="31.245309313061338" lon="121.62145788240572">
        <ele>5.942805050872266</ele>
        <time>1970-01-01T00:05:16.700000Z</time>
        <extensions>
          <gpxtpx:TrackPointExtension>
            <gpxtpx:hr>149</gpxtpx:hr>
          </gpxtpx:TrackPointExtension>
        </extensions>
      </trkpt>
      <trkpt lat="31.245342376430127" lon="121.62146508206573">
        <ele>5.942460188642144</ele>
        <time>1970-01-01T00:05:17.700000Z</time>
        <extensions>
          <gpxtpx:TrackPointExtension>
            <gpxtpx:hr>153</gpxtpx:hr>
          </gpxtpx:TrackPointExtension>
        </extensions>
      </trkpt>
      <trkpt lat="31.245375112900366" lon="121.62147204230102">
        <ele>5.9410852417349815</ele>
        <time>1970-01-01T00:05:18.800000Z</time>
        <extensions>
          <gpxtpx:TrackPointExtension>
            <gpxtpx:hr>153</gpxtpx:hr>
          </gpxtpx:TrackPointExtension>
        </extensions>
      </trkpt>
      <trkpt lat="31.245407220673734" lon="121.62147882107553">
        <ele>5.93938026111573</ele>
        <time>1970-01-01T00:05:19.800000Z</time>
        <extensions>
          <gpxtpx:TrackPointExtension>
            <gpxtpx:hr>153</gpxtpx:hr>
          </gpxtpx:TrackPointExtension>
        </extensions>
      </trkpt>
      <trkpt lat="31.24543896857757" lon="121.621485656824">
        <ele>5.938437475822866</ele>
        <time>1970-01-01T00:05:20.800000Z</time>
        <extensions>
          <gpxtpx:TrackPointExtension>
            <gpxtpx:hr>153</gpxtpx:hr>
          </gpxtpx:TrackPointExtension>
        </extensions>
      </trkpt>
      <trkpt lat="31.245470586625565" lon="121.62149263938525">
        <ele>5.938719807192683</ele>
        <time>1970-01-01T00:05:21.800000Z</time>
        <extensions>
          <gpxtpx:TrackPointExtension>
            <gpxtpx:hr>153</gpxtpx:hr>
          </gpxtpx:TrackPointExtension>
        </extensions>
      </trkpt>
      <trkpt lat="31.245502023448942" lon="121.62149995601567">
        <ele>5.94010503590107</ele>
        <time>1970-01-01T00:05:22.800000Z</time>
        <extensions>
          <gpxtpx:TrackPointExtension>
            <gpxtpx:hr>153</gpxtpx:hr>
          </gpxtpx:TrackPointExtension>
        </extensions>
      </trkpt>
      <trkpt lat="31.24553291887117" lon="121.62150777656302">
        <ele>5.942467187531292</ele>
        <time>1970-01-01T00:05:23.800000Z</time>
        <extensions>
          <gpxtpx:TrackPointExtension>
            <gpxtpx:hr>153</gpxtpx:hr>
          </gpxtpx:TrackPointExtension>
        </extensions>
      </trkpt>
      <trkpt lat="31.245563068547103" lon="121.62151636513462">
        <ele>5.946309851482511</ele>
        <time>1970-01-01T00:05:24.800000Z</time>
        <extensions>
          <gpxtpx:TrackPointExtension>
            <gpxtpx:hr>157</gpxtpx:hr>
          </gpxtpx:TrackPointExtension>
        </extensions>
      </trkpt>
      <trkpt lat="31.24559264504814" lon="121.62152609292474">
        <ele>5.952474777586758</ele>
        <time>1970-01-01T00:05:25.800000Z</time>
        <extensions>
          <gpxtpx:TrackPointExtension>
            <gpxtpx:hr>157</gpxtpx:hr>
          </gpxtpx:TrackPointExtension>
        </extensions>
      </trkpt>
      <trkpt lat="31.24562185057585" lon="121.62153663719123">
        <ele>5.961552020162344</ele>
        <time>1970-01-01T00:05:26.800000Z</time>
        <extensions>
          <gpxtpx:TrackPointExtension>
            <gpxtpx:hr>157</gpxtpx:hr>
          </gpxtpx:TrackPointExtension>
        </extensions>
      </trkpt>
      <trkpt lat="31.245651052224098" lon="121.62154756020455">
        <ele>5.973534156568348</ele>
        <time>1970-01-01T00:05:27.800000Z</time>
        <extensions>
          <gpxtpx:TrackPointExtension>
            <gpxtpx:hr>157</gpxtpx:hr>
          </gpxtpx:TrackPointExtension>
        </extensions>
      </trkpt>
      <trkpt lat="31.2456804845941" lon="121.62155935284854">
        <ele>5.987778029404581</ele>
        <time>1970-01-01T00:05:28.800000Z</time>
        <extensions>
          <gpxtpx:TrackPointExtension>
            <gpxtpx:hr>157</gpxtpx:hr>
          </gpxtpx:TrackPointExtension>
        </extensions>
      </trkpt>
      <trkpt lat="31.2457099367368" lon="121.62157131267708">
        <ele>6.0035948837175965</ele>
        <time>1970-01-01T00:05:29.800000Z</time>
        <extensions>
          <gpxtpx:TrackPointExtension>
            <gpxtpx:hr>157</gpxtpx:hr>
          </gpxtpx:TrackPointExtension>
        </extensions>
      </trkpt>
      <trkpt lat="31.24573909522188" lon="121.62158268327889">
        <ele>6.02022039052099</ele>
        <time>1970-01-01T00:05:30.800000Z</time>
        <extensions>
          <gpxtpx:TrackPointExtension>
            <gpxtpx:hr>158</gpxtpx:hr>
          </gpxtpx:TrackPointExtension>
        </extensions>
      </trkpt>
      <trkpt lat="31.245767796266403" lon="121.62159321800299">
        <ele>6.036717103794217</ele>
        <time>1970-01-01T00:05:31.800000Z</time>
        <extensions>
          <gpxtpx:TrackPointExtension>
            <gpxtpx:hr>158</gpxtpx:hr>
          </gpxtpx:TrackPointExtension>
        </extensions>
      </trkpt>
      <trkpt lat="31.245796293424824" lon="121.62160301949619">
        <ele>6.052710611373186</ele>
        <time>1970-01-01T00:05:32.800000Z</time>
        <extensions>
          <gpxtpx:TrackPointExtension>
            <gpxtpx:hr>158</gpxtpx:hr>
          </gpxtpx:TrackPointExtension>
        </extensions>
      </trkpt>
      <trkpt lat="31.245824715234953" lon="121.62161186733496">
        <ele>6.068482516333461</ele>
        <time>1970-01-01T00:05:33.800000Z</time>
        <extensions>
          <gpxtpx:TrackPointExtension>
            <gpxtpx:hr>158</gpxtpx:hr>
          </gpxtpx:TrackPointExtension>
        </extensions>
      </trkpt>
      <trkpt lat="31.2458532303027" lon="121.6216196183943">
        <ele>6.0848107393831015</ele>
        <time>1970-01-01T00:05:34.800000Z</time>
        <extensions>
          <gpxtpx:TrackPointExtension>
            <gpxtpx:hr>158</gpxtpx:hr>
          </gpxtpx:TrackPointExtension>
        </extensions>
      </trkpt>
      <trkpt lat="31.245881768918228" lon="121.62162684964898">
        <ele>6.103135333396494</ele>
        <time>1970-01-01T00:05:35.800000Z</time>
        <extensions>
          <gpxtpx:TrackPointExtension>
            <gpxtpx:hr>158</gpxtpx:hr>
          </gpxtpx:TrackPointExtension>
        </extensions>
      </trkpt>
      <trkpt lat="31.2459100334875" lon="121.62163376931674">
        <ele>6.124475993216038</ele>
        <time>1970-01-01T00:05:36.800000Z</time>
        <extensions>
          <gpxtpx:TrackPointExtension>
            <gpxtpx:hr>158</gpxtpx:hr>
          </gpxtpx:TrackPointExtension>
        </extensions>
      </trkpt>
      <trkpt lat="31.24593832311588" lon="121.62164056658476">
        <ele>6.148847386240959</ele>
        <time>1970-01-01T00:05:37.800000Z</time>
        <extensions>
          <gpxtpx:TrackPointExtension>
            <gpxtpx:hr>159</gpxtpx:hr>
          </gpxtpx:TrackPointExtension>
        </extensions>
      </trkpt>
      <trkpt lat="31.24596684467534" lon="121.62164741994945">
        <ele>6.176111029461026</ele>
        <time>1970-01-01T00:05:38.800000Z</time>
        <extensions>
          <gpxtpx:TrackPointExtension>
            <gpxtpx:hr>159</gpxtpx:hr>
          </gpxtpx:TrackPointExtension>
        </extensions>
      </trkpt>
      <trkpt lat="31.245995364648092" lon="121.62165391577776">
        <ele>6.206344829872251</ele>
        <time>1970-01-01T00:05:39.800000Z</time>
        <extensions>
          <gpxtpx:TrackPointExtension>
            <gpxtpx:hr>159</gpxtpx:hr>
          </gpxtpx:TrackPointExtension>
        </extensions>
      </trkpt>
      <trkpt lat="31.246023518360264" lon="121.62165949994461">
        <ele>6.239738257601857</ele>
        <time>1970-01-01T00:05:40.800000Z</time>
        <extensions>
          <gpxtpx:TrackPointExtension>
            <gpxtpx:hr>159</gpxtpx:hr>
          </gpxtpx:TrackPointExtension>
        </extensions>
      </trkpt>
      <trkpt lat="31.246051035504166" lon="121.62166398131009">
        <ele>6.2753913989290595</ele>
        <time>1970-01-01T00:05:41.800000Z</time>
        <extensions>
          <gpxtpx:TrackPointExtension>
            <gpxtpx:hr>159</gpxtpx:hr>
          </gpxtpx:TrackPointExtension>
        </extensions>
      </trkpt>
      <trkpt lat="31.246077699270145" lon="121.62166642282884">
        <ele>6.310811169445515</ele>
        <time>1970-01-01T00:05:42.800000Z</time>
        <extensions>
          <gpxtpx:TrackPointExtension>
            <gpxtpx:hr>159</gpxtpx:hr>
          </gpxtpx:TrackPointExtension>
        </extensions>
      </trkpt>
      <trkpt lat="31.246103081097132" lon="121.62166515226946">
        <ele>6.343070697970688</ele>
        <time>1970-01-01T00:05:43.800000Z</time>
        <extensions>
          <gpxtpx:TrackPointExtension>
            <gpxtpx:hr>161</gpxtpx:hr>
          </gpxtpx:TrackPointExtension>
        </extensions>
      </trkpt>
      <trkpt lat="31.246126561483084" lon="121.62165860772011">
        <ele>6.36926438100636</ele>
        <time>1970-01-01T00:05:44.800000Z</time>
        <extensions>
          <gpxtpx:TrackPointExtension>
            <gpxtpx:hr>161</gpxtpx:hr>
          </gpxtpx:TrackPointExtension>
        </extensions>
      </trkpt>
      <trkpt lat="31.246147296973806" lon="121.62164577051729">
        <ele>6.387146451510489</ele>
        <time>1970-01-01T00:05:45.800000Z</time>
        <extensions>
          <gpxtpx:TrackPointExtension>
            <gpxtpx:hr>161</gpxtpx:hr>
          </gpxtpx:TrackPointExtension>
        </extensions>
      </trkpt>
      <trkpt lat="31.246165554456105" lon="121.62162839502778">
        <ele>6.396154667250812</ele>
        <time>1970-01-01T00:05:46.800000Z</time>
        <extensions>
          <gpxtpx:TrackPointExtension>
            <gpxtpx:hr>161</gpxtpx:hr>
          </gpxtpx:TrackPointExtension>
        </extensions>
      </trkpt>
      <trkpt lat="31.24618229233224" lon="121.62160826416692">
        <ele>6.397601549513638</ele>
        <time>1970-01-01T00:05:47.800000Z</time>
        <extensions>
          <gpxtpx:TrackPointExtension>
            <gpxtpx:hr>161</gpxtpx:hr>
          </gpxtpx:TrackPointExtension>
        </extensions>
      </trkpt>
      <trkpt lat="31.24619817325946" lon="121.6215865813684">
        <ele>6.394149292260408</ele>
        <time>1970-01-01T00:05:48.800000Z</time>
        <extensions>
          <gpxtpx:TrackPointExtension>
            <gpxtpx:hr>161</gpxtpx:hr>
          </gpxtpx:TrackPointExtension>
        </extensions>
      </trkpt>
      <trkpt lat="31.246213963294252" lon="121.62156472615189">
        <ele>6.388948438689113</ele>
        <time>1970-01-01T00:05:49.800000Z</time>
        <extensions>
          <gpxtpx:TrackPointExtension>
            <gpxtpx:hr>161</gpxtpx:hr>
          </gpxtpx:TrackPointExtension>
        </extensions>
      </trkpt>
      <trkpt lat="31.24623032957394" lon="121.62154370145178">
        <ele>6.385073295794427</ele>
        <time>1970-01-01T00:05:50.800000Z</time>
        <extensions>
          <gpxtpx:TrackPointExtension>
            <gpxtpx:hr>162</gpxtpx:hr>
          </gpxtpx:TrackPointExtension>
        </extensions>
      </trkpt>
      <trkpt lat="31.246247727680704" lon="121.62152417787405">
        <ele>6.385177259333432</ele>
        <time>1970-01-01T00:05:51.800000Z</time>
        <extensions>
          <gpxtpx:TrackPointExtension>
            <gpxtpx:hr>162</gpxtpx:hr>
          </gpxtpx:TrackPointExtension>
        </extensions>
      </trkpt>
      <trkpt lat="31.246266507783915" lon="121.62150700637298">
        <ele>6.391066950745881</ele>
        <time>1970-01-01T00:05:52.800000Z</time>
        <extensions>
          <gpxtpx:TrackPointExtension>
            <gpxtpx:hr>162</gpxtpx:hr>
          </gpxtpx:TrackPointExtension>
        </extensions>
      </trkpt>
      <trkpt lat="31.246287649495024" lon="121.62149438137448">
        <ele>6.40410410054028</ele>
        <time>1970-01-01T00:05:53.900000Z</time>
        <extensions>
          <gpxtpx:TrackPointExtension>
            <gpxtpx:hr>162</gpxtpx:hr>
          </gpxtpx:TrackPointExtension>
        </extensions>
      </trkpt>
      <trkpt lat="31.246311299807513" lon="121.62148751674071">
        <ele>6.425730071030557</ele>
        <time>1970-01-01T00:05:54.900000Z</time>
        <extensions>
          <gpxtpx:TrackPointExtension>
            <gpxtpx:hr>162</gpxtpx:hr>
          </gpxtpx:TrackPointExtension>
        </extensions>
      </trkpt>
      <trkpt lat="31.2463363420905" lon="121.62148484422318">
        <ele>6.456792963668704</ele>
        <time>1970-01-01T00:05:55.900000Z</time>
        <extensions>
          <gpxtpx:TrackPointExtension>
            <gpxtpx:hr>162</gpxtpx:hr>
          </gpxtpx:TrackPointExtension>
        </extensions>
      </trkpt>
      <trkpt lat="31.246362240641478" lon="121.62148466783067">
        <ele>6.496626475825906</ele>
        <time>1970-01-01T00:05:56.900000Z</time>
        <extensions>
          <gpxtpx:TrackPointExtension>
            <gpxtpx:hr>162</gpxtpx:hr>
          </gpxtpx:TrackPointExtension>
        </extensions>
      </trkpt>
      <trkpt lat="31.24638862092495" lon="121.62148582738487">
        <ele>6.543454683385789</ele>
        <time>1970-01-01T00:05:57.900000Z</time>
        <extensions>
          <gpxtpx:TrackPointExtension>
            <gpxtpx:hr>162</gpxtpx:hr>
          </gpxtpx:TrackPointExtension>
        </extensions>
      </trkpt>
      <trkpt lat="31.24641502913229" lon="121.62148709735445">
        <ele>6.595345889218152</ele>
        <time>1970-01-01T00:05:58.900000Z</time>
        <extensions>
          <gpxtpx:TrackPointExtension>
            <gpxtpx:hr>162</gpxtpx:hr>
          </gpxtpx:TrackPointExtension>
        </extensions>
      </trkpt>
      <trkpt lat="31.24644118735641" lon="121.62148757054261">
        <ele>6.649818878620863</ele>
        <time>1970-01-01T00:05:59.900000Z</time>
        <extensions>
          <gpxtpx:TrackPointExtension>
            <gpxtpx:hr>162</gpxtpx:hr>
          </gpxtpx:TrackPointExtension>
        </extensions>
      </trkpt>
      <trkpt lat="31.246466395369158" lon="121.62148620869841">
        <ele>6.703332455828786</ele>
        <time>1970-01-01T00:06:00.900000Z</time>
        <extensions>
          <gpxtpx:TrackPointExtension>
            <gpxtpx:hr>162</gpxtpx:hr>
          </gpxtpx:TrackPointExtension>
        </extensions>
      </trkpt>
      <trkpt lat="31.24648959604849" lon="121.62148111336158">
        <ele>6.751796412281692</ele>
        <time>1970-01-01T00:06:01.900000Z</time>
        <extensions>
          <gpxtpx:TrackPointExtension>
            <gpxtpx:hr>162</gpxtpx:hr>
          </gpxtpx:TrackPointExtension>
        </extensions>
      </trkpt>
      <trkpt lat="31.246509524490815" lon="121.62146985380129">
        <ele>6.791202592663467</ele>
        <time>1970-01-01T00:06:02.900000Z</time>
        <extensions>
          <gpxtpx:TrackPointExtension>
            <gpxtpx:hr>162</gpxtpx:hr>
          </gpxtpx:TrackPointExtension>
        </extensions>
      </trkpt>
      <trkpt lat="31.24652657746122" lon="121.6214526628001">
        <ele>6.818599647842348</ele>
        <time>1970-01-01T00:06:03.900000Z</time>
        <extensions>
          <gpxtpx:TrackPointExtension>
            <gpxtpx:hr>162</gpxtpx:hr>
          </gpxtpx:TrackPointExtension>
        </extensions>
      </trkpt>
      <trkpt lat="31.246542501020173" lon="121.62143219592913">
        <ele>6.832785028964281</ele>
        <time>1970-01-01T00:06:04.900000Z</time>
        <extensions>
          <gpxtpx:TrackPointExtension>
            <gpxtpx:hr>162</gpxtpx:hr>
          </gpxtpx:TrackPointExtension>
        </extensions>
      </trkpt>
      <trkpt lat="31.246558813672667" lon="121.6214111773602">
        <ele>6.834257209673524</ele>
        <time>1970-01-01T00:06:05.900000Z</time>
        <extensions>
          <gpxtpx:TrackPointExtension>
            <gpxtpx:hr>162</gpxtpx:hr>
          </gpxtpx:TrackPointExtension>
        </extensions>
      </trkpt>
      <trkpt lat="31.246576879563627" lon="121.62139194353823">
        <ele>6.8252955647185445</ele>
        <time>1970-01-01T00:06:06.900000Z</time>
        <extensions>
          <gpxtpx:TrackPointExtension>
            <gpxtpx:hr>164</gpxtpx:hr>
          </gpxtpx:TrackPointExtension>
        </extensions>
      </trkpt>
      <trkpt lat="31.24659684327575" lon="121.62137531404352">
        <ele>6.8093170914798975</ele>
        <time>1970-01-01T00:06:07.900000Z</time>
        <extensions>
          <gpxtpx:TrackPointExtension>
            <gpxtpx:hr>164</gpxtpx:hr>
          </gpxtpx:TrackPointExtension>
        </extensions>
      </trkpt>
      <trkpt lat="31.246618377216812" lon="121.62136204329491">
        <ele>6.789677337743342</ele>
        <time>1970-01-01T00:06:08.900000Z</time>
        <extensions>
          <gpxtpx:TrackPointExtension>
            <gpxtpx:hr>164</gpxtpx:hr>
          </gpxtpx:TrackPointExtension>
        </extensions>
      </trkpt>
      <trkpt lat="31.246641848284256" lon="121.62135432635124">
        <ele>6.7692719819024205</ele>
        <time>1970-01-01T00:06:09.900000Z</time>
        <extensions>
          <gpxtpx:TrackPointExtension>
            <gpxtpx:hr>164</gpxtpx:hr>
          </gpxtpx:TrackPointExtension>
        </extensions>
      </trkpt>
      <trkpt lat="31.246667299012064" lon="121.62135245538224">
        <ele>6.750123661011457</ele>
        <time>1970-01-01T00:06:10.900000Z</time>
        <extensions>
          <gpxtpx:TrackPointExtension>
            <gpxtpx:hr>164</gpxtpx:hr>
          </gpxtpx:TrackPointExtension>
        </extensions>
      </trkpt>
      <trkpt lat="31.246694071543363" lon="121.62135441673176">
        <ele>6.732975349761546</ele>
        <time>1970-01-01T00:06:11.900000Z</time>
        <extensions>
          <gpxtpx:TrackPointExtension>
            <gpxtpx:hr>164</gpxtpx:hr>
          </gpxtpx:TrackPointExtension>
        </extensions>
      </trkpt>
      <trkpt lat="31.246721692454262" lon="121.62135890189644">
        <ele>6.717425845563412</ele>
        <time>1970-01-01T00:06:12.900000Z</time>
        <extensions>
          <gpxtpx:TrackPointExtension>
            <gpxtpx:hr>164</gpxtpx:hr>
          </gpxtpx:TrackPointExtension>
        </extensions>
      </trkpt>
      <trkpt lat="31.246749574654984" lon="121.6213647090101">
        <ele>6.702441344037652</ele>
        <time>1970-01-01T00:06:13.900000Z</time>
        <extensions>
          <gpxtpx:TrackPointExtension>
            <gpxtpx:hr>164</gpxtpx:hr>
          </gpxtpx:TrackPointExtension>
        </extensions>
      </trkpt>
      <trkpt lat="31.24677748743272" lon="121.62137019365981">
        <ele>6.6872394438833</ele>
        <time>1970-01-01T00:06:14.900000Z</time>
        <extensions>
          <gpxtpx:TrackPointExtension>
            <gpxtpx:hr>163</gpxtpx:hr>
          </gpxtpx:TrackPointExtension>
        </extensions>
      </trkpt>
      <trkpt lat="31.24680512745214" lon="121.62137360899918">
        <ele>6.6716013960540295</ele>
        <time>1970-01-01T00:06:15.900000Z</time>
        <extensions>
          <gpxtpx:TrackPointExtension>
            <gpxtpx:hr>163</gpxtpx:hr>
          </gpxtpx:TrackPointExtension>
        </extensions>
      </trkpt>
      <trkpt lat="31.246831818185868" lon="121.62137392831853">
        <ele>6.655327241867781</ele>
        <time>1970-01-01T00:06:16.900000Z</time>
        <extensions>
          <gpxtpx:TrackPointExtension>
            <gpxtpx:hr>163</gpxtpx:hr>
          </gpxtpx:TrackPointExtension>
        </extensions>
      </trkpt>
      <trkpt lat="31.246857078411587" lon="121.62136978301093">
        <ele>6.6373198395594954</ele>
        <time>1970-01-01T00:06:17.900000Z</time>
        <extensions>
          <gpxtpx:TrackPointExtension>
            <gpxtpx:hr>164</gpxtpx:hr>
          </gpxtpx:TrackPointExtension>
        </extensions>
      </trkpt>
      <trkpt lat="31.246880337168985" lon="121.62135977039283">
        <ele>6.615402638912201</ele>
        <time>1970-01-01T00:06:18.900000Z</time>
        <extensions>
          <gpxtpx:TrackPointExtension>
            <gpxtpx:hr>164</gpxtpx:hr>
          </gpxtpx:TrackPointExtension>
        </extensions>
      </trkpt>
      <trkpt lat="31.246902055704712" lon="121.62134499082876">
        <ele>6.587712522596121</ele>
        <time>1970-01-01T00:06:19.900000Z</time>
        <extensions>
          <gpxtpx:TrackPointExtension>
            <gpxtpx:hr>164</gpxtpx:hr>
          </gpxtpx:TrackPointExtension>
        </extensions>
      </trkpt>
      <trkpt lat="31.24692297259064" lon="121.62132819858385">
        <ele>6.553568202070892</ele>
        <time>1970-01-01T00:06:20.900000Z</time>
        <extensions>
          <gpxtpx:TrackPointExtension>
            <gpxtpx:hr>164</gpxtpx:hr>
          </gpxtpx:TrackPointExtension>
        </extensions>
      </trkpt>
      <trkpt lat="31.246943507865407" lon="121.62131116673653">
        <ele>6.513404767028987</ele>
        <time>1970-01-01T00:06:21.900000Z</time>
        <extensions>
          <gpxtpx:TrackPointExtension>
            <gpxtpx:hr>164</gpxtpx:hr>
          </gpxtpx:TrackPointExtension>
        </extensions>
      </trkpt>
      <trkpt lat="31.246964444530807" lon="121.62129567128">
        <ele>6.468722934834659</ele>
        <time>1970-01-01T00:06:22.900000Z</time>
        <extensions>
          <gpxtpx:TrackPointExtension>
            <gpxtpx:hr>164</gpxtpx:hr>
          </gpxtpx:TrackPointExtension>
        </extensions>
      </trkpt>
      <trkpt lat="31.246986674347806" lon="121.62128407931868">
        <ele>6.421850631013513</ele>
        <time>1970-01-01T00:06:23.900000Z</time>
        <extensions>
          <gpxtpx:TrackPointExtension>
            <gpxtpx:hr>164</gpxtpx:hr>
          </gpxtpx:TrackPointExtension>
        </extensions>
      </trkpt>
      <trkpt lat="31.247010693831605" lon="121.62127859170853">
        <ele>6.375636878423393</ele>
        <time>1970-01-01T00:06:24.900000Z</time>
        <extensions>
          <gpxtpx:TrackPointExtension>
            <gpxtpx:hr>165</gpxtpx:hr>
          </gpxtpx:TrackPointExtension>
        </extensions>
      </trkpt>
      <trkpt lat="31.247036273089115" lon="121.62127826257895">
        <ele>6.332485972903669</ele>
        <time>1970-01-01T00:06:25.900000Z</time>
        <extensions>
          <gpxtpx:TrackPointExtension>
            <gpxtpx:hr>165</gpxtpx:hr>
          </gpxtpx:TrackPointExtension>
        </extensions>
      </trkpt>
      <trkpt lat="31.24706259186726" lon="121.62128072264024">
        <ele>6.293456195853651</ele>
        <time>1970-01-01T00:06:26.900000Z</time>
        <extensions>
          <gpxtpx:TrackPointExtension>
            <gpxtpx:hr>165</gpxtpx:hr>
          </gpxtpx:TrackPointExtension>
        </extensions>
      </trkpt>
      <trkpt lat="31.247089272409127" lon="121.6212843051382">
        <ele>6.258769633248448</ele>
        <time>1970-01-01T00:06:27.900000Z</time>
        <extensions>
          <gpxtpx:TrackPointExtension>
            <gpxtpx:hr>165</gpxtpx:hr>
          </gpxtpx:TrackPointExtension>
        </extensions>
      </trkpt>
      <trkpt lat="31.247115822406744" lon="121.6212872786011">
        <ele>6.227561462670565</ele>
        <time>1970-01-01T00:06:29Z</time>
        <extensions>
          <gpxtpx:TrackPointExtension>
            <gpxtpx:hr>165</gpxtpx:hr>
          </gpxtpx:TrackPointExtension>
        </extensions>
      </trkpt>
      <trkpt lat="31.247141782754827" lon="121.62128856344773">
        <ele>6.1977227767929435</ele>
        <time>1970-01-01T00:06:30Z</time>
        <extensions>
          <gpxtpx:TrackPointExtension>
            <gpxtpx:hr>165</gpxtpx:hr>
          </gpxtpx:TrackPointExtension>
        </extensions>
      </trkpt>
      <trkpt lat="31.247167336700965" lon="121.62128741567194">
        <ele>6.166996045969427</ele>
        <time>1970-01-01T00:06:31Z</time>
        <extensions>
          <gpxtpx:TrackPointExtension>
            <gpxtpx:hr>165</gpxtpx:hr>
          </gpxtpx:TrackPointExtension>
        </extensions>
      </trkpt>
      <trkpt lat="31.247192530982023" lon="121.62128277073373">
        <ele>6.133752642199397</ele>
        <time>1970-01-01T00:06:32Z</time>
        <extensions>
          <gpxtpx:TrackPointExtension>
            <gpxtpx:hr>166</gpxtpx:hr>
          </gpxtpx:TrackPointExtension>
        </extensions>
      </trkpt>
      <trkpt lat="31.247217203933225" lon="121.62127485326009">
        <ele>6.097146763466299</ele>
        <time>1970-01-01T00:06:33Z</time>
        <extensions>
          <gpxtpx:TrackPointExtension>
            <gpxtpx:hr>166</gpxtpx:hr>
          </gpxtpx:TrackPointExtension>
        </extensions>
      </trkpt>
      <trkpt lat="31.247240866844315" lon="121.62126487924081">
        <ele>6.056971952319145</ele>
        <time>1970-01-01T00:06:34Z</time>
        <extensions>
          <gpxtpx:TrackPointExtension>
            <gpxtpx:hr>166</gpxtpx:hr>
          </gpxtpx:TrackPointExtension>
        </extensions>
      </trkpt>
      <trkpt lat="31.24726211708685" lon="121.6212516977332">
        <ele>6.013724325224757</ele>
        <time>1970-01-01T00:06:35Z</time>
        <extensions>
          <gpxtpx:TrackPointExtension>
            <gpxtpx:hr>166</gpxtpx:hr>
          </gpxtpx:TrackPointExtension>
        </extensions>
      </trkpt>
      <trkpt lat="31.2472809076207" lon="121.62123562303185">
        <ele>5.968414209783077</ele>
        <time>1970-01-01T00:06:36Z</time>
        <extensions>
          <gpxtpx:TrackPointExtension>
            <gpxtpx:hr>167</gpxtpx:hr>
          </gpxtpx:TrackPointExtension>
        </extensions>
      </trkpt>
      <trkpt lat="31.247299424506433" lon="121.62122016245058">
        <ele>5.922367038205266</ele>
        <time>1970-01-01T00:06:37Z</time>
        <extensions>
          <gpxtpx:TrackPointExtension>
            <gpxtpx:hr>167</gpxtpx:hr>
          </gpxtpx:TrackPointExtension>
        </extensions>
      </trkpt>
      <trkpt lat="31.247319731512544" lon="121.62120877384382">
        <ele>5.877530859783292</ele>
        <time>1970-01-01T00:06:38Z</time>
        <extensions>
          <gpxtpx:TrackPointExtension>
            <gpxtpx:hr>167</gpxtpx:hr>
          </gpxtpx:TrackPointExtension>
        </extensions>
      </trkpt>
      <trkpt lat="31.247342573116036" lon="121.62120345300657">
        <ele>5.836732706055045</ele>
        <time>1970-01-01T00:06:39Z</time>
        <extensions>
          <gpxtpx:TrackPointExtension>
            <gpxtpx:hr>167</gpxtpx:hr>
          </gpxtpx:TrackPointExtension>
        </extensions>
      </trkpt>
      <trkpt lat="31.247367554381224" lon="121.62120330539892">
        <ele>5.802980825304985</ele>
        <time>1970-01-01T00:06:40Z</time>
        <extensions>
          <gpxtpx:TrackPointExtension>
            <gpxtpx:hr>167</gpxtpx:hr>
          </gpxtpx:TrackPointExtension>
        </extensions>
      </trkpt>
      <trkpt lat="31.24739409570895" lon="121.62120620614618">
        <ele>5.778333840891719</ele>
        <time>1970-01-01T00:06:41Z</time>
        <extensions>
          <gpxtpx:TrackPointExtension>
            <gpxtpx:hr>168</gpxtpx:hr>
          </gpxtpx:TrackPointExtension>
        </extensions>
      </trkpt>
      <trkpt lat="31.24742168866481" lon="121.6212108974262">
        <ele>5.763134283013642</ele>
        <time>1970-01-01T00:06:42Z</time>
        <extensions>
          <gpxtpx:TrackPointExtension>
            <gpxtpx:hr>168</gpxtpx:hr>
          </gpxtpx:TrackPointExtension>
        </extensions>
      </trkpt>
      <trkpt lat="31.247449894263102" lon="121.6212171312379">
        <ele>5.756549743004143</ele>
        <time>1970-01-01T00:06:43Z</time>
        <extensions>
          <gpxtpx:TrackPointExtension>
            <gpxtpx:hr>168</gpxtpx:hr>
          </gpxtpx:TrackPointExtension>
        </extensions>
      </trkpt>
      <trkpt lat="31.24747837423731" lon="121.62122446867991">
        <ele>5.757791107520461</ele>
        <time>1970-01-01T00:06:44Z</time>
        <extensions>
          <gpxtpx:TrackPointExtension>
            <gpxtpx:hr>168</gpxtpx:hr>
          </gpxtpx:TrackPointExtension>
        </extensions>
      </trkpt>
      <trkpt lat="31.247506776864377" lon="121.62123234533064">
        <ele>5.765973014757037</ele>
        <time>1970-01-01T00:06:45Z</time>
        <extensions>
          <gpxtpx:TrackPointExtension>
            <gpxtpx:hr>168</gpxtpx:hr>
          </gpxtpx:TrackPointExtension>
        </extensions>
      </trkpt>
      <trkpt lat="31.247535042663856" lon="121.62124071209135">
        <ele>5.780054984614253</ele>
        <time>1970-01-01T00:06:46Z</time>
        <extensions>
          <gpxtpx:TrackPointExtension>
            <gpxtpx:hr>168</gpxtpx:hr>
          </gpxtpx:TrackPointExtension>
        </extensions>
      </trkpt>
      <trkpt lat="31.24756327730801" lon="121.6212492291331">
        <ele>5.799033115617931</ele>
        <time>1970-01-01T00:06:47Z</time>
        <extensions>
          <gpxtpx:TrackPointExtension>
            <gpxtpx:hr>168</gpxtpx:hr>
          </gpxtpx:TrackPointExtension>
        </extensions>
      </trkpt>
      <trkpt lat="31.24759135998094" lon="121.62125730236028">
        <ele>5.821401924826205</ele>
        <time>1970-01-01T00:06:48Z</time>
        <extensions>
          <gpxtpx:TrackPointExtension>
            <gpxtpx:hr>168</gpxtpx:hr>
          </gpxtpx:TrackPointExtension>
        </extensions>
      </trkpt>
      <trkpt lat="31.247619421565158" lon="121.62126482516938">
        <ele>5.845259346999228</ele>
        <time>1970-01-01T00:06:49Z</time>
        <extensions>
          <gpxtpx:TrackPointExtension>
            <gpxtpx:hr>168</gpxtpx:hr>
          </gpxtpx:TrackPointExtension>
        </extensions>
      </trkpt>
      <trkpt lat="31.247647740734433" lon="121.62127193856057">
        <ele>5.868926839902997</ele>
        <time>1970-01-01T00:06:50Z</time>
        <extensions>
          <gpxtpx:TrackPointExtension>
            <gpxtpx:hr>168</gpxtpx:hr>
          </gpxtpx:TrackPointExtension>
        </extensions>
      </trkpt>
      <trkpt lat="31.247676203625996" lon="121.62127855762296">
        <ele>5.891674206592143</ele>
        <time>1970-01-01T00:06:51Z</time>
        <extensions>
          <gpxtpx:TrackPointExtension>
            <gpxtpx:hr>168</gpxtpx:hr>
          </gpxtpx:TrackPointExtension>
        </extensions>
      </trkpt>
      <trkpt lat="31.247704447609653" lon="121.62128478805552">
        <ele>5.913676613010466</ele>
        <time>1970-01-01T00:06:52Z</time>
        <extensions>
          <gpxtpx:TrackPointExtension>
            <gpxtpx:hr>168</gpxtpx:hr>
          </gpxtpx:TrackPointExtension>
        </extensions>
      </trkpt>
      <trkpt lat="31.247732439625082" lon="121.62129094665835">
        <ele>5.935198817402124</ele>
        <time>1970-01-01T00:06:53Z</time>
        <extensions>
          <gpxtpx:TrackPointExtension>
            <gpxtpx:hr>168</gpxtpx:hr>
          </gpxtpx:TrackPointExtension>
        </extensions>
      </trkpt>
      <trkpt lat="31.247760156805306" lon="121.62129678221791">
        <ele>5.9564058957621455</ele>
        <time>1970-01-01T00:06:54Z</time>
        <extensions>
          <gpxtpx:TrackPointExtension>
            <gpxtpx:hr>169</gpxtpx:hr>
          </gpxtpx:TrackPointExtension>
        </extensions>
      </trkpt>
      <trkpt lat="31.247787506851136" lon="121.62130210244256">
        <ele>5.9772592121735215</ele>
        <time>1970-01-01T00:06:55Z</time>
        <extensions>
          <gpxtpx:TrackPointExtension>
            <gpxtpx:hr>169</gpxtpx:hr>
          </gpxtpx:TrackPointExtension>
        </extensions>
      </trkpt>
      <trkpt lat="31.247814781556187" lon="121.62130713598394">
        <ele>5.99740497302264</ele>
        <time>1970-01-01T00:06:56Z</time>
        <extensions>
          <gpxtpx:TrackPointExtension>
            <gpxtpx:hr>169</gpxtpx:hr>
          </gpxtpx:TrackPointExtension>
        </extensions>
      </trkpt>
      <trkpt lat="31.24784214230155" lon="121.62131177923332">
        <ele>6.016647755168378</ele>
        <time>1970-01-01T00:06:57Z</time>
        <extensions>
          <gpxtpx:TrackPointExtension>
            <gpxtpx:hr>169</gpxtpx:hr>
          </gpxtpx:TrackPointExtension>
        </extensions>
      </trkpt>
      <trkpt lat="31.24786954892337" lon="121.62131567791315">
        <ele>6.034914771094918</ele>
        <time>1970-01-01T00:06:58Z</time>
        <extensions>
          <gpxtpx:TrackPointExtension>
            <gpxtpx:hr>169</gpxtpx:hr>
          </gpxtpx:TrackPointExtension>
        </extensions>
      </trkpt>
      <trkpt lat="31.247896871154985" lon="121.62131888209802">
        <ele>6.051996649242938</ele>
        <time>1970-01-01T00:06:59Z</time>
        <extensions>
          <gpxtpx:TrackPointExtension>
            <gpxtpx:hr>169</gpxtpx:hr>
          </gpxtpx:TrackPointExtension>
        </extensions>
      </trkpt>
      <trkpt lat="31.247923764263536" lon="121.62132129104783">
        <ele>6.0681842640042305</ele>
        <time>1970-01-01T00:07:00Z</time>
        <extensions>
          <gpxtpx:TrackPointExtension>
            <gpxtpx:hr>169</gpxtpx:hr>
          </gpxtpx:TrackPointExtension>
        </extensions>
      </trkpt>
      <trkpt lat="31.24794978545996" lon="121.62132231733723">
        <ele>6.083650545217097</ele>
        <time>1970-01-01T00:07:01Z</time>
        <extensions>
          <gpxtpx:TrackPointExtension>
            <gpxtpx:hr>169</gpxtpx:hr>
          </gpxtpx:TrackPointExtension>
        </extensions>
      </trkpt>
      <trkpt lat="31.24797467320152" lon="121.62132119811497">
        <ele>6.098006187938154</ele>
        <time>1970-01-01T00:07:02Z</time>
        <extensions>
          <gpxtpx:TrackPointExtension>
            <gpxtpx:hr>169</gpxtpx:hr>
          </gpxtpx:TrackPointExtension>
        </extensions>
      </trkpt>
      <trkpt lat="31.24799797164243" lon="121.62131618796347">
        <ele>6.111173106357455</ele>
        <time>1970-01-01T00:07:03Z</time>
        <extensions>
          <gpxtpx:TrackPointExtension>
            <gpxtpx:hr>169</gpxtpx:hr>
          </gpxtpx:TrackPointExtension>
        </extensions>
      </trkpt>
      <trkpt lat="31.248018285912327" lon="121.62130540670472">
        <ele>6.123625651933253</ele>
        <time>1970-01-01T00:07:04.100000Z</time>
        <extensions>
          <gpxtpx:TrackPointExtension>
            <gpxtpx:hr>169</gpxtpx:hr>
          </gpxtpx:TrackPointExtension>
        </extensions>
      </trkpt>
      <trkpt lat="31.248033836227616" lon="121.62128879574887">
        <ele>6.136328333057463</ele>
        <time>1970-01-01T00:07:05.100000Z</time>
        <extensions>
          <gpxtpx:TrackPointExtension>
            <gpxtpx:hr>169</gpxtpx:hr>
          </gpxtpx:TrackPointExtension>
        </extensions>
      </trkpt>
      <trkpt lat="31.248044291813308" lon="121.62126819861379">
        <ele>6.1503365663811564</ele>
        <time>1970-01-01T00:07:06.100000Z</time>
        <extensions>
          <gpxtpx:TrackPointExtension>
            <gpxtpx:hr>169</gpxtpx:hr>
          </gpxtpx:TrackPointExtension>
        </extensions>
      </trkpt>
      <trkpt lat="31.248050456086176" lon="121.62124468138998">
        <ele>6.166493516415358</ele>
        <time>1970-01-01T00:07:07.100000Z</time>
        <extensions>
          <gpxtpx:TrackPointExtension>
            <gpxtpx:hr>169</gpxtpx:hr>
          </gpxtpx:TrackPointExtension>
        </extensions>
      </trkpt>
      <trkpt lat="31.248053203472736" lon="121.62121810169154">
        <ele>6.185306442901492</ele>
        <time>1970-01-01T00:07:08.100000Z</time>
        <extensions>
          <gpxtpx:TrackPointExtension>
            <gpxtpx:hr>169</gpxtpx:hr>
          </gpxtpx:TrackPointExtension>
        </extensions>
      </trkpt>
      <trkpt lat="31.248053747667694" lon="121.62118857925859">
        <ele>6.206165032461286</ele>
        <time>1970-01-01T00:07:09.100000Z</time>
        <extensions>
          <gpxtpx:TrackPointExtension>
            <gpxtpx:hr>169</gpxtpx:hr>
          </gpxtpx:TrackPointExtension>
        </extensions>
      </trkpt>
      <trkpt lat="31.248053042623027" lon="121.62115665481282">
        <ele>6.227479733526707</ele>
        <time>1970-01-01T00:07:10.100000Z</time>
        <extensions>
          <gpxtpx:TrackPointExtension>
            <gpxtpx:hr>169</gpxtpx:hr>
          </gpxtpx:TrackPointExtension>
        </extensions>
      </trkpt>
      <trkpt lat="31.24805171045502" lon="121.6211234418078">
        <ele>6.247538247145712</ele>
        <time>1970-01-01T00:07:11.100000Z</time>
        <extensions>
          <gpxtpx:TrackPointExtension>
            <gpxtpx:hr>169</gpxtpx:hr>
          </gpxtpx:TrackPointExtension>
        </extensions>
      </trkpt>
      <trkpt lat="31.248049914334658" lon="121.62108962406539">
        <ele>6.2645625146105886</ele>
        <time>1970-01-01T00:07:12.100000Z</time>
        <extensions>
          <gpxtpx:TrackPointExtension>
            <gpxtpx:hr>169</gpxtpx:hr>
          </gpxtpx:TrackPointExtension>
        </extensions>
      </trkpt>
      <trkpt lat="31.248047254111967" lon="121.62105533585745">
        <ele>6.276999877765775</ele>
        <time>1970-01-01T00:07:13.100000Z</time>
        <extensions>
          <gpxtpx:TrackPointExtension>
            <gpxtpx:hr>169</gpxtpx:hr>
          </gpxtpx:TrackPointExtension>
        </extensions>
      </trkpt>
      <trkpt lat="31.24804357887052" lon="121.62102085654524">
        <ele>6.283472298644483</ele>
        <time>1970-01-01T00:07:14.100000Z</time>
        <extensions>
          <gpxtpx:TrackPointExtension>
            <gpxtpx:hr>169</gpxtpx:hr>
          </gpxtpx:TrackPointExtension>
        </extensions>
      </trkpt>
      <trkpt lat="31.248038936573977" lon="121.62098634618079">
        <ele>6.283041251823306</ele>
        <time>1970-01-01T00:07:15.100000Z</time>
        <extensions>
          <gpxtpx:TrackPointExtension>
            <gpxtpx:hr>169</gpxtpx:hr>
          </gpxtpx:TrackPointExtension>
        </extensions>
      </trkpt>
      <trkpt lat="31.248032780024456" lon="121.62095249273558">
        <ele>6.2759154522791505</ele>
        <time>1970-01-01T00:07:16.100000Z</time>
        <extensions>
          <gpxtpx:TrackPointExtension>
            <gpxtpx:hr>169</gpxtpx:hr>
          </gpxtpx:TrackPointExtension>
        </extensions>
      </trkpt>
      <trkpt lat="31.248024707227962" lon="121.62092062131865">
        <ele>6.262664665468037</ele>
        <time>1970-01-01T00:07:17.100000Z</time>
        <extensions>
          <gpxtpx:TrackPointExtension>
            <gpxtpx:hr>169</gpxtpx:hr>
          </gpxtpx:TrackPointExtension>
        </extensions>
      </trkpt>
      <trkpt lat="31.248014735120698" lon="121.6208913802483">
        <ele>6.243601756170392</ele>
        <time>1970-01-01T00:07:18.100000Z</time>
        <extensions>
          <gpxtpx:TrackPointExtension>
            <gpxtpx:hr>169</gpxtpx:hr>
          </gpxtpx:TrackPointExtension>
        </extensions>
      </trkpt>
      <trkpt lat="31.248002692319226" lon="121.62086507730326">
        <ele>6.219281451776624</ele>
        <time>1970-01-01T00:07:19.100000Z</time>
        <extensions>
          <gpxtpx:TrackPointExtension>
            <gpxtpx:hr>169</gpxtpx:hr>
          </gpxtpx:TrackPointExtension>
        </extensions>
      </trkpt>
      <trkpt lat="31.247988683539536" lon="121.62084210251335">
        <ele>6.190651252865791</ele>
        <time>1970-01-01T00:07:20.100000Z</time>
        <extensions>
          <gpxtpx:TrackPointExtension>
            <gpxtpx:hr>170</gpxtpx:hr>
          </gpxtpx:TrackPointExtension>
        </extensions>
      </trkpt>
      <trkpt lat="31.24797268103761" lon="121.62082272403153">
        <ele>6.159194815903902</ele>
        <time>1970-01-01T00:07:21.100000Z</time>
        <extensions>
          <gpxtpx:TrackPointExtension>
            <gpxtpx:hr>170</gpxtpx:hr>
          </gpxtpx:TrackPointExtension>
        </extensions>
      </trkpt>
      <trkpt lat="31.247954360564957" lon="121.6208071421531">
        <ele>6.126632510684431</ele>
        <time>1970-01-01T00:07:22.100000Z</time>
        <extensions>
          <gpxtpx:TrackPointExtension>
            <gpxtpx:hr>170</gpxtpx:hr>
          </gpxtpx:TrackPointExtension>
        </extensions>
      </trkpt>
      <trkpt lat="31.247933974342907" lon="121.62079572057557">
        <ele>6.094353546388447</ele>
        <time>1970-01-01T00:07:23.100000Z</time>
        <extensions>
          <gpxtpx:TrackPointExtension>
            <gpxtpx:hr>170</gpxtpx:hr>
          </gpxtpx:TrackPointExtension>
        </extensions>
      </trkpt>
      <trkpt lat="31.247912213542968" lon="121.62078847212273">
        <ele>6.063602047972381</ele>
        <time>1970-01-01T00:07:24.100000Z</time>
        <extensions>
          <gpxtpx:TrackPointExtension>
            <gpxtpx:hr>170</gpxtpx:hr>
          </gpxtpx:TrackPointExtension>
        </extensions>
      </trkpt>
      <trkpt lat="31.247889426315613" lon="121.62078438677021">
        <ele>6.035631511360407</ele>
        <time>1970-01-01T00:07:25.100000Z</time>
        <extensions>
          <gpxtpx:TrackPointExtension>
            <gpxtpx:hr>170</gpxtpx:hr>
          </gpxtpx:TrackPointExtension>
        </extensions>
      </trkpt>
      <trkpt lat="31.247865678837304" lon="121.62078204545952">
        <ele>6.0114919589832425</ele>
        <time>1970-01-01T00:07:26.100000Z</time>
        <extensions>
          <gpxtpx:TrackPointExtension>
            <gpxtpx:hr>170</gpxtpx:hr>
          </gpxtpx:TrackPointExtension>
        </extensions>
      </trkpt>
      <trkpt lat="31.247841175620575" lon="121.62078020551515">
        <ele>5.991697971709073</ele>
        <time>1970-01-01T00:07:27.100000Z</time>
        <extensions>
          <gpxtpx:TrackPointExtension>
            <gpxtpx:hr>170</gpxtpx:hr>
          </gpxtpx:TrackPointExtension>
        </extensions>
      </trkpt>
      <trkpt lat="31.24781612156783" lon="121.62077845158225">
        <ele>5.976013087667525</ele>
        <time>1970-01-01T00:07:28.100000Z</time>
        <extensions>
          <gpxtpx:TrackPointExtension>
            <gpxtpx:hr>170</gpxtpx:hr>
          </gpxtpx:TrackPointExtension>
        </extensions>
      </trkpt>
      <trkpt lat="31.247790595409263" lon="121.62077701776796">
        <ele>5.963485843501985</ele>
        <time>1970-01-01T00:07:29.100000Z</time>
        <extensions>
          <gpxtpx:TrackPointExtension>
            <gpxtpx:hr>170</gpxtpx:hr>
          </gpxtpx:TrackPointExtension>
        </extensions>
      </trkpt>
      <trkpt lat="31.247764706354683" lon="121.62077582827096">
        <ele>5.952733430080116</ele>
        <time>1970-01-01T00:07:30.100000Z</time>
        <extensions>
          <gpxtpx:TrackPointExtension>
            <gpxtpx:hr>170</gpxtpx:hr>
          </gpxtpx:TrackPointExtension>
        </extensions>
      </trkpt>
      <trkpt lat="31.24773855890871" lon="121.62077461258764">
        <ele>5.942474122159183</ele>
        <time>1970-01-01T00:07:31.100000Z</time>
        <extensions>
          <gpxtpx:TrackPointExtension>
            <gpxtpx:hr>170</gpxtpx:hr>
          </gpxtpx:TrackPointExtension>
        </extensions>
      </trkpt>
      <trkpt lat="31.247712382313864" lon="121.62077325496277">
        <ele>5.932046815752983</ele>
        <time>1970-01-01T00:07:32.100000Z</time>
        <extensions>
          <gpxtpx:TrackPointExtension>
            <gpxtpx:hr>170</gpxtpx:hr>
          </gpxtpx:TrackPointExtension>
        </extensions>
      </trkpt>
      <trkpt lat="31.247686445011627" lon="121.6207714979546">
        <ele>5.921483039855957</ele>
        <time>1970-01-01T00:07:33.100000Z</time>
        <extensions>
          <gpxtpx:TrackPointExtension>
            <gpxtpx:hr>170</gpxtpx:hr>
          </gpxtpx:TrackPointExtension>
        </extensions>
      </trkpt>
      <trkpt lat="31.24766059038634" lon="121.62076919936216">
        <ele>5.911156722344458</ele>
        <time>1970-01-01T00:07:34.100000Z</time>
        <extensions>
          <gpxtpx:TrackPointExtension>
            <gpxtpx:hr>170</gpxtpx:hr>
          </gpxtpx:TrackPointExtension>
        </extensions>
      </trkpt>
      <trkpt lat="31.24763476045729" lon="121.62076683082898">
        <ele>5.901612963527441</ele>
        <time>1970-01-01T00:07:35.100000Z</time>
        <extensions>
          <gpxtpx:TrackPointExtension>
            <gpxtpx:hr>170</gpxtpx:hr>
          </gpxtpx:TrackPointExtension>
        </extensions>
      </trkpt>
      <trkpt lat="31.247609198001715" lon="121.62076490083302">
        <ele>5.893543618731201</ele>
        <time>1970-01-01T00:07:36.100000Z</time>
        <extensions>
          <gpxtpx:TrackPointExtension>
            <gpxtpx:hr>170</gpxtpx:hr>
          </gpxtpx:TrackPointExtension>
        </extensions>
      </trkpt>
      <trkpt lat="31.247583748523613" lon="121.62076360153497">
        <ele>5.887746545486152</ele>
        <time>1970-01-01T00:07:37.100000Z</time>
        <extensions>
          <gpxtpx:TrackPointExtension>
            <gpxtpx:hr>170</gpxtpx:hr>
          </gpxtpx:TrackPointExtension>
        </extensions>
      </trkpt>
      <trkpt lat="31.247558055147444" lon="121.62076314696412">
        <ele>5.884851492010057</ele>
        <time>1970-01-01T00:07:38.100000Z</time>
        <extensions>
          <gpxtpx:TrackPointExtension>
            <gpxtpx:hr>170</gpxtpx:hr>
          </gpxtpx:TrackPointExtension>
        </extensions>
      </trkpt>
      <trkpt lat="31.247532349376137" lon="121.62076330823328">
        <ele>5.885110333561897</ele>
        <time>1970-01-01T00:07:39.100000Z</time>
        <extensions>
          <gpxtpx:TrackPointExtension>
            <gpxtpx:hr>170</gpxtpx:hr>
          </gpxtpx:TrackPointExtension>
        </extensions>
      </trkpt>
      <trkpt lat="31.247507070822557" lon="121.62076341260233">
        <ele>5.888500311411917</ele>
        <time>1970-01-01T00:07:40.200000Z</time>
        <extensions>
          <gpxtpx:TrackPointExtension>
            <gpxtpx:hr>170</gpxtpx:hr>
          </gpxtpx:TrackPointExtension>
        </extensions>
      </trkpt>
      <trkpt lat="31.24748242361851" lon="121.62076354389667">
        <ele>5.895062702707946</ele>
        <time>1970-01-01T00:07:41.200000Z</time>
        <extensions>
          <gpxtpx:TrackPointExtension>
            <gpxtpx:hr>170</gpxtpx:hr>
          </gpxtpx:TrackPointExtension>
        </extensions>
      </trkpt>
      <trkpt lat="31.247458455549175" lon="121.62076454388635">
        <ele>5.904716237448156</ele>
        <time>1970-01-01T00:07:42.200000Z</time>
        <extensions>
          <gpxtpx:TrackPointExtension>
            <gpxtpx:hr>170</gpxtpx:hr>
          </gpxtpx:TrackPointExtension>
        </extensions>
      </trkpt>
      <trkpt lat="31.247435266331443" lon="121.62076788493201">
        <ele>5.916570909321308</ele>
        <time>1970-01-01T00:07:43.200000Z</time>
        <extensions>
          <gpxtpx:TrackPointExtension>
            <gpxtpx:hr>170</gpxtpx:hr>
          </gpxtpx:TrackPointExtension>
        </extensions>
      </trkpt>
      <trkpt lat="31.247413143574413" lon="121.62077498470563">
        <ele>5.929403837770224</ele>
        <time>1970-01-01T00:07:44.200000Z</time>
        <extensions>
          <gpxtpx:TrackPointExtension>
            <gpxtpx:hr>170</gpxtpx:hr>
          </gpxtpx:TrackPointExtension>
        </extensions>
      </trkpt>
      <trkpt lat="31.247392647062618" lon="121.62078596920585">
        <ele>5.942161186598241</ele>
        <time>1970-01-01T00:07:45.200000Z</time>
        <extensions>
          <gpxtpx:TrackPointExtension>
            <gpxtpx:hr>170</gpxtpx:hr>
          </gpxtpx:TrackPointExtension>
        </extensions>
      </trkpt>
      <trkpt lat="31.24737274395131" lon="121.62079822475313">
        <ele>5.953857108019292</ele>
        <time>1970-01-01T00:07:46.200000Z</time>
        <extensions>
          <gpxtpx:TrackPointExtension>
            <gpxtpx:hr>170</gpxtpx:hr>
          </gpxtpx:TrackPointExtension>
        </extensions>
      </trkpt>
      <trkpt lat="31.24735180879318" lon="121.62080895077406">
        <ele>5.963930110447109</ele>
        <time>1970-01-01T00:07:47.200000Z</time>
        <extensions>
          <gpxtpx:TrackPointExtension>
            <gpxtpx:hr>170</gpxtpx:hr>
          </gpxtpx:TrackPointExtension>
        </extensions>
      </trkpt>
      <trkpt lat="31.247329820674878" lon="121.62081735080754">
        <ele>5.9723754692822695</ele>
        <time>1970-01-01T00:07:48.200000Z</time>
        <extensions>
          <gpxtpx:TrackPointExtension>
            <gpxtpx:hr>170</gpxtpx:hr>
          </gpxtpx:TrackPointExtension>
        </extensions>
      </trkpt>
      <trkpt lat="31.247307281898824" lon="121.62082406952766">
        <ele>5.979249469004571</ele>
        <time>1970-01-01T00:07:49.200000Z</time>
        <extensions>
          <gpxtpx:TrackPointExtension>
            <gpxtpx:hr>170</gpxtpx:hr>
          </gpxtpx:TrackPointExtension>
        </extensions>
      </trkpt>
      <trkpt lat="31.247284535680603" lon="121.6208299207394">
        <ele>5.984477546997368</ele>
        <time>1970-01-01T00:07:50.200000Z</time>
        <extensions>
          <gpxtpx:TrackPointExtension>
            <gpxtpx:hr>170</gpxtpx:hr>
          </gpxtpx:TrackPointExtension>
        </extensions>
      </trkpt>
      <trkpt lat="31.247261976815647" lon="121.62083594851795">
        <ele>5.9884847942739725</ele>
        <time>1970-01-01T00:07:51.200000Z</time>
        <extensions>
          <gpxtpx:TrackPointExtension>
            <gpxtpx:hr>170</gpxtpx:hr>
          </gpxtpx:TrackPointExtension>
        </extensions>
      </trkpt>
      <trkpt lat="31.247240635959347" lon="121.62084448459653">
        <ele>5.992240432649851</ele>
        <time>1970-01-01T00:07:52.200000Z</time>
        <extensions>
          <gpxtpx:TrackPointExtension>
            <gpxtpx:hr>170</gpxtpx:hr>
          </gpxtpx:TrackPointExtension>
        </extensions>
      </trkpt>
      <trkpt lat="31.247221302938065" lon="121.62085680908363">
        <ele>5.996597480028868</ele>
        <time>1970-01-01T00:07:53.200000Z</time>
        <extensions>
          <gpxtpx:TrackPointExtension>
            <gpxtpx:hr>170</gpxtpx:hr>
          </gpxtpx:TrackPointExtension>
        </extensions>
      </trkpt>
      <trkpt lat="31.247202905209395" lon="121.62087146299167">
        <ele>6.001818992197514</ele>
        <time>1970-01-01T00:07:54.200000Z</time>
        <extensions>
          <gpxtpx:TrackPointExtension>
            <gpxtpx:hr>171</gpxtpx:hr>
          </gpxtpx:TrackPointExtension>
        </extensions>
      </trkpt>
      <trkpt lat="31.247184164665935" lon="121.62088492786725">
        <ele>6.007579451426864</ele>
        <time>1970-01-01T00:07:55.200000Z</time>
        <extensions>
          <gpxtpx:TrackPointExtension>
            <gpxtpx:hr>171</gpxtpx:hr>
          </gpxtpx:TrackPointExtension>
        </extensions>
      </trkpt>
      <trkpt lat="31.247163326248227" lon="121.62089399003197">
        <ele>6.014267610386014</ele>
        <time>1970-01-01T00:07:56.200000Z</time>
        <extensions>
          <gpxtpx:TrackPointExtension>
            <gpxtpx:hr>171</gpxtpx:hr>
          </gpxtpx:TrackPointExtension>
        </extensions>
      </trkpt>
      <trkpt lat="31.247140200905804" lon="121.62089756645118">
        <ele>6.022459298372269</ele>
        <time>1970-01-01T00:07:57.200000Z</time>
        <extensions>
          <gpxtpx:TrackPointExtension>
            <gpxtpx:hr>171</gpxtpx:hr>
          </gpxtpx:TrackPointExtension>
        </extensions>
      </trkpt>
      <trkpt lat="31.247115687210957" lon="121.62089755864997">
        <ele>6.0326613103970885</ele>
        <time>1970-01-01T00:07:58.200000Z</time>
        <extensions>
          <gpxtpx:TrackPointExtension>
            <gpxtpx:hr>171</gpxtpx:hr>
          </gpxtpx:TrackPointExtension>
        </extensions>
      </trkpt>
      <trkpt lat="31.247089953004473" lon="121.62089557229062">
        <ele>6.045205382630229</ele>
        <time>1970-01-01T00:07:59.200000Z</time>
        <extensions>
          <gpxtpx:TrackPointExtension>
            <gpxtpx:hr>170</gpxtpx:hr>
          </gpxtpx:TrackPointExtension>
        </extensions>
      </trkpt>
      <trkpt lat="31.247063109215073" lon="121.62089255958874">
        <ele>6.0596031891182065</ele>
        <time>1970-01-01T00:08:00.200000Z</time>
        <extensions>
          <gpxtpx:TrackPointExtension>
            <gpxtpx:hr>170</gpxtpx:hr>
          </gpxtpx:TrackPointExtension>
        </extensions>
      </trkpt>
      <trkpt lat="31.247035765110805" lon="121.62088882288008">
        <ele>6.074854995124042</ele>
        <time>1970-01-01T00:08:01.200000Z</time>
        <extensions>
          <gpxtpx:TrackPointExtension>
            <gpxtpx:hr>170</gpxtpx:hr>
          </gpxtpx:TrackPointExtension>
        </extensions>
      </trkpt>
      <trkpt lat="31.247008467529195" lon="121.62088476613722">
        <ele>6.090178903192282</ele>
        <time>1970-01-01T00:08:02.200000Z</time>
        <extensions>
          <gpxtpx:TrackPointExtension>
            <gpxtpx:hr>170</gpxtpx:hr>
          </gpxtpx:TrackPointExtension>
        </extensions>
      </trkpt>
      <trkpt lat="31.24698143134413" lon="121.62088082807017">
        <ele>6.1060055531561375</ele>
        <time>1970-01-01T00:08:03.200000Z</time>
        <extensions>
          <gpxtpx:TrackPointExtension>
            <gpxtpx:hr>170</gpxtpx:hr>
          </gpxtpx:TrackPointExtension>
        </extensions>
      </trkpt>
      <trkpt lat="31.246954673445124" lon="121.62087690262022">
        <ele>6.1237239902839065</ele>
        <time>1970-01-01T00:08:04.200000Z</time>
        <extensions>
          <gpxtpx:TrackPointExtension>
            <gpxtpx:hr>170</gpxtpx:hr>
          </gpxtpx:TrackPointExtension>
        </extensions>
      </trkpt>
      <trkpt lat="31.246927971753614" lon="121.62087296208682">
        <ele>6.143352239392698</ele>
        <time>1970-01-01T00:08:05.200000Z</time>
        <extensions>
          <gpxtpx:TrackPointExtension>
            <gpxtpx:hr>170</gpxtpx:hr>
          </gpxtpx:TrackPointExtension>
        </extensions>
      </trkpt>
      <trkpt lat="31.246901202388415" lon="121.62086923845838">
        <ele>6.163289072923362</ele>
        <time>1970-01-01T00:08:06.200000Z</time>
        <extensions>
          <gpxtpx:TrackPointExtension>
            <gpxtpx:hr>170</gpxtpx:hr>
          </gpxtpx:TrackPointExtension>
        </extensions>
      </trkpt>
      <trkpt lat="31.246874607142885" lon="121.62086577592356">
        <ele>6.181895610876381</ele>
        <time>1970-01-01T00:08:07.200000Z</time>
        <extensions>
          <gpxtpx:TrackPointExtension>
            <gpxtpx:hr>170</gpxtpx:hr>
          </gpxtpx:TrackPointExtension>
        </extensions>
      </trkpt>
      <trkpt lat="31.24684820094503" lon="121.62086253510907">
        <ele>6.198125685565174</ele>
        <time>1970-01-01T00:08:08.200000Z</time>
        <extensions>
          <gpxtpx:TrackPointExtension>
            <gpxtpx:hr>170</gpxtpx:hr>
          </gpxtpx:TrackPointExtension>
        </extensions>
      </trkpt>
      <trkpt lat="31.246821719434358" lon="121.62085952269156">
        <ele>6.212295530363917</ele>
        <time>1970-01-01T00:08:09.200000Z</time>
        <extensions>
          <gpxtpx:TrackPointExtension>
            <gpxtpx:hr>170</gpxtpx:hr>
          </gpxtpx:TrackPointExtension>
        </extensions>
      </trkpt>
      <trkpt lat="31.246795148228383" lon="121.62085671976804">
        <ele>6.226283071562648</ele>
        <time>1970-01-01T00:08:10.200000Z</time>
        <extensions>
          <gpxtpx:TrackPointExtension>
            <gpxtpx:hr>170</gpxtpx:hr>
          </gpxtpx:TrackPointExtension>
        </extensions>
      </trkpt>
      <trkpt lat="31.24676847555714" lon="121.6208539940986">
        <ele>6.242385274730623</ele>
        <time>1970-01-01T00:08:11.200000Z</time>
        <extensions>
          <gpxtpx:TrackPointExtension>
            <gpxtpx:hr>170</gpxtpx:hr>
          </gpxtpx:TrackPointExtension>
        </extensions>
      </trkpt>
      <trkpt lat="31.24674169301664" lon="121.62085132532242">
        <ele>6.262004139833152</ele>
        <time>1970-01-01T00:08:12.200000Z</time>
        <extensions>
          <gpxtpx:TrackPointExtension>
            <gpxtpx:hr>170</gpxtpx:hr>
          </gpxtpx:TrackPointExtension>
        </extensions>
      </trkpt>
      <trkpt lat="31.24671491921991" lon="121.62084862554448">
        <ele>6.285111342556775</ele>
        <time>1970-01-01T00:08:13.200000Z</time>
        <extensions>
          <gpxtpx:TrackPointExtension>
            <gpxtpx:hr>170</gpxtpx:hr>
          </gpxtpx:TrackPointExtension>
        </extensions>
      </trkpt>
      <trkpt lat="31.246688111507453" lon="121.62084606105584">
        <ele>6.310828868299723</ele>
        <time>1970-01-01T00:08:14.200000Z</time>
        <extensions>
          <gpxtpx:TrackPointExtension>
            <gpxtpx:hr>170</gpxtpx:hr>
          </gpxtpx:TrackPointExtension>
        </extensions>
      </trkpt>
      <trkpt lat="31.246661098930364" lon="121.62084399360337">
        <ele>6.3384907357394695</ele>
        <time>1970-01-01T00:08:15.300000Z</time>
        <extensions>
          <gpxtpx:TrackPointExtension>
            <gpxtpx:hr>170</gpxtpx:hr>
          </gpxtpx:TrackPointExtension>
        </extensions>
      </trkpt>
      <trkpt lat="31.246633856682173" lon="121.62084246339535">
        <ele>6.3683819230645895</ele>
        <time>1970-01-01T00:08:16.300000Z</time>
        <extensions>
          <gpxtpx:TrackPointExtension>
            <gpxtpx:hr>170</gpxtpx:hr>
          </gpxtpx:TrackPointExtension>
        </extensions>
      </trkpt>
      <trkpt lat="31.24660638375202" lon="121.620841367653">
        <ele>6.400860137306154</ele>
        <time>1970-01-01T00:08:17.300000Z</time>
        <extensions>
          <gpxtpx:TrackPointExtension>
            <gpxtpx:hr>170</gpxtpx:hr>
          </gpxtpx:TrackPointExtension>
        </extensions>
      </trkpt>
      <trkpt lat="31.246578639939152" lon="121.62084048961356">
        <ele>6.435225593857467</ele>
        <time>1970-01-01T00:08:18.300000Z</time>
        <extensions>
          <gpxtpx:TrackPointExtension>
            <gpxtpx:hr>170</gpxtpx:hr>
          </gpxtpx:TrackPointExtension>
        </extensions>
      </trkpt>
      <trkpt lat="31.24655071457605" lon="121.62083940994569">
        <ele>6.4698382671922445</ele>
        <time>1970-01-01T00:08:19.300000Z</time>
        <extensions>
          <gpxtpx:TrackPointExtension>
            <gpxtpx:hr>171</gpxtpx:hr>
          </gpxtpx:TrackPointExtension>
        </extensions>
      </trkpt>
      <trkpt lat="31.246522651491986" lon="121.62083816909755">
        <ele>6.5024141781032085</ele>
        <time>1970-01-01T00:08:20.300000Z</time>
        <extensions>
          <gpxtpx:TrackPointExtension>
            <gpxtpx:hr>171</gpxtpx:hr>
          </gpxtpx:TrackPointExtension>
        </extensions>
      </trkpt>
      <trkpt lat="31.246494544970105" lon="121.62083712815593">
        <ele>6.530504638329148</ele>
        <time>1970-01-01T00:08:21.300000Z</time>
        <extensions>
          <gpxtpx:TrackPointExtension>
            <gpxtpx:hr>171</gpxtpx:hr>
          </gpxtpx:TrackPointExtension>
        </extensions>
      </trkpt>
      <trkpt lat="31.24646683723483" lon="121.62083613466397">
        <ele>6.552158455364406</ele>
        <time>1970-01-01T00:08:22.300000Z</time>
        <extensions>
          <gpxtpx:TrackPointExtension>
            <gpxtpx:hr>171</gpxtpx:hr>
          </gpxtpx:TrackPointExtension>
        </extensions>
      </trkpt>
      <trkpt lat="31.24643968302491" lon="121.62083515358543">
        <ele>6.566233702935278</ele>
        <time>1970-01-01T00:08:23.300000Z</time>
        <extensions>
          <gpxtpx:TrackPointExtension>
            <gpxtpx:hr>171</gpxtpx:hr>
          </gpxtpx:TrackPointExtension>
        </extensions>
      </trkpt>
      <trkpt lat="31.246412773620854" lon="121.6208343678061">
        <ele>6.572428089566529</ele>
        <time>1970-01-01T00:08:24.300000Z</time>
        <extensions>
          <gpxtpx:TrackPointExtension>
            <gpxtpx:hr>170</gpxtpx:hr>
          </gpxtpx:TrackPointExtension>
        </extensions>
      </trkpt>
      <trkpt lat="31.246385915729487" lon="121.62083368130415">
        <ele>6.570839520543814</ele>
        <time>1970-01-01T00:08:25.300000Z</time>
        <extensions>
          <gpxtpx:TrackPointExtension>
            <gpxtpx:hr>170</gpxtpx:hr>
          </gpxtpx:TrackPointExtension>
        </extensions>
      </trkpt>
      <trkpt lat="31.246358952895118" lon="121.62083301527434">
        <ele>6.5616461811587214</ele>
        <time>1970-01-01T00:08:26.300000Z</time>
        <extensions>
          <gpxtpx:TrackPointExtension>
            <gpxtpx:hr>170</gpxtpx:hr>
          </gpxtpx:TrackPointExtension>
        </extensions>
      </trkpt>
      <trkpt lat="31.246331697297755" lon="121.62083210987683">
        <ele>6.545563640072942</ele>
        <time>1970-01-01T00:08:27.300000Z</time>
        <extensions>
          <gpxtpx:TrackPointExtension>
            <gpxtpx:hr>170</gpxtpx:hr>
          </gpxtpx:TrackPointExtension>
        </extensions>
      </trkpt>
      <trkpt lat="31.246304426724592" lon="121.62083056546378">
        <ele>6.523948785848916</ele>
        <time>1970-01-01T00:08:28.300000Z</time>
        <extensions>
          <gpxtpx:TrackPointExtension>
            <gpxtpx:hr>170</gpxtpx:hr>
          </gpxtpx:TrackPointExtension>
        </extensions>
      </trkpt>
      <trkpt lat="31.24627742450442" lon="121.62082861209285">
        <ele>6.49828414991498</ele>
        <time>1970-01-01T00:08:29.300000Z</time>
        <extensions>
          <gpxtpx:TrackPointExtension>
            <gpxtpx:hr>170</gpxtpx:hr>
          </gpxtpx:TrackPointExtension>
        </extensions>
      </trkpt>
      <trkpt lat="31.246250631831206" lon="121.62082681290342">
        <ele>6.469364522024989</ele>
        <time>1970-01-01T00:08:30.300000Z</time>
        <extensions>
          <gpxtpx:TrackPointExtension>
            <gpxtpx:hr>170</gpxtpx:hr>
          </gpxtpx:TrackPointExtension>
        </extensions>
      </trkpt>
      <trkpt lat="31.246224190070933" lon="121.62082510878894">
        <ele>6.437137649394572</ele>
        <time>1970-01-01T00:08:31.300000Z</time>
        <extensions>
          <gpxtpx:TrackPointExtension>
            <gpxtpx:hr>170</gpxtpx:hr>
          </gpxtpx:TrackPointExtension>
        </extensions>
      </trkpt>
      <trkpt lat="31.24619798724503" lon="121.62082357583573">
        <ele>6.401530161499977</ele>
        <time>1970-01-01T00:08:32.300000Z</time>
        <extensions>
          <gpxtpx:TrackPointExtension>
            <gpxtpx:hr>170</gpxtpx:hr>
          </gpxtpx:TrackPointExtension>
        </extensions>
      </trkpt>
      <trkpt lat="31.246171510706986" lon="121.62082271594416">
        <ele>6.363051709719002</ele>
        <time>1970-01-01T00:08:33.300000Z</time>
        <extensions>
          <gpxtpx:TrackPointExtension>
            <gpxtpx:hr>170</gpxtpx:hr>
          </gpxtpx:TrackPointExtension>
        </extensions>
      </trkpt>
      <trkpt lat="31.24614456662996" lon="121.6208225867264">
        <ele>6.323296227492392</ele>
        <time>1970-01-01T00:08:34.300000Z</time>
        <extensions>
          <gpxtpx:TrackPointExtension>
            <gpxtpx:hr>171</gpxtpx:hr>
          </gpxtpx:TrackPointExtension>
        </extensions>
      </trkpt>
      <trkpt lat="31.24611731070989" lon="121.62082301585552">
        <ele>6.28439199924469</ele>
        <time>1970-01-01T00:08:35.300000Z</time>
        <extensions>
          <gpxtpx:TrackPointExtension>
            <gpxtpx:hr>171</gpxtpx:hr>
          </gpxtpx:TrackPointExtension>
        </extensions>
      </trkpt>
      <trkpt lat="31.24608984000203" lon="121.62082394092366">
        <ele>6.247815637849271</ele>
        <time>1970-01-01T00:08:36.300000Z</time>
        <extensions>
          <gpxtpx:TrackPointExtension>
            <gpxtpx:hr>171</gpxtpx:hr>
          </gpxtpx:TrackPointExtension>
        </extensions>
      </trkpt>
      <trkpt lat="31.24606229751802" lon="121.6208251231667">
        <ele>6.2143272534012794</ele>
        <time>1970-01-01T00:08:37.300000Z</time>
        <extensions>
          <gpxtpx:TrackPointExtension>
            <gpxtpx:hr>171</gpxtpx:hr>
          </gpxtpx:TrackPointExtension>
        </extensions>
      </trkpt>
      <trkpt lat="31.2460350078354" lon="121.62082645775943">
        <ele>6.183906493708491</ele>
        <time>1970-01-01T00:08:38.300000Z</time>
        <extensions>
          <gpxtpx:TrackPointExtension>
            <gpxtpx:hr>171</gpxtpx:hr>
          </gpxtpx:TrackPointExtension>
        </extensions>
      </trkpt>
      <trkpt lat="31.246008153490802" lon="121.62082805899743">
        <ele>6.156133150681853</ele>
        <time>1970-01-01T00:08:39.300000Z</time>
        <extensions>
          <gpxtpx:TrackPointExtension>
            <gpxtpx:hr>171</gpxtpx:hr>
          </gpxtpx:TrackPointExtension>
        </extensions>
      </trkpt>
      <trkpt lat="31.245981704633863" lon="121.62082934820089">
        <ele>6.131197356618941</ele>
        <time>1970-01-01T00:08:40.300000Z</time>
        <extensions>
          <gpxtpx:TrackPointExtension>
            <gpxtpx:hr>171</gpxtpx:hr>
          </gpxtpx:TrackPointExtension>
        </extensions>
      </trkpt>
      <trkpt lat="31.24595538007223" lon="121.62082964452318">
        <ele>6.109430095180869</ele>
        <time>1970-01-01T00:08:41.300000Z</time>
        <extensions>
          <gpxtpx:TrackPointExtension>
            <gpxtpx:hr>171</gpxtpx:hr>
          </gpxtpx:TrackPointExtension>
        </extensions>
      </trkpt>
      <trkpt lat="31.245928530842324" lon="121.6208291552373">
        <ele>6.090518346987665</ele>
        <time>1970-01-01T00:08:42.300000Z</time>
        <extensions>
          <gpxtpx:TrackPointExtension>
            <gpxtpx:hr>171</gpxtpx:hr>
          </gpxtpx:TrackPointExtension>
        </extensions>
      </trkpt>
      <trkpt lat="31.245900827299504" lon="121.62082831364503">
        <ele>6.073694162070751</ele>
        <time>1970-01-01T00:08:43.300000Z</time>
        <extensions>
          <gpxtpx:TrackPointExtension>
            <gpxtpx:hr>171</gpxtpx:hr>
          </gpxtpx:TrackPointExtension>
        </extensions>
      </trkpt>
      <trkpt lat="31.24587279856265" lon="121.62082732133229">
        <ele>6.058264198713005</ele>
        <time>1970-01-01T00:08:44.300000Z</time>
        <extensions>
          <gpxtpx:TrackPointExtension>
            <gpxtpx:hr>171</gpxtpx:hr>
          </gpxtpx:TrackPointExtension>
        </extensions>
      </trkpt>
      <trkpt lat="31.24584495265021" lon="121.62082655403624">
        <ele>6.0442232098430395</ele>
        <time>1970-01-01T00:08:45.300000Z</time>
        <extensions>
          <gpxtpx:TrackPointExtension>
            <gpxtpx:hr>171</gpxtpx:hr>
          </gpxtpx:TrackPointExtension>
        </extensions>
      </trkpt>
      <trkpt lat="31.245817462013108" lon="121.62082625226">
        <ele>6.031639127060771</ele>
        <time>1970-01-01T00:08:46.300000Z</time>
        <extensions>
          <gpxtpx:TrackPointExtension>
            <gpxtpx:hr>171</gpxtpx:hr>
          </gpxtpx:TrackPointExtension>
        </extensions>
      </trkpt>
      <trkpt lat="31.245790473367016" lon="121.62082626783346">
        <ele>6.019914434291422</ele>
        <time>1970-01-01T00:08:47.300000Z</time>
        <extensions>
          <gpxtpx:TrackPointExtension>
            <gpxtpx:hr>171</gpxtpx:hr>
          </gpxtpx:TrackPointExtension>
        </extensions>
      </trkpt>
      <trkpt lat="31.24576396750854" lon="121.6208261710641">
        <ele>6.008448063395917</ele>
        <time>1970-01-01T00:08:48.300000Z</time>
        <extensions>
          <gpxtpx:TrackPointExtension>
            <gpxtpx:hr>171</gpxtpx:hr>
          </gpxtpx:TrackPointExtension>
        </extensions>
      </trkpt>
      <trkpt lat="31.245737937057864" lon="121.62082546421945">
        <ele>5.997150545939803</ele>
        <time>1970-01-01T00:08:49.300000Z</time>
        <extensions>
          <gpxtpx:TrackPointExtension>
            <gpxtpx:hr>171</gpxtpx:hr>
          </gpxtpx:TrackPointExtension>
        </extensions>
      </trkpt>
      <trkpt lat="31.24571235628474" lon="121.62082433572486">
        <ele>5.986471670679748</ele>
        <time>1970-01-01T00:08:50.300000Z</time>
        <extensions>
          <gpxtpx:TrackPointExtension>
            <gpxtpx:hr>171</gpxtpx:hr>
          </gpxtpx:TrackPointExtension>
        </extensions>
      </trkpt>
      <trkpt lat="31.245691418949306" lon="121.62082343012385">
        <ele>5.978688814677298</ele>
        <time>1970-01-01T00:08:51.200000Z</time>
        <extensions>
          <gpxtpx:TrackPointExtension>
            <gpxtpx:hr>171</gpxtpx:hr>
          </gpxtpx:TrackPointExtension>
        </extensions>
      </trkpt>
      <trkpt lat="31.245666236194097" lon="121.62082243263697">
        <ele>5.971759425476193</ele>
        <time>1970-01-01T00:08:52.200000Z</time>
        <extensions>
          <gpxtpx:TrackPointExtension>
            <gpxtpx:hr>171</gpxtpx:hr>
          </gpxtpx:TrackPointExtension>
        </extensions>
      </trkpt>
      <trkpt lat="31.245641232042953" lon="121.62082154520876">
        <ele>5.968581717461348</ele>
        <time>1970-01-01T00:08:53.200000Z</time>
        <extensions>
          <gpxtpx:TrackPointExtension>
            <gpxtpx:hr>171</gpxtpx:hr>
          </gpxtpx:TrackPointExtension>
        </extensions>
      </trkpt>
      <trkpt lat="31.245616307411403" lon="121.62082100441495">
        <ele>5.969420358538628</ele>
        <time>1970-01-01T00:08:54.200000Z</time>
        <extensions>
          <gpxtpx:TrackPointExtension>
            <gpxtpx:hr>171</gpxtpx:hr>
          </gpxtpx:TrackPointExtension>
        </extensions>
      </trkpt>
      <trkpt lat="31.245591569766788" lon="121.62082093052167">
        <ele>5.973998298868537</ele>
        <time>1970-01-01T00:08:55.200000Z</time>
        <extensions>
          <gpxtpx:TrackPointExtension>
            <gpxtpx:hr>171</gpxtpx:hr>
          </gpxtpx:TrackPointExtension>
        </extensions>
      </trkpt>
      <trkpt lat="31.245567290931483" lon="121.62082089079243">
        <ele>5.981704091653228</ele>
        <time>1970-01-01T00:08:56.200000Z</time>
        <extensions>
          <gpxtpx:TrackPointExtension>
            <gpxtpx:hr>171</gpxtpx:hr>
          </gpxtpx:TrackPointExtension>
        </extensions>
      </trkpt>
      <trkpt lat="31.24554327457143" lon="121.6208209828587">
        <ele>5.9917613714933395</ele>
        <time>1970-01-01T00:08:57.200000Z</time>
        <extensions>
          <gpxtpx:TrackPointExtension>
            <gpxtpx:hr>171</gpxtpx:hr>
          </gpxtpx:TrackPointExtension>
        </extensions>
      </trkpt>
      <trkpt lat="31.24551899066922" lon="121.62082138992437">
        <ele>6.003340949304402</ele>
        <time>1970-01-01T00:08:58.200000Z</time>
        <extensions>
          <gpxtpx:TrackPointExtension>
            <gpxtpx:hr>171</gpxtpx:hr>
          </gpxtpx:TrackPointExtension>
        </extensions>
      </trkpt>
      <trkpt lat="31.245494313378167" lon="121.6208220677262">
        <ele>6.015629435889423</ele>
        <time>1970-01-01T00:08:59.200000Z</time>
        <extensions>
          <gpxtpx:TrackPointExtension>
            <gpxtpx:hr>171</gpxtpx:hr>
          </gpxtpx:TrackPointExtension>
        </extensions>
      </trkpt>
      <trkpt lat="31.24546939426906" lon="121.62082313397879">
        <ele>6.0278777396306396</ele>
        <time>1970-01-01T00:09:00.200000Z</time>
        <extensions>
          <gpxtpx:TrackPointExtension>
            <gpxtpx:hr>171</gpxtpx:hr>
          </gpxtpx:TrackPointExtension>
        </extensions>
      </trkpt>
      <trkpt lat="31.245444201323703" lon="121.6208242260254">
        <ele>6.0394274815917015</ele>
        <time>1970-01-01T00:09:01.200000Z</time>
        <extensions>
          <gpxtpx:TrackPointExtension>
            <gpxtpx:hr>171</gpxtpx:hr>
          </gpxtpx:TrackPointExtension>
        </extensions>
      </trkpt>
      <trkpt lat="31.24541869810419" lon="121.62082522119456">
        <ele>6.049744204618037</ele>
        <time>1970-01-01T00:09:02.200000Z</time>
        <extensions>
          <gpxtpx:TrackPointExtension>
            <gpxtpx:hr>171</gpxtpx:hr>
          </gpxtpx:TrackPointExtension>
        </extensions>
      </trkpt>
      <trkpt lat="31.245393060014624" lon="121.62082631040634">
        <ele>6.0584257477894425</ele>
        <time>1970-01-01T00:09:03.200000Z</time>
        <extensions>
          <gpxtpx:TrackPointExtension>
            <gpxtpx:hr>171</gpxtpx:hr>
          </gpxtpx:TrackPointExtension>
        </extensions>
      </trkpt>
      <trkpt lat="31.24536737999775" lon="121.62082724799546">
        <ele>6.065171252004802</ele>
        <time>1970-01-01T00:09:04.200000Z</time>
        <extensions>
          <gpxtpx:TrackPointExtension>
            <gpxtpx:hr>171</gpxtpx:hr>
          </gpxtpx:TrackPointExtension>
        </extensions>
      </trkpt>
      <trkpt lat="31.24534162738329" lon="121.62082792155027">
        <ele>6.069748572073877</ele>
        <time>1970-01-01T00:09:05.200000Z</time>
        <extensions>
          <gpxtpx:TrackPointExtension>
            <gpxtpx:hr>171</gpxtpx:hr>
          </gpxtpx:TrackPointExtension>
        </extensions>
      </trkpt>
      <trkpt lat="31.245315616444792" lon="121.62082883382782">
        <ele>6.071996232494712</ele>
        <time>1970-01-01T00:09:06.200000Z</time>
        <extensions>
          <gpxtpx:TrackPointExtension>
            <gpxtpx:hr>171</gpxtpx:hr>
          </gpxtpx:TrackPointExtension>
        </extensions>
      </trkpt>
      <trkpt lat="31.245289203524077" lon="121.62083027468384">
        <ele>6.071865054778755</ele>
        <time>1970-01-01T00:09:07.200000Z</time>
        <extensions>
          <gpxtpx:TrackPointExtension>
            <gpxtpx:hr>171</gpxtpx:hr>
          </gpxtpx:TrackPointExtension>
        </extensions>
      </trkpt>
      <trkpt lat="31.245262562233144" lon="121.6208322108259">
        <ele>6.069538746029139</ele>
        <time>1970-01-01T00:09:08.200000Z</time>
        <extensions>
          <gpxtpx:TrackPointExtension>
            <gpxtpx:hr>171</gpxtpx:hr>
          </gpxtpx:TrackPointExtension>
        </extensions>
      </trkpt>
      <trkpt lat="31.245235937054314" lon="121.62083440513481">
        <ele>6.0656585125252604</ele>
        <time>1970-01-01T00:09:09.200000Z</time>
        <extensions>
          <gpxtpx:TrackPointExtension>
            <gpxtpx:hr>171</gpxtpx:hr>
          </gpxtpx:TrackPointExtension>
        </extensions>
      </trkpt>
      <trkpt lat="31.245203175760775" lon="121.62083636046364">
        <ele>6.061338248662651</ele>
        <time>1970-01-01T00:09:10.400000Z</time>
        <extensions>
          <gpxtpx:TrackPointExtension>
            <gpxtpx:hr>171</gpxtpx:hr>
          </gpxtpx:TrackPointExtension>
        </extensions>
      </trkpt>
      <trkpt lat="31.245176301275936" lon="121.62083690168873">
        <ele>6.059952900744975</ele>
        <time>1970-01-01T00:09:11.400000Z</time>
        <extensions>
          <gpxtpx:TrackPointExtension>
            <gpxtpx:hr>170</gpxtpx:hr>
          </gpxtpx:TrackPointExtension>
        </extensions>
      </trkpt>
      <trkpt lat="31.24514932517866" lon="121.62083676489512">
        <ele>6.060025460086763</ele>
        <time>1970-01-01T00:09:12.400000Z</time>
        <extensions>
          <gpxtpx:TrackPointExtension>
            <gpxtpx:hr>170</gpxtpx:hr>
          </gpxtpx:TrackPointExtension>
        </extensions>
      </trkpt>
      <trkpt lat="31.245122153521457" lon="121.62083613989016">
        <ele>6.059214293956757</ele>
        <time>1970-01-01T00:09:13.400000Z</time>
        <extensions>
          <gpxtpx:TrackPointExtension>
            <gpxtpx:hr>170</gpxtpx:hr>
          </gpxtpx:TrackPointExtension>
        </extensions>
      </trkpt>
      <trkpt lat="31.245094670121645" lon="121.62083525524142">
        <ele>6.055040191859007</ele>
        <time>1970-01-01T00:09:14.400000Z</time>
        <extensions>
          <gpxtpx:TrackPointExtension>
            <gpxtpx:hr>170</gpxtpx:hr>
          </gpxtpx:TrackPointExtension>
        </extensions>
      </trkpt>
      <trkpt lat="31.24506692968218" lon="121.62083466156321">
        <ele>6.046158370561898</ele>
        <time>1970-01-01T00:09:15.400000Z</time>
        <extensions>
          <gpxtpx:TrackPointExtension>
            <gpxtpx:hr>170</gpxtpx:hr>
          </gpxtpx:TrackPointExtension>
        </extensions>
      </trkpt>
      <trkpt lat="31.245039035799888" lon="121.62083460568657">
        <ele>6.033307310193777</ele>
        <time>1970-01-01T00:09:16.400000Z</time>
        <extensions>
          <gpxtpx:TrackPointExtension>
            <gpxtpx:hr>170</gpxtpx:hr>
          </gpxtpx:TrackPointExtension>
        </extensions>
      </trkpt>
      <trkpt lat="31.245010976759" lon="121.62083493249642">
        <ele>6.01764599699527</ele>
        <time>1970-01-01T00:09:17.400000Z</time>
        <extensions>
          <gpxtpx:TrackPointExtension>
            <gpxtpx:hr>170</gpxtpx:hr>
          </gpxtpx:TrackPointExtension>
        </extensions>
      </trkpt>
      <trkpt lat="31.244982744612308" lon="121.62083562638563">
        <ele>5.9988219905644655</ele>
        <time>1970-01-01T00:09:18.400000Z</time>
        <extensions>
          <gpxtpx:TrackPointExtension>
            <gpxtpx:hr>170</gpxtpx:hr>
          </gpxtpx:TrackPointExtension>
        </extensions>
      </trkpt>
      <trkpt lat="31.24495437528075" lon="121.62083659868861">
        <ele>5.975504861213267</ele>
        <time>1970-01-01T00:09:19.400000Z</time>
        <extensions>
          <gpxtpx:TrackPointExtension>
            <gpxtpx:hr>170</gpxtpx:hr>
          </gpxtpx:TrackPointExtension>
        </extensions>
      </trkpt>
      <trkpt lat="31.24492599575637" lon="121.62083769924512">
        <ele>5.946333053521812</ele>
        <time>1970-01-01T00:09:20.400000Z</time>
        <extensions>
          <gpxtpx:TrackPointExtension>
            <gpxtpx:hr>170</gpxtpx:hr>
          </gpxtpx:TrackPointExtension>
        </extensions>
      </trkpt>
      <trkpt lat="31.244897633234636" lon="121.62083890374433">
        <ele>5.910897206515074</ele>
        <time>1970-01-01T00:09:21.400000Z</time>
        <extensions>
          <gpxtpx:TrackPointExtension>
            <gpxtpx:hr>170</gpxtpx:hr>
          </gpxtpx:TrackPointExtension>
        </extensions>
      </trkpt>
      <trkpt lat="31.244869169165224" lon="121.62083977983785">
        <ele>5.87014370970428</ele>
        <time>1970-01-01T00:09:22.400000Z</time>
        <extensions>
          <gpxtpx:TrackPointExtension>
            <gpxtpx:hr>170</gpxtpx:hr>
          </gpxtpx:TrackPointExtension>
        </extensions>
      </trkpt>
      <trkpt lat="31.24484071712812" lon="121.62083990433608">
        <ele>5.826135175302625</ele>
        <time>1970-01-01T00:09:23.400000Z</time>
        <extensions>
          <gpxtpx:TrackPointExtension>
            <gpxtpx:hr>170</gpxtpx:hr>
          </gpxtpx:TrackPointExtension>
        </extensions>
      </trkpt>
      <trkpt lat="31.244812397030394" lon="121.62083954563956">
        <ele>5.781499903649092</ele>
        <time>1970-01-01T00:09:24.400000Z</time>
        <extensions>
          <gpxtpx:TrackPointExtension>
            <gpxtpx:hr>170</gpxtpx:hr>
          </gpxtpx:TrackPointExtension>
        </extensions>
      </trkpt>
      <trkpt lat="31.244784093730086" lon="121.62083879759668">
        <ele>5.738399798981845</ele>
        <time>1970-01-01T00:09:25.400000Z</time>
        <extensions>
          <gpxtpx:TrackPointExtension>
            <gpxtpx:hr>169</gpxtpx:hr>
          </gpxtpx:TrackPointExtension>
        </extensions>
      </trkpt>
      <trkpt lat="31.244755777078204" lon="121.62083745928702">
        <ele>5.697646017186344</ele>
        <time>1970-01-01T00:09:26.500000Z</time>
        <extensions>
          <gpxtpx:TrackPointExtension>
            <gpxtpx:hr>169</gpxtpx:hr>
          </gpxtpx:TrackPointExtension>
        </extensions>
      </trkpt>
      <trkpt lat="31.244727481674442" lon="121.620835477519">
        <ele>5.658671800047159</ele>
        <time>1970-01-01T00:09:27.500000Z</time>
        <extensions>
          <gpxtpx:TrackPointExtension>
            <gpxtpx:hr>169</gpxtpx:hr>
          </gpxtpx:TrackPointExtension>
        </extensions>
      </trkpt>
      <trkpt lat="31.244699205253298" lon="121.62083231114694">
        <ele>5.620690851472318</ele>
        <time>1970-01-01T00:09:28.500000Z</time>
        <extensions>
          <gpxtpx:TrackPointExtension>
            <gpxtpx:hr>169</gpxtpx:hr>
          </gpxtpx:TrackPointExtension>
        </extensions>
      </trkpt>
      <trkpt lat="31.244671233548885" lon="121.62082692771713">
        <ele>5.583728889934719</ele>
        <time>1970-01-01T00:09:29.500000Z</time>
        <extensions>
          <gpxtpx:TrackPointExtension>
            <gpxtpx:hr>170</gpxtpx:hr>
          </gpxtpx:TrackPointExtension>
        </extensions>
      </trkpt>
      <trkpt lat="31.244644298132272" lon="121.62081892472594">
        <ele>5.54809601418674</ele>
        <time>1970-01-01T00:09:30.500000Z</time>
        <extensions>
          <gpxtpx:TrackPointExtension>
            <gpxtpx:hr>170</gpxtpx:hr>
          </gpxtpx:TrackPointExtension>
        </extensions>
      </trkpt>
      <trkpt lat="31.24461912753829" lon="121.62080812638776">
        <ele>5.513269553892314</ele>
        <time>1970-01-01T00:09:31.500000Z</time>
        <extensions>
          <gpxtpx:TrackPointExtension>
            <gpxtpx:hr>170</gpxtpx:hr>
          </gpxtpx:TrackPointExtension>
        </extensions>
      </trkpt>
      <trkpt lat="31.244596019390283" lon="121.62079408445511">
        <ele>5.478035946376622</ele>
        <time>1970-01-01T00:09:32.500000Z</time>
        <extensions>
          <gpxtpx:TrackPointExtension>
            <gpxtpx:hr>170</gpxtpx:hr>
          </gpxtpx:TrackPointExtension>
        </extensions>
      </trkpt>
      <trkpt lat="31.244574975779802" lon="121.6207767539158">
        <ele>5.441512878984213</ele>
        <time>1970-01-01T00:09:33.500000Z</time>
        <extensions>
          <gpxtpx:TrackPointExtension>
            <gpxtpx:hr>170</gpxtpx:hr>
          </gpxtpx:TrackPointExtension>
        </extensions>
      </trkpt>
      <trkpt lat="31.244555980809288" lon="121.62075625421333">
        <ele>5.40417381003499</ele>
        <time>1970-01-01T00:09:34.500000Z</time>
        <extensions>
          <gpxtpx:TrackPointExtension>
            <gpxtpx:hr>172</gpxtpx:hr>
          </gpxtpx:TrackPointExtension>
        </extensions>
      </trkpt>
      <trkpt lat="31.244539152040225" lon="121.62073280870835">
        <ele>5.367085864767432</ele>
        <time>1970-01-01T00:09:35.500000Z</time>
        <extensions>
          <gpxtpx:TrackPointExtension>
            <gpxtpx:hr>172</gpxtpx:hr>
          </gpxtpx:TrackPointExtension>
        </extensions>
      </trkpt>
      <trkpt lat="31.24452453966833" lon="121.62070677938696">
        <ele>5.330963051877916</ele>
        <time>1970-01-01T00:09:36.500000Z</time>
        <extensions>
          <gpxtpx:TrackPointExtension>
            <gpxtpx:hr>172</gpxtpx:hr>
          </gpxtpx:TrackPointExtension>
        </extensions>
      </trkpt>
      <trkpt lat="31.24451250301417" lon="121.62067846805157">
        <ele>5.2963624354451895</ele>
        <time>1970-01-01T00:09:37.500000Z</time>
        <extensions>
          <gpxtpx:TrackPointExtension>
            <gpxtpx:hr>172</gpxtpx:hr>
          </gpxtpx:TrackPointExtension>
        </extensions>
      </trkpt>
      <trkpt lat="31.24450332275806" lon="121.6206486997774">
        <ele>5.263638362288475</ele>
        <time>1970-01-01T00:09:38.500000Z</time>
        <extensions>
          <gpxtpx:TrackPointExtension>
            <gpxtpx:hr>172</gpxtpx:hr>
          </gpxtpx:TrackPointExtension>
        </extensions>
      </trkpt>
      <trkpt lat="31.244496538040153" lon="121.62061836959187">
        <ele>5.232968857511878</ele>
        <time>1970-01-01T00:09:39.500000Z</time>
        <extensions>
          <gpxtpx:TrackPointExtension>
            <gpxtpx:hr>172</gpxtpx:hr>
          </gpxtpx:TrackPointExtension>
        </extensions>
      </trkpt>
      <trkpt lat="31.244491603351907" lon="121.62058753251885">
        <ele>5.2044904148206115</ele>
        <time>1970-01-01T00:09:40.500000Z</time>
        <extensions>
          <gpxtpx:TrackPointExtension>
            <gpxtpx:hr>171</gpxtpx:hr>
          </gpxtpx:TrackPointExtension>
        </extensions>
      </trkpt>
      <trkpt lat="31.244488103992357" lon="121.62055635644194">
        <ele>5.178482866846025</ele>
        <time>1970-01-01T00:09:41.500000Z</time>
        <extensions>
          <gpxtpx:TrackPointExtension>
            <gpxtpx:hr>171</gpxtpx:hr>
          </gpxtpx:TrackPointExtension>
        </extensions>
      </trkpt>
      <trkpt lat="31.244485433517557" lon="121.62052563529244">
        <ele>5.15535306558013</ele>
        <time>1970-01-01T00:09:42.500000Z</time>
        <extensions>
          <gpxtpx:TrackPointExtension>
            <gpxtpx:hr>171</gpxtpx:hr>
          </gpxtpx:TrackPointExtension>
        </extensions>
      </trkpt>
      <trkpt lat="31.244483189109065" lon="121.62049541877481">
        <ele>5.135427990928292</ele>
        <time>1970-01-01T00:09:43.500000Z</time>
        <extensions>
          <gpxtpx:TrackPointExtension>
            <gpxtpx:hr>171</gpxtpx:hr>
          </gpxtpx:TrackPointExtension>
        </extensions>
      </trkpt>
      <trkpt lat="31.244481336175383" lon="121.62046514543351">
        <ele>5.118883705697954</ele>
        <time>1970-01-01T00:09:44.500000Z</time>
        <extensions>
          <gpxtpx:TrackPointExtension>
            <gpxtpx:hr>171</gpxtpx:hr>
          </gpxtpx:TrackPointExtension>
        </extensions>
      </trkpt>
      <trkpt lat="31.244479644696035" lon="121.62043475348914">
        <ele>5.105679163709283</ele>
        <time>1970-01-01T00:09:45.500000Z</time>
        <extensions>
          <gpxtpx:TrackPointExtension>
            <gpxtpx:hr>172</gpxtpx:hr>
          </gpxtpx:TrackPointExtension>
        </extensions>
      </trkpt>
      <trkpt lat="31.244478183831415" lon="121.62040420359415">
        <ele>5.095542571507394</ele>
        <time>1970-01-01T00:09:46.500000Z</time>
        <extensions>
          <gpxtpx:TrackPointExtension>
            <gpxtpx:hr>172</gpxtpx:hr>
          </gpxtpx:TrackPointExtension>
        </extensions>
      </trkpt>
      <trkpt lat="31.244477153453715" lon="121.62037357978764">
        <ele>5.08793421369046</ele>
        <time>1970-01-01T00:09:47.500000Z</time>
        <extensions>
          <gpxtpx:TrackPointExtension>
            <gpxtpx:hr>172</gpxtpx:hr>
          </gpxtpx:TrackPointExtension>
        </extensions>
      </trkpt>
      <trkpt lat="31.24447628585938" lon="121.62034315354602">
        <ele>5.081693205051124</ele>
        <time>1970-01-01T00:09:48.500000Z</time>
        <extensions>
          <gpxtpx:TrackPointExtension>
            <gpxtpx:hr>172</gpxtpx:hr>
          </gpxtpx:TrackPointExtension>
        </extensions>
      </trkpt>
      <trkpt lat="31.24447546932803" lon="121.62031279902784">
        <ele>5.075240888632834</ele>
        <time>1970-01-01T00:09:49.500000Z</time>
        <extensions>
          <gpxtpx:TrackPointExtension>
            <gpxtpx:hr>171</gpxtpx:hr>
          </gpxtpx:TrackPointExtension>
        </extensions>
      </trkpt>
      <trkpt lat="31.24447492348287" lon="121.62028253156794">
        <ele>5.067215854302049</ele>
        <time>1970-01-01T00:09:50.500000Z</time>
        <extensions>
          <gpxtpx:TrackPointExtension>
            <gpxtpx:hr>171</gpxtpx:hr>
          </gpxtpx:TrackPointExtension>
        </extensions>
      </trkpt>
      <trkpt lat="31.244474629516024" lon="121.62025259879734">
        <ele>5.056659600697458</ele>
        <time>1970-01-01T00:09:51.500000Z</time>
        <extensions>
          <gpxtpx:TrackPointExtension>
            <gpxtpx:hr>171</gpxtpx:hr>
          </gpxtpx:TrackPointExtension>
        </extensions>
      </trkpt>
      <trkpt lat="31.2444745712586" lon="121.62022279505312">
        <ele>5.043137208558619</ele>
        <time>1970-01-01T00:09:52.500000Z</time>
        <extensions>
          <gpxtpx:TrackPointExtension>
            <gpxtpx:hr>171</gpxtpx:hr>
          </gpxtpx:TrackPointExtension>
        </extensions>
      </trkpt>
      <trkpt lat="31.244474703178966" lon="121.62019289302955">
        <ele>5.026992725208402</ele>
        <time>1970-01-01T00:09:53.500000Z</time>
        <extensions>
          <gpxtpx:TrackPointExtension>
            <gpxtpx:hr>171</gpxtpx:hr>
          </gpxtpx:TrackPointExtension>
        </extensions>
      </trkpt>
      <trkpt lat="31.24447472292294" lon="121.62016279673551">
        <ele>5.009551943279803</ele>
        <time>1970-01-01T00:09:54.500000Z</time>
        <extensions>
          <gpxtpx:TrackPointExtension>
            <gpxtpx:hr>171</gpxtpx:hr>
          </gpxtpx:TrackPointExtension>
        </extensions>
      </trkpt>
      <trkpt lat="31.244474735161617" lon="121.62013238841175">
        <ele>4.992620716802776</ele>
        <time>1970-01-01T00:09:55.500000Z</time>
        <extensions>
          <gpxtpx:TrackPointExtension>
            <gpxtpx:hr>171</gpxtpx:hr>
          </gpxtpx:TrackPointExtension>
        </extensions>
      </trkpt>
      <trkpt lat="31.24447484436269" lon="121.62010185384018">
        <ele>4.977792854420841</ele>
        <time>1970-01-01T00:09:56.500000Z</time>
        <extensions>
          <gpxtpx:TrackPointExtension>
            <gpxtpx:hr>171</gpxtpx:hr>
          </gpxtpx:TrackPointExtension>
        </extensions>
      </trkpt>
      <trkpt lat="31.24447477060177" lon="121.62007138854908">
        <ele>4.966215748339891</ele>
        <time>1970-01-01T00:09:57.500000Z</time>
        <extensions>
          <gpxtpx:TrackPointExtension>
            <gpxtpx:hr>171</gpxtpx:hr>
          </gpxtpx:TrackPointExtension>
        </extensions>
      </trkpt>
      <trkpt lat="31.244474430021704" lon="121.62004077347389">
        <ele>4.958679241128266</ele>
        <time>1970-01-01T00:09:58.500000Z</time>
        <extensions>
          <gpxtpx:TrackPointExtension>
            <gpxtpx:hr>171</gpxtpx:hr>
          </gpxtpx:TrackPointExtension>
        </extensions>
      </trkpt>
      <trkpt lat="31.244473879096205" lon="121.62001000347192">
        <ele>4.956133655272424</ele>
        <time>1970-01-01T00:09:59.500000Z</time>
        <extensions>
          <gpxtpx:TrackPointExtension>
            <gpxtpx:hr>171</gpxtpx:hr>
          </gpxtpx:TrackPointExtension>
        </extensions>
      </trkpt>
      <trkpt lat="31.24447302445384" lon="121.6199794351662">
        <ele>4.959516573697329</ele>
        <time>1970-01-01T00:10:00.500000Z</time>
        <extensions>
          <gpxtpx:TrackPointExtension>
            <gpxtpx:hr>171</gpxtpx:hr>
          </gpxtpx:TrackPointExtension>
        </extensions>
      </trkpt>
      <trkpt lat="31.244471954621122" lon="121.61994904459792">
        <ele>4.969237281940877</ele>
        <time>1970-01-01T00:10:01.500000Z</time>
        <extensions>
          <gpxtpx:TrackPointExtension>
            <gpxtpx:hr>171</gpxtpx:hr>
          </gpxtpx:TrackPointExtension>
        </extensions>
      </trkpt>
      <trkpt lat="31.24447071533599" lon="121.61991863408143">
        <ele>4.985029719769955</ele>
        <time>1970-01-01T00:10:02.600000Z</time>
        <extensions>
          <gpxtpx:TrackPointExtension>
            <gpxtpx:hr>171</gpxtpx:hr>
          </gpxtpx:TrackPointExtension>
        </extensions>
      </trkpt>
      <trkpt lat="31.244469121413363" lon="121.61988798274766">
        <ele>5.005600382573903</ele>
        <time>1970-01-01T00:10:03.600000Z</time>
        <extensions>
          <gpxtpx:TrackPointExtension>
            <gpxtpx:hr>171</gpxtpx:hr>
          </gpxtpx:TrackPointExtension>
        </extensions>
      </trkpt>
      <trkpt lat="31.244467386032046" lon="121.61985671526652">
        <ele>5.028791781514883</ele>
        <time>1970-01-01T00:10:04.600000Z</time>
        <extensions>
          <gpxtpx:TrackPointExtension>
            <gpxtpx:hr>171</gpxtpx:hr>
          </gpxtpx:TrackPointExtension>
        </extensions>
      </trkpt>
      <trkpt lat="31.244465789272365" lon="121.6198250588186">
        <ele>5.052310770377517</ele>
        <time>1970-01-01T00:10:05.600000Z</time>
        <extensions>
          <gpxtpx:TrackPointExtension>
            <gpxtpx:hr>171</gpxtpx:hr>
          </gpxtpx:TrackPointExtension>
        </extensions>
      </trkpt>
      <trkpt lat="31.244464325602877" lon="121.61979365290355">
        <ele>5.0743058221414685</ele>
        <time>1970-01-01T00:10:06.600000Z</time>
        <extensions>
          <gpxtpx:TrackPointExtension>
            <gpxtpx:hr>171</gpxtpx:hr>
          </gpxtpx:TrackPointExtension>
        </extensions>
      </trkpt>
      <trkpt lat="31.244463105978287" lon="121.61976248380239">
        <ele>5.093594670295715</ele>
        <time>1970-01-01T00:10:07.600000Z</time>
        <extensions>
          <gpxtpx:TrackPointExtension>
            <gpxtpx:hr>171</gpxtpx:hr>
          </gpxtpx:TrackPointExtension>
        </extensions>
      </trkpt>
      <trkpt lat="31.244462171951046" lon="121.61973130672145">
        <ele>5.108868150040507</ele>
        <time>1970-01-01T00:10:08.600000Z</time>
        <extensions>
          <gpxtpx:TrackPointExtension>
            <gpxtpx:hr>171</gpxtpx:hr>
          </gpxtpx:TrackPointExtension>
        </extensions>
      </trkpt>
      <trkpt lat="31.244461272139677" lon="121.61970014877672">
        <ele>5.118431695736945</ele>
        <time>1970-01-01T00:10:09.600000Z</time>
        <extensions>
          <gpxtpx:TrackPointExtension>
            <gpxtpx:hr>171</gpxtpx:hr>
          </gpxtpx:TrackPointExtension>
        </extensions>
      </trkpt>
      <trkpt lat="31.24446035233745" lon="121.6196690611308">
        <ele>5.1209268644452095</ele>
        <time>1970-01-01T00:10:10.600000Z</time>
        <extensions>
          <gpxtpx:TrackPointExtension>
            <gpxtpx:hr>171</gpxtpx:hr>
          </gpxtpx:TrackPointExtension>
        </extensions>
      </trkpt>
      <trkpt lat="31.244459394641904" lon="121.6196380187363">
        <ele>5.115672922693193</ele>
        <time>1970-01-01T00:10:11.600000Z</time>
        <extensions>
          <gpxtpx:TrackPointExtension>
            <gpxtpx:hr>171</gpxtpx:hr>
          </gpxtpx:TrackPointExtension>
        </extensions>
      </trkpt>
      <trkpt lat="31.244458210651462" lon="121.61960688739065">
        <ele>5.103239271789789</ele>
        <time>1970-01-01T00:10:12.600000Z</time>
        <extensions>
          <gpxtpx:TrackPointExtension>
            <gpxtpx:hr>171</gpxtpx:hr>
          </gpxtpx:TrackPointExtension>
        </extensions>
      </trkpt>
      <trkpt lat="31.244456764304708" lon="121.61957541768503">
        <ele>5.085188660770655</ele>
        <time>1970-01-01T00:10:13.600000Z</time>
        <extensions>
          <gpxtpx:TrackPointExtension>
            <gpxtpx:hr>171</gpxtpx:hr>
          </gpxtpx:TrackPointExtension>
        </extensions>
      </trkpt>
      <trkpt lat="31.244455039935005" lon="121.61954346288759">
        <ele>5.063069425523281</ele>
        <time>1970-01-01T00:10:14.600000Z</time>
        <extensions>
          <gpxtpx:TrackPointExtension>
            <gpxtpx:hr>172</gpxtpx:hr>
          </gpxtpx:TrackPointExtension>
        </extensions>
      </trkpt>
      <trkpt lat="31.244453309539725" lon="121.61951100042248">
        <ele>5.037745101377368</ele>
        <time>1970-01-01T00:10:15.600000Z</time>
        <extensions>
          <gpxtpx:TrackPointExtension>
            <gpxtpx:hr>172</gpxtpx:hr>
          </gpxtpx:TrackPointExtension>
        </extensions>
      </trkpt>
      <trkpt lat="31.244451831978537" lon="121.61947823478684">
        <ele>5.009332739748061</ele>
        <time>1970-01-01T00:10:16.600000Z</time>
        <extensions>
          <gpxtpx:TrackPointExtension>
            <gpxtpx:hr>172</gpxtpx:hr>
          </gpxtpx:TrackPointExtension>
        </extensions>
      </trkpt>
      <trkpt lat="31.24445047644055" lon="121.61944561375535">
        <ele>4.977658189833164</ele>
        <time>1970-01-01T00:10:17.600000Z</time>
        <extensions>
          <gpxtpx:TrackPointExtension>
            <gpxtpx:hr>172</gpxtpx:hr>
          </gpxtpx:TrackPointExtension>
        </extensions>
      </trkpt>
      <trkpt lat="31.244449283680556" lon="121.6194134021853">
        <ele>4.942512801848352</ele>
        <time>1970-01-01T00:10:18.600000Z</time>
        <extensions>
          <gpxtpx:TrackPointExtension>
            <gpxtpx:hr>172</gpxtpx:hr>
          </gpxtpx:TrackPointExtension>
        </extensions>
      </trkpt>
      <trkpt lat="31.244448365973717" lon="121.6193816587406">
        <ele>4.904366514645517</ele>
        <time>1970-01-01T00:10:19.600000Z</time>
        <extensions>
          <gpxtpx:TrackPointExtension>
            <gpxtpx:hr>171</gpxtpx:hr>
          </gpxtpx:TrackPointExtension>
        </extensions>
      </trkpt>
      <trkpt lat="31.244447443741333" lon="121.61935045241765">
        <ele>4.864812474697828</ele>
        <time>1970-01-01T00:10:20.600000Z</time>
        <extensions>
          <gpxtpx:TrackPointExtension>
            <gpxtpx:hr>171</gpxtpx:hr>
          </gpxtpx:TrackPointExtension>
        </extensions>
      </trkpt>
      <trkpt lat="31.244446318082353" lon="121.61931967836918">
        <ele>4.8257272727787495</ele>
        <time>1970-01-01T00:10:21.600000Z</time>
        <extensions>
          <gpxtpx:TrackPointExtension>
            <gpxtpx:hr>171</gpxtpx:hr>
          </gpxtpx:TrackPointExtension>
        </extensions>
      </trkpt>
      <trkpt lat="31.24444528271358" lon="121.61928891283434">
        <ele>4.788673480972648</ele>
        <time>1970-01-01T00:10:22.600000Z</time>
        <extensions>
          <gpxtpx:TrackPointExtension>
            <gpxtpx:hr>171</gpxtpx:hr>
          </gpxtpx:TrackPointExtension>
        </extensions>
      </trkpt>
      <trkpt lat="31.24444450317486" lon="121.61925798756683">
        <ele>4.754832957871258</ele>
        <time>1970-01-01T00:10:23.600000Z</time>
        <extensions>
          <gpxtpx:TrackPointExtension>
            <gpxtpx:hr>171</gpxtpx:hr>
          </gpxtpx:TrackPointExtension>
        </extensions>
      </trkpt>
      <trkpt lat="31.2444438569611" lon="121.61922680028782">
        <ele>4.72490198072046</ele>
        <time>1970-01-01T00:10:24.600000Z</time>
        <extensions>
          <gpxtpx:TrackPointExtension>
            <gpxtpx:hr>171</gpxtpx:hr>
          </gpxtpx:TrackPointExtension>
        </extensions>
      </trkpt>
      <trkpt lat="31.24444320177233" lon="121.61919505613801">
        <ele>4.699130703695118</ele>
        <time>1970-01-01T00:10:25.600000Z</time>
        <extensions>
          <gpxtpx:TrackPointExtension>
            <gpxtpx:hr>171</gpxtpx:hr>
          </gpxtpx:TrackPointExtension>
        </extensions>
      </trkpt>
      <trkpt lat="31.244442557030805" lon="121.61916276740986">
        <ele>4.6774872383102775</ele>
        <time>1970-01-01T00:10:26.600000Z</time>
        <extensions>
          <gpxtpx:TrackPointExtension>
            <gpxtpx:hr>171</gpxtpx:hr>
          </gpxtpx:TrackPointExtension>
        </extensions>
      </trkpt>
      <trkpt lat="31.244442161880638" lon="121.61913016106676">
        <ele>4.66001661401242</ele>
        <time>1970-01-01T00:10:27.600000Z</time>
        <extensions>
          <gpxtpx:TrackPointExtension>
            <gpxtpx:hr>171</gpxtpx:hr>
          </gpxtpx:TrackPointExtension>
        </extensions>
      </trkpt>
      <trkpt lat="31.244442222192582" lon="121.61909740242916">
        <ele>4.646512903273106</ele>
        <time>1970-01-01T00:10:28.600000Z</time>
        <extensions>
          <gpxtpx:TrackPointExtension>
            <gpxtpx:hr>171</gpxtpx:hr>
          </gpxtpx:TrackPointExtension>
        </extensions>
      </trkpt>
      <trkpt lat="31.244442655269232" lon="121.61906460620801">
        <ele>4.636118232272565</ele>
        <time>1970-01-01T00:10:29.600000Z</time>
        <extensions>
          <gpxtpx:TrackPointExtension>
            <gpxtpx:hr>171</gpxtpx:hr>
          </gpxtpx:TrackPointExtension>
        </extensions>
      </trkpt>
      <trkpt lat="31.244443321338736" lon="121.61903207595154">
        <ele>4.627883994951844</ele>
        <time>1970-01-01T00:10:30.600000Z</time>
        <extensions>
          <gpxtpx:TrackPointExtension>
            <gpxtpx:hr>171</gpxtpx:hr>
          </gpxtpx:TrackPointExtension>
        </extensions>
      </trkpt>
      <trkpt lat="31.244444328889532" lon="121.61900021373921">
        <ele>4.621130993589759</ele>
        <time>1970-01-01T00:10:31.600000Z</time>
        <extensions>
          <gpxtpx:TrackPointExtension>
            <gpxtpx:hr>171</gpxtpx:hr>
          </gpxtpx:TrackPointExtension>
        </extensions>
      </trkpt>
      <trkpt lat="31.244445607267586" lon="121.61896926618797">
        <ele>4.6154779233038425</ele>
        <time>1970-01-01T00:10:32.600000Z</time>
        <extensions>
          <gpxtpx:TrackPointExtension>
            <gpxtpx:hr>171</gpxtpx:hr>
          </gpxtpx:TrackPointExtension>
        </extensions>
      </trkpt>
      <trkpt lat="31.2444469544189" lon="121.61893903188987">
        <ele>4.610722275450826</ele>
        <time>1970-01-01T00:10:33.600000Z</time>
        <extensions>
          <gpxtpx:TrackPointExtension>
            <gpxtpx:hr>171</gpxtpx:hr>
          </gpxtpx:TrackPointExtension>
        </extensions>
      </trkpt>
      <trkpt lat="31.244448232580094" lon="121.61890910963837">
        <ele>4.606626953929663</ele>
        <time>1970-01-01T00:10:34.600000Z</time>
        <extensions>
          <gpxtpx:TrackPointExtension>
            <gpxtpx:hr>171</gpxtpx:hr>
          </gpxtpx:TrackPointExtension>
        </extensions>
      </trkpt>
      <trkpt lat="31.244449178408388" lon="121.61887949401607">
        <ele>4.602750597521663</ele>
        <time>1970-01-01T00:10:35.600000Z</time>
        <extensions>
          <gpxtpx:TrackPointExtension>
            <gpxtpx:hr>171</gpxtpx:hr>
          </gpxtpx:TrackPointExtension>
        </extensions>
      </trkpt>
      <trkpt lat="31.244449785396913" lon="121.61885008386702">
        <ele>4.598239066079259</ele>
        <time>1970-01-01T00:10:36.600000Z</time>
        <extensions>
          <gpxtpx:TrackPointExtension>
            <gpxtpx:hr>171</gpxtpx:hr>
          </gpxtpx:TrackPointExtension>
        </extensions>
      </trkpt>
      <trkpt lat="31.244450405044834" lon="121.61882060414769">
        <ele>4.59204139560461</ele>
        <time>1970-01-01T00:10:37.600000Z</time>
        <extensions>
          <gpxtpx:TrackPointExtension>
            <gpxtpx:hr>171</gpxtpx:hr>
          </gpxtpx:TrackPointExtension>
        </extensions>
      </trkpt>
      <trkpt lat="31.244450997446837" lon="121.61879116777668">
        <ele>4.583593270741403</ele>
        <time>1970-01-01T00:10:38.700000Z</time>
        <extensions>
          <gpxtpx:TrackPointExtension>
            <gpxtpx:hr>171</gpxtpx:hr>
          </gpxtpx:TrackPointExtension>
        </extensions>
      </trkpt>
      <trkpt lat="31.244451252630007" lon="121.61876182974463">
        <ele>4.573422226123512</ele>
        <time>1970-01-01T00:10:39.700000Z</time>
        <extensions>
          <gpxtpx:TrackPointExtension>
            <gpxtpx:hr>171</gpxtpx:hr>
          </gpxtpx:TrackPointExtension>
        </extensions>
      </trkpt>
      <trkpt lat="31.244451233816374" lon="121.6187322888751">
        <ele>4.563052804209292</ele>
        <time>1970-01-01T00:10:40.700000Z</time>
        <extensions>
          <gpxtpx:TrackPointExtension>
            <gpxtpx:hr>171</gpxtpx:hr>
          </gpxtpx:TrackPointExtension>
        </extensions>
      </trkpt>
      <trkpt lat="31.244450989329817" lon="121.61870262044508">
        <ele>4.553782009519637</ele>
        <time>1970-01-01T00:10:41.700000Z</time>
        <extensions>
          <gpxtpx:TrackPointExtension>
            <gpxtpx:hr>170</gpxtpx:hr>
          </gpxtpx:TrackPointExtension>
        </extensions>
      </trkpt>
      <trkpt lat="31.244450502153" lon="121.61867320287004">
        <ele>4.54566715285182</ele>
        <time>1970-01-01T00:10:42.700000Z</time>
        <extensions>
          <gpxtpx:TrackPointExtension>
            <gpxtpx:hr>170</gpxtpx:hr>
          </gpxtpx:TrackPointExtension>
        </extensions>
      </trkpt>
      <trkpt lat="31.24444987394487" lon="121.61864411365393">
        <ele>4.537900417111814</ele>
        <time>1970-01-01T00:10:43.700000Z</time>
        <extensions>
          <gpxtpx:TrackPointExtension>
            <gpxtpx:hr>170</gpxtpx:hr>
          </gpxtpx:TrackPointExtension>
        </extensions>
      </trkpt>
      <trkpt lat="31.244449117134526" lon="121.61861526101421">
        <ele>4.529667941853404</ele>
        <time>1970-01-01T00:10:44.700000Z</time>
        <extensions>
          <gpxtpx:TrackPointExtension>
            <gpxtpx:hr>170</gpxtpx:hr>
          </gpxtpx:TrackPointExtension>
        </extensions>
      </trkpt>
      <trkpt lat="31.24444819537336" lon="121.61858640498579">
        <ele>4.520612843334675</ele>
        <time>1970-01-01T00:10:45.700000Z</time>
        <extensions>
          <gpxtpx:TrackPointExtension>
            <gpxtpx:hr>170</gpxtpx:hr>
          </gpxtpx:TrackPointExtension>
        </extensions>
      </trkpt>
      <trkpt lat="31.24444714943674" lon="121.61855730587573">
        <ele>4.510546623729169</ele>
        <time>1970-01-01T00:10:46.700000Z</time>
        <extensions>
          <gpxtpx:TrackPointExtension>
            <gpxtpx:hr>170</gpxtpx:hr>
          </gpxtpx:TrackPointExtension>
        </extensions>
      </trkpt>
      <trkpt lat="31.24444581130782" lon="121.61852808704721">
        <ele>4.499207760207355</ele>
        <time>1970-01-01T00:10:47.700000Z</time>
        <extensions>
          <gpxtpx:TrackPointExtension>
            <gpxtpx:hr>170</gpxtpx:hr>
          </gpxtpx:TrackPointExtension>
        </extensions>
      </trkpt>
      <trkpt lat="31.24444391153378" lon="121.61849855293127">
        <ele>4.486334971152246</ele>
        <time>1970-01-01T00:10:48.700000Z</time>
        <extensions>
          <gpxtpx:TrackPointExtension>
            <gpxtpx:hr>170</gpxtpx:hr>
          </gpxtpx:TrackPointExtension>
        </extensions>
      </trkpt>
      <trkpt lat="31.244441428841395" lon="121.61846832428756">
        <ele>4.471255170181394</ele>
        <time>1970-01-01T00:10:49.700000Z</time>
        <extensions>
          <gpxtpx:TrackPointExtension>
            <gpxtpx:hr>171</gpxtpx:hr>
          </gpxtpx:TrackPointExtension>
        </extensions>
      </trkpt>
      <trkpt lat="31.244438528593896" lon="121.61843736776345">
        <ele>4.4531005611643195</ele>
        <time>1970-01-01T00:10:50.700000Z</time>
        <extensions>
          <gpxtpx:TrackPointExtension>
            <gpxtpx:hr>171</gpxtpx:hr>
          </gpxtpx:TrackPointExtension>
        </extensions>
      </trkpt>
      <trkpt lat="31.244435510177066" lon="121.61840539061168">
        <ele>4.431661881506443</ele>
        <time>1970-01-01T00:10:51.700000Z</time>
        <extensions>
          <gpxtpx:TrackPointExtension>
            <gpxtpx:hr>171</gpxtpx:hr>
          </gpxtpx:TrackPointExtension>
        </extensions>
      </trkpt>
      <trkpt lat="31.24443259096583" lon="121.6183723503289">
        <ele>4.4074787721037865</ele>
        <time>1970-01-01T00:10:52.700000Z</time>
        <extensions>
          <gpxtpx:TrackPointExtension>
            <gpxtpx:hr>171</gpxtpx:hr>
          </gpxtpx:TrackPointExtension>
        </extensions>
      </trkpt>
      <trkpt lat="31.24442969664725" lon="121.61833888170483">
        <ele>4.38109124917537</ele>
        <time>1970-01-01T00:10:53.700000Z</time>
        <extensions>
          <gpxtpx:TrackPointExtension>
            <gpxtpx:hr>171</gpxtpx:hr>
          </gpxtpx:TrackPointExtension>
        </extensions>
      </trkpt>
      <trkpt lat="31.244426694873017" lon="121.61830568778646">
        <ele>4.352347030304372</ele>
        <time>1970-01-01T00:10:54.700000Z</time>
        <extensions>
          <gpxtpx:TrackPointExtension>
            <gpxtpx:hr>171</gpxtpx:hr>
          </gpxtpx:TrackPointExtension>
        </extensions>
      </trkpt>
      <trkpt lat="31.24442365659348" lon="121.61827313661118">
        <ele>4.320811690762639</ele>
        <time>1970-01-01T00:10:55.700000Z</time>
        <extensions>
          <gpxtpx:TrackPointExtension>
            <gpxtpx:hr>171</gpxtpx:hr>
          </gpxtpx:TrackPointExtension>
        </extensions>
      </trkpt>
      <trkpt lat="31.24442048500291" lon="121.61824115025416">
        <ele>4.286728494800627</ele>
        <time>1970-01-01T00:10:56.700000Z</time>
        <extensions>
          <gpxtpx:TrackPointExtension>
            <gpxtpx:hr>171</gpxtpx:hr>
          </gpxtpx:TrackPointExtension>
        </extensions>
      </trkpt>
      <trkpt lat="31.244417344413126" lon="121.6182095021588">
        <ele>4.251293740235269</ele>
        <time>1970-01-01T00:10:57.700000Z</time>
        <extensions>
          <gpxtpx:TrackPointExtension>
            <gpxtpx:hr>171</gpxtpx:hr>
          </gpxtpx:TrackPointExtension>
        </extensions>
      </trkpt>
      <trkpt lat="31.244414195628103" lon="121.61817821270084">
        <ele>4.215757383033633</ele>
        <time>1970-01-01T00:10:58.700000Z</time>
        <extensions>
          <gpxtpx:TrackPointExtension>
            <gpxtpx:hr>171</gpxtpx:hr>
          </gpxtpx:TrackPointExtension>
        </extensions>
      </trkpt>
      <trkpt lat="31.244410338254962" lon="121.61814745496538">
        <ele>4.18054835870862</ele>
        <time>1970-01-01T00:10:59.700000Z</time>
        <extensions>
          <gpxtpx:TrackPointExtension>
            <gpxtpx:hr>172</gpxtpx:hr>
          </gpxtpx:TrackPointExtension>
        </extensions>
      </trkpt>
      <trkpt lat="31.24440581389046" lon="121.61811712997844">
        <ele>4.14539769012481</ele>
        <time>1970-01-01T00:11:00.700000Z</time>
        <extensions>
          <gpxtpx:TrackPointExtension>
            <gpxtpx:hr>172</gpxtpx:hr>
          </gpxtpx:TrackPointExtension>
        </extensions>
      </trkpt>
      <trkpt lat="31.244401414101553" lon="121.61808703578282">
        <ele>4.110211443156004</ele>
        <time>1970-01-01T00:11:01.700000Z</time>
        <extensions>
          <gpxtpx:TrackPointExtension>
            <gpxtpx:hr>172</gpxtpx:hr>
          </gpxtpx:TrackPointExtension>
        </extensions>
      </trkpt>
      <trkpt lat="31.24439746739098" lon="121.61805705211529">
        <ele>4.076053585857153</ele>
        <time>1970-01-01T00:11:02.700000Z</time>
        <extensions>
          <gpxtpx:TrackPointExtension>
            <gpxtpx:hr>172</gpxtpx:hr>
          </gpxtpx:TrackPointExtension>
        </extensions>
      </trkpt>
      <trkpt lat="31.244394003018154" lon="121.61802697616298">
        <ele>4.045257464982569</ele>
        <time>1970-01-01T00:11:03.700000Z</time>
        <extensions>
          <gpxtpx:TrackPointExtension>
            <gpxtpx:hr>171</gpxtpx:hr>
          </gpxtpx:TrackPointExtension>
        </extensions>
      </trkpt>
      <trkpt lat="31.24439122751273" lon="121.6179967488439">
        <ele>4.020590104162693</ele>
        <time>1970-01-01T00:11:04.700000Z</time>
        <extensions>
          <gpxtpx:TrackPointExtension>
            <gpxtpx:hr>171</gpxtpx:hr>
          </gpxtpx:TrackPointExtension>
        </extensions>
      </trkpt>
      <trkpt lat="31.244389099406902" lon="121.61796640652196">
        <ele>4.004033740609884</ele>
        <time>1970-01-01T00:11:05.700000Z</time>
        <extensions>
          <gpxtpx:TrackPointExtension>
            <gpxtpx:hr>171</gpxtpx:hr>
          </gpxtpx:TrackPointExtension>
        </extensions>
      </trkpt>
      <trkpt lat="31.244387570235435" lon="121.61793590975716">
        <ele>3.9962714007124305</ele>
        <time>1970-01-01T00:11:06.700000Z</time>
        <extensions>
          <gpxtpx:TrackPointExtension>
            <gpxtpx:hr>171</gpxtpx:hr>
          </gpxtpx:TrackPointExtension>
        </extensions>
      </trkpt>
      <trkpt lat="31.244386632498973" lon="121.61790554385345">
        <ele>3.997078623622656</ele>
        <time>1970-01-01T00:11:07.700000Z</time>
        <extensions>
          <gpxtpx:TrackPointExtension>
            <gpxtpx:hr>171</gpxtpx:hr>
          </gpxtpx:TrackPointExtension>
        </extensions>
      </trkpt>
      <trkpt lat="31.24438628624886" lon="121.61787570260842">
        <ele>4.005685701034963</ele>
        <time>1970-01-01T00:11:08.700000Z</time>
        <extensions>
          <gpxtpx:TrackPointExtension>
            <gpxtpx:hr>171</gpxtpx:hr>
          </gpxtpx:TrackPointExtension>
        </extensions>
      </trkpt>
      <trkpt lat="31.24438667221441" lon="121.61784619537526">
        <ele>4.0213217763230205</ele>
        <time>1970-01-01T00:11:09.700000Z</time>
        <extensions>
          <gpxtpx:TrackPointExtension>
            <gpxtpx:hr>171</gpxtpx:hr>
          </gpxtpx:TrackPointExtension>
        </extensions>
      </trkpt>
      <trkpt lat="31.244387738634426" lon="121.61781651048265">
        <ele>4.043284405954182</ele>
        <time>1970-01-01T00:11:10.700000Z</time>
        <extensions>
          <gpxtpx:TrackPointExtension>
            <gpxtpx:hr>171</gpxtpx:hr>
          </gpxtpx:TrackPointExtension>
        </extensions>
      </trkpt>
      <trkpt lat="31.244389429245356" lon="121.61778614254564">
        <ele>4.070003851316869</ele>
        <time>1970-01-01T00:11:11.700000Z</time>
        <extensions>
          <gpxtpx:TrackPointExtension>
            <gpxtpx:hr>171</gpxtpx:hr>
          </gpxtpx:TrackPointExtension>
        </extensions>
      </trkpt>
      <trkpt lat="31.244391755256895" lon="121.61775490584812">
        <ele>4.09890649933368</ele>
        <time>1970-01-01T00:11:12.700000Z</time>
        <extensions>
          <gpxtpx:TrackPointExtension>
            <gpxtpx:hr>171</gpxtpx:hr>
          </gpxtpx:TrackPointExtension>
        </extensions>
      </trkpt>
      <trkpt lat="31.244394431146393" lon="121.61772323799846">
        <ele>4.127358064986765</ele>
        <time>1970-01-01T00:11:13.800000Z</time>
        <extensions>
          <gpxtpx:TrackPointExtension>
            <gpxtpx:hr>172</gpxtpx:hr>
          </gpxtpx:TrackPointExtension>
        </extensions>
      </trkpt>
      <trkpt lat="31.244396775512797" lon="121.6176915780142">
        <ele>4.153231129981577</ele>
        <time>1970-01-01T00:11:14.800000Z</time>
        <extensions>
          <gpxtpx:TrackPointExtension>
            <gpxtpx:hr>172</gpxtpx:hr>
          </gpxtpx:TrackPointExtension>
        </extensions>
      </trkpt>
      <trkpt lat="31.244398418347902" lon="121.61765992637974">
        <ele>4.175111002288759</ele>
        <time>1970-01-01T00:11:15.800000Z</time>
        <extensions>
          <gpxtpx:TrackPointExtension>
            <gpxtpx:hr>172</gpxtpx:hr>
          </gpxtpx:TrackPointExtension>
        </extensions>
      </trkpt>
      <trkpt lat="31.24439959761834" lon="121.61762846091291">
        <ele>4.192108059301972</ele>
        <time>1970-01-01T00:11:16.800000Z</time>
        <extensions>
          <gpxtpx:TrackPointExtension>
            <gpxtpx:hr>172</gpxtpx:hr>
          </gpxtpx:TrackPointExtension>
        </extensions>
      </trkpt>
      <trkpt lat="31.244400372073486" lon="121.6175975870129">
        <ele>4.203740054741502</ele>
        <time>1970-01-01T00:11:17.800000Z</time>
        <extensions>
          <gpxtpx:TrackPointExtension>
            <gpxtpx:hr>172</gpxtpx:hr>
          </gpxtpx:TrackPointExtension>
        </extensions>
      </trkpt>
      <trkpt lat="31.24440112476566" lon="121.61756730119059">
        <ele>4.210060155950487</ele>
        <time>1970-01-01T00:11:18.800000Z</time>
        <extensions>
          <gpxtpx:TrackPointExtension>
            <gpxtpx:hr>172</gpxtpx:hr>
          </gpxtpx:TrackPointExtension>
        </extensions>
      </trkpt>
      <trkpt lat="31.244402199514717" lon="121.61753736605017">
        <ele>4.211714742705226</ele>
        <time>1970-01-01T00:11:19.800000Z</time>
        <extensions>
          <gpxtpx:TrackPointExtension>
            <gpxtpx:hr>172</gpxtpx:hr>
          </gpxtpx:TrackPointExtension>
        </extensions>
      </trkpt>
      <trkpt lat="31.24440336116478" lon="121.61750748829618">
        <ele>4.209769165143371</ele>
        <time>1970-01-01T00:11:20.800000Z</time>
        <extensions>
          <gpxtpx:TrackPointExtension>
            <gpxtpx:hr>172</gpxtpx:hr>
          </gpxtpx:TrackPointExtension>
        </extensions>
      </trkpt>
      <trkpt lat="31.244404859850395" lon="121.61747730725607">
        <ele>4.205337411724031</ele>
        <time>1970-01-01T00:11:21.800000Z</time>
        <extensions>
          <gpxtpx:TrackPointExtension>
            <gpxtpx:hr>172</gpxtpx:hr>
          </gpxtpx:TrackPointExtension>
        </extensions>
      </trkpt>
      <trkpt lat="31.244407355203702" lon="121.61744690805418">
        <ele>4.199341619387269</ele>
        <time>1970-01-01T00:11:22.800000Z</time>
        <extensions>
          <gpxtpx:TrackPointExtension>
            <gpxtpx:hr>172</gpxtpx:hr>
          </gpxtpx:TrackPointExtension>
        </extensions>
      </trkpt>
      <trkpt lat="31.244411313371" lon="121.61741663089629">
        <ele>4.1921331118792295</ele>
        <time>1970-01-01T00:11:23.800000Z</time>
        <extensions>
          <gpxtpx:TrackPointExtension>
            <gpxtpx:hr>172</gpxtpx:hr>
          </gpxtpx:TrackPointExtension>
        </extensions>
      </trkpt>
      <trkpt lat="31.244417187564476" lon="121.61738662464545">
        <ele>4.183651463128626</ele>
        <time>1970-01-01T00:11:24.800000Z</time>
        <extensions>
          <gpxtpx:TrackPointExtension>
            <gpxtpx:hr>173</gpxtpx:hr>
          </gpxtpx:TrackPointExtension>
        </extensions>
      </trkpt>
      <trkpt lat="31.24442525998186" lon="121.61735729933005">
        <ele>4.174027337692678</ele>
        <time>1970-01-01T00:11:25.800000Z</time>
        <extensions>
          <gpxtpx:TrackPointExtension>
            <gpxtpx:hr>173</gpxtpx:hr>
          </gpxtpx:TrackPointExtension>
        </extensions>
      </trkpt>
      <trkpt lat="31.244435339776665" lon="121.6173288994209">
        <ele>4.163184711709619</ele>
        <time>1970-01-01T00:11:26.800000Z</time>
        <extensions>
          <gpxtpx:TrackPointExtension>
            <gpxtpx:hr>173</gpxtpx:hr>
          </gpxtpx:TrackPointExtension>
        </extensions>
      </trkpt>
      <trkpt lat="31.244447324831196" lon="121.61730135694167">
        <ele>4.15056551899761</ele>
        <time>1970-01-01T00:11:27.800000Z</time>
        <extensions>
          <gpxtpx:TrackPointExtension>
            <gpxtpx:hr>173</gpxtpx:hr>
          </gpxtpx:TrackPointExtension>
        </extensions>
      </trkpt>
      <trkpt lat="31.24446125193932" lon="121.61727518598535">
        <ele>4.135580903850496</ele>
        <time>1970-01-01T00:11:28.800000Z</time>
        <extensions>
          <gpxtpx:TrackPointExtension>
            <gpxtpx:hr>173</gpxtpx:hr>
          </gpxtpx:TrackPointExtension>
        </extensions>
      </trkpt>
      <trkpt lat="31.244476996480326" lon="121.61725116309373">
        <ele>4.117972455918789</ele>
        <time>1970-01-01T00:11:29.800000Z</time>
        <extensions>
          <gpxtpx:TrackPointExtension>
            <gpxtpx:hr>173</gpxtpx:hr>
          </gpxtpx:TrackPointExtension>
        </extensions>
      </trkpt>
      <trkpt lat="31.24449471717288" lon="121.61722969524659">
        <ele>4.098221385851502</ele>
        <time>1970-01-01T00:11:30.800000Z</time>
        <extensions>
          <gpxtpx:TrackPointExtension>
            <gpxtpx:hr>173</gpxtpx:hr>
          </gpxtpx:TrackPointExtension>
        </extensions>
      </trkpt>
      <trkpt lat="31.244514554532266" lon="121.61721115500896">
        <ele>4.077592261135578</ele>
        <time>1970-01-01T00:11:31.800000Z</time>
        <extensions>
          <gpxtpx:TrackPointExtension>
            <gpxtpx:hr>172</gpxtpx:hr>
          </gpxtpx:TrackPointExtension>
        </extensions>
      </trkpt>
      <trkpt lat="31.244536087068116" lon="121.61719580032717">
        <ele>4.057662106119096</ele>
        <time>1970-01-01T00:11:32.800000Z</time>
        <extensions>
          <gpxtpx:TrackPointExtension>
            <gpxtpx:hr>172</gpxtpx:hr>
          </gpxtpx:TrackPointExtension>
        </extensions>
      </trkpt>
      <trkpt lat="31.24455918653927" lon="121.61718376200885">
        <ele>4.039896382018924</ele>
        <time>1970-01-01T00:11:33.800000Z</time>
        <extensions>
          <gpxtpx:TrackPointExtension>
            <gpxtpx:hr>172</gpxtpx:hr>
          </gpxtpx:TrackPointExtension>
        </extensions>
      </trkpt>
      <trkpt lat="31.244583690321132" lon="121.61717512465178">
        <ele>4.025569810532033</ele>
        <time>1970-01-01T00:11:34.800000Z</time>
        <extensions>
          <gpxtpx:TrackPointExtension>
            <gpxtpx:hr>172</gpxtpx:hr>
          </gpxtpx:TrackPointExtension>
        </extensions>
      </trkpt>
      <trkpt lat="31.244608732433385" lon="121.61716944394023">
        <ele>4.015961364842951</ele>
        <time>1970-01-01T00:11:35.800000Z</time>
        <extensions>
          <gpxtpx:TrackPointExtension>
            <gpxtpx:hr>172</gpxtpx:hr>
          </gpxtpx:TrackPointExtension>
        </extensions>
      </trkpt>
      <trkpt lat="31.244633651035663" lon="121.61716604579422">
        <ele>4.011941781267524</ele>
        <time>1970-01-01T00:11:36.800000Z</time>
        <extensions>
          <gpxtpx:TrackPointExtension>
            <gpxtpx:hr>172</gpxtpx:hr>
          </gpxtpx:TrackPointExtension>
        </extensions>
      </trkpt>
      <trkpt lat="31.24465811851523" lon="121.61716404843622">
        <ele>4.013717125169933</ele>
        <time>1970-01-01T00:11:37.800000Z</time>
        <extensions>
          <gpxtpx:TrackPointExtension>
            <gpxtpx:hr>172</gpxtpx:hr>
          </gpxtpx:TrackPointExtension>
        </extensions>
      </trkpt>
      <trkpt lat="31.244681705998467" lon="121.6171625650355">
        <ele>4.0211609322577715</ele>
        <time>1970-01-01T00:11:38.800000Z</time>
        <extensions>
          <gpxtpx:TrackPointExtension>
            <gpxtpx:hr>172</gpxtpx:hr>
          </gpxtpx:TrackPointExtension>
        </extensions>
      </trkpt>
      <trkpt lat="31.244704354927638" lon="121.61716122415727">
        <ele>4.034184494055808</ele>
        <time>1970-01-01T00:11:39.800000Z</time>
        <extensions>
          <gpxtpx:TrackPointExtension>
            <gpxtpx:hr>172</gpxtpx:hr>
          </gpxtpx:TrackPointExtension>
        </extensions>
      </trkpt>
      <trkpt lat="31.24472626880361" lon="121.6171598711267">
        <ele>4.053023583255708</ele>
        <time>1970-01-01T00:11:40.800000Z</time>
        <extensions>
          <gpxtpx:TrackPointExtension>
            <gpxtpx:hr>172</gpxtpx:hr>
          </gpxtpx:TrackPointExtension>
        </extensions>
      </trkpt>
      <trkpt lat="31.24474766850685" lon="121.61715815487975">
        <ele>4.07700459100306</ele>
        <time>1970-01-01T00:11:41.800000Z</time>
        <extensions>
          <gpxtpx:TrackPointExtension>
            <gpxtpx:hr>172</gpxtpx:hr>
          </gpxtpx:TrackPointExtension>
        </extensions>
      </trkpt>
      <trkpt lat="31.244769269067227" lon="121.61715571425616">
        <ele>4.10372222494334</ele>
        <time>1970-01-01T00:11:42.800000Z</time>
        <extensions>
          <gpxtpx:TrackPointExtension>
            <gpxtpx:hr>172</gpxtpx:hr>
          </gpxtpx:TrackPointExtension>
        </extensions>
      </trkpt>
      <trkpt lat="31.244791969364528" lon="121.61715238116665">
        <ele>4.1312126303091645</ele>
        <time>1970-01-01T00:11:43.800000Z</time>
        <extensions>
          <gpxtpx:TrackPointExtension>
            <gpxtpx:hr>172</gpxtpx:hr>
          </gpxtpx:TrackPointExtension>
        </extensions>
      </trkpt>
      <trkpt lat="31.24481563200729" lon="121.61714773341293">
        <ele>4.159254187718034</ele>
        <time>1970-01-01T00:11:44.800000Z</time>
        <extensions>
          <gpxtpx:TrackPointExtension>
            <gpxtpx:hr>173</gpxtpx:hr>
          </gpxtpx:TrackPointExtension>
        </extensions>
      </trkpt>
      <trkpt lat="31.244839390670506" lon="121.61714147537619">
        <ele>4.1885991133749485</ele>
        <time>1970-01-01T00:11:45.800000Z</time>
        <extensions>
          <gpxtpx:TrackPointExtension>
            <gpxtpx:hr>173</gpxtpx:hr>
          </gpxtpx:TrackPointExtension>
        </extensions>
      </trkpt>
      <trkpt lat="31.24486235693408" lon="121.61713306503816">
        <ele>4.220837438479066</ele>
        <time>1970-01-01T00:11:46.800000Z</time>
        <extensions>
          <gpxtpx:TrackPointExtension>
            <gpxtpx:hr>173</gpxtpx:hr>
          </gpxtpx:TrackPointExtension>
        </extensions>
      </trkpt>
      <trkpt lat="31.244883349656654" lon="121.6171211269921">
        <ele>4.257998890243471</ele>
        <time>1970-01-01T00:11:47.800000Z</time>
        <extensions>
          <gpxtpx:TrackPointExtension>
            <gpxtpx:hr>172</gpxtpx:hr>
          </gpxtpx:TrackPointExtension>
        </extensions>
      </trkpt>
      <trkpt lat="31.244901559397956" lon="121.61710476701776">
        <ele>4.301675316877663</ele>
        <time>1970-01-01T00:11:48.800000Z</time>
        <extensions>
          <gpxtpx:TrackPointExtension>
            <gpxtpx:hr>172</gpxtpx:hr>
          </gpxtpx:TrackPointExtension>
        </extensions>
      </trkpt>
      <trkpt lat="31.24491730063117" lon="121.617084529723">
        <ele>4.352831465192139</ele>
        <time>1970-01-01T00:11:49.900000Z</time>
        <extensions>
          <gpxtpx:TrackPointExtension>
            <gpxtpx:hr>172</gpxtpx:hr>
          </gpxtpx:TrackPointExtension>
        </extensions>
      </trkpt>
      <trkpt lat="31.244931328235065" lon="121.61706146784984">
        <ele>4.4118274403735995</ele>
        <time>1970-01-01T00:11:50.900000Z</time>
        <extensions>
          <gpxtpx:TrackPointExtension>
            <gpxtpx:hr>172</gpxtpx:hr>
          </gpxtpx:TrackPointExtension>
        </extensions>
      </trkpt>
      <trkpt lat="31.244944405970525" lon="121.61703658967947">
        <ele>4.478403984569013</ele>
        <time>1970-01-01T00:11:51.900000Z</time>
        <extensions>
          <gpxtpx:TrackPointExtension>
            <gpxtpx:hr>172</gpxtpx:hr>
          </gpxtpx:TrackPointExtension>
        </extensions>
      </trkpt>
      <trkpt lat="31.244957642957896" lon="121.61701129384262">
        <ele>4.551530945114791</ele>
        <time>1970-01-01T00:11:52.900000Z</time>
        <extensions>
          <gpxtpx:TrackPointExtension>
            <gpxtpx:hr>171</gpxtpx:hr>
          </gpxtpx:TrackPointExtension>
        </extensions>
      </trkpt>
      <trkpt lat="31.244971845192268" lon="121.61698706446886">
        <ele>4.629160420037806</ele>
        <time>1970-01-01T00:11:53.900000Z</time>
        <extensions>
          <gpxtpx:TrackPointExtension>
            <gpxtpx:hr>171</gpxtpx:hr>
          </gpxtpx:TrackPointExtension>
        </extensions>
      </trkpt>
      <trkpt lat="31.244987513770035" lon="121.61696481886595">
        <ele>4.708559684455395</ele>
        <time>1970-01-01T00:11:54.900000Z</time>
        <extensions>
          <gpxtpx:TrackPointExtension>
            <gpxtpx:hr>171</gpxtpx:hr>
          </gpxtpx:TrackPointExtension>
        </extensions>
      </trkpt>
      <trkpt lat="31.245005019721624" lon="121.61694487294315">
        <ele>4.78681739512831</ele>
        <time>1970-01-01T00:11:55.900000Z</time>
        <extensions>
          <gpxtpx:TrackPointExtension>
            <gpxtpx:hr>171</gpxtpx:hr>
          </gpxtpx:TrackPointExtension>
        </extensions>
      </trkpt>
      <trkpt lat="31.245024334653287" lon="121.61692770736458">
        <ele>4.861286285333335</ele>
        <time>1970-01-01T00:11:56.900000Z</time>
        <extensions>
          <gpxtpx:TrackPointExtension>
            <gpxtpx:hr>171</gpxtpx:hr>
          </gpxtpx:TrackPointExtension>
        </extensions>
      </trkpt>
      <trkpt lat="31.24504558315045" lon="121.61691427771106">
        <ele>4.929728946648538</ele>
        <time>1970-01-01T00:11:57.900000Z</time>
        <extensions>
          <gpxtpx:TrackPointExtension>
            <gpxtpx:hr>171</gpxtpx:hr>
          </gpxtpx:TrackPointExtension>
        </extensions>
      </trkpt>
      <trkpt lat="31.245068795475845" lon="121.61690481469961">
        <ele>4.990197482518852</ele>
        <time>1970-01-01T00:11:58.900000Z</time>
        <extensions>
          <gpxtpx:TrackPointExtension>
            <gpxtpx:hr>172</gpxtpx:hr>
          </gpxtpx:TrackPointExtension>
        </extensions>
      </trkpt>
      <trkpt lat="31.245093301916224" lon="121.61689823033822">
        <ele>5.0411823727190495</ele>
        <time>1970-01-01T00:11:59.900000Z</time>
        <extensions>
          <gpxtpx:TrackPointExtension>
            <gpxtpx:hr>172</gpxtpx:hr>
          </gpxtpx:TrackPointExtension>
        </extensions>
      </trkpt>
      <trkpt lat="31.245118258720808" lon="121.61689332163004">
        <ele>5.081603532657027</ele>
        <time>1970-01-01T00:12:00.900000Z</time>
        <extensions>
          <gpxtpx:TrackPointExtension>
            <gpxtpx:hr>172</gpxtpx:hr>
          </gpxtpx:TrackPointExtension>
        </extensions>
      </trkpt>
      <trkpt lat="31.245143234233364" lon="121.61688961892605">
        <ele>5.110882240347564</ele>
        <time>1970-01-01T00:12:01.900000Z</time>
        <extensions>
          <gpxtpx:TrackPointExtension>
            <gpxtpx:hr>172</gpxtpx:hr>
          </gpxtpx:TrackPointExtension>
        </extensions>
      </trkpt>
      <trkpt lat="31.245168194906682" lon="121.61688679114971">
        <ele>5.129378814250231</ele>
        <time>1970-01-01T00:12:02.900000Z</time>
        <extensions>
          <gpxtpx:TrackPointExtension>
            <gpxtpx:hr>172</gpxtpx:hr>
          </gpxtpx:TrackPointExtension>
        </extensions>
      </trkpt>
      <trkpt lat="31.245193076007094" lon="121.61688439959096">
        <ele>5.138470438309014</ele>
        <time>1970-01-01T00:12:03.900000Z</time>
        <extensions>
          <gpxtpx:TrackPointExtension>
            <gpxtpx:hr>172</gpxtpx:hr>
          </gpxtpx:TrackPointExtension>
        </extensions>
      </trkpt>
      <trkpt lat="31.24521768909426" lon="121.61688231631786">
        <ele>5.140205337665975</ele>
        <time>1970-01-01T00:12:04.900000Z</time>
        <extensions>
          <gpxtpx:TrackPointExtension>
            <gpxtpx:hr>172</gpxtpx:hr>
          </gpxtpx:TrackPointExtension>
        </extensions>
      </trkpt>
      <trkpt lat="31.2452419350147" lon="121.61688037120848">
        <ele>5.136357334442437</ele>
        <time>1970-01-01T00:12:05.900000Z</time>
        <extensions>
          <gpxtpx:TrackPointExtension>
            <gpxtpx:hr>171</gpxtpx:hr>
          </gpxtpx:TrackPointExtension>
        </extensions>
      </trkpt>
      <trkpt lat="31.245266086819306" lon="121.61687846498153">
        <ele>5.127754019573331</ele>
        <time>1970-01-01T00:12:06.900000Z</time>
        <extensions>
          <gpxtpx:TrackPointExtension>
            <gpxtpx:hr>171</gpxtpx:hr>
          </gpxtpx:TrackPointExtension>
        </extensions>
      </trkpt>
      <trkpt lat="31.24529076400721" lon="121.61687676655221">
        <ele>5.114640040323138</ele>
        <time>1970-01-01T00:12:07.900000Z</time>
        <extensions>
          <gpxtpx:TrackPointExtension>
            <gpxtpx:hr>171</gpxtpx:hr>
          </gpxtpx:TrackPointExtension>
        </extensions>
      </trkpt>
      <trkpt lat="31.245316226792255" lon="121.61687548662046">
        <ele>5.097506406717002</ele>
        <time>1970-01-01T00:12:08.900000Z</time>
        <extensions>
          <gpxtpx:TrackPointExtension>
            <gpxtpx:hr>171</gpxtpx:hr>
          </gpxtpx:TrackPointExtension>
        </extensions>
      </trkpt>
      <trkpt lat="31.245342158084313" lon="121.61687498505233">
        <ele>5.077858011238277</ele>
        <time>1970-01-01T00:12:09.900000Z</time>
        <extensions>
          <gpxtpx:TrackPointExtension>
            <gpxtpx:hr>171</gpxtpx:hr>
          </gpxtpx:TrackPointExtension>
        </extensions>
      </trkpt>
      <trkpt lat="31.24536812644172" lon="121.61687610036849">
        <ele>5.057223731651902</ele>
        <time>1970-01-01T00:12:10.900000Z</time>
        <extensions>
          <gpxtpx:TrackPointExtension>
            <gpxtpx:hr>171</gpxtpx:hr>
          </gpxtpx:TrackPointExtension>
        </extensions>
      </trkpt>
      <trkpt lat="31.245393797843594" lon="121.61687899439053">
        <ele>5.035829476080835</ele>
        <time>1970-01-01T00:12:11.900000Z</time>
        <extensions>
          <gpxtpx:TrackPointExtension>
            <gpxtpx:hr>171</gpxtpx:hr>
          </gpxtpx:TrackPointExtension>
        </extensions>
      </trkpt>
      <trkpt lat="31.245419038387332" lon="121.61688233089207">
        <ele>5.013097000308335</ele>
        <time>1970-01-01T00:12:12.900000Z</time>
        <extensions>
          <gpxtpx:TrackPointExtension>
            <gpxtpx:hr>171</gpxtpx:hr>
          </gpxtpx:TrackPointExtension>
        </extensions>
      </trkpt>
      <trkpt lat="31.24544403051008" lon="121.61688522184306">
        <ele>4.988853707909584</ele>
        <time>1970-01-01T00:12:13.900000Z</time>
        <extensions>
          <gpxtpx:TrackPointExtension>
            <gpxtpx:hr>171</gpxtpx:hr>
          </gpxtpx:TrackPointExtension>
        </extensions>
      </trkpt>
      <trkpt lat="31.245469090183406" lon="121.61688774179837">
        <ele>4.9642780823633075</ele>
        <time>1970-01-01T00:12:14.900000Z</time>
        <extensions>
          <gpxtpx:TrackPointExtension>
            <gpxtpx:hr>172</gpxtpx:hr>
          </gpxtpx:TrackPointExtension>
        </extensions>
      </trkpt>
      <trkpt lat="31.245494410606106" lon="121.61688976270399">
        <ele>4.9412334049120545</ele>
        <time>1970-01-01T00:12:15.900000Z</time>
        <extensions>
          <gpxtpx:TrackPointExtension>
            <gpxtpx:hr>172</gpxtpx:hr>
          </gpxtpx:TrackPointExtension>
        </extensions>
      </trkpt>
      <trkpt lat="31.24552014415168" lon="121.61689102222378">
        <ele>4.920673543587327</ele>
        <time>1970-01-01T00:12:16.900000Z</time>
        <extensions>
          <gpxtpx:TrackPointExtension>
            <gpxtpx:hr>172</gpxtpx:hr>
          </gpxtpx:TrackPointExtension>
        </extensions>
      </trkpt>
      <trkpt lat="31.245546134634488" lon="121.61689153632425">
        <ele>4.9024170441553</ele>
        <time>1970-01-01T00:12:17.900000Z</time>
        <extensions>
          <gpxtpx:TrackPointExtension>
            <gpxtpx:hr>172</gpxtpx:hr>
          </gpxtpx:TrackPointExtension>
        </extensions>
      </trkpt>
      <trkpt lat="31.245571806769377" lon="121.61689157434363">
        <ele>4.885846356861293</ele>
        <time>1970-01-01T00:12:18.900000Z</time>
        <extensions>
          <gpxtpx:TrackPointExtension>
            <gpxtpx:hr>172</gpxtpx:hr>
          </gpxtpx:TrackPointExtension>
        </extensions>
      </trkpt>
      <trkpt lat="31.245596936505137" lon="121.6168916519206">
        <ele>4.87068454362452</ele>
        <time>1970-01-01T00:12:19.900000Z</time>
        <extensions>
          <gpxtpx:TrackPointExtension>
            <gpxtpx:hr>172</gpxtpx:hr>
          </gpxtpx:TrackPointExtension>
        </extensions>
      </trkpt>
      <trkpt lat="31.245621729719385" lon="121.61689195979288">
        <ele>4.857281173579395</ele>
        <time>1970-01-01T00:12:20.900000Z</time>
        <extensions>
          <gpxtpx:TrackPointExtension>
            <gpxtpx:hr>172</gpxtpx:hr>
          </gpxtpx:TrackPointExtension>
        </extensions>
      </trkpt>
      <trkpt lat="31.24564645201524" lon="121.6168924626538">
        <ele>4.846119657158852</ele>
        <time>1970-01-01T00:12:21.900000Z</time>
        <extensions>
          <gpxtpx:TrackPointExtension>
            <gpxtpx:hr>172</gpxtpx:hr>
          </gpxtpx:TrackPointExtension>
        </extensions>
      </trkpt>
      <trkpt lat="31.245671423765994" lon="121.61689323139808">
        <ele>4.837604400701821</ele>
        <time>1970-01-01T00:12:22.900000Z</time>
        <extensions>
          <gpxtpx:TrackPointExtension>
            <gpxtpx:hr>172</gpxtpx:hr>
          </gpxtpx:TrackPointExtension>
        </extensions>
      </trkpt>
      <trkpt lat="31.245696746810488" lon="121.61689410874733">
        <ele>4.831069838255644</ele>
        <time>1970-01-01T00:12:23.900000Z</time>
        <extensions>
          <gpxtpx:TrackPointExtension>
            <gpxtpx:hr>172</gpxtpx:hr>
          </gpxtpx:TrackPointExtension>
        </extensions>
      </trkpt>
      <trkpt lat="31.245722168958803" lon="121.61689475669326">
        <ele>4.824670224450529</ele>
        <time>1970-01-01T00:12:24.900000Z</time>
        <extensions>
          <gpxtpx:TrackPointExtension>
            <gpxtpx:hr>172</gpxtpx:hr>
          </gpxtpx:TrackPointExtension>
        </extensions>
      </trkpt>
      <trkpt lat="31.245747414983164" lon="121.61689517103248">
        <ele>4.817274169996381</ele>
        <time>1970-01-01T00:12:26Z</time>
        <extensions>
          <gpxtpx:TrackPointExtension>
            <gpxtpx:hr>172</gpxtpx:hr>
          </gpxtpx:TrackPointExtension>
        </extensions>
      </trkpt>
      <trkpt lat="31.245772285168044" lon="121.61689540718281">
        <ele>4.809124367311597</ele>
        <time>1970-01-01T00:12:27Z</time>
        <extensions>
          <gpxtpx:TrackPointExtension>
            <gpxtpx:hr>172</gpxtpx:hr>
          </gpxtpx:TrackPointExtension>
        </extensions>
      </trkpt>
      <trkpt lat="31.245796537268436" lon="121.61689535542956">
        <ele>4.801770091056824</ele>
        <time>1970-01-01T00:12:28Z</time>
        <extensions>
          <gpxtpx:TrackPointExtension>
            <gpxtpx:hr>172</gpxtpx:hr>
          </gpxtpx:TrackPointExtension>
        </extensions>
      </trkpt>
      <trkpt lat="31.245820177966152" lon="121.61689538509864">
        <ele>4.7964037992060184</ele>
        <time>1970-01-01T00:12:29Z</time>
        <extensions>
          <gpxtpx:TrackPointExtension>
            <gpxtpx:hr>172</gpxtpx:hr>
          </gpxtpx:TrackPointExtension>
        </extensions>
      </trkpt>
      <trkpt lat="31.245843360628623" lon="121.61689607957908">
        <ele>4.792850812897086</ele>
        <time>1970-01-01T00:12:30Z</time>
        <extensions>
          <gpxtpx:TrackPointExtension>
            <gpxtpx:hr>172</gpxtpx:hr>
          </gpxtpx:TrackPointExtension>
        </extensions>
      </trkpt>
      <trkpt lat="31.245866408943485" lon="121.61689742157235">
        <ele>4.791065012104809</ele>
        <time>1970-01-01T00:12:31Z</time>
        <extensions>
          <gpxtpx:TrackPointExtension>
            <gpxtpx:hr>172</gpxtpx:hr>
          </gpxtpx:TrackPointExtension>
        </extensions>
      </trkpt>
      <trkpt lat="31.24588989085241" lon="121.61689882519403">
        <ele>4.791663053445518</ele>
        <time>1970-01-01T00:12:32Z</time>
        <extensions>
          <gpxtpx:TrackPointExtension>
            <gpxtpx:hr>172</gpxtpx:hr>
          </gpxtpx:TrackPointExtension>
        </extensions>
      </trkpt>
      <trkpt lat="31.245913942391468" lon="121.6169000705374">
        <ele>4.796057895757258</ele>
        <time>1970-01-01T00:12:33Z</time>
        <extensions>
          <gpxtpx:TrackPointExtension>
            <gpxtpx:hr>172</gpxtpx:hr>
          </gpxtpx:TrackPointExtension>
        </extensions>
      </trkpt>
      <trkpt lat="31.245938449587587" lon="121.61690131143511">
        <ele>4.805641937069595</ele>
        <time>1970-01-01T00:12:34Z</time>
        <extensions>
          <gpxtpx:TrackPointExtension>
            <gpxtpx:hr>171</gpxtpx:hr>
          </gpxtpx:TrackPointExtension>
        </extensions>
      </trkpt>
      <trkpt lat="31.24596339990686" lon="121.61690294740171">
        <ele>4.820166075602174</ele>
        <time>1970-01-01T00:12:35Z</time>
        <extensions>
          <gpxtpx:TrackPointExtension>
            <gpxtpx:hr>171</gpxtpx:hr>
          </gpxtpx:TrackPointExtension>
        </extensions>
      </trkpt>
      <trkpt lat="31.245988664482105" lon="121.61690523120917">
        <ele>4.837677173316479</ele>
        <time>1970-01-01T00:12:36Z</time>
        <extensions>
          <gpxtpx:TrackPointExtension>
            <gpxtpx:hr>171</gpxtpx:hr>
          </gpxtpx:TrackPointExtension>
        </extensions>
      </trkpt>
      <trkpt lat="31.246014191204626" lon="121.61690779801572">
        <ele>4.855710169300437</ele>
        <time>1970-01-01T00:12:37Z</time>
        <extensions>
          <gpxtpx:TrackPointExtension>
            <gpxtpx:hr>171</gpxtpx:hr>
          </gpxtpx:TrackPointExtension>
        </extensions>
      </trkpt>
      <trkpt lat="31.246040082169984" lon="121.6169102491367">
        <ele>4.872790292836726</ele>
        <time>1970-01-01T00:12:38Z</time>
        <extensions>
          <gpxtpx:TrackPointExtension>
            <gpxtpx:hr>171</gpxtpx:hr>
          </gpxtpx:TrackPointExtension>
        </extensions>
      </trkpt>
      <trkpt lat="31.246066217282955" lon="121.6169123778133">
        <ele>4.88884434197098</ele>
        <time>1970-01-01T00:12:39Z</time>
        <extensions>
          <gpxtpx:TrackPointExtension>
            <gpxtpx:hr>171</gpxtpx:hr>
          </gpxtpx:TrackPointExtension>
        </extensions>
      </trkpt>
      <trkpt lat="31.246092094020078" lon="121.6169143652067">
        <ele>4.904346255585551</ele>
        <time>1970-01-01T00:12:40Z</time>
        <extensions>
          <gpxtpx:TrackPointExtension>
            <gpxtpx:hr>171</gpxtpx:hr>
          </gpxtpx:TrackPointExtension>
        </extensions>
      </trkpt>
      <trkpt lat="31.246117634433265" lon="121.61691696008">
        <ele>4.920278086327016</ele>
        <time>1970-01-01T00:12:41Z</time>
        <extensions>
          <gpxtpx:TrackPointExtension>
            <gpxtpx:hr>171</gpxtpx:hr>
          </gpxtpx:TrackPointExtension>
        </extensions>
      </trkpt>
      <trkpt lat="31.246143287526966" lon="121.61692004170384">
        <ele>4.937663631513715</ele>
        <time>1970-01-01T00:12:42Z</time>
        <extensions>
          <gpxtpx:TrackPointExtension>
            <gpxtpx:hr>171</gpxtpx:hr>
          </gpxtpx:TrackPointExtension>
        </extensions>
      </trkpt>
      <trkpt lat="31.246169344478712" lon="121.61692266680018">
        <ele>4.956574399955571</ele>
        <time>1970-01-01T00:12:43Z</time>
        <extensions>
          <gpxtpx:TrackPointExtension>
            <gpxtpx:hr>171</gpxtpx:hr>
          </gpxtpx:TrackPointExtension>
        </extensions>
      </trkpt>
      <trkpt lat="31.24619600992138" lon="121.61692474800715">
        <ele>4.976603168994188</ele>
        <time>1970-01-01T00:12:44Z</time>
        <extensions>
          <gpxtpx:TrackPointExtension>
            <gpxtpx:hr>171</gpxtpx:hr>
          </gpxtpx:TrackPointExtension>
        </extensions>
      </trkpt>
      <trkpt lat="31.246223303814816" lon="121.61692655806058">
        <ele>4.997624036855996</ele>
        <time>1970-01-01T00:12:45Z</time>
        <extensions>
          <gpxtpx:TrackPointExtension>
            <gpxtpx:hr>171</gpxtpx:hr>
          </gpxtpx:TrackPointExtension>
        </extensions>
      </trkpt>
      <trkpt lat="31.24625092159771" lon="121.61692786812252">
        <ele>5.020243586972356</ele>
        <time>1970-01-01T00:12:46Z</time>
        <extensions>
          <gpxtpx:TrackPointExtension>
            <gpxtpx:hr>172</gpxtpx:hr>
          </gpxtpx:TrackPointExtension>
        </extensions>
      </trkpt>
      <trkpt lat="31.246278451928262" lon="121.61692889930437">
        <ele>5.044712289236486</ele>
        <time>1970-01-01T00:12:47Z</time>
        <extensions>
          <gpxtpx:TrackPointExtension>
            <gpxtpx:hr>172</gpxtpx:hr>
          </gpxtpx:TrackPointExtension>
        </extensions>
      </trkpt>
      <trkpt lat="31.246305715304278" lon="121.61693036447042">
        <ele>5.070037055760622</ele>
        <time>1970-01-01T00:12:48Z</time>
        <extensions>
          <gpxtpx:TrackPointExtension>
            <gpxtpx:hr>172</gpxtpx:hr>
          </gpxtpx:TrackPointExtension>
        </extensions>
      </trkpt>
      <trkpt lat="31.2463325587727" lon="121.61693265700512">
        <ele>5.094503613188863</ele>
        <time>1970-01-01T00:12:49Z</time>
        <extensions>
          <gpxtpx:TrackPointExtension>
            <gpxtpx:hr>172</gpxtpx:hr>
          </gpxtpx:TrackPointExtension>
        </extensions>
      </trkpt>
      <trkpt lat="31.246358959690447" lon="121.61693609547211">
        <ele>5.115749451331794</ele>
        <time>1970-01-01T00:12:50Z</time>
        <extensions>
          <gpxtpx:TrackPointExtension>
            <gpxtpx:hr>173</gpxtpx:hr>
          </gpxtpx:TrackPointExtension>
        </extensions>
      </trkpt>
      <trkpt lat="31.246385270895132" lon="121.61694001651209">
        <ele>5.132488653995097</ele>
        <time>1970-01-01T00:12:51Z</time>
        <extensions>
          <gpxtpx:TrackPointExtension>
            <gpxtpx:hr>173</gpxtpx:hr>
          </gpxtpx:TrackPointExtension>
        </extensions>
      </trkpt>
      <trkpt lat="31.246411638766862" lon="121.61694287950624">
        <ele>5.145948641002178</ele>
        <time>1970-01-01T00:12:52Z</time>
        <extensions>
          <gpxtpx:TrackPointExtension>
            <gpxtpx:hr>173</gpxtpx:hr>
          </gpxtpx:TrackPointExtension>
        </extensions>
      </trkpt>
      <trkpt lat="31.24643781362763" lon="121.61694458070791">
        <ele>5.158329668454826</ele>
        <time>1970-01-01T00:12:53Z</time>
        <extensions>
          <gpxtpx:TrackPointExtension>
            <gpxtpx:hr>173</gpxtpx:hr>
          </gpxtpx:TrackPointExtension>
        </extensions>
      </trkpt>
      <trkpt lat="31.246463705278764" lon="121.61694561563745">
        <ele>5.171648022718728</ele>
        <time>1970-01-01T00:12:54Z</time>
        <extensions>
          <gpxtpx:TrackPointExtension>
            <gpxtpx:hr>172</gpxtpx:hr>
          </gpxtpx:TrackPointExtension>
        </extensions>
      </trkpt>
      <trkpt lat="31.246489352989897" lon="121.61694583787586">
        <ele>5.186819514259696</ele>
        <time>1970-01-01T00:12:55Z</time>
        <extensions>
          <gpxtpx:TrackPointExtension>
            <gpxtpx:hr>172</gpxtpx:hr>
          </gpxtpx:TrackPointExtension>
        </extensions>
      </trkpt>
      <trkpt lat="31.246514712834994" lon="121.61694531025363">
        <ele>5.203103147447109</ele>
        <time>1970-01-01T00:12:56Z</time>
        <extensions>
          <gpxtpx:TrackPointExtension>
            <gpxtpx:hr>172</gpxtpx:hr>
          </gpxtpx:TrackPointExtension>
        </extensions>
      </trkpt>
      <trkpt lat="31.246539881015497" lon="121.61694425022063">
        <ele>5.2190734054893255</ele>
        <time>1970-01-01T00:12:57Z</time>
        <extensions>
          <gpxtpx:TrackPointExtension>
            <gpxtpx:hr>172</gpxtpx:hr>
          </gpxtpx:TrackPointExtension>
        </extensions>
      </trkpt>
      <trkpt lat="31.246565062047573" lon="121.61694256751497">
        <ele>5.23372161295265</ele>
        <time>1970-01-01T00:12:58Z</time>
        <extensions>
          <gpxtpx:TrackPointExtension>
            <gpxtpx:hr>172</gpxtpx:hr>
          </gpxtpx:TrackPointExtension>
        </extensions>
      </trkpt>
      <trkpt lat="31.246590533291858" lon="121.61694046836506">
        <ele>5.24774313904345</ele>
        <time>1970-01-01T00:12:59Z</time>
        <extensions>
          <gpxtpx:TrackPointExtension>
            <gpxtpx:hr>172</gpxtpx:hr>
          </gpxtpx:TrackPointExtension>
        </extensions>
      </trkpt>
      <trkpt lat="31.24661659848597" lon="121.61693841002122">
        <ele>5.262406686320901</ele>
        <time>1970-01-01T00:13:00Z</time>
        <extensions>
          <gpxtpx:TrackPointExtension>
            <gpxtpx:hr>172</gpxtpx:hr>
          </gpxtpx:TrackPointExtension>
        </extensions>
      </trkpt>
      <trkpt lat="31.24664318240388" lon="121.61693634163659">
        <ele>5.277942704036832</ele>
        <time>1970-01-01T00:13:01.100000Z</time>
        <extensions>
          <gpxtpx:TrackPointExtension>
            <gpxtpx:hr>172</gpxtpx:hr>
          </gpxtpx:TrackPointExtension>
        </extensions>
      </trkpt>
      <trkpt lat="31.246670070109374" lon="121.61693425292526">
        <ele>5.294237146154046</ele>
        <time>1970-01-01T00:13:02.100000Z</time>
        <extensions>
          <gpxtpx:TrackPointExtension>
            <gpxtpx:hr>172</gpxtpx:hr>
          </gpxtpx:TrackPointExtension>
        </extensions>
      </trkpt>
      <trkpt lat="31.24669707721663" lon="121.61693228234762">
        <ele>5.310943664982915</ele>
        <time>1970-01-01T00:13:03.100000Z</time>
        <extensions>
          <gpxtpx:TrackPointExtension>
            <gpxtpx:hr>172</gpxtpx:hr>
          </gpxtpx:TrackPointExtension>
        </extensions>
      </trkpt>
      <trkpt lat="31.246724011290322" lon="121.61693067407474">
        <ele>5.327500763349235</ele>
        <time>1970-01-01T00:13:04.100000Z</time>
        <extensions>
          <gpxtpx:TrackPointExtension>
            <gpxtpx:hr>172</gpxtpx:hr>
          </gpxtpx:TrackPointExtension>
        </extensions>
      </trkpt>
      <trkpt lat="31.24675077968891" lon="121.61692967354786">
        <ele>5.342864818871021</ele>
        <time>1970-01-01T00:13:05.100000Z</time>
        <extensions>
          <gpxtpx:TrackPointExtension>
            <gpxtpx:hr>172</gpxtpx:hr>
          </gpxtpx:TrackPointExtension>
        </extensions>
      </trkpt>
      <trkpt lat="31.246777532823646" lon="121.61692910850358">
        <ele>5.355476262047887</ele>
        <time>1970-01-01T00:13:06.100000Z</time>
        <extensions>
          <gpxtpx:TrackPointExtension>
            <gpxtpx:hr>172</gpxtpx:hr>
          </gpxtpx:TrackPointExtension>
        </extensions>
      </trkpt>
      <trkpt lat="31.246804501678103" lon="121.6169284481867">
        <ele>5.363827301189303</ele>
        <time>1970-01-01T00:13:07.100000Z</time>
        <extensions>
          <gpxtpx:TrackPointExtension>
            <gpxtpx:hr>172</gpxtpx:hr>
          </gpxtpx:TrackPointExtension>
        </extensions>
      </trkpt>
      <trkpt lat="31.24683189521957" lon="121.61692735999912">
        <ele>5.366276716813445</ele>
        <time>1970-01-01T00:13:08.100000Z</time>
        <extensions>
          <gpxtpx:TrackPointExtension>
            <gpxtpx:hr>172</gpxtpx:hr>
          </gpxtpx:TrackPointExtension>
        </extensions>
      </trkpt>
      <trkpt lat="31.24685967742701" lon="121.6169260543055">
        <ele>5.362028984352946</ele>
        <time>1970-01-01T00:13:09.100000Z</time>
        <extensions>
          <gpxtpx:TrackPointExtension>
            <gpxtpx:hr>172</gpxtpx:hr>
          </gpxtpx:TrackPointExtension>
        </extensions>
      </trkpt>
      <trkpt lat="31.246887408280294" lon="121.61692453250816">
        <ele>5.3521214965730906</ele>
        <time>1970-01-01T00:13:10.100000Z</time>
        <extensions>
          <gpxtpx:TrackPointExtension>
            <gpxtpx:hr>171</gpxtpx:hr>
          </gpxtpx:TrackPointExtension>
        </extensions>
      </trkpt>
      <trkpt lat="31.246914805346297" lon="121.616922839347">
        <ele>5.338439019396901</ele>
        <time>1970-01-01T00:13:11.100000Z</time>
        <extensions>
          <gpxtpx:TrackPointExtension>
            <gpxtpx:hr>171</gpxtpx:hr>
          </gpxtpx:TrackPointExtension>
        </extensions>
      </trkpt>
      <trkpt lat="31.24694199557134" lon="121.61692125465899">
        <ele>5.323355379514396</ele>
        <time>1970-01-01T00:13:12.100000Z</time>
        <extensions>
          <gpxtpx:TrackPointExtension>
            <gpxtpx:hr>171</gpxtpx:hr>
          </gpxtpx:TrackPointExtension>
        </extensions>
      </trkpt>
      <trkpt lat="31.24696913068602" lon="121.61691940431893">
        <ele>5.308650579303503</ele>
        <time>1970-01-01T00:13:13.100000Z</time>
        <extensions>
          <gpxtpx:TrackPointExtension>
            <gpxtpx:hr>171</gpxtpx:hr>
          </gpxtpx:TrackPointExtension>
        </extensions>
      </trkpt>
      <trkpt lat="31.2469962303289" lon="121.6169168905728">
        <ele>5.294668225571513</ele>
        <time>1970-01-01T00:13:14.100000Z</time>
        <extensions>
          <gpxtpx:TrackPointExtension>
            <gpxtpx:hr>171</gpxtpx:hr>
          </gpxtpx:TrackPointExtension>
        </extensions>
      </trkpt>
      <trkpt lat="31.247023360355833" lon="121.61691361433017">
        <ele>5.281596152111888</ele>
        <time>1970-01-01T00:13:15.100000Z</time>
        <extensions>
          <gpxtpx:TrackPointExtension>
            <gpxtpx:hr>171</gpxtpx:hr>
          </gpxtpx:TrackPointExtension>
        </extensions>
      </trkpt>
      <trkpt lat="31.247050291798182" lon="121.61690917864087">
        <ele>5.270147821865976</ele>
        <time>1970-01-01T00:13:16.100000Z</time>
        <extensions>
          <gpxtpx:TrackPointExtension>
            <gpxtpx:hr>171</gpxtpx:hr>
          </gpxtpx:TrackPointExtension>
        </extensions>
      </trkpt>
      <trkpt lat="31.247076680323232" lon="121.61690337178524">
        <ele>5.262195892632008</ele>
        <time>1970-01-01T00:13:17.100000Z</time>
        <extensions>
          <gpxtpx:TrackPointExtension>
            <gpxtpx:hr>171</gpxtpx:hr>
          </gpxtpx:TrackPointExtension>
        </extensions>
      </trkpt>
      <trkpt lat="31.247102377688954" lon="121.616895983268">
        <ele>5.260250155813992</ele>
        <time>1970-01-01T00:13:18.100000Z</time>
        <extensions>
          <gpxtpx:TrackPointExtension>
            <gpxtpx:hr>171</gpxtpx:hr>
          </gpxtpx:TrackPointExtension>
        </extensions>
      </trkpt>
      <trkpt lat="31.24712761151165" lon="121.61688682209682">
        <ele>5.2661463133990765</ele>
        <time>1970-01-01T00:13:19.100000Z</time>
        <extensions>
          <gpxtpx:TrackPointExtension>
            <gpxtpx:hr>171</gpxtpx:hr>
          </gpxtpx:TrackPointExtension>
        </extensions>
      </trkpt>
      <trkpt lat="31.247152637665106" lon="121.6168759759673">
        <ele>5.280756151303649</ele>
        <time>1970-01-01T00:13:20.100000Z</time>
        <extensions>
          <gpxtpx:TrackPointExtension>
            <gpxtpx:hr>172</gpxtpx:hr>
          </gpxtpx:TrackPointExtension>
        </extensions>
      </trkpt>
      <trkpt lat="31.24717735224822" lon="121.6168631518613">
        <ele>5.304077110253274</ele>
        <time>1970-01-01T00:13:21.100000Z</time>
        <extensions>
          <gpxtpx:TrackPointExtension>
            <gpxtpx:hr>172</gpxtpx:hr>
          </gpxtpx:TrackPointExtension>
        </extensions>
      </trkpt>
      <trkpt lat="31.247201818507328" lon="121.61684844443887">
        <ele>5.33567007817328</ele>
        <time>1970-01-01T00:13:22.100000Z</time>
        <extensions>
          <gpxtpx:TrackPointExtension>
            <gpxtpx:hr>172</gpxtpx:hr>
          </gpxtpx:TrackPointExtension>
        </extensions>
      </trkpt>
      <trkpt lat="31.247225973419127" lon="121.61683259095093">
        <ele>5.374581362120807</ele>
        <time>1970-01-01T00:13:23.100000Z</time>
        <extensions>
          <gpxtpx:TrackPointExtension>
            <gpxtpx:hr>172</gpxtpx:hr>
          </gpxtpx:TrackPointExtension>
        </extensions>
      </trkpt>
      <trkpt lat="31.24725011218384" lon="121.61681669698142">
        <ele>5.41919254232198</ele>
        <time>1970-01-01T00:13:24.100000Z</time>
        <extensions>
          <gpxtpx:TrackPointExtension>
            <gpxtpx:hr>172</gpxtpx:hr>
          </gpxtpx:TrackPointExtension>
        </extensions>
      </trkpt>
      <trkpt lat="31.247274534444255" lon="121.61680204356112">
        <ele>5.468051511794329</ele>
        <time>1970-01-01T00:13:25.100000Z</time>
        <extensions>
          <gpxtpx:TrackPointExtension>
            <gpxtpx:hr>172</gpxtpx:hr>
          </gpxtpx:TrackPointExtension>
        </extensions>
      </trkpt>
      <trkpt lat="31.24729927177251" lon="121.61678958006034">
        <ele>5.520029010251164</ele>
        <time>1970-01-01T00:13:26.100000Z</time>
        <extensions>
          <gpxtpx:TrackPointExtension>
            <gpxtpx:hr>172</gpxtpx:hr>
          </gpxtpx:TrackPointExtension>
        </extensions>
      </trkpt>
      <trkpt lat="31.24732433357474" lon="121.61677921439895">
        <ele>5.573768920265138</ele>
        <time>1970-01-01T00:13:27.100000Z</time>
        <extensions>
          <gpxtpx:TrackPointExtension>
            <gpxtpx:hr>172</gpxtpx:hr>
          </gpxtpx:TrackPointExtension>
        </extensions>
      </trkpt>
      <trkpt lat="31.24734954545716" lon="121.61677011609714">
        <ele>5.627622213214636</ele>
        <time>1970-01-01T00:13:28.100000Z</time>
        <extensions>
          <gpxtpx:TrackPointExtension>
            <gpxtpx:hr>172</gpxtpx:hr>
          </gpxtpx:TrackPointExtension>
        </extensions>
      </trkpt>
      <trkpt lat="31.247374664379546" lon="121.6167621016801">
        <ele>5.6796417543664575</ele>
        <time>1970-01-01T00:13:29.100000Z</time>
        <extensions>
          <gpxtpx:TrackPointExtension>
            <gpxtpx:hr>172</gpxtpx:hr>
          </gpxtpx:TrackPointExtension>
        </extensions>
      </trkpt>
      <trkpt lat="31.24739990616682" lon="121.61675597876079">
        <ele>5.727719887159765</ele>
        <time>1970-01-01T00:13:30.100000Z</time>
        <extensions>
          <gpxtpx:TrackPointExtension>
            <gpxtpx:hr>171</gpxtpx:hr>
          </gpxtpx:TrackPointExtension>
        </extensions>
      </trkpt>
      <trkpt lat="31.247424968440313" lon="121.61675174313592">
        <ele>5.770347323268652</ele>
        <time>1970-01-01T00:13:31.100000Z</time>
        <extensions>
          <gpxtpx:TrackPointExtension>
            <gpxtpx:hr>171</gpxtpx:hr>
          </gpxtpx:TrackPointExtension>
        </extensions>
      </trkpt>
      <trkpt lat="31.24744961175012" lon="121.61675031893556">
        <ele>5.806923872791231</ele>
        <time>1970-01-01T00:13:32.100000Z</time>
        <extensions>
          <gpxtpx:TrackPointExtension>
            <gpxtpx:hr>171</gpxtpx:hr>
          </gpxtpx:TrackPointExtension>
        </extensions>
      </trkpt>
      <trkpt lat="31.247473743845664" lon="121.61675276786197">
        <ele>5.837649774737656</ele>
        <time>1970-01-01T00:13:33.100000Z</time>
        <extensions>
          <gpxtpx:TrackPointExtension>
            <gpxtpx:hr>171</gpxtpx:hr>
          </gpxtpx:TrackPointExtension>
        </extensions>
      </trkpt>
      <trkpt lat="31.24749720835005" lon="121.61675843889435">
        <ele>5.8629895290359855</ele>
        <time>1970-01-01T00:13:34.100000Z</time>
        <extensions>
          <gpxtpx:TrackPointExtension>
            <gpxtpx:hr>171</gpxtpx:hr>
          </gpxtpx:TrackPointExtension>
        </extensions>
      </trkpt>
      <trkpt lat="31.247520201718814" lon="121.61676627462616">
        <ele>5.88338512647897</ele>
        <time>1970-01-01T00:13:35.100000Z</time>
        <extensions>
          <gpxtpx:TrackPointExtension>
            <gpxtpx:hr>171</gpxtpx:hr>
          </gpxtpx:TrackPointExtension>
        </extensions>
      </trkpt>
      <trkpt lat="31.247543280043867" lon="121.61677497411874">
        <ele>5.899532277137041</ele>
        <time>1970-01-01T00:13:36.100000Z</time>
        <extensions>
          <gpxtpx:TrackPointExtension>
            <gpxtpx:hr>171</gpxtpx:hr>
          </gpxtpx:TrackPointExtension>
        </extensions>
      </trkpt>
      <trkpt lat="31.247566956045862" lon="121.61678314556062">
        <ele>5.9121960969641805</ele>
        <time>1970-01-01T00:13:37.200000Z</time>
        <extensions>
          <gpxtpx:TrackPointExtension>
            <gpxtpx:hr>171</gpxtpx:hr>
          </gpxtpx:TrackPointExtension>
        </extensions>
      </trkpt>
      <trkpt lat="31.247591331381763" lon="121.61678984682135">
        <ele>5.921992065384984</ele>
        <time>1970-01-01T00:13:38.200000Z</time>
        <extensions>
          <gpxtpx:TrackPointExtension>
            <gpxtpx:hr>171</gpxtpx:hr>
          </gpxtpx:TrackPointExtension>
        </extensions>
      </trkpt>
      <trkpt lat="31.24761611136729" lon="121.61679447998223">
        <ele>5.929209001362324</ele>
        <time>1970-01-01T00:13:39.200000Z</time>
        <extensions>
          <gpxtpx:TrackPointExtension>
            <gpxtpx:hr>171</gpxtpx:hr>
          </gpxtpx:TrackPointExtension>
        </extensions>
      </trkpt>
      <trkpt lat="31.247641009342455" lon="121.61679652807454">
        <ele>5.933697072789073</ele>
        <time>1970-01-01T00:13:40.200000Z</time>
        <extensions>
          <gpxtpx:TrackPointExtension>
            <gpxtpx:hr>171</gpxtpx:hr>
          </gpxtpx:TrackPointExtension>
        </extensions>
      </trkpt>
      <trkpt lat="31.247665707927773" lon="121.61679569549278">
        <ele>5.93548774626106</ele>
        <time>1970-01-01T00:13:41.200000Z</time>
        <extensions>
          <gpxtpx:TrackPointExtension>
            <gpxtpx:hr>171</gpxtpx:hr>
          </gpxtpx:TrackPointExtension>
        </extensions>
      </trkpt>
      <trkpt lat="31.24768987741285" lon="121.61679218666183">
        <ele>5.934966252185404</ele>
        <time>1970-01-01T00:13:42.200000Z</time>
        <extensions>
          <gpxtpx:TrackPointExtension>
            <gpxtpx:hr>171</gpxtpx:hr>
          </gpxtpx:TrackPointExtension>
        </extensions>
      </trkpt>
      <trkpt lat="31.24771338095196" lon="121.61678612783658">
        <ele>5.9326984183862805</ele>
        <time>1970-01-01T00:13:43.200000Z</time>
        <extensions>
          <gpxtpx:TrackPointExtension>
            <gpxtpx:hr>171</gpxtpx:hr>
          </gpxtpx:TrackPointExtension>
        </extensions>
      </trkpt>
      <trkpt lat="31.247736199036964" lon="121.61677828327038">
        <ele>5.929658493958414</ele>
        <time>1970-01-01T00:13:44.200000Z</time>
        <extensions>
          <gpxtpx:TrackPointExtension>
            <gpxtpx:hr>171</gpxtpx:hr>
          </gpxtpx:TrackPointExtension>
        </extensions>
      </trkpt>
      <trkpt lat="31.247758320187547" lon="121.61676993394279">
        <ele>5.926668991334736</ele>
        <time>1970-01-01T00:13:45.200000Z</time>
        <extensions>
          <gpxtpx:TrackPointExtension>
            <gpxtpx:hr>171</gpxtpx:hr>
          </gpxtpx:TrackPointExtension>
        </extensions>
      </trkpt>
      <trkpt lat="31.24778024768454" lon="121.61676182916314">
        <ele>5.924505441449583</ele>
        <time>1970-01-01T00:13:46.200000Z</time>
        <extensions>
          <gpxtpx:TrackPointExtension>
            <gpxtpx:hr>171</gpxtpx:hr>
          </gpxtpx:TrackPointExtension>
        </extensions>
      </trkpt>
      <trkpt lat="31.247802864211334" lon="121.61675443810749">
        <ele>5.92463156208396</ele>
        <time>1970-01-01T00:13:47.200000Z</time>
        <extensions>
          <gpxtpx:TrackPointExtension>
            <gpxtpx:hr>171</gpxtpx:hr>
          </gpxtpx:TrackPointExtension>
        </extensions>
      </trkpt>
      <trkpt lat="31.247826538601913" lon="121.61674744020921">
        <ele>5.928585077635944</ele>
        <time>1970-01-01T00:13:48.200000Z</time>
        <extensions>
          <gpxtpx:TrackPointExtension>
            <gpxtpx:hr>171</gpxtpx:hr>
          </gpxtpx:TrackPointExtension>
        </extensions>
      </trkpt>
      <trkpt lat="31.24785121644113" lon="121.61674057525545">
        <ele>5.93729006126523</ele>
        <time>1970-01-01T00:13:49.200000Z</time>
        <extensions>
          <gpxtpx:TrackPointExtension>
            <gpxtpx:hr>171</gpxtpx:hr>
          </gpxtpx:TrackPointExtension>
        </extensions>
      </trkpt>
      <trkpt lat="31.247876530046696" lon="121.61673415700315">
        <ele>5.951119196601212</ele>
        <time>1970-01-01T00:13:50.200000Z</time>
        <extensions>
          <gpxtpx:TrackPointExtension>
            <gpxtpx:hr>171</gpxtpx:hr>
          </gpxtpx:TrackPointExtension>
        </extensions>
      </trkpt>
      <trkpt lat="31.247902009627907" lon="121.6167284377396">
        <ele>5.970183511264622</ele>
        <time>1970-01-01T00:13:51.200000Z</time>
        <extensions>
          <gpxtpx:TrackPointExtension>
            <gpxtpx:hr>171</gpxtpx:hr>
          </gpxtpx:TrackPointExtension>
        </extensions>
      </trkpt>
      <trkpt lat="31.247927455382456" lon="121.61672311579117">
        <ele>5.9940059231594205</ele>
        <time>1970-01-01T00:13:52.200000Z</time>
        <extensions>
          <gpxtpx:TrackPointExtension>
            <gpxtpx:hr>171</gpxtpx:hr>
          </gpxtpx:TrackPointExtension>
        </extensions>
      </trkpt>
      <trkpt lat="31.247952773739907" lon="121.61671787803117">
        <ele>6.021506952121854</ele>
        <time>1970-01-01T00:13:53.200000Z</time>
        <extensions>
          <gpxtpx:TrackPointExtension>
            <gpxtpx:hr>171</gpxtpx:hr>
          </gpxtpx:TrackPointExtension>
        </extensions>
      </trkpt>
      <trkpt lat="31.247977800450904" lon="121.61671282340129">
        <ele>6.051623463630676</ele>
        <time>1970-01-01T00:13:54.200000Z</time>
        <extensions>
          <gpxtpx:TrackPointExtension>
            <gpxtpx:hr>171</gpxtpx:hr>
          </gpxtpx:TrackPointExtension>
        </extensions>
      </trkpt>
      <trkpt lat="31.24800245615981" lon="121.61670767169565">
        <ele>6.083294696174562</ele>
        <time>1970-01-01T00:13:55.200000Z</time>
        <extensions>
          <gpxtpx:TrackPointExtension>
            <gpxtpx:hr>173</gpxtpx:hr>
          </gpxtpx:TrackPointExtension>
        </extensions>
      </trkpt>
      <trkpt lat="31.248026890100128" lon="121.61670226081644">
        <ele>6.11547664180398</ele>
        <time>1970-01-01T00:13:56.200000Z</time>
        <extensions>
          <gpxtpx:TrackPointExtension>
            <gpxtpx:hr>173</gpxtpx:hr>
          </gpxtpx:TrackPointExtension>
        </extensions>
      </trkpt>
      <trkpt lat="31.24805138874091" lon="121.61669677952682">
        <ele>6.147312898188829</ele>
        <time>1970-01-01T00:13:57.200000Z</time>
        <extensions>
          <gpxtpx:TrackPointExtension>
            <gpxtpx:hr>173</gpxtpx:hr>
          </gpxtpx:TrackPointExtension>
        </extensions>
      </trkpt>
      <trkpt lat="31.24807612012623" lon="121.61669124493719">
        <ele>6.178133745677769</ele>
        <time>1970-01-01T00:13:58.200000Z</time>
        <extensions>
          <gpxtpx:TrackPointExtension>
            <gpxtpx:hr>173</gpxtpx:hr>
          </gpxtpx:TrackPointExtension>
        </extensions>
      </trkpt>
      <trkpt lat="31.248100961223937" lon="121.61668548391013">
        <ele>6.207607910037041</ele>
        <time>1970-01-01T00:13:59.200000Z</time>
        <extensions>
          <gpxtpx:TrackPointExtension>
            <gpxtpx:hr>173</gpxtpx:hr>
          </gpxtpx:TrackPointExtension>
        </extensions>
      </trkpt>
      <trkpt lat="31.248125600208365" lon="121.61667991248515">
        <ele>6.2352625615894794</ele>
        <time>1970-01-01T00:14:00.200000Z</time>
        <extensions>
          <gpxtpx:TrackPointExtension>
            <gpxtpx:hr>173</gpxtpx:hr>
          </gpxtpx:TrackPointExtension>
        </extensions>
      </trkpt>
      <trkpt lat="31.24814988336147" lon="121.6166747811871">
        <ele>6.260397396981716</ele>
        <time>1970-01-01T00:14:01.200000Z</time>
        <extensions>
          <gpxtpx:TrackPointExtension>
            <gpxtpx:hr>173</gpxtpx:hr>
          </gpxtpx:TrackPointExtension>
        </extensions>
      </trkpt>
      <trkpt lat="31.2481739257316" lon="121.61666969340519">
        <ele>6.282925434410572</ele>
        <time>1970-01-01T00:14:02.200000Z</time>
        <extensions>
          <gpxtpx:TrackPointExtension>
            <gpxtpx:hr>173</gpxtpx:hr>
          </gpxtpx:TrackPointExtension>
        </extensions>
      </trkpt>
      <trkpt lat="31.248197650973903" lon="121.61666392438441">
        <ele>6.303511661477387</ele>
        <time>1970-01-01T00:14:03.200000Z</time>
        <extensions>
          <gpxtpx:TrackPointExtension>
            <gpxtpx:hr>173</gpxtpx:hr>
          </gpxtpx:TrackPointExtension>
        </extensions>
      </trkpt>
      <trkpt lat="31.248220714089058" lon="121.6166564016023">
        <ele>6.322990390472114</ele>
        <time>1970-01-01T00:14:04.200000Z</time>
        <extensions>
          <gpxtpx:TrackPointExtension>
            <gpxtpx:hr>173</gpxtpx:hr>
          </gpxtpx:TrackPointExtension>
        </extensions>
      </trkpt>
      <trkpt lat="31.248242600183236" lon="121.61664628089395">
        <ele>6.341433358378708</ele>
        <time>1970-01-01T00:14:05.200000Z</time>
        <extensions>
          <gpxtpx:TrackPointExtension>
            <gpxtpx:hr>173</gpxtpx:hr>
          </gpxtpx:TrackPointExtension>
        </extensions>
      </trkpt>
      <trkpt lat="31.248262627706204" lon="121.616632999004">
        <ele>6.357624544762075</ele>
        <time>1970-01-01T00:14:06.200000Z</time>
        <extensions>
          <gpxtpx:TrackPointExtension>
            <gpxtpx:hr>173</gpxtpx:hr>
          </gpxtpx:TrackPointExtension>
        </extensions>
      </trkpt>
      <trkpt lat="31.24828061957292" lon="121.61661691226682">
        <ele>6.369897553697228</ele>
        <time>1970-01-01T00:14:07.200000Z</time>
        <extensions>
          <gpxtpx:TrackPointExtension>
            <gpxtpx:hr>173</gpxtpx:hr>
          </gpxtpx:TrackPointExtension>
        </extensions>
      </trkpt>
      <trkpt lat="31.248298116245625" lon="121.61660018377954">
        <ele>6.377064702101052</ele>
        <time>1970-01-01T00:14:08.200000Z</time>
        <extensions>
          <gpxtpx:TrackPointExtension>
            <gpxtpx:hr>173</gpxtpx:hr>
          </gpxtpx:TrackPointExtension>
        </extensions>
      </trkpt>
      <trkpt lat="31.248316227227058" lon="121.6165842133497">
        <ele>6.378665948286653</ele>
        <time>1970-01-01T00:14:09.200000Z</time>
        <extensions>
          <gpxtpx:TrackPointExtension>
            <gpxtpx:hr>172</gpxtpx:hr>
          </gpxtpx:TrackPointExtension>
        </extensions>
      </trkpt>
      <trkpt lat="31.248334305973305" lon="121.61656816671592">
        <ele>6.374381301924586</ele>
        <time>1970-01-01T00:14:10.200000Z</time>
        <extensions>
          <gpxtpx:TrackPointExtension>
            <gpxtpx:hr>172</gpxtpx:hr>
          </gpxtpx:TrackPointExtension>
        </extensions>
      </trkpt>
      <trkpt lat="31.24835326189283" lon="121.61655302816891">
        <ele>6.363548306748271</ele>
        <time>1970-01-01T00:14:11.200000Z</time>
        <extensions>
          <gpxtpx:TrackPointExtension>
            <gpxtpx:hr>172</gpxtpx:hr>
          </gpxtpx:TrackPointExtension>
        </extensions>
      </trkpt>
      <trkpt lat="31.248374025989495" lon="121.61654018375987">
        <ele>6.345418510958552</ele>
        <time>1970-01-01T00:14:12.200000Z</time>
        <extensions>
          <gpxtpx:TrackPointExtension>
            <gpxtpx:hr>172</gpxtpx:hr>
          </gpxtpx:TrackPointExtension>
        </extensions>
      </trkpt>
      <trkpt lat="31.248395885704564" lon="121.61652884000529">
        <ele>6.319185928441584</ele>
        <time>1970-01-01T00:14:13.300000Z</time>
        <extensions>
          <gpxtpx:TrackPointExtension>
            <gpxtpx:hr>172</gpxtpx:hr>
          </gpxtpx:TrackPointExtension>
        </extensions>
      </trkpt>
      <trkpt lat="31.248418430336528" lon="121.61651831038486">
        <ele>6.2843327075243</ele>
        <time>1970-01-01T00:14:14.300000Z</time>
        <extensions>
          <gpxtpx:TrackPointExtension>
            <gpxtpx:hr>172</gpxtpx:hr>
          </gpxtpx:TrackPointExtension>
        </extensions>
      </trkpt>
      <trkpt lat="31.24844149789622" lon="121.61650845423118">
        <ele>6.241036142222583</ele>
        <time>1970-01-01T00:14:15.300000Z</time>
        <extensions>
          <gpxtpx:TrackPointExtension>
            <gpxtpx:hr>172</gpxtpx:hr>
          </gpxtpx:TrackPointExtension>
        </extensions>
      </trkpt>
      <trkpt lat="31.24846497092275" lon="121.61649887187264">
        <ele>6.189506844617426</ele>
        <time>1970-01-01T00:14:16.300000Z</time>
        <extensions>
          <gpxtpx:TrackPointExtension>
            <gpxtpx:hr>170</gpxtpx:hr>
          </gpxtpx:TrackPointExtension>
        </extensions>
      </trkpt>
      <trkpt lat="31.248488609456935" lon="121.6164889743929">
        <ele>6.129998445510864</ele>
        <time>1970-01-01T00:14:17.300000Z</time>
        <extensions>
          <gpxtpx:TrackPointExtension>
            <gpxtpx:hr>170</gpxtpx:hr>
          </gpxtpx:TrackPointExtension>
        </extensions>
      </trkpt>
      <trkpt lat="31.248512013993516" lon="121.6164786919669">
        <ele>6.0641005747020245</ele>
        <time>1970-01-01T00:14:18.300000Z</time>
        <extensions>
          <gpxtpx:TrackPointExtension>
            <gpxtpx:hr>170</gpxtpx:hr>
          </gpxtpx:TrackPointExtension>
        </extensions>
      </trkpt>
      <trkpt lat="31.248534781619274" lon="121.6164675314458">
        <ele>5.995388110168278</ele>
        <time>1970-01-01T00:14:19.300000Z</time>
        <extensions>
          <gpxtpx:TrackPointExtension>
            <gpxtpx:hr>170</gpxtpx:hr>
          </gpxtpx:TrackPointExtension>
        </extensions>
      </trkpt>
      <trkpt lat="31.248554306055656" lon="121.61645585979673">
        <ele>5.935071907006204</ele>
        <time>1970-01-01T00:14:20.200000Z</time>
        <extensions>
          <gpxtpx:TrackPointExtension>
            <gpxtpx:hr>170</gpxtpx:hr>
          </gpxtpx:TrackPointExtension>
        </extensions>
      </trkpt>
      <trkpt lat="31.248575229335948" lon="121.6164433225645">
        <ele>5.87645068205893</ele>
        <time>1970-01-01T00:14:21.200000Z</time>
        <extensions>
          <gpxtpx:TrackPointExtension>
            <gpxtpx:hr>170</gpxtpx:hr>
          </gpxtpx:TrackPointExtension>
        </extensions>
      </trkpt>
      <trkpt lat="31.24859632413147" lon="121.61643249075794">
        <ele>5.829319051466882</ele>
        <time>1970-01-01T00:14:22.200000Z</time>
        <extensions>
          <gpxtpx:TrackPointExtension>
            <gpxtpx:hr>170</gpxtpx:hr>
          </gpxtpx:TrackPointExtension>
        </extensions>
      </trkpt>
      <trkpt lat="31.248616853397884" lon="121.61642101686189">
        <ele>5.794073191471398</ele>
        <time>1970-01-01T00:14:23.200000Z</time>
        <extensions>
          <gpxtpx:TrackPointExtension>
            <gpxtpx:hr>170</gpxtpx:hr>
          </gpxtpx:TrackPointExtension>
        </extensions>
      </trkpt>
      <trkpt lat="31.248637216075505" lon="121.61640909403675">
        <ele>5.769297197461128</ele>
        <time>1970-01-01T00:14:24.200000Z</time>
        <extensions>
          <gpxtpx:TrackPointExtension>
            <gpxtpx:hr>170</gpxtpx:hr>
          </gpxtpx:TrackPointExtension>
        </extensions>
      </trkpt>
      <trkpt lat="31.248658399888026" lon="121.6163985690217">
        <ele>5.752922778017819</ele>
        <time>1970-01-01T00:14:25.200000Z</time>
        <extensions>
          <gpxtpx:TrackPointExtension>
            <gpxtpx:hr>170</gpxtpx:hr>
          </gpxtpx:TrackPointExtension>
        </extensions>
      </trkpt>
      <trkpt lat="31.24868041612487" lon="121.61638885598846">
        <ele>5.743144718930125</ele>
        <time>1970-01-01T00:14:26.200000Z</time>
        <extensions>
          <gpxtpx:TrackPointExtension>
            <gpxtpx:hr>170</gpxtpx:hr>
          </gpxtpx:TrackPointExtension>
        </extensions>
      </trkpt>
      <trkpt lat="31.248703022306593" lon="121.61637930677729">
        <ele>5.738960470072925</ele>
        <time>1970-01-01T00:14:27.200000Z</time>
        <extensions>
          <gpxtpx:TrackPointExtension>
            <gpxtpx:hr>170</gpxtpx:hr>
          </gpxtpx:TrackPointExtension>
        </extensions>
      </trkpt>
      <trkpt lat="31.248725971931336" lon="121.61636980821493">
        <ele>5.740436102263629</ele>
        <time>1970-01-01T00:14:28.200000Z</time>
        <extensions>
          <gpxtpx:TrackPointExtension>
            <gpxtpx:hr>170</gpxtpx:hr>
          </gpxtpx:TrackPointExtension>
        </extensions>
      </trkpt>
      <trkpt lat="31.248749096097118" lon="121.61636027046815">
        <ele>5.748742557130754</ele>
        <time>1970-01-01T00:14:29.200000Z</time>
        <extensions>
          <gpxtpx:TrackPointExtension>
            <gpxtpx:hr>170</gpxtpx:hr>
          </gpxtpx:TrackPointExtension>
        </extensions>
      </trkpt>
      <trkpt lat="31.24877247038794" lon="121.61635125661338">
        <ele>5.765895729884505</ele>
        <time>1970-01-01T00:14:30.200000Z</time>
        <extensions>
          <gpxtpx:TrackPointExtension>
            <gpxtpx:hr>170</gpxtpx:hr>
          </gpxtpx:TrackPointExtension>
        </extensions>
      </trkpt>
      <trkpt lat="31.24879612527642" lon="121.61634320721133">
        <ele>5.794298556633294</ele>
        <time>1970-01-01T00:14:31.200000Z</time>
        <extensions>
          <gpxtpx:TrackPointExtension>
            <gpxtpx:hr>171</gpxtpx:hr>
          </gpxtpx:TrackPointExtension>
        </extensions>
      </trkpt>
      <trkpt lat="31.248820179021273" lon="121.61633578204479">
        <ele>5.836143462918699</ele>
        <time>1970-01-01T00:14:32.200000Z</time>
        <extensions>
          <gpxtpx:TrackPointExtension>
            <gpxtpx:hr>171</gpxtpx:hr>
          </gpxtpx:TrackPointExtension>
        </extensions>
      </trkpt>
      <trkpt lat="31.2488448789388" lon="121.61632847918234">
        <ele>5.892590660601854</ele>
        <time>1970-01-01T00:14:33.200000Z</time>
        <extensions>
          <gpxtpx:TrackPointExtension>
            <gpxtpx:hr>171</gpxtpx:hr>
          </gpxtpx:TrackPointExtension>
        </extensions>
      </trkpt>
      <trkpt lat="31.24886998302598" lon="121.61632107337363">
        <ele>5.962632406502962</ele>
        <time>1970-01-01T00:14:34.200000Z</time>
        <extensions>
          <gpxtpx:TrackPointExtension>
            <gpxtpx:hr>171</gpxtpx:hr>
          </gpxtpx:TrackPointExtension>
        </extensions>
      </trkpt>
      <trkpt lat="31.24889854603056" lon="121.61631244608188">
        <ele>6.052432801574469</ele>
        <time>1970-01-01T00:14:35.300000Z</time>
        <extensions>
          <gpxtpx:TrackPointExtension>
            <gpxtpx:hr>171</gpxtpx:hr>
          </gpxtpx:TrackPointExtension>
        </extensions>
      </trkpt>
      <trkpt lat="31.248923806327443" lon="121.61630454620983">
        <ele>6.131931918673217</ele>
        <time>1970-01-01T00:14:36.300000Z</time>
        <extensions>
          <gpxtpx:TrackPointExtension>
            <gpxtpx:hr>171</gpxtpx:hr>
          </gpxtpx:TrackPointExtension>
        </extensions>
      </trkpt>
      <trkpt lat="31.248949192763604" lon="121.61629629048296">
        <ele>6.203629520721734</ele>
        <time>1970-01-01T00:14:37.300000Z</time>
        <extensions>
          <gpxtpx:TrackPointExtension>
            <gpxtpx:hr>170</gpxtpx:hr>
          </gpxtpx:TrackPointExtension>
        </extensions>
      </trkpt>
      <trkpt lat="31.248974644326033" lon="121.61628751250666">
        <ele>6.263577054254711</ele>
        <time>1970-01-01T00:14:38.300000Z</time>
        <extensions>
          <gpxtpx:TrackPointExtension>
            <gpxtpx:hr>170</gpxtpx:hr>
          </gpxtpx:TrackPointExtension>
        </extensions>
      </trkpt>
      <trkpt lat="31.248999919779877" lon="121.61627839541086">
        <ele>6.30904879886657</ele>
        <time>1970-01-01T00:14:39.300000Z</time>
        <extensions>
          <gpxtpx:TrackPointExtension>
            <gpxtpx:hr>170</gpxtpx:hr>
          </gpxtpx:TrackPointExtension>
        </extensions>
      </trkpt>
      <trkpt lat="31.249024773967527" lon="121.61626929331743">
        <ele>6.3378194170072675</ele>
        <time>1970-01-01T00:14:40.300000Z</time>
        <extensions>
          <gpxtpx:TrackPointExtension>
            <gpxtpx:hr>170</gpxtpx:hr>
          </gpxtpx:TrackPointExtension>
        </extensions>
      </trkpt>
      <trkpt lat="31.249049173183522" lon="121.61626006056599">
        <ele>6.349007008597255</ele>
        <time>1970-01-01T00:14:41.300000Z</time>
        <extensions>
          <gpxtpx:TrackPointExtension>
            <gpxtpx:hr>170</gpxtpx:hr>
          </gpxtpx:TrackPointExtension>
        </extensions>
      </trkpt>
      <trkpt lat="31.249073155515465" lon="121.61625056981111">
        <ele>6.343123611062765</ele>
        <time>1970-01-01T00:14:42.300000Z</time>
        <extensions>
          <gpxtpx:TrackPointExtension>
            <gpxtpx:hr>170</gpxtpx:hr>
          </gpxtpx:TrackPointExtension>
        </extensions>
      </trkpt>
      <trkpt lat="31.24909644989409" lon="121.6162408547319">
        <ele>6.321858544833958</ele>
        <time>1970-01-01T00:14:43.300000Z</time>
        <extensions>
          <gpxtpx:TrackPointExtension>
            <gpxtpx:hr>171</gpxtpx:hr>
          </gpxtpx:TrackPointExtension>
        </extensions>
      </trkpt>
      <trkpt lat="31.249118708770663" lon="121.61623051978538">
        <ele>6.2876779129728675</ele>
        <time>1970-01-01T00:14:44.300000Z</time>
        <extensions>
          <gpxtpx:TrackPointExtension>
            <gpxtpx:hr>171</gpxtpx:hr>
          </gpxtpx:TrackPointExtension>
        </extensions>
      </trkpt>
      <trkpt lat="31.249139394525855" lon="121.61621880206647">
        <ele>6.244050459004939</ele>
        <time>1970-01-01T00:14:45.300000Z</time>
        <extensions>
          <gpxtpx:TrackPointExtension>
            <gpxtpx:hr>171</gpxtpx:hr>
          </gpxtpx:TrackPointExtension>
        </extensions>
      </trkpt>
      <trkpt lat="31.249154779219353" lon="121.61620764849044">
        <ele>6.204305700957775</ele>
        <time>1970-01-01T00:14:46.200000Z</time>
        <extensions>
          <gpxtpx:TrackPointExtension>
            <gpxtpx:hr>171</gpxtpx:hr>
          </gpxtpx:TrackPointExtension>
        </extensions>
      </trkpt>
      <trkpt lat="31.24917461924458" lon="121.61619304194144">
        <ele>6.150092377327383</ele>
        <time>1970-01-01T00:14:47.300000Z</time>
        <extensions>
          <gpxtpx:TrackPointExtension>
            <gpxtpx:hr>171</gpxtpx:hr>
          </gpxtpx:TrackPointExtension>
        </extensions>
      </trkpt>
      <trkpt lat="31.249191003626045" lon="121.61618339716065">
        <ele>6.1065992442891</ele>
        <time>1970-01-01T00:14:48.300000Z</time>
        <extensions>
          <gpxtpx:TrackPointExtension>
            <gpxtpx:hr>171</gpxtpx:hr>
          </gpxtpx:TrackPointExtension>
        </extensions>
      </trkpt>
      <trkpt lat="31.24920648948945" lon="121.61617586463124">
        <ele>6.066174836829305</ele>
        <time>1970-01-01T00:14:49.400000Z</time>
        <extensions>
          <gpxtpx:TrackPointExtension>
            <gpxtpx:hr>168</gpxtpx:hr>
          </gpxtpx:TrackPointExtension>
        </extensions>
      </trkpt>
      <trkpt lat="31.249221192893845" lon="121.61616966570337">
        <ele>6.028986589983106</ele>
        <time>1970-01-01T00:14:50.400000Z</time>
        <extensions>
          <gpxtpx:TrackPointExtension>
            <gpxtpx:hr>168</gpxtpx:hr>
          </gpxtpx:TrackPointExtension>
        </extensions>
      </trkpt>
      <trkpt lat="31.24923527918147" lon="121.61616380960349">
        <ele>5.994604831561446</ele>
        <time>1970-01-01T00:14:51.400000Z</time>
        <extensions>
          <gpxtpx:TrackPointExtension>
            <gpxtpx:hr>168</gpxtpx:hr>
          </gpxtpx:TrackPointExtension>
        </extensions>
      </trkpt>
      <trkpt lat="31.249248534146513" lon="121.61615755751893">
        <ele>5.962216168642044</ele>
        <time>1970-01-01T00:14:52.400000Z</time>
        <extensions>
          <gpxtpx:TrackPointExtension>
            <gpxtpx:hr>168</gpxtpx:hr>
          </gpxtpx:TrackPointExtension>
        </extensions>
      </trkpt>
      <trkpt lat="31.24926063022971" lon="121.61615110270826">
        <ele>5.931069880723953</ele>
        <time>1970-01-01T00:14:53.400000Z</time>
        <extensions>
          <gpxtpx:TrackPointExtension>
            <gpxtpx:hr>168</gpxtpx:hr>
          </gpxtpx:TrackPointExtension>
        </extensions>
      </trkpt>
      <trkpt lat="31.249271282170152" lon="121.61614512950162">
        <ele>5.900749718770385</ele>
        <time>1970-01-01T00:14:54.400000Z</time>
        <extensions>
          <gpxtpx:TrackPointExtension>
            <gpxtpx:hr>168</gpxtpx:hr>
          </gpxtpx:TrackPointExtension>
        </extensions>
      </trkpt>
      <trkpt lat="31.24928013690778" lon="121.61613999610928">
        <ele>5.871083756908774</ele>
        <time>1970-01-01T00:14:55.400000Z</time>
        <extensions>
          <gpxtpx:TrackPointExtension>
            <gpxtpx:hr>168</gpxtpx:hr>
          </gpxtpx:TrackPointExtension>
        </extensions>
      </trkpt>
      <trkpt lat="31.249286827870286" lon="121.6161358277397">
        <ele>5.842187486588955</ele>
        <time>1970-01-01T00:14:56.400000Z</time>
        <extensions>
          <gpxtpx:TrackPointExtension>
            <gpxtpx:hr>163</gpxtpx:hr>
          </gpxtpx:TrackPointExtension>
        </extensions>
      </trkpt>
      <trkpt lat="31.249291179362544" lon="121.61613242983654">
        <ele>5.8143069399520755</ele>
        <time>1970-01-01T00:14:57.400000Z</time>
        <extensions>
          <gpxtpx:TrackPointExtension>
            <gpxtpx:hr>163</gpxtpx:hr>
          </gpxtpx:TrackPointExtension>
        </extensions>
      </trkpt>
      <trkpt lat="31.249294002994198" lon="121.61612904434072">
        <ele>5.787664988078177</ele>
        <time>1970-01-01T00:14:58.400000Z</time>
        <extensions>
          <gpxtpx:TrackPointExtension>
            <gpxtpx:hr>163</gpxtpx:hr>
          </gpxtpx:TrackPointExtension>
        </extensions>
      </trkpt>
      <trkpt lat="31.249296365414402" lon="121.616125004445">
        <ele>5.762621536850929</ele>
        <time>1970-01-01T00:14:59.400000Z</time>
        <extensions>
          <gpxtpx:TrackPointExtension>
            <gpxtpx:hr>163</gpxtpx:hr>
          </gpxtpx:TrackPointExtension>
        </extensions>
      </trkpt>
      <trkpt lat="31.24929866860604" lon="121.61612006041936">
        <ele>5.739777617156506</ele>
        <time>1970-01-01T00:15:00.400000Z</time>
        <extensions>
          <gpxtpx:TrackPointExtension>
            <gpxtpx:hr>163</gpxtpx:hr>
          </gpxtpx:TrackPointExtension>
        </extensions>
      </trkpt>
      <trkpt lat="31.249301208209975" lon="121.61611459976268">
        <ele>5.719725858420134</ele>
        <time>1970-01-01T00:15:01.400000Z</time>
        <extensions>
          <gpxtpx:TrackPointExtension>
            <gpxtpx:hr>163</gpxtpx:hr>
          </gpxtpx:TrackPointExtension>
        </extensions>
      </trkpt>
      <trkpt lat="31.24930430009707" lon="121.61610952493712">
        <ele>5.702898507937789</ele>
        <time>1970-01-01T00:15:02.400000Z</time>
        <extensions>
          <gpxtpx:TrackPointExtension>
            <gpxtpx:hr>163</gpxtpx:hr>
          </gpxtpx:TrackPointExtension>
        </extensions>
      </trkpt>
      <trkpt lat="31.249308357251984" lon="121.61610564138735">
        <ele>5.6895177168771625</ele>
        <time>1970-01-01T00:15:03.400000Z</time>
        <extensions>
          <gpxtpx:TrackPointExtension>
            <gpxtpx:hr>163</gpxtpx:hr>
          </gpxtpx:TrackPointExtension>
        </extensions>
      </trkpt>
      <trkpt lat="31.249313097542693" lon="121.61610230070043">
        <ele>5.6795039949938655</ele>
        <time>1970-01-01T00:15:04.400000Z</time>
        <extensions>
          <gpxtpx:TrackPointExtension>
            <gpxtpx:hr>163</gpxtpx:hr>
          </gpxtpx:TrackPointExtension>
        </extensions>
      </trkpt>
      <trkpt lat="31.249317722873784" lon="121.61609784366397">
        <ele>5.67251983191818</ele>
        <time>1970-01-01T00:15:05.400000Z</time>
        <extensions>
          <gpxtpx:TrackPointExtension>
            <gpxtpx:hr>157</gpxtpx:hr>
          </gpxtpx:TrackPointExtension>
        </extensions>
      </trkpt>
      <trkpt lat="31.249322026048837" lon="121.61609167647684">
        <ele>5.667913598939776</ele>
        <time>1970-01-01T00:15:06.400000Z</time>
        <extensions>
          <gpxtpx:TrackPointExtension>
            <gpxtpx:hr>157</gpxtpx:hr>
          </gpxtpx:TrackPointExtension>
        </extensions>
      </trkpt>
      <trkpt lat="31.24932631558508" lon="121.61608405767309">
        <ele>5.6648849211633205</ele>
        <time>1970-01-01T00:15:07.400000Z</time>
        <extensions>
          <gpxtpx:TrackPointExtension>
            <gpxtpx:hr>157</gpxtpx:hr>
          </gpxtpx:TrackPointExtension>
        </extensions>
      </trkpt>
      <trkpt lat="31.249330843928735" lon="121.61607513254596">
        <ele>5.662885616533458</ele>
        <time>1970-01-01T00:15:08.400000Z</time>
        <extensions>
          <gpxtpx:TrackPointExtension>
            <gpxtpx:hr>157</gpxtpx:hr>
          </gpxtpx:TrackPointExtension>
        </extensions>
      </trkpt>
      <trkpt lat="31.249335593531942" lon="121.61606476142472">
        <ele>5.661659090779722</ele>
        <time>1970-01-01T00:15:09.400000Z</time>
        <extensions>
          <gpxtpx:TrackPointExtension>
            <gpxtpx:hr>157</gpxtpx:hr>
          </gpxtpx:TrackPointExtension>
        </extensions>
      </trkpt>
      <trkpt lat="31.249340523978386" lon="121.61605293870828">
        <ele>5.6612070156261325</ele>
        <time>1970-01-01T00:15:10.400000Z</time>
        <extensions>
          <gpxtpx:TrackPointExtension>
            <gpxtpx:hr>156</gpxtpx:hr>
          </gpxtpx:TrackPointExtension>
        </extensions>
      </trkpt>
      <trkpt lat="31.249345554197536" lon="121.61604006200064">
        <ele>5.661647390574217</ele>
        <time>1970-01-01T00:15:11.400000Z</time>
        <extensions>
          <gpxtpx:TrackPointExtension>
            <gpxtpx:hr>156</gpxtpx:hr>
          </gpxtpx:TrackPointExtension>
        </extensions>
      </trkpt>
      <trkpt lat="31.24935068643908" lon="121.61602691456808">
        <ele>5.662986216135323</ele>
        <time>1970-01-01T00:15:12.400000Z</time>
        <extensions>
          <gpxtpx:TrackPointExtension>
            <gpxtpx:hr>156</gpxtpx:hr>
          </gpxtpx:TrackPointExtension>
        </extensions>
      </trkpt>
      <trkpt lat="31.249356400351182" lon="121.61601471122341">
        <ele>5.665303280577064</ele>
        <time>1970-01-01T00:15:13.400000Z</time>
        <extensions>
          <gpxtpx:TrackPointExtension>
            <gpxtpx:hr>156</gpxtpx:hr>
          </gpxtpx:TrackPointExtension>
        </extensions>
      </trkpt>
      <trkpt lat="31.249363858215357" lon="121.61600505738554">
        <ele>5.668741472996771</ele>
        <time>1970-01-01T00:15:14.400000Z</time>
        <extensions>
          <gpxtpx:TrackPointExtension>
            <gpxtpx:hr>152</gpxtpx:hr>
          </gpxtpx:TrackPointExtension>
        </extensions>
      </trkpt>
      <trkpt lat="31.249373993395345" lon="121.61599968228258">
        <ele>5.673391213640571</ele>
        <time>1970-01-01T00:15:15.400000Z</time>
        <extensions>
          <gpxtpx:TrackPointExtension>
            <gpxtpx:hr>152</gpxtpx:hr>
          </gpxtpx:TrackPointExtension>
        </extensions>
      </trkpt>
      <trkpt lat="31.249386215972084" lon="121.61599912118166">
        <ele>5.679412432014942</ele>
        <time>1970-01-01T00:15:16.400000Z</time>
        <extensions>
          <gpxtpx:TrackPointExtension>
            <gpxtpx:hr>152</gpxtpx:hr>
          </gpxtpx:TrackPointExtension>
        </extensions>
      </trkpt>
      <trkpt lat="31.24939961636846" lon="121.61600224043083">
        <ele>5.686799778603017</ele>
        <time>1970-01-01T00:15:17.400000Z</time>
        <extensions>
          <gpxtpx:TrackPointExtension>
            <gpxtpx:hr>152</gpxtpx:hr>
          </gpxtpx:TrackPointExtension>
        </extensions>
      </trkpt>
      <trkpt lat="31.24941429179211" lon="121.61600780606197">
        <ele>5.695516873151064</ele>
        <time>1970-01-01T00:15:18.400000Z</time>
        <extensions>
          <gpxtpx:TrackPointExtension>
            <gpxtpx:hr>152</gpxtpx:hr>
          </gpxtpx:TrackPointExtension>
        </extensions>
      </trkpt>
      <trkpt lat="31.249430365100793" lon="121.61601458877189">
        <ele>5.705355443991721</ele>
        <time>1970-01-01T00:15:19.400000Z</time>
        <extensions>
          <gpxtpx:TrackPointExtension>
            <gpxtpx:hr>152</gpxtpx:hr>
          </gpxtpx:TrackPointExtension>
        </extensions>
      </trkpt>
      <trkpt lat="31.24944822824288" lon="121.61602147839056">
        <ele>5.715847611427307</ele>
        <time>1970-01-01T00:15:20.400000Z</time>
        <extensions>
          <gpxtpx:TrackPointExtension>
            <gpxtpx:hr>151</gpxtpx:hr>
          </gpxtpx:TrackPointExtension>
        </extensions>
      </trkpt>
      <trkpt lat="31.249468036005332" lon="121.61602754358756">
        <ele>5.726582421921194</ele>
        <time>1970-01-01T00:15:21.400000Z</time>
        <extensions>
          <gpxtpx:TrackPointExtension>
            <gpxtpx:hr>151</gpxtpx:hr>
          </gpxtpx:TrackPointExtension>
        </extensions>
      </trkpt>
      <trkpt lat="31.24949039321958" lon="121.61603221628637">
        <ele>5.736758276820183</ele>
        <time>1970-01-01T00:15:22.400000Z</time>
        <extensions>
          <gpxtpx:TrackPointExtension>
            <gpxtpx:hr>151</gpxtpx:hr>
          </gpxtpx:TrackPointExtension>
        </extensions>
      </trkpt>
      <trkpt lat="31.2495159808645" lon="121.61603538731576">
        <ele>5.745433353818953</ele>
        <time>1970-01-01T00:15:23.400000Z</time>
        <extensions>
          <gpxtpx:TrackPointExtension>
            <gpxtpx:hr>151</gpxtpx:hr>
          </gpxtpx:TrackPointExtension>
        </extensions>
      </trkpt>
      <trkpt lat="31.249543687295585" lon="121.61603692254494">
        <ele>5.752586916089058</ele>
        <time>1970-01-01T00:15:24.400000Z</time>
        <extensions>
          <gpxtpx:TrackPointExtension>
            <gpxtpx:hr>151</gpxtpx:hr>
          </gpxtpx:TrackPointExtension>
        </extensions>
      </trkpt>
      <trkpt lat="31.24957221054598" lon="121.61603706830219">
        <ele>5.758757215924561</ele>
        <time>1970-01-01T00:15:25.500000Z</time>
        <extensions>
          <gpxtpx:TrackPointExtension>
            <gpxtpx:hr>152</gpxtpx:hr>
          </gpxtpx:TrackPointExtension>
        </extensions>
      </trkpt>
      <trkpt lat="31.249600960207932" lon="121.6160363093154">
        <ele>5.764532896690071</ele>
        <time>1970-01-01T00:15:26.500000Z</time>
        <extensions>
          <gpxtpx:TrackPointExtension>
            <gpxtpx:hr>152</gpxtpx:hr>
          </gpxtpx:TrackPointExtension>
        </extensions>
      </trkpt>
      <trkpt lat="31.249629642287616" lon="121.61603540923086">
        <ele>5.7701919144019485</ele>
        <time>1970-01-01T00:15:27.500000Z</time>
        <extensions>
          <gpxtpx:TrackPointExtension>
            <gpxtpx:hr>152</gpxtpx:hr>
          </gpxtpx:TrackPointExtension>
        </extensions>
      </trkpt>
      <trkpt lat="31.24965803518993" lon="121.61603474612535">
        <ele>5.77538494952023</ele>
        <time>1970-01-01T00:15:28.500000Z</time>
        <extensions>
          <gpxtpx:TrackPointExtension>
            <gpxtpx:hr>152</gpxtpx:hr>
          </gpxtpx:TrackPointExtension>
        </extensions>
      </trkpt>
      <trkpt lat="31.249685991186926" lon="121.61603387387726">
        <ele>5.779665878973901</ele>
        <time>1970-01-01T00:15:29.500000Z</time>
        <extensions>
          <gpxtpx:TrackPointExtension>
            <gpxtpx:hr>152</gpxtpx:hr>
          </gpxtpx:TrackPointExtension>
        </extensions>
      </trkpt>
      <trkpt lat="31.249713155779727" lon="121.61603311834497">
        <ele>5.782959665171802</ele>
        <time>1970-01-01T00:15:30.500000Z</time>
        <extensions>
          <gpxtpx:TrackPointExtension>
            <gpxtpx:hr>154</gpxtpx:hr>
          </gpxtpx:TrackPointExtension>
        </extensions>
      </trkpt>
      <trkpt lat="31.24973915537535" lon="121.61603298150673">
        <ele>5.785949353128672</ele>
        <time>1970-01-01T00:15:31.500000Z</time>
        <extensions>
          <gpxtpx:TrackPointExtension>
            <gpxtpx:hr>154</gpxtpx:hr>
          </gpxtpx:TrackPointExtension>
        </extensions>
      </trkpt>
      <trkpt lat="31.249764218992116" lon="121.61603304620812">
        <ele>5.789648803882301</ele>
        <time>1970-01-01T00:15:32.500000Z</time>
        <extensions>
          <gpxtpx:TrackPointExtension>
            <gpxtpx:hr>154</gpxtpx:hr>
          </gpxtpx:TrackPointExtension>
        </extensions>
      </trkpt>
      <trkpt lat="31.249789085531326" lon="121.61603280354608">
        <ele>5.794580825604498</ele>
        <time>1970-01-01T00:15:33.500000Z</time>
        <extensions>
          <gpxtpx:TrackPointExtension>
            <gpxtpx:hr>154</gpxtpx:hr>
          </gpxtpx:TrackPointExtension>
        </extensions>
      </trkpt>
      <trkpt lat="31.249814317594097" lon="121.61603179193413">
        <ele>5.800889541395009</ele>
        <time>1970-01-01T00:15:34.500000Z</time>
        <extensions>
          <gpxtpx:TrackPointExtension>
            <gpxtpx:hr>154</gpxtpx:hr>
          </gpxtpx:TrackPointExtension>
        </extensions>
      </trkpt>
      <trkpt lat="31.249840124539347" lon="121.61602980989572">
        <ele>5.808649068698287</ele>
        <time>1970-01-01T00:15:35.500000Z</time>
        <extensions>
          <gpxtpx:TrackPointExtension>
            <gpxtpx:hr>157</gpxtpx:hr>
          </gpxtpx:TrackPointExtension>
        </extensions>
      </trkpt>
      <trkpt lat="31.249866334231832" lon="121.61602650620166">
        <ele>5.818423932418227</ele>
        <time>1970-01-01T00:15:36.500000Z</time>
        <extensions>
          <gpxtpx:TrackPointExtension>
            <gpxtpx:hr>157</gpxtpx:hr>
          </gpxtpx:TrackPointExtension>
        </extensions>
      </trkpt>
      <trkpt lat="31.249892305437285" lon="121.61602176339439">
        <ele>5.83111357036978</ele>
        <time>1970-01-01T00:15:37.500000Z</time>
        <extensions>
          <gpxtpx:TrackPointExtension>
            <gpxtpx:hr>157</gpxtpx:hr>
          </gpxtpx:TrackPointExtension>
        </extensions>
      </trkpt>
      <trkpt lat="31.249917559737664" lon="121.6160162756998">
        <ele>5.847550677135587</ele>
        <time>1970-01-01T00:15:38.500000Z</time>
        <extensions>
          <gpxtpx:TrackPointExtension>
            <gpxtpx:hr>157</gpxtpx:hr>
          </gpxtpx:TrackPointExtension>
        </extensions>
      </trkpt>
      <trkpt lat="31.24994222007495" lon="121.61601080904482">
        <ele>5.8683775663375854</ele>
        <time>1970-01-01T00:15:39.500000Z</time>
        <extensions>
          <gpxtpx:TrackPointExtension>
            <gpxtpx:hr>159</gpxtpx:hr>
          </gpxtpx:TrackPointExtension>
        </extensions>
      </trkpt>
      <trkpt lat="31.249966764378783" lon="121.61600588615282">
        <ele>5.893616744317114</ele>
        <time>1970-01-01T00:15:40.500000Z</time>
        <extensions>
          <gpxtpx:TrackPointExtension>
            <gpxtpx:hr>159</gpxtpx:hr>
          </gpxtpx:TrackPointExtension>
        </extensions>
      </trkpt>
      <trkpt lat="31.249991806366594" lon="121.61600190882541">
        <ele>5.9226294523105025</ele>
        <time>1970-01-01T00:15:41.500000Z</time>
        <extensions>
          <gpxtpx:TrackPointExtension>
            <gpxtpx:hr>159</gpxtpx:hr>
          </gpxtpx:TrackPointExtension>
        </extensions>
      </trkpt>
      <trkpt lat="31.250017257563503" lon="121.61599869111508">
        <ele>5.954881677404046</ele>
        <time>1970-01-01T00:15:42.500000Z</time>
        <extensions>
          <gpxtpx:TrackPointExtension>
            <gpxtpx:hr>159</gpxtpx:hr>
          </gpxtpx:TrackPointExtension>
        </extensions>
      </trkpt>
      <trkpt lat="31.25004256748918" lon="121.61599505974884">
        <ele>5.9900257689878345</ele>
        <time>1970-01-01T00:15:43.500000Z</time>
        <extensions>
          <gpxtpx:TrackPointExtension>
            <gpxtpx:hr>160</gpxtpx:hr>
          </gpxtpx:TrackPointExtension>
        </extensions>
      </trkpt>
      <trkpt lat="31.25006826861906" lon="121.61599011443062">
        <ele>6.027525926940143</ele>
        <time>1970-01-01T00:15:44.500000Z</time>
        <extensions>
          <gpxtpx:TrackPointExtension>
            <gpxtpx:hr>160</gpxtpx:hr>
          </gpxtpx:TrackPointExtension>
        </extensions>
      </trkpt>
      <trkpt lat="31.25009499262369" lon="121.61598398608747">
        <ele>6.066358330659568</ele>
        <time>1970-01-01T00:15:45.500000Z</time>
        <extensions>
          <gpxtpx:TrackPointExtension>
            <gpxtpx:hr>160</gpxtpx:hr>
          </gpxtpx:TrackPointExtension>
        </extensions>
      </trkpt>
      <trkpt lat="31.25012232904855" lon="121.61597689956642">
        <ele>6.105153267271817</ele>
        <time>1970-01-01T00:15:46.500000Z</time>
        <extensions>
          <gpxtpx:TrackPointExtension>
            <gpxtpx:hr>160</gpxtpx:hr>
          </gpxtpx:TrackPointExtension>
        </extensions>
      </trkpt>
      <trkpt lat="31.250149903581118" lon="121.61596904672597">
        <ele>6.142512310296297</ele>
        <time>1970-01-01T00:15:47.500000Z</time>
        <extensions>
          <gpxtpx:TrackPointExtension>
            <gpxtpx:hr>160</gpxtpx:hr>
          </gpxtpx:TrackPointExtension>
        </extensions>
      </trkpt>
      <trkpt lat="31.250177466761407" lon="121.61596064602675">
        <ele>6.177040689624846</ele>
        <time>1970-01-01T00:15:48.500000Z</time>
        <extensions>
          <gpxtpx:TrackPointExtension>
            <gpxtpx:hr>160</gpxtpx:hr>
          </gpxtpx:TrackPointExtension>
        </extensions>
      </trkpt>
      <trkpt lat="31.250204806437008" lon="121.61595154840239">
        <ele>6.207424804568291</ele>
        <time>1970-01-01T00:15:49.500000Z</time>
        <extensions>
          <gpxtpx:TrackPointExtension>
            <gpxtpx:hr>160</gpxtpx:hr>
          </gpxtpx:TrackPointExtension>
        </extensions>
      </trkpt>
      <trkpt lat="31.250232036910152" lon="121.61594186790272">
        <ele>6.232398035004735</ele>
        <time>1970-01-01T00:15:50.500000Z</time>
        <extensions>
          <gpxtpx:TrackPointExtension>
            <gpxtpx:hr>161</gpxtpx:hr>
          </gpxtpx:TrackPointExtension>
        </extensions>
      </trkpt>
      <trkpt lat="31.250258987338235" lon="121.61593205933421">
        <ele>6.25075045786798</ele>
        <time>1970-01-01T00:15:51.500000Z</time>
        <extensions>
          <gpxtpx:TrackPointExtension>
            <gpxtpx:hr>161</gpxtpx:hr>
          </gpxtpx:TrackPointExtension>
        </extensions>
      </trkpt>
      <trkpt lat="31.25028526342388" lon="121.61592215049475">
        <ele>6.2613140949979424</ele>
        <time>1970-01-01T00:15:52.500000Z</time>
        <extensions>
          <gpxtpx:TrackPointExtension>
            <gpxtpx:hr>161</gpxtpx:hr>
          </gpxtpx:TrackPointExtension>
        </extensions>
      </trkpt>
      <trkpt lat="31.250311057866778" lon="121.61591203853327">
        <ele>6.263139875605702</ele>
        <time>1970-01-01T00:15:53.500000Z</time>
        <extensions>
          <gpxtpx:TrackPointExtension>
            <gpxtpx:hr>161</gpxtpx:hr>
          </gpxtpx:TrackPointExtension>
        </extensions>
      </trkpt>
      <trkpt lat="31.25033669119867" lon="121.61590181256048">
        <ele>6.25609286967665</ele>
        <time>1970-01-01T00:15:54.500000Z</time>
        <extensions>
          <gpxtpx:TrackPointExtension>
            <gpxtpx:hr>161</gpxtpx:hr>
          </gpxtpx:TrackPointExtension>
        </extensions>
      </trkpt>
      <trkpt lat="31.250362306322465" lon="121.61589134855613">
        <ele>6.240912490524352</ele>
        <time>1970-01-01T00:15:55.500000Z</time>
        <extensions>
          <gpxtpx:TrackPointExtension>
            <gpxtpx:hr>161</gpxtpx:hr>
          </gpxtpx:TrackPointExtension>
        </extensions>
      </trkpt>
      <trkpt lat="31.250388171075716" lon="121.61588066206524">
        <ele>6.219354275614023</ele>
        <time>1970-01-01T00:15:56.500000Z</time>
        <extensions>
          <gpxtpx:TrackPointExtension>
            <gpxtpx:hr>161</gpxtpx:hr>
          </gpxtpx:TrackPointExtension>
        </extensions>
      </trkpt>
      <trkpt lat="31.250414307393182" lon="121.61586984572023">
        <ele>6.1941114300861955</ele>
        <time>1970-01-01T00:15:57.500000Z</time>
        <extensions>
          <gpxtpx:TrackPointExtension>
            <gpxtpx:hr>161</gpxtpx:hr>
          </gpxtpx:TrackPointExtension>
        </extensions>
      </trkpt>
      <trkpt lat="31.250440563527267" lon="121.61585872611423">
        <ele>6.167630530893803</ele>
        <time>1970-01-01T00:15:58.500000Z</time>
        <extensions>
          <gpxtpx:TrackPointExtension>
            <gpxtpx:hr>161</gpxtpx:hr>
          </gpxtpx:TrackPointExtension>
        </extensions>
      </trkpt>
      <trkpt lat="31.250467029158006" lon="121.6158474217548">
        <ele>6.1412672102451324</ele>
        <time>1970-01-01T00:15:59.500000Z</time>
        <extensions>
          <gpxtpx:TrackPointExtension>
            <gpxtpx:hr>161</gpxtpx:hr>
          </gpxtpx:TrackPointExtension>
        </extensions>
      </trkpt>
      <trkpt lat="31.25049350562792" lon="121.6158365832388">
        <ele>6.115669188089669</ele>
        <time>1970-01-01T00:16:00.600000Z</time>
        <extensions>
          <gpxtpx:TrackPointExtension>
            <gpxtpx:hr>162</gpxtpx:hr>
          </gpxtpx:TrackPointExtension>
        </extensions>
      </trkpt>
      <trkpt lat="31.250519732270906" lon="121.6158266250772">
        <ele>6.091079625301063</ele>
        <time>1970-01-01T00:16:01.600000Z</time>
        <extensions>
          <gpxtpx:TrackPointExtension>
            <gpxtpx:hr>162</gpxtpx:hr>
          </gpxtpx:TrackPointExtension>
        </extensions>
      </trkpt>
      <trkpt lat="31.250546055548686" lon="121.615817421131">
        <ele>6.06758086103946</ele>
        <time>1970-01-01T00:16:02.600000Z</time>
        <extensions>
          <gpxtpx:TrackPointExtension>
            <gpxtpx:hr>162</gpxtpx:hr>
          </gpxtpx:TrackPointExtension>
        </extensions>
      </trkpt>
      <trkpt lat="31.250572692802375" lon="121.61580878552058">
        <ele>6.045433533377945</ele>
        <time>1970-01-01T00:16:03.600000Z</time>
        <extensions>
          <gpxtpx:TrackPointExtension>
            <gpxtpx:hr>162</gpxtpx:hr>
          </gpxtpx:TrackPointExtension>
        </extensions>
      </trkpt>
      <trkpt lat="31.25059946672923" lon="121.61580035318546">
        <ele>6.024993121623993</ele>
        <time>1970-01-01T00:16:04.600000Z</time>
        <extensions>
          <gpxtpx:TrackPointExtension>
            <gpxtpx:hr>162</gpxtpx:hr>
          </gpxtpx:TrackPointExtension>
        </extensions>
      </trkpt>
      <trkpt lat="31.250626281167953" lon="121.61579203073077">
        <ele>6.006284688599408</ele>
        <time>1970-01-01T00:16:05.600000Z</time>
        <extensions>
          <gpxtpx:TrackPointExtension>
            <gpxtpx:hr>162</gpxtpx:hr>
          </gpxtpx:TrackPointExtension>
        </extensions>
      </trkpt>
      <trkpt lat="31.25065304595064" lon="121.6157842134006">
        <ele>5.988733314909041</ele>
        <time>1970-01-01T00:16:06.600000Z</time>
        <extensions>
          <gpxtpx:TrackPointExtension>
            <gpxtpx:hr>163</gpxtpx:hr>
          </gpxtpx:TrackPointExtension>
        </extensions>
      </trkpt>
      <trkpt lat="31.250679515629816" lon="121.6157771604295">
        <ele>5.971369352191687</ele>
        <time>1970-01-01T00:16:07.600000Z</time>
        <extensions>
          <gpxtpx:TrackPointExtension>
            <gpxtpx:hr>163</gpxtpx:hr>
          </gpxtpx:TrackPointExtension>
        </extensions>
      </trkpt>
      <trkpt lat="31.250705565931263" lon="121.61577084538176">
        <ele>5.953247779048979</ele>
        <time>1970-01-01T00:16:08.600000Z</time>
        <extensions>
          <gpxtpx:TrackPointExtension>
            <gpxtpx:hr>163</gpxtpx:hr>
          </gpxtpx:TrackPointExtension>
        </extensions>
      </trkpt>
      <trkpt lat="31.250731115081976" lon="121.61576484917488">
        <ele>5.934171412140131</ele>
        <time>1970-01-01T00:16:09.600000Z</time>
        <extensions>
          <gpxtpx:TrackPointExtension>
            <gpxtpx:hr>163</gpxtpx:hr>
          </gpxtpx:TrackPointExtension>
        </extensions>
      </trkpt>
      <trkpt lat="31.250756005793452" lon="121.6157586499239">
        <ele>5.9145027892664075</ele>
        <time>1970-01-01T00:16:10.600000Z</time>
        <extensions>
          <gpxtpx:TrackPointExtension>
            <gpxtpx:hr>163</gpxtpx:hr>
          </gpxtpx:TrackPointExtension>
        </extensions>
      </trkpt>
      <trkpt lat="31.25078043242509" lon="121.6157520131249">
        <ele>5.894513640552759</ele>
        <time>1970-01-01T00:16:11.600000Z</time>
        <extensions>
          <gpxtpx:TrackPointExtension>
            <gpxtpx:hr>162</gpxtpx:hr>
          </gpxtpx:TrackPointExtension>
        </extensions>
      </trkpt>
      <trkpt lat="31.25080475708071" lon="121.6157447309579">
        <ele>5.87451063003391</ele>
        <time>1970-01-01T00:16:12.600000Z</time>
        <extensions>
          <gpxtpx:TrackPointExtension>
            <gpxtpx:hr>162</gpxtpx:hr>
          </gpxtpx:TrackPointExtension>
        </extensions>
      </trkpt>
      <trkpt lat="31.250829092316003" lon="121.61573679837895">
        <ele>5.854457573965192</ele>
        <time>1970-01-01T00:16:13.600000Z</time>
        <extensions>
          <gpxtpx:TrackPointExtension>
            <gpxtpx:hr>162</gpxtpx:hr>
          </gpxtpx:TrackPointExtension>
        </extensions>
      </trkpt>
      <trkpt lat="31.25085345151402" lon="121.61572864895987">
        <ele>5.834003759548068</ele>
        <time>1970-01-01T00:16:14.600000Z</time>
        <extensions>
          <gpxtpx:TrackPointExtension>
            <gpxtpx:hr>162</gpxtpx:hr>
          </gpxtpx:TrackPointExtension>
        </extensions>
      </trkpt>
      <trkpt lat="31.250877531615107" lon="121.61572049208526">
        <ele>5.8132466822862625</ele>
        <time>1970-01-01T00:16:15.600000Z</time>
        <extensions>
          <gpxtpx:TrackPointExtension>
            <gpxtpx:hr>162</gpxtpx:hr>
          </gpxtpx:TrackPointExtension>
        </extensions>
      </trkpt>
      <trkpt lat="31.250901271089464" lon="121.61571208814033">
        <ele>5.792623379267752</ele>
        <time>1970-01-01T00:16:16.600000Z</time>
        <extensions>
          <gpxtpx:TrackPointExtension>
            <gpxtpx:hr>162</gpxtpx:hr>
          </gpxtpx:TrackPointExtension>
        </extensions>
      </trkpt>
      <trkpt lat="31.250925204706544" lon="121.61570328497139">
        <ele>5.77246028278023</ele>
        <time>1970-01-01T00:16:17.600000Z</time>
        <extensions>
          <gpxtpx:TrackPointExtension>
            <gpxtpx:hr>162</gpxtpx:hr>
          </gpxtpx:TrackPointExtension>
        </extensions>
      </trkpt>
      <trkpt lat="31.250949557484102" lon="121.6156939649298">
        <ele>5.752656624652445</ele>
        <time>1970-01-01T00:16:18.600000Z</time>
        <extensions>
          <gpxtpx:TrackPointExtension>
            <gpxtpx:hr>162</gpxtpx:hr>
          </gpxtpx:TrackPointExtension>
        </extensions>
      </trkpt>
      <trkpt lat="31.250974241290944" lon="121.61568392420557">
        <ele>5.732727891765535</ele>
        <time>1970-01-01T00:16:19.600000Z</time>
        <extensions>
          <gpxtpx:TrackPointExtension>
            <gpxtpx:hr>165</gpxtpx:hr>
          </gpxtpx:TrackPointExtension>
        </extensions>
      </trkpt>
      <trkpt lat="31.250999414015634" lon="121.6156731326903">
        <ele>5.712185489013791</ele>
        <time>1970-01-01T00:16:20.600000Z</time>
        <extensions>
          <gpxtpx:TrackPointExtension>
            <gpxtpx:hr>165</gpxtpx:hr>
          </gpxtpx:TrackPointExtension>
        </extensions>
      </trkpt>
      <trkpt lat="31.25102494418384" lon="121.61566165600105">
        <ele>5.690825269557536</ele>
        <time>1970-01-01T00:16:21.600000Z</time>
        <extensions>
          <gpxtpx:TrackPointExtension>
            <gpxtpx:hr>165</gpxtpx:hr>
          </gpxtpx:TrackPointExtension>
        </extensions>
      </trkpt>
      <trkpt lat="31.251050505219016" lon="121.61564952273895">
        <ele>5.668930710293353</ele>
        <time>1970-01-01T00:16:22.600000Z</time>
        <extensions>
          <gpxtpx:TrackPointExtension>
            <gpxtpx:hr>165</gpxtpx:hr>
          </gpxtpx:TrackPointExtension>
        </extensions>
      </trkpt>
      <trkpt lat="31.25107619828134" lon="121.61563724111417">
        <ele>5.646935537457466</ele>
        <time>1970-01-01T00:16:23.600000Z</time>
        <extensions>
          <gpxtpx:TrackPointExtension>
            <gpxtpx:hr>165</gpxtpx:hr>
          </gpxtpx:TrackPointExtension>
        </extensions>
      </trkpt>
      <trkpt lat="31.25110187796948" lon="121.61562525859887">
        <ele>5.625047011300921</ele>
        <time>1970-01-01T00:16:24.600000Z</time>
        <extensions>
          <gpxtpx:TrackPointExtension>
            <gpxtpx:hr>165</gpxtpx:hr>
          </gpxtpx:TrackPointExtension>
        </extensions>
      </trkpt>
      <trkpt lat="31.25112721054251" lon="121.61561359226332">
        <ele>5.603328133001924</ele>
        <time>1970-01-01T00:16:25.600000Z</time>
        <extensions>
          <gpxtpx:TrackPointExtension>
            <gpxtpx:hr>165</gpxtpx:hr>
          </gpxtpx:TrackPointExtension>
        </extensions>
      </trkpt>
      <trkpt lat="31.251152188942992" lon="121.61560245389335">
        <ele>5.581768423318863</ele>
        <time>1970-01-01T00:16:26.600000Z</time>
        <extensions>
          <gpxtpx:TrackPointExtension>
            <gpxtpx:hr>165</gpxtpx:hr>
          </gpxtpx:TrackPointExtension>
        </extensions>
      </trkpt>
      <trkpt lat="31.251176880834635" lon="121.61559198782594">
        <ele>5.560305458493531</ele>
        <time>1970-01-01T00:16:27.600000Z</time>
        <extensions>
          <gpxtpx:TrackPointExtension>
            <gpxtpx:hr>165</gpxtpx:hr>
          </gpxtpx:TrackPointExtension>
        </extensions>
      </trkpt>
      <trkpt lat="31.251201389434417" lon="121.615582198446">
        <ele>5.539013241417706</ele>
        <time>1970-01-01T00:16:28.600000Z</time>
        <extensions>
          <gpxtpx:TrackPointExtension>
            <gpxtpx:hr>165</gpxtpx:hr>
          </gpxtpx:TrackPointExtension>
        </extensions>
      </trkpt>
      <trkpt lat="31.25122584240124" lon="121.61557275542715">
        <ele>5.518438894301653</ele>
        <time>1970-01-01T00:16:29.600000Z</time>
        <extensions>
          <gpxtpx:TrackPointExtension>
            <gpxtpx:hr>165</gpxtpx:hr>
          </gpxtpx:TrackPointExtension>
        </extensions>
      </trkpt>
      <trkpt lat="31.25124990355754" lon="121.61556268582606">
        <ele>5.499629465863109</ele>
        <time>1970-01-01T00:16:30.600000Z</time>
        <extensions>
          <gpxtpx:TrackPointExtension>
            <gpxtpx:hr>166</gpxtpx:hr>
          </gpxtpx:TrackPointExtension>
        </extensions>
      </trkpt>
      <trkpt lat="31.251273368618428" lon="121.61555199465275">
        <ele>5.483734213747084</ele>
        <time>1970-01-01T00:16:31.600000Z</time>
        <extensions>
          <gpxtpx:TrackPointExtension>
            <gpxtpx:hr>166</gpxtpx:hr>
          </gpxtpx:TrackPointExtension>
        </extensions>
      </trkpt>
      <trkpt lat="31.25129687852442" lon="121.61554200562941">
        <ele>5.4719727616757154</ele>
        <time>1970-01-01T00:16:32.600000Z</time>
        <extensions>
          <gpxtpx:TrackPointExtension>
            <gpxtpx:hr>166</gpxtpx:hr>
          </gpxtpx:TrackPointExtension>
        </extensions>
      </trkpt>
      <trkpt lat="31.251320972784242" lon="121.61553256413158">
        <ele>5.465404178015888</ele>
        <time>1970-01-01T00:16:33.600000Z</time>
        <extensions>
          <gpxtpx:TrackPointExtension>
            <gpxtpx:hr>166</gpxtpx:hr>
          </gpxtpx:TrackPointExtension>
        </extensions>
      </trkpt>
      <trkpt lat="31.25134575592507" lon="121.61552328699878">
        <ele>5.464501070789993</ele>
        <time>1970-01-01T00:16:34.600000Z</time>
        <extensions>
          <gpxtpx:TrackPointExtension>
            <gpxtpx:hr>166</gpxtpx:hr>
          </gpxtpx:TrackPointExtension>
        </extensions>
      </trkpt>
      <trkpt lat="31.25137128415457" lon="121.61551464933224">
        <ele>5.46911243069917</ele>
        <time>1970-01-01T00:16:35.600000Z</time>
        <extensions>
          <gpxtpx:TrackPointExtension>
            <gpxtpx:hr>166</gpxtpx:hr>
          </gpxtpx:TrackPointExtension>
        </extensions>
      </trkpt>
      <trkpt lat="31.2513971629826" lon="121.61550613396217">
        <ele>5.478493438102305</ele>
        <time>1970-01-01T00:16:36.700000Z</time>
        <extensions>
          <gpxtpx:TrackPointExtension>
            <gpxtpx:hr>166</gpxtpx:hr>
          </gpxtpx:TrackPointExtension>
        </extensions>
      </trkpt>
      <trkpt lat="31.251422959122415" lon="121.61549706764005">
        <ele>5.491586862131953</ele>
        <time>1970-01-01T00:16:37.700000Z</time>
        <extensions>
          <gpxtpx:TrackPointExtension>
            <gpxtpx:hr>166</gpxtpx:hr>
          </gpxtpx:TrackPointExtension>
        </extensions>
      </trkpt>
      <trkpt lat="31.251448598854527" lon="121.61548774396033">
        <ele>5.507257888093591</ele>
        <time>1970-01-01T00:16:38.700000Z</time>
        <extensions>
          <gpxtpx:TrackPointExtension>
            <gpxtpx:hr>166</gpxtpx:hr>
          </gpxtpx:TrackPointExtension>
        </extensions>
      </trkpt>
      <trkpt lat="31.25147392639612" lon="121.61547870990674">
        <ele>5.524493367411196</ele>
        <time>1970-01-01T00:16:39.700000Z</time>
        <extensions>
          <gpxtpx:TrackPointExtension>
            <gpxtpx:hr>164</gpxtpx:hr>
          </gpxtpx:TrackPointExtension>
        </extensions>
      </trkpt>
      <trkpt lat="31.25149888608835" lon="121.61547022641983">
        <ele>5.542978375218809</ele>
        <time>1970-01-01T00:16:40.700000Z</time>
        <extensions>
          <gpxtpx:TrackPointExtension>
            <gpxtpx:hr>164</gpxtpx:hr>
          </gpxtpx:TrackPointExtension>
        </extensions>
      </trkpt>
      <trkpt lat="31.25152368606031" lon="121.61546248539854">
        <ele>5.563356665894389</ele>
        <time>1970-01-01T00:16:41.700000Z</time>
        <extensions>
          <gpxtpx:TrackPointExtension>
            <gpxtpx:hr>164</gpxtpx:hr>
          </gpxtpx:TrackPointExtension>
        </extensions>
      </trkpt>
      <trkpt lat="31.251548285861343" lon="121.61545507438737">
        <ele>5.586851362138987</ele>
        <time>1970-01-01T00:16:42.700000Z</time>
        <extensions>
          <gpxtpx:TrackPointExtension>
            <gpxtpx:hr>164</gpxtpx:hr>
          </gpxtpx:TrackPointExtension>
        </extensions>
      </trkpt>
      <trkpt lat="31.251572479633314" lon="121.61544705489436">
        <ele>5.614228409714997</ele>
        <time>1970-01-01T00:16:43.700000Z</time>
        <extensions>
          <gpxtpx:TrackPointExtension>
            <gpxtpx:hr>164</gpxtpx:hr>
          </gpxtpx:TrackPointExtension>
        </extensions>
      </trkpt>
      <trkpt lat="31.251596180900208" lon="121.6154382714591">
        <ele>5.644995206035674</ele>
        <time>1970-01-01T00:16:44.700000Z</time>
        <extensions>
          <gpxtpx:TrackPointExtension>
            <gpxtpx:hr>164</gpxtpx:hr>
          </gpxtpx:TrackPointExtension>
        </extensions>
      </trkpt>
      <trkpt lat="31.25161928294449" lon="121.61542918173156">
        <ele>5.67753379791975</ele>
        <time>1970-01-01T00:16:45.700000Z</time>
        <extensions>
          <gpxtpx:TrackPointExtension>
            <gpxtpx:hr>164</gpxtpx:hr>
          </gpxtpx:TrackPointExtension>
        </extensions>
      </trkpt>
      <trkpt lat="31.251642059480975" lon="121.6154199765766">
        <ele>5.70967329479754</ele>
        <time>1970-01-01T00:16:46.700000Z</time>
        <extensions>
          <gpxtpx:TrackPointExtension>
            <gpxtpx:hr>165</gpxtpx:hr>
          </gpxtpx:TrackPointExtension>
        </extensions>
      </trkpt>
      <trkpt lat="31.251664958740896" lon="121.61541069865204">
        <ele>5.73949068505317</ele>
        <time>1970-01-01T00:16:47.700000Z</time>
        <extensions>
          <gpxtpx:TrackPointExtension>
            <gpxtpx:hr>165</gpxtpx:hr>
          </gpxtpx:TrackPointExtension>
        </extensions>
      </trkpt>
      <trkpt lat="31.251688180631362" lon="121.61540131201004">
        <ele>5.765443523414433</ele>
        <time>1970-01-01T00:16:48.700000Z</time>
        <extensions>
          <gpxtpx:TrackPointExtension>
            <gpxtpx:hr>165</gpxtpx:hr>
          </gpxtpx:TrackPointExtension>
        </extensions>
      </trkpt>
      <trkpt lat="31.251711725772523" lon="121.61539199952671">
        <ele>5.785923488438129</ele>
        <time>1970-01-01T00:16:49.700000Z</time>
        <extensions>
          <gpxtpx:TrackPointExtension>
            <gpxtpx:hr>165</gpxtpx:hr>
          </gpxtpx:TrackPointExtension>
        </extensions>
      </trkpt>
      <trkpt lat="31.251735468436607" lon="121.61538340584409">
        <ele>5.7991751208901405</ele>
        <time>1970-01-01T00:16:50.700000Z</time>
        <extensions>
          <gpxtpx:TrackPointExtension>
            <gpxtpx:hr>165</gpxtpx:hr>
          </gpxtpx:TrackPointExtension>
        </extensions>
      </trkpt>
      <trkpt lat="31.251759236349653" lon="121.61537532161258">
        <ele>5.803670400753617</ele>
        <time>1970-01-01T00:16:51.700000Z</time>
        <extensions>
          <gpxtpx:TrackPointExtension>
            <gpxtpx:hr>167</gpxtpx:hr>
          </gpxtpx:TrackPointExtension>
        </extensions>
      </trkpt>
      <trkpt lat="31.251783038569656" lon="121.61536696355991">
        <ele>5.798482070676982</ele>
        <time>1970-01-01T00:16:52.700000Z</time>
        <extensions>
          <gpxtpx:TrackPointExtension>
            <gpxtpx:hr>167</gpxtpx:hr>
          </gpxtpx:TrackPointExtension>
        </extensions>
      </trkpt>
      <trkpt lat="31.251806802299797" lon="121.61535824008332">
        <ele>5.783782714046538</ele>
        <time>1970-01-01T00:16:53.700000Z</time>
        <extensions>
          <gpxtpx:TrackPointExtension>
            <gpxtpx:hr>167</gpxtpx:hr>
          </gpxtpx:TrackPointExtension>
        </extensions>
      </trkpt>
      <trkpt lat="31.251830111248335" lon="121.61534890945677">
        <ele>5.761571585200727</ele>
        <time>1970-01-01T00:16:54.700000Z</time>
        <extensions>
          <gpxtpx:TrackPointExtension>
            <gpxtpx:hr>167</gpxtpx:hr>
          </gpxtpx:TrackPointExtension>
        </extensions>
      </trkpt>
      <trkpt lat="31.251852734534804" lon="121.61533857174922">
        <ele>5.734788971953094</ele>
        <time>1970-01-01T00:16:55.700000Z</time>
        <extensions>
          <gpxtpx:TrackPointExtension>
            <gpxtpx:hr>167</gpxtpx:hr>
          </gpxtpx:TrackPointExtension>
        </extensions>
      </trkpt>
      <trkpt lat="31.25187456238314" lon="121.61532717705732">
        <ele>5.706079435534775</ele>
        <time>1970-01-01T00:16:56.700000Z</time>
        <extensions>
          <gpxtpx:TrackPointExtension>
            <gpxtpx:hr>169</gpxtpx:hr>
          </gpxtpx:TrackPointExtension>
        </extensions>
      </trkpt>
      <trkpt lat="31.25189545148082" lon="121.61531447125547">
        <ele>5.677682905457914</ele>
        <time>1970-01-01T00:16:57.700000Z</time>
        <extensions>
          <gpxtpx:TrackPointExtension>
            <gpxtpx:hr>169</gpxtpx:hr>
          </gpxtpx:TrackPointExtension>
        </extensions>
      </trkpt>
      <trkpt lat="31.25191548145435" lon="121.61530013756685">
        <ele>5.651238238438964</ele>
        <time>1970-01-01T00:16:58.700000Z</time>
        <extensions>
          <gpxtpx:TrackPointExtension>
            <gpxtpx:hr>169</gpxtpx:hr>
          </gpxtpx:TrackPointExtension>
        </extensions>
      </trkpt>
      <trkpt lat="31.251934597743258" lon="121.61528417604997">
        <ele>5.627882826142013</ele>
        <time>1970-01-01T00:16:59.700000Z</time>
        <extensions>
          <gpxtpx:TrackPointExtension>
            <gpxtpx:hr>169</gpxtpx:hr>
          </gpxtpx:TrackPointExtension>
        </extensions>
      </trkpt>
      <trkpt lat="31.251952677907223" lon="121.61526662250512">
        <ele>5.608414297923446</ele>
        <time>1970-01-01T00:17:00.700000Z</time>
        <extensions>
          <gpxtpx:TrackPointExtension>
            <gpxtpx:hr>169</gpxtpx:hr>
          </gpxtpx:TrackPointExtension>
        </extensions>
      </trkpt>
      <trkpt lat="31.251970013794242" lon="121.6152479772353">
        <ele>5.5932758478447795</ele>
        <time>1970-01-01T00:17:01.700000Z</time>
        <extensions>
          <gpxtpx:TrackPointExtension>
            <gpxtpx:hr>169</gpxtpx:hr>
          </gpxtpx:TrackPointExtension>
        </extensions>
      </trkpt>
      <trkpt lat="31.251987341067924" lon="121.61522966278653">
        <ele>5.582709681242704</ele>
        <time>1970-01-01T00:17:02.700000Z</time>
        <extensions>
          <gpxtpx:TrackPointExtension>
            <gpxtpx:hr>169</gpxtpx:hr>
          </gpxtpx:TrackPointExtension>
        </extensions>
      </trkpt>
      <trkpt lat="31.25200556422431" lon="121.6152133968874">
        <ele>5.576857561245561</ele>
        <time>1970-01-01T00:17:03.700000Z</time>
        <extensions>
          <gpxtpx:TrackPointExtension>
            <gpxtpx:hr>169</gpxtpx:hr>
          </gpxtpx:TrackPointExtension>
        </extensions>
      </trkpt>
      <trkpt lat="31.252025532898184" lon="121.61520051518384">
        <ele>5.576038492843509</ele>
        <time>1970-01-01T00:17:04.700000Z</time>
        <extensions>
          <gpxtpx:TrackPointExtension>
            <gpxtpx:hr>169</gpxtpx:hr>
          </gpxtpx:TrackPointExtension>
        </extensions>
      </trkpt>
      <trkpt lat="31.252047489676677" lon="121.6151910333068">
        <ele>5.581037765368819</ele>
        <time>1970-01-01T00:17:05.700000Z</time>
        <extensions>
          <gpxtpx:TrackPointExtension>
            <gpxtpx:hr>169</gpxtpx:hr>
          </gpxtpx:TrackPointExtension>
        </extensions>
      </trkpt>
      <trkpt lat="31.25207080425926" lon="121.61518354528306">
        <ele>5.592404720373452</ele>
        <time>1970-01-01T00:17:06.700000Z</time>
        <extensions>
          <gpxtpx:TrackPointExtension>
            <gpxtpx:hr>169</gpxtpx:hr>
          </gpxtpx:TrackPointExtension>
        </extensions>
      </trkpt>
      <trkpt lat="31.25209488536941" lon="121.6151776015614">
        <ele>5.6099114418029785</ele>
        <time>1970-01-01T00:17:07.700000Z</time>
        <extensions>
          <gpxtpx:TrackPointExtension>
            <gpxtpx:hr>169</gpxtpx:hr>
          </gpxtpx:TrackPointExtension>
        </extensions>
      </trkpt>
      <trkpt lat="31.252119511345754" lon="121.61517391973815">
        <ele>5.632776458747685</ele>
        <time>1970-01-01T00:17:08.700000Z</time>
        <extensions>
          <gpxtpx:TrackPointExtension>
            <gpxtpx:hr>169</gpxtpx:hr>
          </gpxtpx:TrackPointExtension>
        </extensions>
      </trkpt>
      <trkpt lat="31.252144427792654" lon="121.61517252375207">
        <ele>5.659937430173159</ele>
        <time>1970-01-01T00:17:09.700000Z</time>
        <extensions>
          <gpxtpx:TrackPointExtension>
            <gpxtpx:hr>169</gpxtpx:hr>
          </gpxtpx:TrackPointExtension>
        </extensions>
      </trkpt>
      <trkpt lat="31.25216946142765" lon="121.61517316155938">
        <ele>5.69025999493897</ele>
        <time>1970-01-01T00:17:10.700000Z</time>
        <extensions>
          <gpxtpx:TrackPointExtension>
            <gpxtpx:hr>170</gpxtpx:hr>
          </gpxtpx:TrackPointExtension>
        </extensions>
      </trkpt>
      <trkpt lat="31.252194529341217" lon="121.6151760470976">
        <ele>5.722689597867429</ele>
        <time>1970-01-01T00:17:11.700000Z</time>
        <extensions>
          <gpxtpx:TrackPointExtension>
            <gpxtpx:hr>170</gpxtpx:hr>
          </gpxtpx:TrackPointExtension>
        </extensions>
      </trkpt>
      <trkpt lat="31.252219409481498" lon="121.61518063922684">
        <ele>5.756503386422992</ele>
        <time>1970-01-01T00:17:12.800000Z</time>
        <extensions>
          <gpxtpx:TrackPointExtension>
            <gpxtpx:hr>170</gpxtpx:hr>
          </gpxtpx:TrackPointExtension>
        </extensions>
      </trkpt>
      <trkpt lat="31.25224403503366" lon="121.61518594665273">
        <ele>5.791106614284217</ele>
        <time>1970-01-01T00:17:13.800000Z</time>
        <extensions>
          <gpxtpx:TrackPointExtension>
            <gpxtpx:hr>170</gpxtpx:hr>
          </gpxtpx:TrackPointExtension>
        </extensions>
      </trkpt>
      <trkpt lat="31.252268351549237" lon="121.61519142738207">
        <ele>5.825697153806686</ele>
        <time>1970-01-01T00:17:14.800000Z</time>
        <extensions>
          <gpxtpx:TrackPointExtension>
            <gpxtpx:hr>170</gpxtpx:hr>
          </gpxtpx:TrackPointExtension>
        </extensions>
      </trkpt>
      <trkpt lat="31.252292212466738" lon="121.61519675785298">
        <ele>5.859321413561702</ele>
        <time>1970-01-01T00:17:15.800000Z</time>
        <extensions>
          <gpxtpx:TrackPointExtension>
            <gpxtpx:hr>170</gpxtpx:hr>
          </gpxtpx:TrackPointExtension>
        </extensions>
      </trkpt>
      <trkpt lat="31.252315890775947" lon="121.61520126566818">
        <ele>5.891077796928585</ele>
        <time>1970-01-01T00:17:16.800000Z</time>
        <extensions>
          <gpxtpx:TrackPointExtension>
            <gpxtpx:hr>169</gpxtpx:hr>
          </gpxtpx:TrackPointExtension>
        </extensions>
      </trkpt>
      <trkpt lat="31.25233979470169" lon="121.61520410046778">
        <ele>5.92072996776551</ele>
        <time>1970-01-01T00:17:17.800000Z</time>
        <extensions>
          <gpxtpx:TrackPointExtension>
            <gpxtpx:hr>169</gpxtpx:hr>
          </gpxtpx:TrackPointExtension>
        </extensions>
      </trkpt>
      <trkpt lat="31.25236400116351" lon="121.61520463579167">
        <ele>5.948748135007918</ele>
        <time>1970-01-01T00:17:18.800000Z</time>
        <extensions>
          <gpxtpx:TrackPointExtension>
            <gpxtpx:hr>169</gpxtpx:hr>
          </gpxtpx:TrackPointExtension>
        </extensions>
      </trkpt>
      <trkpt lat="31.252388347373508" lon="121.61520253952122">
        <ele>5.975683736614883</ele>
        <time>1970-01-01T00:17:19.800000Z</time>
        <extensions>
          <gpxtpx:TrackPointExtension>
            <gpxtpx:hr>169</gpxtpx:hr>
          </gpxtpx:TrackPointExtension>
        </extensions>
      </trkpt>
      <trkpt lat="31.252412487954235" lon="121.61519828233948">
        <ele>6.001987963914871</ele>
        <time>1970-01-01T00:17:20.800000Z</time>
        <extensions>
          <gpxtpx:TrackPointExtension>
            <gpxtpx:hr>169</gpxtpx:hr>
          </gpxtpx:TrackPointExtension>
        </extensions>
      </trkpt>
      <trkpt lat="31.25243627861566" lon="121.61519249813074">
        <ele>6.028045322746038</ele>
        <time>1970-01-01T00:17:21.800000Z</time>
        <extensions>
          <gpxtpx:TrackPointExtension>
            <gpxtpx:hr>170</gpxtpx:hr>
          </gpxtpx:TrackPointExtension>
        </extensions>
      </trkpt>
      <trkpt lat="31.252459960930587" lon="121.61518600272717">
        <ele>6.053990373387933</ele>
        <time>1970-01-01T00:17:22.800000Z</time>
        <extensions>
          <gpxtpx:TrackPointExtension>
            <gpxtpx:hr>170</gpxtpx:hr>
          </gpxtpx:TrackPointExtension>
        </extensions>
      </trkpt>
      <trkpt lat="31.252483658433004" lon="121.61517967838202">
        <ele>6.0799242267385125</ele>
        <time>1970-01-01T00:17:23.800000Z</time>
        <extensions>
          <gpxtpx:TrackPointExtension>
            <gpxtpx:hr>170</gpxtpx:hr>
          </gpxtpx:TrackPointExtension>
        </extensions>
      </trkpt>
      <trkpt lat="31.252507136490934" lon="121.61517358596569">
        <ele>6.106080572120845</ele>
        <time>1970-01-01T00:17:24.800000Z</time>
        <extensions>
          <gpxtpx:TrackPointExtension>
            <gpxtpx:hr>170</gpxtpx:hr>
          </gpxtpx:TrackPointExtension>
        </extensions>
      </trkpt>
      <trkpt lat="31.252530356418394" lon="121.61516749686511">
        <ele>6.132573939859867</ele>
        <time>1970-01-01T00:17:25.800000Z</time>
        <extensions>
          <gpxtpx:TrackPointExtension>
            <gpxtpx:hr>170</gpxtpx:hr>
          </gpxtpx:TrackPointExtension>
        </extensions>
      </trkpt>
      <trkpt lat="31.25255343048691" lon="121.61516163853054">
        <ele>6.1589203383773565</ele>
        <time>1970-01-01T00:17:26.800000Z</time>
        <extensions>
          <gpxtpx:TrackPointExtension>
            <gpxtpx:hr>170</gpxtpx:hr>
          </gpxtpx:TrackPointExtension>
        </extensions>
      </trkpt>
      <trkpt lat="31.252576488026182" lon="121.6151559569894">
        <ele>6.184222242794931</ele>
        <time>1970-01-01T00:17:27.800000Z</time>
        <extensions>
          <gpxtpx:TrackPointExtension>
            <gpxtpx:hr>170</gpxtpx:hr>
          </gpxtpx:TrackPointExtension>
        </extensions>
      </trkpt>
      <trkpt lat="31.25259994849344" lon="121.6151503263928">
        <ele>6.207752607762814</ele>
        <time>1970-01-01T00:17:28.800000Z</time>
        <extensions>
          <gpxtpx:TrackPointExtension>
            <gpxtpx:hr>170</gpxtpx:hr>
          </gpxtpx:TrackPointExtension>
        </extensions>
      </trkpt>
      <trkpt lat="31.25262393910216" lon="121.61514512244374">
        <ele>6.229181259870529</ele>
        <time>1970-01-01T00:17:29.800000Z</time>
        <extensions>
          <gpxtpx:TrackPointExtension>
            <gpxtpx:hr>170</gpxtpx:hr>
          </gpxtpx:TrackPointExtension>
        </extensions>
      </trkpt>
      <trkpt lat="31.252648185847352" lon="121.6151401450149">
        <ele>6.2487333081662655</ele>
        <time>1970-01-01T00:17:30.800000Z</time>
        <extensions>
          <gpxtpx:TrackPointExtension>
            <gpxtpx:hr>169</gpxtpx:hr>
          </gpxtpx:TrackPointExtension>
        </extensions>
      </trkpt>
      <trkpt lat="31.252672649299374" lon="121.61513492440798">
        <ele>6.267116377130151</ele>
        <time>1970-01-01T00:17:31.800000Z</time>
        <extensions>
          <gpxtpx:TrackPointExtension>
            <gpxtpx:hr>169</gpxtpx:hr>
          </gpxtpx:TrackPointExtension>
        </extensions>
      </trkpt>
      <trkpt lat="31.252697370445492" lon="121.61512929959072">
        <ele>6.2855405723676085</ele>
        <time>1970-01-01T00:17:32.800000Z</time>
        <extensions>
          <gpxtpx:TrackPointExtension>
            <gpxtpx:hr>169</gpxtpx:hr>
          </gpxtpx:TrackPointExtension>
        </extensions>
      </trkpt>
      <trkpt lat="31.25272205888614" lon="121.61512291028373">
        <ele>6.305469292216003</ele>
        <time>1970-01-01T00:17:33.800000Z</time>
        <extensions>
          <gpxtpx:TrackPointExtension>
            <gpxtpx:hr>169</gpxtpx:hr>
          </gpxtpx:TrackPointExtension>
        </extensions>
      </trkpt>
      <trkpt lat="31.252746621836348" lon="121.61511569121667">
        <ele>6.327990289777517</ele>
        <time>1970-01-01T00:17:34.800000Z</time>
        <extensions>
          <gpxtpx:TrackPointExtension>
            <gpxtpx:hr>169</gpxtpx:hr>
          </gpxtpx:TrackPointExtension>
        </extensions>
      </trkpt>
      <trkpt lat="31.252771229746415" lon="121.61510798274129">
        <ele>6.353832107037306</ele>
        <time>1970-01-01T00:17:35.800000Z</time>
        <extensions>
          <gpxtpx:TrackPointExtension>
            <gpxtpx:hr>169</gpxtpx:hr>
          </gpxtpx:TrackPointExtension>
        </extensions>
      </trkpt>
      <trkpt lat="31.252795976878716" lon="121.61509988646254">
        <ele>6.383279979228973</ele>
        <time>1970-01-01T00:17:36.800000Z</time>
        <extensions>
          <gpxtpx:TrackPointExtension>
            <gpxtpx:hr>169</gpxtpx:hr>
          </gpxtpx:TrackPointExtension>
        </extensions>
      </trkpt>
      <trkpt lat="31.25282102884541" lon="121.61509170608797">
        <ele>6.416082561016083</ele>
        <time>1970-01-01T00:17:37.800000Z</time>
        <extensions>
          <gpxtpx:TrackPointExtension>
            <gpxtpx:hr>169</gpxtpx:hr>
          </gpxtpx:TrackPointExtension>
        </extensions>
      </trkpt>
      <trkpt lat="31.252846235453877" lon="121.615083597798">
        <ele>6.45179364271462</ele>
        <time>1970-01-01T00:17:38.800000Z</time>
        <extensions>
          <gpxtpx:TrackPointExtension>
            <gpxtpx:hr>169</gpxtpx:hr>
          </gpxtpx:TrackPointExtension>
        </extensions>
      </trkpt>
      <trkpt lat="31.252871401642228" lon="121.61507522632932">
        <ele>6.489351323805749</ele>
        <time>1970-01-01T00:17:39.800000Z</time>
        <extensions>
          <gpxtpx:TrackPointExtension>
            <gpxtpx:hr>169</gpxtpx:hr>
          </gpxtpx:TrackPointExtension>
        </extensions>
      </trkpt>
      <trkpt lat="31.252896543977602" lon="121.61506664600428">
        <ele>6.526850221678615</ele>
        <time>1970-01-01T00:17:40.800000Z</time>
        <extensions>
          <gpxtpx:TrackPointExtension>
            <gpxtpx:hr>169</gpxtpx:hr>
          </gpxtpx:TrackPointExtension>
        </extensions>
      </trkpt>
      <trkpt lat="31.252921199122103" lon="121.61505830603909">
        <ele>6.561945152468979</ele>
        <time>1970-01-01T00:17:41.800000Z</time>
        <extensions>
          <gpxtpx:TrackPointExtension>
            <gpxtpx:hr>169</gpxtpx:hr>
          </gpxtpx:TrackPointExtension>
        </extensions>
      </trkpt>
      <trkpt lat="31.25294478754696" lon="121.61505018240544">
        <ele>6.592525620013475</ele>
        <time>1970-01-01T00:17:42.800000Z</time>
        <extensions>
          <gpxtpx:TrackPointExtension>
            <gpxtpx:hr>169</gpxtpx:hr>
          </gpxtpx:TrackPointExtension>
        </extensions>
      </trkpt>
      <trkpt lat="31.252967665667917" lon="121.61504204670491">
        <ele>6.617816008627415</ele>
        <time>1970-01-01T00:17:43.800000Z</time>
        <extensions>
          <gpxtpx:TrackPointExtension>
            <gpxtpx:hr>169</gpxtpx:hr>
          </gpxtpx:TrackPointExtension>
        </extensions>
      </trkpt>
      <trkpt lat="31.252990606387993" lon="121.615033778224">
        <ele>6.638658522628248</ele>
        <time>1970-01-01T00:17:44.800000Z</time>
        <extensions>
          <gpxtpx:TrackPointExtension>
            <gpxtpx:hr>169</gpxtpx:hr>
          </gpxtpx:TrackPointExtension>
        </extensions>
      </trkpt>
      <trkpt lat="31.253013988512325" lon="121.61502453098963">
        <ele>6.656981277279556</ele>
        <time>1970-01-01T00:17:45.800000Z</time>
        <extensions>
          <gpxtpx:TrackPointExtension>
            <gpxtpx:hr>169</gpxtpx:hr>
          </gpxtpx:TrackPointExtension>
        </extensions>
      </trkpt>
      <trkpt lat="31.253037842058813" lon="121.61501386355476">
        <ele>6.674416992813349</ele>
        <time>1970-01-01T00:17:46.800000Z</time>
        <extensions>
          <gpxtpx:TrackPointExtension>
            <gpxtpx:hr>169</gpxtpx:hr>
          </gpxtpx:TrackPointExtension>
        </extensions>
      </trkpt>
      <trkpt lat="31.2530615222748" lon="121.61500191822809">
        <ele>6.691418180242181</ele>
        <time>1970-01-01T00:17:47.900000Z</time>
        <extensions>
          <gpxtpx:TrackPointExtension>
            <gpxtpx:hr>169</gpxtpx:hr>
          </gpxtpx:TrackPointExtension>
        </extensions>
      </trkpt>
      <trkpt lat="31.25308457344254" lon="121.61498894565945">
        <ele>6.707720181904733</ele>
        <time>1970-01-01T00:17:48.900000Z</time>
        <extensions>
          <gpxtpx:TrackPointExtension>
            <gpxtpx:hr>169</gpxtpx:hr>
          </gpxtpx:TrackPointExtension>
        </extensions>
      </trkpt>
      <trkpt lat="31.253107475258922" lon="121.6149756357648">
        <ele>6.7230062717571855</ele>
        <time>1970-01-01T00:17:49.900000Z</time>
        <extensions>
          <gpxtpx:TrackPointExtension>
            <gpxtpx:hr>169</gpxtpx:hr>
          </gpxtpx:TrackPointExtension>
        </extensions>
      </trkpt>
      <trkpt lat="31.253130485362377" lon="121.61496242027064">
        <ele>6.737478215247393</ele>
        <time>1970-01-01T00:17:50.900000Z</time>
        <extensions>
          <gpxtpx:TrackPointExtension>
            <gpxtpx:hr>169</gpxtpx:hr>
          </gpxtpx:TrackPointExtension>
        </extensions>
      </trkpt>
      <trkpt lat="31.253153359823454" lon="121.61494936148358">
        <ele>6.751964309252799</ele>
        <time>1970-01-01T00:17:51.900000Z</time>
        <extensions>
          <gpxtpx:TrackPointExtension>
            <gpxtpx:hr>169</gpxtpx:hr>
          </gpxtpx:TrackPointExtension>
        </extensions>
      </trkpt>
      <trkpt lat="31.253176173065164" lon="121.61493663975291">
        <ele>6.767729037441313</ele>
        <time>1970-01-01T00:17:52.900000Z</time>
        <extensions>
          <gpxtpx:TrackPointExtension>
            <gpxtpx:hr>169</gpxtpx:hr>
          </gpxtpx:TrackPointExtension>
        </extensions>
      </trkpt>
      <trkpt lat="31.25319914870334" lon="121.61492423669296">
        <ele>6.786079795099795</ele>
        <time>1970-01-01T00:17:53.900000Z</time>
        <extensions>
          <gpxtpx:TrackPointExtension>
            <gpxtpx:hr>169</gpxtpx:hr>
          </gpxtpx:TrackPointExtension>
        </extensions>
      </trkpt>
      <trkpt lat="31.253222356726294" lon="121.6149118259956">
        <ele>6.807668547146022</ele>
        <time>1970-01-01T00:17:54.900000Z</time>
        <extensions>
          <gpxtpx:TrackPointExtension>
            <gpxtpx:hr>169</gpxtpx:hr>
          </gpxtpx:TrackPointExtension>
        </extensions>
      </trkpt>
      <trkpt lat="31.253246034144013" lon="121.61489959381622">
        <ele>6.832248053513467</ele>
        <time>1970-01-01T00:17:55.900000Z</time>
        <extensions>
          <gpxtpx:TrackPointExtension>
            <gpxtpx:hr>169</gpxtpx:hr>
          </gpxtpx:TrackPointExtension>
        </extensions>
      </trkpt>
      <trkpt lat="31.253270142748054" lon="121.61488781106515">
        <ele>6.85913922265172</ele>
        <time>1970-01-01T00:17:56.900000Z</time>
        <extensions>
          <gpxtpx:TrackPointExtension>
            <gpxtpx:hr>169</gpxtpx:hr>
          </gpxtpx:TrackPointExtension>
        </extensions>
      </trkpt>
      <trkpt lat="31.2532944441154" lon="121.61487640074971">
        <ele>6.8877934934571385</ele>
        <time>1970-01-01T00:17:57.900000Z</time>
        <extensions>
          <gpxtpx:TrackPointExtension>
            <gpxtpx:hr>169</gpxtpx:hr>
          </gpxtpx:TrackPointExtension>
        </extensions>
      </trkpt>
      <trkpt lat="31.25331890647982" lon="121.61486531575913">
        <ele>6.917894489131868</ele>
        <time>1970-01-01T00:17:58.900000Z</time>
        <extensions>
          <gpxtpx:TrackPointExtension>
            <gpxtpx:hr>169</gpxtpx:hr>
          </gpxtpx:TrackPointExtension>
        </extensions>
      </trkpt>
      <trkpt lat="31.253343189032087" lon="121.61485422433374">
        <ele>6.948581560514867</ele>
        <time>1970-01-01T00:17:59.900000Z</time>
        <extensions>
          <gpxtpx:TrackPointExtension>
            <gpxtpx:hr>169</gpxtpx:hr>
          </gpxtpx:TrackPointExtension>
        </extensions>
      </trkpt>
      <trkpt lat="31.25336681850108" lon="121.6148426371718">
        <ele>6.9782244907692075</ele>
        <time>1970-01-01T00:18:00.900000Z</time>
        <extensions>
          <gpxtpx:TrackPointExtension>
            <gpxtpx:hr>170</gpxtpx:hr>
          </gpxtpx:TrackPointExtension>
        </extensions>
      </trkpt>
      <trkpt lat="31.25338969227737" lon="121.61483041568731">
        <ele>7.005045989528298</ele>
        <time>1970-01-01T00:18:01.900000Z</time>
        <extensions>
          <gpxtpx:TrackPointExtension>
            <gpxtpx:hr>170</gpxtpx:hr>
          </gpxtpx:TrackPointExtension>
        </extensions>
      </trkpt>
      <trkpt lat="31.25341169867106" lon="121.61481745741051">
        <ele>7.027535469271243</ele>
        <time>1970-01-01T00:18:02.900000Z</time>
        <extensions>
          <gpxtpx:TrackPointExtension>
            <gpxtpx:hr>170</gpxtpx:hr>
          </gpxtpx:TrackPointExtension>
        </extensions>
      </trkpt>
      <trkpt lat="31.253432728485393" lon="121.6148035262254">
        <ele>7.044837196357548</ele>
        <time>1970-01-01T00:18:03.900000Z</time>
        <extensions>
          <gpxtpx:TrackPointExtension>
            <gpxtpx:hr>170</gpxtpx:hr>
          </gpxtpx:TrackPointExtension>
        </extensions>
      </trkpt>
      <trkpt lat="31.253452771627334" lon="121.6147884750153">
        <ele>7.056847783736885</ele>
        <time>1970-01-01T00:18:04.900000Z</time>
        <extensions>
          <gpxtpx:TrackPointExtension>
            <gpxtpx:hr>170</gpxtpx:hr>
          </gpxtpx:TrackPointExtension>
        </extensions>
      </trkpt>
      <trkpt lat="31.253471427918818" lon="121.61477190541281">
        <ele>7.06419431604445</ele>
        <time>1970-01-01T00:18:05.900000Z</time>
        <extensions>
          <gpxtpx:TrackPointExtension>
            <gpxtpx:hr>170</gpxtpx:hr>
          </gpxtpx:TrackPointExtension>
        </extensions>
      </trkpt>
      <trkpt lat="31.253488394784732" lon="121.61475325368593">
        <ele>7.0677500907331705</ele>
        <time>1970-01-01T00:18:06.900000Z</time>
        <extensions>
          <gpxtpx:TrackPointExtension>
            <gpxtpx:hr>170</gpxtpx:hr>
          </gpxtpx:TrackPointExtension>
        </extensions>
      </trkpt>
      <trkpt lat="31.25350408699818" lon="121.61473259295332">
        <ele>7.067874638363719</ele>
        <time>1970-01-01T00:18:07.900000Z</time>
        <extensions>
          <gpxtpx:TrackPointExtension>
            <gpxtpx:hr>170</gpxtpx:hr>
          </gpxtpx:TrackPointExtension>
        </extensions>
      </trkpt>
      <trkpt lat="31.253519399322666" lon="121.61471098052415">
        <ele>7.064304965548217</ele>
        <time>1970-01-01T00:18:08.900000Z</time>
        <extensions>
          <gpxtpx:TrackPointExtension>
            <gpxtpx:hr>170</gpxtpx:hr>
          </gpxtpx:TrackPointExtension>
        </extensions>
      </trkpt>
      <trkpt lat="31.25353531444921" lon="121.61468978808132">
        <ele>7.056101192720234</ele>
        <time>1970-01-01T00:18:09.900000Z</time>
        <extensions>
          <gpxtpx:TrackPointExtension>
            <gpxtpx:hr>171</gpxtpx:hr>
          </gpxtpx:TrackPointExtension>
        </extensions>
      </trkpt>
      <trkpt lat="31.25355265965398" lon="121.61466983640692">
        <ele>7.042213023640215</ele>
        <time>1970-01-01T00:18:10.900000Z</time>
        <extensions>
          <gpxtpx:TrackPointExtension>
            <gpxtpx:hr>171</gpxtpx:hr>
          </gpxtpx:TrackPointExtension>
        </extensions>
      </trkpt>
      <trkpt lat="31.25357141365708" lon="121.61465125313896">
        <ele>7.022303416393697</ele>
        <time>1970-01-01T00:18:11.900000Z</time>
        <extensions>
          <gpxtpx:TrackPointExtension>
            <gpxtpx:hr>171</gpxtpx:hr>
          </gpxtpx:TrackPointExtension>
        </extensions>
      </trkpt>
      <trkpt lat="31.253591095326964" lon="121.61463394046568">
        <ele>6.996882190927863</ele>
        <time>1970-01-01T00:18:12.900000Z</time>
        <extensions>
          <gpxtpx:TrackPointExtension>
            <gpxtpx:hr>171</gpxtpx:hr>
          </gpxtpx:TrackPointExtension>
        </extensions>
      </trkpt>
      <trkpt lat="31.253611316821562" lon="121.61461774146295">
        <ele>6.967227133922279</ele>
        <time>1970-01-01T00:18:13.900000Z</time>
        <extensions>
          <gpxtpx:TrackPointExtension>
            <gpxtpx:hr>171</gpxtpx:hr>
          </gpxtpx:TrackPointExtension>
        </extensions>
      </trkpt>
      <trkpt lat="31.253631581056442" lon="121.61460222284916">
        <ele>6.934737884439528</ele>
        <time>1970-01-01T00:18:14.900000Z</time>
        <extensions>
          <gpxtpx:TrackPointExtension>
            <gpxtpx:hr>170</gpxtpx:hr>
          </gpxtpx:TrackPointExtension>
        </extensions>
      </trkpt>
      <trkpt lat="31.253651775513756" lon="121.61458705066536">
        <ele>6.900438665412366</ele>
        <time>1970-01-01T00:18:15.900000Z</time>
        <extensions>
          <gpxtpx:TrackPointExtension>
            <gpxtpx:hr>170</gpxtpx:hr>
          </gpxtpx:TrackPointExtension>
        </extensions>
      </trkpt>
      <trkpt lat="31.253672060932605" lon="121.61457209922193">
        <ele>6.8655630042776465</ele>
        <time>1970-01-01T00:18:16.900000Z</time>
        <extensions>
          <gpxtpx:TrackPointExtension>
            <gpxtpx:hr>170</gpxtpx:hr>
          </gpxtpx:TrackPointExtension>
        </extensions>
      </trkpt>
      <trkpt lat="31.253692453579202" lon="121.61455720452636">
        <ele>6.8316514398902655</ele>
        <time>1970-01-01T00:18:17.900000Z</time>
        <extensions>
          <gpxtpx:TrackPointExtension>
            <gpxtpx:hr>170</gpxtpx:hr>
          </gpxtpx:TrackPointExtension>
        </extensions>
      </trkpt>
      <trkpt lat="31.253712953255626" lon="121.61454229452168">
        <ele>6.800370451062918</ele>
        <time>1970-01-01T00:18:18.900000Z</time>
        <extensions>
          <gpxtpx:TrackPointExtension>
            <gpxtpx:hr>171</gpxtpx:hr>
          </gpxtpx:TrackPointExtension>
        </extensions>
      </trkpt>
      <trkpt lat="31.25373343418274" lon="121.61452731813287">
        <ele>6.772992517799139</ele>
        <time>1970-01-01T00:18:19.900000Z</time>
        <extensions>
          <gpxtpx:TrackPointExtension>
            <gpxtpx:hr>171</gpxtpx:hr>
          </gpxtpx:TrackPointExtension>
        </extensions>
      </trkpt>
      <trkpt lat="31.25375359214438" lon="121.61451216050236">
        <ele>6.749386850744486</ele>
        <time>1970-01-01T00:18:20.900000Z</time>
        <extensions>
          <gpxtpx:TrackPointExtension>
            <gpxtpx:hr>171</gpxtpx:hr>
          </gpxtpx:TrackPointExtension>
        </extensions>
      </trkpt>
      <trkpt lat="31.253773484414967" lon="121.61449679302538">
        <ele>6.727622965350747</ele>
        <time>1970-01-01T00:18:21.900000Z</time>
        <extensions>
          <gpxtpx:TrackPointExtension>
            <gpxtpx:hr>171</gpxtpx:hr>
          </gpxtpx:TrackPointExtension>
        </extensions>
      </trkpt>
      <trkpt lat="31.253793521584313" lon="121.61448123676531">
        <ele>6.705075344070792</ele>
        <time>1970-01-01T00:18:22.900000Z</time>
        <extensions>
          <gpxtpx:TrackPointExtension>
            <gpxtpx:hr>171</gpxtpx:hr>
          </gpxtpx:TrackPointExtension>
        </extensions>
      </trkpt>
      <trkpt lat="31.2538137832351" lon="121.61446533307577">
        <ele>6.680282440967858</ele>
        <time>1970-01-01T00:18:24Z</time>
        <extensions>
          <gpxtpx:TrackPointExtension>
            <gpxtpx:hr>171</gpxtpx:hr>
          </gpxtpx:TrackPointExtension>
        </extensions>
      </trkpt>
      <trkpt lat="31.25383434962541" lon="121.61444904009564">
        <ele>6.653537432663143</ele>
        <time>1970-01-01T00:18:25Z</time>
        <extensions>
          <gpxtpx:TrackPointExtension>
            <gpxtpx:hr>171</gpxtpx:hr>
          </gpxtpx:TrackPointExtension>
        </extensions>
      </trkpt>
      <trkpt lat="31.253855467690244" lon="121.61443264078615">
        <ele>6.626360506750643</ele>
        <time>1970-01-01T00:18:26Z</time>
        <extensions>
          <gpxtpx:TrackPointExtension>
            <gpxtpx:hr>171</gpxtpx:hr>
          </gpxtpx:TrackPointExtension>
        </extensions>
      </trkpt>
      <trkpt lat="31.253877011733813" lon="121.61441631728388">
        <ele>6.599948043935001</ele>
        <time>1970-01-01T00:18:27Z</time>
        <extensions>
          <gpxtpx:TrackPointExtension>
            <gpxtpx:hr>171</gpxtpx:hr>
          </gpxtpx:TrackPointExtension>
        </extensions>
      </trkpt>
      <trkpt lat="31.253898858749707" lon="121.61439998019561">
        <ele>6.573099039494991</ele>
        <time>1970-01-01T00:18:28Z</time>
        <extensions>
          <gpxtpx:TrackPointExtension>
            <gpxtpx:hr>171</gpxtpx:hr>
          </gpxtpx:TrackPointExtension>
        </extensions>
      </trkpt>
      <trkpt lat="31.253921176893844" lon="121.61438357641728">
        <ele>6.543047794140875</ele>
        <time>1970-01-01T00:18:29Z</time>
        <extensions>
          <gpxtpx:TrackPointExtension>
            <gpxtpx:hr>171</gpxtpx:hr>
          </gpxtpx:TrackPointExtension>
        </extensions>
      </trkpt>
      <trkpt lat="31.253943800306814" lon="121.61436692938625">
        <ele>6.507834549993277</ele>
        <time>1970-01-01T00:18:30Z</time>
        <extensions>
          <gpxtpx:TrackPointExtension>
            <gpxtpx:hr>171</gpxtpx:hr>
          </gpxtpx:TrackPointExtension>
        </extensions>
      </trkpt>
      <trkpt lat="31.253966241557926" lon="121.6143499069786">
        <ele>6.466535713523626</ele>
        <time>1970-01-01T00:18:31Z</time>
        <extensions>
          <gpxtpx:TrackPointExtension>
            <gpxtpx:hr>171</gpxtpx:hr>
          </gpxtpx:TrackPointExtension>
        </extensions>
      </trkpt>
      <trkpt lat="31.25398824733052" lon="121.6143326221915">
        <ele>6.41918174829334</ele>
        <time>1970-01-01T00:18:32Z</time>
        <extensions>
          <gpxtpx:TrackPointExtension>
            <gpxtpx:hr>171</gpxtpx:hr>
          </gpxtpx:TrackPointExtension>
        </extensions>
      </trkpt>
      <trkpt lat="31.254009809255884" lon="121.61431499763809">
        <ele>6.366549508646131</ele>
        <time>1970-01-01T00:18:33Z</time>
        <extensions>
          <gpxtpx:TrackPointExtension>
            <gpxtpx:hr>171</gpxtpx:hr>
          </gpxtpx:TrackPointExtension>
        </extensions>
      </trkpt>
      <trkpt lat="31.254031313805335" lon="121.6142970582576">
        <ele>6.3094545947387815</ele>
        <time>1970-01-01T00:18:34Z</time>
        <extensions>
          <gpxtpx:TrackPointExtension>
            <gpxtpx:hr>171</gpxtpx:hr>
          </gpxtpx:TrackPointExtension>
        </extensions>
      </trkpt>
      <trkpt lat="31.254053127571666" lon="121.61427872529194">
        <ele>6.2483966164290905</ele>
        <time>1970-01-01T00:18:35Z</time>
        <extensions>
          <gpxtpx:TrackPointExtension>
            <gpxtpx:hr>172</gpxtpx:hr>
          </gpxtpx:TrackPointExtension>
        </extensions>
      </trkpt>
      <trkpt lat="31.254074967976393" lon="121.61425986397143">
        <ele>6.183527900837362</ele>
        <time>1970-01-01T00:18:36Z</time>
        <extensions>
          <gpxtpx:TrackPointExtension>
            <gpxtpx:hr>172</gpxtpx:hr>
          </gpxtpx:TrackPointExtension>
        </extensions>
      </trkpt>
      <trkpt lat="31.254096623000017" lon="121.61424062049558">
        <ele>6.11520185880363</ele>
        <time>1970-01-01T00:18:37Z</time>
        <extensions>
          <gpxtpx:TrackPointExtension>
            <gpxtpx:hr>172</gpxtpx:hr>
          </gpxtpx:TrackPointExtension>
        </extensions>
      </trkpt>
      <trkpt lat="31.25411827689526" lon="121.61422133126032">
        <ele>6.044394697993994</ele>
        <time>1970-01-01T00:18:38Z</time>
        <extensions>
          <gpxtpx:TrackPointExtension>
            <gpxtpx:hr>172</gpxtpx:hr>
          </gpxtpx:TrackPointExtension>
        </extensions>
      </trkpt>
      <trkpt lat="31.254139901726" lon="121.61420225924304">
        <ele>5.9729915400967</ele>
        <time>1970-01-01T00:18:39Z</time>
        <extensions>
          <gpxtpx:TrackPointExtension>
            <gpxtpx:hr>172</gpxtpx:hr>
          </gpxtpx:TrackPointExtension>
        </extensions>
      </trkpt>
      <trkpt lat="31.254161572634462" lon="121.61418347083018">
        <ele>5.903050561435521</ele>
        <time>1970-01-01T00:18:40Z</time>
        <extensions>
          <gpxtpx:TrackPointExtension>
            <gpxtpx:hr>172</gpxtpx:hr>
          </gpxtpx:TrackPointExtension>
        </extensions>
      </trkpt>
      <trkpt lat="31.254183295480384" lon="121.61416495851542">
        <ele>5.836010601371527</ele>
        <time>1970-01-01T00:18:41Z</time>
        <extensions>
          <gpxtpx:TrackPointExtension>
            <gpxtpx:hr>172</gpxtpx:hr>
          </gpxtpx:TrackPointExtension>
        </extensions>
      </trkpt>
      <trkpt lat="31.2542047329694" lon="121.61414654012313">
        <ele>5.773045426234603</ele>
        <time>1970-01-01T00:18:42Z</time>
        <extensions>
          <gpxtpx:TrackPointExtension>
            <gpxtpx:hr>172</gpxtpx:hr>
          </gpxtpx:TrackPointExtension>
        </extensions>
      </trkpt>
      <trkpt lat="31.254225785743948" lon="121.61412812039174">
        <ele>5.71527345944196</ele>
        <time>1970-01-01T00:18:43Z</time>
        <extensions>
          <gpxtpx:TrackPointExtension>
            <gpxtpx:hr>172</gpxtpx:hr>
          </gpxtpx:TrackPointExtension>
        </extensions>
      </trkpt>
      <trkpt lat="31.254246471595085" lon="121.61410968376511">
        <ele>5.663986986503005</ele>
        <time>1970-01-01T00:18:44Z</time>
        <extensions>
          <gpxtpx:TrackPointExtension>
            <gpxtpx:hr>172</gpxtpx:hr>
          </gpxtpx:TrackPointExtension>
        </extensions>
      </trkpt>
      <trkpt lat="31.254266798539533" lon="121.61409133536881">
        <ele>5.6204277370125055</ele>
        <time>1970-01-01T00:18:45Z</time>
        <extensions>
          <gpxtpx:TrackPointExtension>
            <gpxtpx:hr>172</gpxtpx:hr>
          </gpxtpx:TrackPointExtension>
        </extensions>
      </trkpt>
      <trkpt lat="31.254286956793198" lon="121.61407332234236">
        <ele>5.586118211038411</ele>
        <time>1970-01-01T00:18:46Z</time>
        <extensions>
          <gpxtpx:TrackPointExtension>
            <gpxtpx:hr>172</gpxtpx:hr>
          </gpxtpx:TrackPointExtension>
        </extensions>
      </trkpt>
      <trkpt lat="31.25430679071687" lon="121.6140553681315">
        <ele>5.563430644571781</ele>
        <time>1970-01-01T00:18:47Z</time>
        <extensions>
          <gpxtpx:TrackPointExtension>
            <gpxtpx:hr>172</gpxtpx:hr>
          </gpxtpx:TrackPointExtension>
        </extensions>
      </trkpt>
      <trkpt lat="31.25432599790286" lon="121.61403695976456">
        <ele>5.553556192666292</ele>
        <time>1970-01-01T00:18:48Z</time>
        <extensions>
          <gpxtpx:TrackPointExtension>
            <gpxtpx:hr>172</gpxtpx:hr>
          </gpxtpx:TrackPointExtension>
        </extensions>
      </trkpt>
      <trkpt lat="31.2543446536122" lon="121.61401783505625">
        <ele>5.5551605289801955</ele>
        <time>1970-01-01T00:18:49Z</time>
        <extensions>
          <gpxtpx:TrackPointExtension>
            <gpxtpx:hr>172</gpxtpx:hr>
          </gpxtpx:TrackPointExtension>
        </extensions>
      </trkpt>
      <trkpt lat="31.254363071660713" lon="121.61399814907996">
        <ele>5.565067516639829</ele>
        <time>1970-01-01T00:18:50Z</time>
        <extensions>
          <gpxtpx:TrackPointExtension>
            <gpxtpx:hr>172</gpxtpx:hr>
          </gpxtpx:TrackPointExtension>
        </extensions>
      </trkpt>
      <trkpt lat="31.254381421038012" lon="121.61397839879712">
        <ele>5.579241404309869</ele>
        <time>1970-01-01T00:18:51Z</time>
        <extensions>
          <gpxtpx:TrackPointExtension>
            <gpxtpx:hr>171</gpxtpx:hr>
          </gpxtpx:TrackPointExtension>
        </extensions>
      </trkpt>
      <trkpt lat="31.254399586717295" lon="121.61395890595432">
        <ele>5.594579095952213</ele>
        <time>1970-01-01T00:18:52Z</time>
        <extensions>
          <gpxtpx:TrackPointExtension>
            <gpxtpx:hr>171</gpxtpx:hr>
          </gpxtpx:TrackPointExtension>
        </extensions>
      </trkpt>
      <trkpt lat="31.25441732103148" lon="121.61393971880373">
        <ele>5.609557460993528</ele>
        <time>1970-01-01T00:18:53Z</time>
        <extensions>
          <gpxtpx:TrackPointExtension>
            <gpxtpx:hr>171</gpxtpx:hr>
          </gpxtpx:TrackPointExtension>
        </extensions>
      </trkpt>
      <trkpt lat="31.25443438497737" lon="121.61392060743">
        <ele>5.623789103701711</ele>
        <time>1970-01-01T00:18:54Z</time>
        <extensions>
          <gpxtpx:TrackPointExtension>
            <gpxtpx:hr>171</gpxtpx:hr>
          </gpxtpx:TrackPointExtension>
        </extensions>
      </trkpt>
      <trkpt lat="31.254450727017705" lon="121.61390112485063">
        <ele>5.637037222273648</ele>
        <time>1970-01-01T00:18:55Z</time>
        <extensions>
          <gpxtpx:TrackPointExtension>
            <gpxtpx:hr>171</gpxtpx:hr>
          </gpxtpx:TrackPointExtension>
        </extensions>
      </trkpt>
      <trkpt lat="31.254466166844995" lon="121.61388095715068">
        <ele>5.648482948541641</ele>
        <time>1970-01-01T00:18:56Z</time>
        <extensions>
          <gpxtpx:TrackPointExtension>
            <gpxtpx:hr>171</gpxtpx:hr>
          </gpxtpx:TrackPointExtension>
        </extensions>
      </trkpt>
      <trkpt lat="31.254480550246157" lon="121.613860265326">
        <ele>5.657391406595707</ele>
        <time>1970-01-01T00:18:57Z</time>
        <extensions>
          <gpxtpx:TrackPointExtension>
            <gpxtpx:hr>170</gpxtpx:hr>
          </gpxtpx:TrackPointExtension>
        </extensions>
      </trkpt>
      <trkpt lat="31.254493880660615" lon="121.6138391572189">
        <ele>5.663501227274537</ele>
        <time>1970-01-01T00:18:58Z</time>
        <extensions>
          <gpxtpx:TrackPointExtension>
            <gpxtpx:hr>170</gpxtpx:hr>
          </gpxtpx:TrackPointExtension>
        </extensions>
      </trkpt>
      <trkpt lat="31.254506145956512" lon="121.61381733940858">
        <ele>5.667525143362582</ele>
        <time>1970-01-01T00:18:59Z</time>
        <extensions>
          <gpxtpx:TrackPointExtension>
            <gpxtpx:hr>170</gpxtpx:hr>
          </gpxtpx:TrackPointExtension>
        </extensions>
      </trkpt>
      <trkpt lat="31.254517304461597" lon="121.61379442481703">
        <ele>5.670795243233442</ele>
        <time>1970-01-01T00:19:00.100000Z</time>
        <extensions>
          <gpxtpx:TrackPointExtension>
            <gpxtpx:hr>170</gpxtpx:hr>
          </gpxtpx:TrackPointExtension>
        </extensions>
      </trkpt>
      <trkpt lat="31.254527366032015" lon="121.61377018912859">
        <ele>5.673555254004896</ele>
        <time>1970-01-01T00:19:01.100000Z</time>
        <extensions>
          <gpxtpx:TrackPointExtension>
            <gpxtpx:hr>170</gpxtpx:hr>
          </gpxtpx:TrackPointExtension>
        </extensions>
      </trkpt>
      <trkpt lat="31.25453609362727" lon="121.61374499298367">
        <ele>5.675065970979631</ele>
        <time>1970-01-01T00:19:02.100000Z</time>
        <extensions>
          <gpxtpx:TrackPointExtension>
            <gpxtpx:hr>170</gpxtpx:hr>
          </gpxtpx:TrackPointExtension>
        </extensions>
      </trkpt>
      <trkpt lat="31.25454376387001" lon="121.61372003412117">
        <ele>5.674678246490657</ele>
        <time>1970-01-01T00:19:03.100000Z</time>
        <extensions>
          <gpxtpx:TrackPointExtension>
            <gpxtpx:hr>170</gpxtpx:hr>
          </gpxtpx:TrackPointExtension>
        </extensions>
      </trkpt>
      <trkpt lat="31.254551799320456" lon="121.61369651894866">
        <ele>5.672019550576806</ele>
        <time>1970-01-01T00:19:04.100000Z</time>
        <extensions>
          <gpxtpx:TrackPointExtension>
            <gpxtpx:hr>170</gpxtpx:hr>
          </gpxtpx:TrackPointExtension>
        </extensions>
      </trkpt>
      <trkpt lat="31.254561850969235" lon="121.61367536759074">
        <ele>5.667553822509944</ele>
        <time>1970-01-01T00:19:05.100000Z</time>
        <extensions>
          <gpxtpx:TrackPointExtension>
            <gpxtpx:hr>170</gpxtpx:hr>
          </gpxtpx:TrackPointExtension>
        </extensions>
      </trkpt>
      <trkpt lat="31.254575412592462" lon="121.61365814266033">
        <ele>5.6630968526005745</ele>
        <time>1970-01-01T00:19:06.100000Z</time>
        <extensions>
          <gpxtpx:TrackPointExtension>
            <gpxtpx:hr>170</gpxtpx:hr>
          </gpxtpx:TrackPointExtension>
        </extensions>
      </trkpt>
      <trkpt lat="31.25459242269036" lon="121.61364566122829">
        <ele>5.66157874558121</ele>
        <time>1970-01-01T00:19:07.100000Z</time>
        <extensions>
          <gpxtpx:TrackPointExtension>
            <gpxtpx:hr>170</gpxtpx:hr>
          </gpxtpx:TrackPointExtension>
        </extensions>
      </trkpt>
      <trkpt lat="31.254612124373875" lon="121.61363634648741">
        <ele>5.6660176469013095</ele>
        <time>1970-01-01T00:19:08.100000Z</time>
        <extensions>
          <gpxtpx:TrackPointExtension>
            <gpxtpx:hr>170</gpxtpx:hr>
          </gpxtpx:TrackPointExtension>
        </extensions>
      </trkpt>
      <trkpt lat="31.254633938186267" lon="121.61362845977158">
        <ele>5.6779950531199574</ele>
        <time>1970-01-01T00:19:09.100000Z</time>
        <extensions>
          <gpxtpx:TrackPointExtension>
            <gpxtpx:hr>171</gpxtpx:hr>
          </gpxtpx:TrackPointExtension>
        </extensions>
      </trkpt>
      <trkpt lat="31.254657048035526" lon="121.6136211093365">
        <ele>5.696984888985753</ele>
        <time>1970-01-01T00:19:10.100000Z</time>
        <extensions>
          <gpxtpx:TrackPointExtension>
            <gpxtpx:hr>171</gpxtpx:hr>
          </gpxtpx:TrackPointExtension>
        </extensions>
      </trkpt>
      <trkpt lat="31.254681191326245" lon="121.61361378733862">
        <ele>5.721204921603203</ele>
        <time>1970-01-01T00:19:11.100000Z</time>
        <extensions>
          <gpxtpx:TrackPointExtension>
            <gpxtpx:hr>171</gpxtpx:hr>
          </gpxtpx:TrackPointExtension>
        </extensions>
      </trkpt>
      <trkpt lat="31.254706036928745" lon="121.61360674724872">
        <ele>5.749021053314209</ele>
        <time>1970-01-01T00:19:12.100000Z</time>
        <extensions>
          <gpxtpx:TrackPointExtension>
            <gpxtpx:hr>171</gpxtpx:hr>
          </gpxtpx:TrackPointExtension>
        </extensions>
      </trkpt>
      <trkpt lat="31.254730920002565" lon="121.61360095121492">
        <ele>5.779597523622215</ele>
        <time>1970-01-01T00:19:13.100000Z</time>
        <extensions>
          <gpxtpx:TrackPointExtension>
            <gpxtpx:hr>171</gpxtpx:hr>
          </gpxtpx:TrackPointExtension>
        </extensions>
      </trkpt>
      <trkpt lat="31.254755409066803" lon="121.61359664103973">
        <ele>5.812659746967256</ele>
        <time>1970-01-01T00:19:14.100000Z</time>
        <extensions>
          <gpxtpx:TrackPointExtension>
            <gpxtpx:hr>170</gpxtpx:hr>
          </gpxtpx:TrackPointExtension>
        </extensions>
      </trkpt>
      <trkpt lat="31.254779397446875" lon="121.6135929878971">
        <ele>5.848185416311026</ele>
        <time>1970-01-01T00:19:15.100000Z</time>
        <extensions>
          <gpxtpx:TrackPointExtension>
            <gpxtpx:hr>170</gpxtpx:hr>
          </gpxtpx:TrackPointExtension>
        </extensions>
      </trkpt>
      <trkpt lat="31.254803125733982" lon="121.61358998171782">
        <ele>5.8857447654008865</ele>
        <time>1970-01-01T00:19:16.100000Z</time>
        <extensions>
          <gpxtpx:TrackPointExtension>
            <gpxtpx:hr>170</gpxtpx:hr>
          </gpxtpx:TrackPointExtension>
        </extensions>
      </trkpt>
      <trkpt lat="31.254827120871713" lon="121.61358772197312">
        <ele>5.9238624749705195</ele>
        <time>1970-01-01T00:19:17.100000Z</time>
        <extensions>
          <gpxtpx:TrackPointExtension>
            <gpxtpx:hr>170</gpxtpx:hr>
          </gpxtpx:TrackPointExtension>
        </extensions>
      </trkpt>
      <trkpt lat="31.25485146230097" lon="121.61358530039907">
        <ele>5.960331522859633</ele>
        <time>1970-01-01T00:19:18.100000Z</time>
        <extensions>
          <gpxtpx:TrackPointExtension>
            <gpxtpx:hr>170</gpxtpx:hr>
          </gpxtpx:TrackPointExtension>
        </extensions>
      </trkpt>
      <trkpt lat="31.25487582341092" lon="121.61358180968399">
        <ele>5.992111942730844</ele>
        <time>1970-01-01T00:19:19.100000Z</time>
        <extensions>
          <gpxtpx:TrackPointExtension>
            <gpxtpx:hr>170</gpxtpx:hr>
          </gpxtpx:TrackPointExtension>
        </extensions>
      </trkpt>
      <trkpt lat="31.254900113328617" lon="121.61357634174121">
        <ele>6.01592886634171</ele>
        <time>1970-01-01T00:19:20.100000Z</time>
        <extensions>
          <gpxtpx:TrackPointExtension>
            <gpxtpx:hr>170</gpxtpx:hr>
          </gpxtpx:TrackPointExtension>
        </extensions>
      </trkpt>
      <trkpt lat="31.25492438717384" lon="121.61356812075185">
        <ele>6.030280978418887</ele>
        <time>1970-01-01T00:19:21.100000Z</time>
        <extensions>
          <gpxtpx:TrackPointExtension>
            <gpxtpx:hr>170</gpxtpx:hr>
          </gpxtpx:TrackPointExtension>
        </extensions>
      </trkpt>
      <trkpt lat="31.25494851523164" lon="121.61355702007229">
        <ele>6.035705900751054</ele>
        <time>1970-01-01T00:19:22.100000Z</time>
        <extensions>
          <gpxtpx:TrackPointExtension>
            <gpxtpx:hr>170</gpxtpx:hr>
          </gpxtpx:TrackPointExtension>
        </extensions>
      </trkpt>
      <trkpt lat="31.254972446837733" lon="121.61354344111534">
        <ele>6.0337621085345745</ele>
        <time>1970-01-01T00:19:23.100000Z</time>
        <extensions>
          <gpxtpx:TrackPointExtension>
            <gpxtpx:hr>170</gpxtpx:hr>
          </gpxtpx:TrackPointExtension>
        </extensions>
      </trkpt>
      <trkpt lat="31.254996049826538" lon="121.61352775523535">
        <ele>6.0262975208461285</ele>
        <time>1970-01-01T00:19:24.100000Z</time>
        <extensions>
          <gpxtpx:TrackPointExtension>
            <gpxtpx:hr>170</gpxtpx:hr>
          </gpxtpx:TrackPointExtension>
        </extensions>
      </trkpt>
      <trkpt lat="31.255019351499406" lon="121.61351076535156">
        <ele>6.014860076829791</ele>
        <time>1970-01-01T00:19:25.100000Z</time>
        <extensions>
          <gpxtpx:TrackPointExtension>
            <gpxtpx:hr>172</gpxtpx:hr>
          </gpxtpx:TrackPointExtension>
        </extensions>
      </trkpt>
      <trkpt lat="31.255042720250398" lon="121.61349322428525">
        <ele>6.000380323268473</ele>
        <time>1970-01-01T00:19:26.100000Z</time>
        <extensions>
          <gpxtpx:TrackPointExtension>
            <gpxtpx:hr>172</gpxtpx:hr>
          </gpxtpx:TrackPointExtension>
        </extensions>
      </trkpt>
      <trkpt lat="31.25506620898518" lon="121.6134752529142">
        <ele>5.983220648020506</ele>
        <time>1970-01-01T00:19:27.100000Z</time>
        <extensions>
          <gpxtpx:TrackPointExtension>
            <gpxtpx:hr>172</gpxtpx:hr>
          </gpxtpx:TrackPointExtension>
        </extensions>
      </trkpt>
      <trkpt lat="31.255089594356747" lon="121.6134574578298">
        <ele>5.963757310062647</ele>
        <time>1970-01-01T00:19:28.100000Z</time>
        <extensions>
          <gpxtpx:TrackPointExtension>
            <gpxtpx:hr>172</gpxtpx:hr>
          </gpxtpx:TrackPointExtension>
        </extensions>
      </trkpt>
      <trkpt lat="31.255112646330247" lon="121.61344023969737">
        <ele>5.942202342674136</ele>
        <time>1970-01-01T00:19:29.100000Z</time>
        <extensions>
          <gpxtpx:TrackPointExtension>
            <gpxtpx:hr>172</gpxtpx:hr>
          </gpxtpx:TrackPointExtension>
        </extensions>
      </trkpt>
      <trkpt lat="31.255135148888733" lon="121.61342360291799">
        <ele>5.918338656425476</ele>
        <time>1970-01-01T00:19:30.100000Z</time>
        <extensions>
          <gpxtpx:TrackPointExtension>
            <gpxtpx:hr>172</gpxtpx:hr>
          </gpxtpx:TrackPointExtension>
        </extensions>
      </trkpt>
      <trkpt lat="31.25515722260267" lon="121.61340769176353">
        <ele>5.8918523928150535</ele>
        <time>1970-01-01T00:19:31.100000Z</time>
        <extensions>
          <gpxtpx:TrackPointExtension>
            <gpxtpx:hr>172</gpxtpx:hr>
          </gpxtpx:TrackPointExtension>
        </extensions>
      </trkpt>
      <trkpt lat="31.255179296677674" lon="121.61339246780234">
        <ele>5.862318909727037</ele>
        <time>1970-01-01T00:19:32.100000Z</time>
        <extensions>
          <gpxtpx:TrackPointExtension>
            <gpxtpx:hr>172</gpxtpx:hr>
          </gpxtpx:TrackPointExtension>
        </extensions>
      </trkpt>
      <trkpt lat="31.255201559362554" lon="121.61337771742025">
        <ele>5.829385067336261</ele>
        <time>1970-01-01T00:19:33.100000Z</time>
        <extensions>
          <gpxtpx:TrackPointExtension>
            <gpxtpx:hr>172</gpxtpx:hr>
          </gpxtpx:TrackPointExtension>
        </extensions>
      </trkpt>
      <trkpt lat="31.25522413528038" lon="121.61336349111316">
        <ele>5.793153641745448</ele>
        <time>1970-01-01T00:19:34.100000Z</time>
        <extensions>
          <gpxtpx:TrackPointExtension>
            <gpxtpx:hr>172</gpxtpx:hr>
          </gpxtpx:TrackPointExtension>
        </extensions>
      </trkpt>
      <trkpt lat="31.25524704663105" lon="121.6133497664177">
        <ele>5.75473983772099</ele>
        <time>1970-01-01T00:19:35.200000Z</time>
        <extensions>
          <gpxtpx:TrackPointExtension>
            <gpxtpx:hr>172</gpxtpx:hr>
          </gpxtpx:TrackPointExtension>
        </extensions>
      </trkpt>
      <trkpt lat="31.255269823146097" lon="121.61333645315517">
        <ele>5.716344556771219</ele>
        <time>1970-01-01T00:19:36.200000Z</time>
        <extensions>
          <gpxtpx:TrackPointExtension>
            <gpxtpx:hr>173</gpxtpx:hr>
          </gpxtpx:TrackPointExtension>
        </extensions>
      </trkpt>
      <trkpt lat="31.255292172263626" lon="121.61332376957712">
        <ele>5.679659352637827</ele>
        <time>1970-01-01T00:19:37.200000Z</time>
        <extensions>
          <gpxtpx:TrackPointExtension>
            <gpxtpx:hr>173</gpxtpx:hr>
          </gpxtpx:TrackPointExtension>
        </extensions>
      </trkpt>
      <trkpt lat="31.25531431538325" lon="121.6133115946334">
        <ele>5.644554482772946</ele>
        <time>1970-01-01T00:19:38.200000Z</time>
        <extensions>
          <gpxtpx:TrackPointExtension>
            <gpxtpx:hr>173</gpxtpx:hr>
          </gpxtpx:TrackPointExtension>
        </extensions>
      </trkpt>
      <trkpt lat="31.255336256768327" lon="121.61329974921253">
        <ele>5.609511696733534</ele>
        <time>1970-01-01T00:19:39.200000Z</time>
        <extensions>
          <gpxtpx:TrackPointExtension>
            <gpxtpx:hr>173</gpxtpx:hr>
          </gpxtpx:TrackPointExtension>
        </extensions>
      </trkpt>
      <trkpt lat="31.255357959085124" lon="121.61328861722812">
        <ele>5.572736761532724</ele>
        <time>1970-01-01T00:19:40.200000Z</time>
        <extensions>
          <gpxtpx:TrackPointExtension>
            <gpxtpx:hr>174</gpxtpx:hr>
          </gpxtpx:TrackPointExtension>
        </extensions>
      </trkpt>
      <trkpt lat="31.255379692359934" lon="121.6132777392446">
        <ele>5.5335109885782</ele>
        <time>1970-01-01T00:19:41.200000Z</time>
        <extensions>
          <gpxtpx:TrackPointExtension>
            <gpxtpx:hr>174</gpxtpx:hr>
          </gpxtpx:TrackPointExtension>
        </extensions>
      </trkpt>
      <trkpt lat="31.255401754122648" lon="121.61326638140756">
        <ele>5.492340191267431</ele>
        <time>1970-01-01T00:19:42.200000Z</time>
        <extensions>
          <gpxtpx:TrackPointExtension>
            <gpxtpx:hr>174</gpxtpx:hr>
          </gpxtpx:TrackPointExtension>
        </extensions>
      </trkpt>
      <trkpt lat="31.255424488874873" lon="121.61325503041265">
        <ele>5.450269156135619</ele>
        <time>1970-01-01T00:19:43.200000Z</time>
        <extensions>
          <gpxtpx:TrackPointExtension>
            <gpxtpx:hr>174</gpxtpx:hr>
          </gpxtpx:TrackPointExtension>
        </extensions>
      </trkpt>
      <trkpt lat="31.25544812074416" lon="121.61324431046083">
        <ele>5.408975588157773</ele>
        <time>1970-01-01T00:19:44.200000Z</time>
        <extensions>
          <gpxtpx:TrackPointExtension>
            <gpxtpx:hr>173</gpxtpx:hr>
          </gpxtpx:TrackPointExtension>
        </extensions>
      </trkpt>
      <trkpt lat="31.255472284694775" lon="121.61323452904325">
        <ele>5.37107140943408</ele>
        <time>1970-01-01T00:19:45.200000Z</time>
        <extensions>
          <gpxtpx:TrackPointExtension>
            <gpxtpx:hr>173</gpxtpx:hr>
          </gpxtpx:TrackPointExtension>
        </extensions>
      </trkpt>
      <trkpt lat="31.255495977758525" lon="121.61322389703177">
        <ele>5.3392864959314466</ele>
        <time>1970-01-01T00:19:46.200000Z</time>
        <extensions>
          <gpxtpx:TrackPointExtension>
            <gpxtpx:hr>173</gpxtpx:hr>
          </gpxtpx:TrackPointExtension>
        </extensions>
      </trkpt>
      <trkpt lat="31.255518765023066" lon="121.61321081231722">
        <ele>5.3151140147820115</ele>
        <time>1970-01-01T00:19:47.200000Z</time>
        <extensions>
          <gpxtpx:TrackPointExtension>
            <gpxtpx:hr>173</gpxtpx:hr>
          </gpxtpx:TrackPointExtension>
        </extensions>
      </trkpt>
      <trkpt lat="31.255541106085605" lon="121.61319612665233">
        <ele>5.298658997751772</ele>
        <time>1970-01-01T00:19:48.200000Z</time>
        <extensions>
          <gpxtpx:TrackPointExtension>
            <gpxtpx:hr>173</gpxtpx:hr>
          </gpxtpx:TrackPointExtension>
        </extensions>
      </trkpt>
      <trkpt lat="31.255563479907206" lon="121.61318070731812">
        <ele>5.2892104014754295</ele>
        <time>1970-01-01T00:19:49.200000Z</time>
        <extensions>
          <gpxtpx:TrackPointExtension>
            <gpxtpx:hr>173</gpxtpx:hr>
          </gpxtpx:TrackPointExtension>
        </extensions>
      </trkpt>
      <trkpt lat="31.25558600904757" lon="121.61316469802938">
        <ele>5.285675303079188</ele>
        <time>1970-01-01T00:19:50.200000Z</time>
        <extensions>
          <gpxtpx:TrackPointExtension>
            <gpxtpx:hr>173</gpxtpx:hr>
          </gpxtpx:TrackPointExtension>
        </extensions>
      </trkpt>
      <trkpt lat="31.255608635818668" lon="121.61314827460652">
        <ele>5.286884524859488</ele>
        <time>1970-01-01T00:19:51.200000Z</time>
        <extensions>
          <gpxtpx:TrackPointExtension>
            <gpxtpx:hr>173</gpxtpx:hr>
          </gpxtpx:TrackPointExtension>
        </extensions>
      </trkpt>
      <trkpt lat="31.255631228287836" lon="121.61313181100199">
        <ele>5.291775923222303</ele>
        <time>1970-01-01T00:19:52.200000Z</time>
        <extensions>
          <gpxtpx:TrackPointExtension>
            <gpxtpx:hr>173</gpxtpx:hr>
          </gpxtpx:TrackPointExtension>
        </extensions>
      </trkpt>
      <trkpt lat="31.25565340907119" lon="121.61311495957064">
        <ele>5.299453062005341</ele>
        <time>1970-01-01T00:19:53.200000Z</time>
        <extensions>
          <gpxtpx:TrackPointExtension>
            <gpxtpx:hr>173</gpxtpx:hr>
          </gpxtpx:TrackPointExtension>
        </extensions>
      </trkpt>
      <trkpt lat="31.25567485633486" lon="121.61309722077743">
        <ele>5.309149282053113</ele>
        <time>1970-01-01T00:19:54.200000Z</time>
        <extensions>
          <gpxtpx:TrackPointExtension>
            <gpxtpx:hr>173</gpxtpx:hr>
          </gpxtpx:TrackPointExtension>
        </extensions>
      </trkpt>
      <trkpt lat="31.255695633221666" lon="121.61307857312032">
        <ele>5.3201662274077535</ele>
        <time>1970-01-01T00:19:55.200000Z</time>
        <extensions>
          <gpxtpx:TrackPointExtension>
            <gpxtpx:hr>173</gpxtpx:hr>
          </gpxtpx:TrackPointExtension>
        </extensions>
      </trkpt>
      <trkpt lat="31.25571598888095" lon="121.61305897890544">
        <ele>5.33184168022126</ele>
        <time>1970-01-01T00:19:56.200000Z</time>
        <extensions>
          <gpxtpx:TrackPointExtension>
            <gpxtpx:hr>173</gpxtpx:hr>
          </gpxtpx:TrackPointExtension>
        </extensions>
      </trkpt>
      <trkpt lat="31.255735977950458" lon="121.61303831699276">
        <ele>5.343541585840285</ele>
        <time>1970-01-01T00:19:57.200000Z</time>
        <extensions>
          <gpxtpx:TrackPointExtension>
            <gpxtpx:hr>173</gpxtpx:hr>
          </gpxtpx:TrackPointExtension>
        </extensions>
      </trkpt>
      <trkpt lat="31.255755642756558" lon="121.61301715179259">
        <ele>5.354694124311209</ele>
        <time>1970-01-01T00:19:58.200000Z</time>
        <extensions>
          <gpxtpx:TrackPointExtension>
            <gpxtpx:hr>173</gpxtpx:hr>
          </gpxtpx:TrackPointExtension>
        </extensions>
      </trkpt>
      <trkpt lat="31.25577518984266" lon="121.61299619529262">
        <ele>5.364886921830475</ele>
        <time>1970-01-01T00:19:59.200000Z</time>
        <extensions>
          <gpxtpx:TrackPointExtension>
            <gpxtpx:hr>173</gpxtpx:hr>
          </gpxtpx:TrackPointExtension>
        </extensions>
      </trkpt>
      <trkpt lat="31.255794942664984" lon="121.61297629342384">
        <ele>5.373938689008355</ele>
        <time>1970-01-01T00:20:00.200000Z</time>
        <extensions>
          <gpxtpx:TrackPointExtension>
            <gpxtpx:hr>172</gpxtpx:hr>
          </gpxtpx:TrackPointExtension>
        </extensions>
      </trkpt>
      <trkpt lat="31.255814896448655" lon="121.61295765010631">
        <ele>5.3818545788526535</ele>
        <time>1970-01-01T00:20:01.200000Z</time>
        <extensions>
          <gpxtpx:TrackPointExtension>
            <gpxtpx:hr>172</gpxtpx:hr>
          </gpxtpx:TrackPointExtension>
        </extensions>
      </trkpt>
      <trkpt lat="31.255834782453547" lon="121.61293950213081">
        <ele>5.388727007433772</ele>
        <time>1970-01-01T00:20:02.200000Z</time>
        <extensions>
          <gpxtpx:TrackPointExtension>
            <gpxtpx:hr>172</gpxtpx:hr>
          </gpxtpx:TrackPointExtension>
        </extensions>
      </trkpt>
      <trkpt lat="31.255854501882105" lon="121.61292161599287">
        <ele>5.3946723798289895</ele>
        <time>1970-01-01T00:20:03.200000Z</time>
        <extensions>
          <gpxtpx:TrackPointExtension>
            <gpxtpx:hr>172</gpxtpx:hr>
          </gpxtpx:TrackPointExtension>
        </extensions>
      </trkpt>
      <trkpt lat="31.255874088335275" lon="121.61290406074292">
        <ele>5.399817826226354</ele>
        <time>1970-01-01T00:20:04.200000Z</time>
        <extensions>
          <gpxtpx:TrackPointExtension>
            <gpxtpx:hr>172</gpxtpx:hr>
          </gpxtpx:TrackPointExtension>
        </extensions>
      </trkpt>
      <trkpt lat="31.255893806589746" lon="121.61288721370512">
        <ele>5.404350016266108</ele>
        <time>1970-01-01T00:20:05.200000Z</time>
        <extensions>
          <gpxtpx:TrackPointExtension>
            <gpxtpx:hr>172</gpxtpx:hr>
          </gpxtpx:TrackPointExtension>
        </extensions>
      </trkpt>
      <trkpt lat="31.255913878513926" lon="121.6128716260755">
        <ele>5.408656208775938</ele>
        <time>1970-01-01T00:20:06.200000Z</time>
        <extensions>
          <gpxtpx:TrackPointExtension>
            <gpxtpx:hr>171</gpxtpx:hr>
          </gpxtpx:TrackPointExtension>
        </extensions>
      </trkpt>
      <trkpt lat="31.255934462377137" lon="121.61285729956766">
        <ele>5.413514873944223</ele>
        <time>1970-01-01T00:20:07.200000Z</time>
        <extensions>
          <gpxtpx:TrackPointExtension>
            <gpxtpx:hr>171</gpxtpx:hr>
          </gpxtpx:TrackPointExtension>
        </extensions>
      </trkpt>
      <trkpt lat="31.255955926537432" lon="121.61284386666995">
        <ele>5.4201262118294835</ele>
        <time>1970-01-01T00:20:08.200000Z</time>
        <extensions>
          <gpxtpx:TrackPointExtension>
            <gpxtpx:hr>171</gpxtpx:hr>
          </gpxtpx:TrackPointExtension>
        </extensions>
      </trkpt>
      <trkpt lat="31.25597991613018" lon="121.61283044723018">
        <ele>5.43080510571599</ele>
        <time>1970-01-01T00:20:09.200000Z</time>
        <extensions>
          <gpxtpx:TrackPointExtension>
            <gpxtpx:hr>171</gpxtpx:hr>
          </gpxtpx:TrackPointExtension>
        </extensions>
      </trkpt>
      <trkpt lat="31.256003173686974" lon="121.61281860451058">
        <ele>5.445220721885562</ele>
        <time>1970-01-01T00:20:10.200000Z</time>
        <extensions>
          <gpxtpx:TrackPointExtension>
            <gpxtpx:hr>171</gpxtpx:hr>
          </gpxtpx:TrackPointExtension>
        </extensions>
      </trkpt>
      <trkpt lat="31.256026942315405" lon="121.61280694514804">
        <ele>5.463962919078767</ele>
        <time>1970-01-01T00:20:11.300000Z</time>
        <extensions>
          <gpxtpx:TrackPointExtension>
            <gpxtpx:hr>171</gpxtpx:hr>
          </gpxtpx:TrackPointExtension>
        </extensions>
      </trkpt>
      <trkpt lat="31.25605094201378" lon="121.61279526334577">
        <ele>5.486116197891533</ele>
        <time>1970-01-01T00:20:12.300000Z</time>
        <extensions>
          <gpxtpx:TrackPointExtension>
            <gpxtpx:hr>171</gpxtpx:hr>
          </gpxtpx:TrackPointExtension>
        </extensions>
      </trkpt>
      <trkpt lat="31.25607481017019" lon="121.61278336934576">
        <ele>5.5096946293488145</ele>
        <time>1970-01-01T00:20:13.300000Z</time>
        <extensions>
          <gpxtpx:TrackPointExtension>
            <gpxtpx:hr>172</gpxtpx:hr>
          </gpxtpx:TrackPointExtension>
        </extensions>
      </trkpt>
      <trkpt lat="31.25609819736463" lon="121.61277099911005">
        <ele>5.532249501906335</ele>
        <time>1970-01-01T00:20:14.300000Z</time>
        <extensions>
          <gpxtpx:TrackPointExtension>
            <gpxtpx:hr>172</gpxtpx:hr>
          </gpxtpx:TrackPointExtension>
        </extensions>
      </trkpt>
      <trkpt lat="31.25612100267831" lon="121.61275820751187">
        <ele>5.551514110527933</ele>
        <time>1970-01-01T00:20:15.300000Z</time>
        <extensions>
          <gpxtpx:TrackPointExtension>
            <gpxtpx:hr>172</gpxtpx:hr>
          </gpxtpx:TrackPointExtension>
        </extensions>
      </trkpt>
      <trkpt lat="31.256143223744072" lon="121.61274492590731">
        <ele>5.565976217389107</ele>
        <time>1970-01-01T00:20:16.300000Z</time>
        <extensions>
          <gpxtpx:TrackPointExtension>
            <gpxtpx:hr>172</gpxtpx:hr>
          </gpxtpx:TrackPointExtension>
        </extensions>
      </trkpt>
      <trkpt lat="31.256164768437877" lon="121.6127308402018">
        <ele>5.575191110372543</ele>
        <time>1970-01-01T00:20:17.300000Z</time>
        <extensions>
          <gpxtpx:TrackPointExtension>
            <gpxtpx:hr>172</gpxtpx:hr>
          </gpxtpx:TrackPointExtension>
        </extensions>
      </trkpt>
      <trkpt lat="31.256185763012976" lon="121.61271572063505">
        <ele>5.579751906916499</ele>
        <time>1970-01-01T00:20:18.300000Z</time>
        <extensions>
          <gpxtpx:TrackPointExtension>
            <gpxtpx:hr>172</gpxtpx:hr>
          </gpxtpx:TrackPointExtension>
        </extensions>
      </trkpt>
      <trkpt lat="31.25620641673134" lon="121.61269919193856">
        <ele>5.580427098087966</ele>
        <time>1970-01-01T00:20:19.300000Z</time>
        <extensions>
          <gpxtpx:TrackPointExtension>
            <gpxtpx:hr>172</gpxtpx:hr>
          </gpxtpx:TrackPointExtension>
        </extensions>
      </trkpt>
      <trkpt lat="31.256226833791686" lon="121.6126813294224">
        <ele>5.577266477048397</ele>
        <time>1970-01-01T00:20:20.300000Z</time>
        <extensions>
          <gpxtpx:TrackPointExtension>
            <gpxtpx:hr>173</gpxtpx:hr>
          </gpxtpx:TrackPointExtension>
        </extensions>
      </trkpt>
      <trkpt lat="31.256247024465775" lon="121.61266282075862">
        <ele>5.5696567771956325</ele>
        <time>1970-01-01T00:20:21.300000Z</time>
        <extensions>
          <gpxtpx:TrackPointExtension>
            <gpxtpx:hr>173</gpxtpx:hr>
          </gpxtpx:TrackPointExtension>
        </extensions>
      </trkpt>
      <trkpt lat="31.25626690879914" lon="121.6126438980613">
        <ele>5.556878671050072</ele>
        <time>1970-01-01T00:20:22.300000Z</time>
        <extensions>
          <gpxtpx:TrackPointExtension>
            <gpxtpx:hr>173</gpxtpx:hr>
          </gpxtpx:TrackPointExtension>
        </extensions>
      </trkpt>
      <trkpt lat="31.256286533073965" lon="121.61262443099355">
        <ele>5.539089829660952</ele>
        <time>1970-01-01T00:20:23.300000Z</time>
        <extensions>
          <gpxtpx:TrackPointExtension>
            <gpxtpx:hr>173</gpxtpx:hr>
          </gpxtpx:TrackPointExtension>
        </extensions>
      </trkpt>
      <trkpt lat="31.256306093090704" lon="121.61260458048069">
        <ele>5.5177187360823154</ele>
        <time>1970-01-01T00:20:24.300000Z</time>
        <extensions>
          <gpxtpx:TrackPointExtension>
            <gpxtpx:hr>173</gpxtpx:hr>
          </gpxtpx:TrackPointExtension>
        </extensions>
      </trkpt>
      <trkpt lat="31.256325679286952" lon="121.61258419540097">
        <ele>5.4949950985610485</ele>
        <time>1970-01-01T00:20:25.300000Z</time>
        <extensions>
          <gpxtpx:TrackPointExtension>
            <gpxtpx:hr>173</gpxtpx:hr>
          </gpxtpx:TrackPointExtension>
        </extensions>
      </trkpt>
      <trkpt lat="31.256343083747904" lon="121.61256569716079">
        <ele>5.475643136538565</ele>
        <time>1970-01-01T00:20:26.200000Z</time>
        <extensions>
          <gpxtpx:TrackPointExtension>
            <gpxtpx:hr>173</gpxtpx:hr>
          </gpxtpx:TrackPointExtension>
        </extensions>
      </trkpt>
      <trkpt lat="31.25636267892946" lon="121.61254476084135">
        <ele>5.4564855601638556</ele>
        <time>1970-01-01T00:20:27.200000Z</time>
        <extensions>
          <gpxtpx:TrackPointExtension>
            <gpxtpx:hr>173</gpxtpx:hr>
          </gpxtpx:TrackPointExtension>
        </extensions>
      </trkpt>
      <trkpt lat="31.256382089011804" lon="121.61252415797539">
        <ele>5.440683275461197</ele>
        <time>1970-01-01T00:20:28.200000Z</time>
        <extensions>
          <gpxtpx:TrackPointExtension>
            <gpxtpx:hr>173</gpxtpx:hr>
          </gpxtpx:TrackPointExtension>
        </extensions>
      </trkpt>
      <trkpt lat="31.256404140957983" lon="121.6125020271722">
        <ele>5.425532125867903</ele>
        <time>1970-01-01T00:20:29.300000Z</time>
        <extensions>
          <gpxtpx:TrackPointExtension>
            <gpxtpx:hr>172</gpxtpx:hr>
          </gpxtpx:TrackPointExtension>
        </extensions>
      </trkpt>
      <trkpt lat="31.256424378760418" lon="121.612483175558">
        <ele>5.412783669307828</ele>
        <time>1970-01-01T00:20:30.300000Z</time>
        <extensions>
          <gpxtpx:TrackPointExtension>
            <gpxtpx:hr>172</gpxtpx:hr>
          </gpxtpx:TrackPointExtension>
        </extensions>
      </trkpt>
      <trkpt lat="31.256442565013838" lon="121.61246709242317">
        <ele>5.401942012831569</ele>
        <time>1970-01-01T00:20:31.200000Z</time>
        <extensions>
          <gpxtpx:TrackPointExtension>
            <gpxtpx:hr>172</gpxtpx:hr>
          </gpxtpx:TrackPointExtension>
        </extensions>
      </trkpt>
      <trkpt lat="31.256464198422375" lon="121.61244926526473">
        <ele>5.390733182430267</ele>
        <time>1970-01-01T00:20:32.200000Z</time>
        <extensions>
          <gpxtpx:TrackPointExtension>
            <gpxtpx:hr>172</gpxtpx:hr>
          </gpxtpx:TrackPointExtension>
        </extensions>
      </trkpt>
      <trkpt lat="31.256486473517224" lon="121.61243218307897">
        <ele>5.3817960964515805</ele>
        <time>1970-01-01T00:20:33.200000Z</time>
        <extensions>
          <gpxtpx:TrackPointExtension>
            <gpxtpx:hr>172</gpxtpx:hr>
          </gpxtpx:TrackPointExtension>
        </extensions>
      </trkpt>
      <trkpt lat="31.256509021546073" lon="121.61241541464543">
        <ele>5.375746891833842</ele>
        <time>1970-01-01T00:20:34.200000Z</time>
        <extensions>
          <gpxtpx:TrackPointExtension>
            <gpxtpx:hr>172</gpxtpx:hr>
          </gpxtpx:TrackPointExtension>
        </extensions>
      </trkpt>
      <trkpt lat="31.256531678946427" lon="121.61239899842668">
        <ele>5.372752887196839</ele>
        <time>1970-01-01T00:20:35.200000Z</time>
        <extensions>
          <gpxtpx:TrackPointExtension>
            <gpxtpx:hr>172</gpxtpx:hr>
          </gpxtpx:TrackPointExtension>
        </extensions>
      </trkpt>
      <trkpt lat="31.256554542962007" lon="121.61238325103272">
        <ele>5.3725238014012575</ele>
        <time>1970-01-01T00:20:36.200000Z</time>
        <extensions>
          <gpxtpx:TrackPointExtension>
            <gpxtpx:hr>172</gpxtpx:hr>
          </gpxtpx:TrackPointExtension>
        </extensions>
      </trkpt>
      <trkpt lat="31.256577791121437" lon="121.61236818062042">
        <ele>5.374466773122549</ele>
        <time>1970-01-01T00:20:37.200000Z</time>
        <extensions>
          <gpxtpx:TrackPointExtension>
            <gpxtpx:hr>172</gpxtpx:hr>
          </gpxtpx:TrackPointExtension>
        </extensions>
      </trkpt>
      <trkpt lat="31.25660119073223" lon="121.61235359315958">
        <ele>5.377898063510656</ele>
        <time>1970-01-01T00:20:38.200000Z</time>
        <extensions>
          <gpxtpx:TrackPointExtension>
            <gpxtpx:hr>172</gpxtpx:hr>
          </gpxtpx:TrackPointExtension>
        </extensions>
      </trkpt>
      <trkpt lat="31.25662448892908" lon="121.61233911470067">
        <ele>5.382173296995461</ele>
        <time>1970-01-01T00:20:39.200000Z</time>
        <extensions>
          <gpxtpx:TrackPointExtension>
            <gpxtpx:hr>172</gpxtpx:hr>
          </gpxtpx:TrackPointExtension>
        </extensions>
      </trkpt>
      <trkpt lat="31.256647613641366" lon="121.61232421845278">
        <ele>5.386739845387638</ele>
        <time>1970-01-01T00:20:40.200000Z</time>
        <extensions>
          <gpxtpx:TrackPointExtension>
            <gpxtpx:hr>172</gpxtpx:hr>
          </gpxtpx:TrackPointExtension>
        </extensions>
      </trkpt>
      <trkpt lat="31.256670139674195" lon="121.61230870279367">
        <ele>5.391147084534168</ele>
        <time>1970-01-01T00:20:41.200000Z</time>
        <extensions>
          <gpxtpx:TrackPointExtension>
            <gpxtpx:hr>171</gpxtpx:hr>
          </gpxtpx:TrackPointExtension>
        </extensions>
      </trkpt>
      <trkpt lat="31.256691493753962" lon="121.61229247793507">
        <ele>5.395032227039337</ele>
        <time>1970-01-01T00:20:42.200000Z</time>
        <extensions>
          <gpxtpx:TrackPointExtension>
            <gpxtpx:hr>171</gpxtpx:hr>
          </gpxtpx:TrackPointExtension>
        </extensions>
      </trkpt>
      <trkpt lat="31.256711554840983" lon="121.61227566293704">
        <ele>5.398099448531866</ele>
        <time>1970-01-01T00:20:43.200000Z</time>
        <extensions>
          <gpxtpx:TrackPointExtension>
            <gpxtpx:hr>171</gpxtpx:hr>
          </gpxtpx:TrackPointExtension>
        </extensions>
      </trkpt>
      <trkpt lat="31.256730533616768" lon="121.61225852207609">
        <ele>5.400116978213191</ele>
        <time>1970-01-01T00:20:44.200000Z</time>
        <extensions>
          <gpxtpx:TrackPointExtension>
            <gpxtpx:hr>171</gpxtpx:hr>
          </gpxtpx:TrackPointExtension>
        </extensions>
      </trkpt>
      <trkpt lat="31.256748685324705" lon="121.61224159699336">
        <ele>5.400944881141186</ele>
        <time>1970-01-01T00:20:45.200000Z</time>
        <extensions>
          <gpxtpx:TrackPointExtension>
            <gpxtpx:hr>171</gpxtpx:hr>
          </gpxtpx:TrackPointExtension>
        </extensions>
      </trkpt>
      <trkpt lat="31.25676641623335" lon="121.61222518833144">
        <ele>5.400564932264388</ele>
        <time>1970-01-01T00:20:46.200000Z</time>
        <extensions>
          <gpxtpx:TrackPointExtension>
            <gpxtpx:hr>171</gpxtpx:hr>
          </gpxtpx:TrackPointExtension>
        </extensions>
      </trkpt>
      <trkpt lat="31.256783925031694" lon="121.61220910684571">
        <ele>5.399072836153209</ele>
        <time>1970-01-01T00:20:47.200000Z</time>
        <extensions>
          <gpxtpx:TrackPointExtension>
            <gpxtpx:hr>171</gpxtpx:hr>
          </gpxtpx:TrackPointExtension>
        </extensions>
      </trkpt>
      <trkpt lat="31.256801056909836" lon="121.61219299644708">
        <ele>5.396642131730914</ele>
        <time>1970-01-01T00:20:48.200000Z</time>
        <extensions>
          <gpxtpx:TrackPointExtension>
            <gpxtpx:hr>171</gpxtpx:hr>
          </gpxtpx:TrackPointExtension>
        </extensions>
      </trkpt>
      <trkpt lat="31.25681784063208" lon="121.61217639702718">
        <ele>5.39347021933645</ele>
        <time>1970-01-01T00:20:49.200000Z</time>
        <extensions>
          <gpxtpx:TrackPointExtension>
            <gpxtpx:hr>171</gpxtpx:hr>
          </gpxtpx:TrackPointExtension>
        </extensions>
      </trkpt>
      <trkpt lat="31.25683441343768" lon="121.61215920507549">
        <ele>5.389684803783894</ele>
        <time>1970-01-01T00:20:50.200000Z</time>
        <extensions>
          <gpxtpx:TrackPointExtension>
            <gpxtpx:hr>171</gpxtpx:hr>
          </gpxtpx:TrackPointExtension>
        </extensions>
      </trkpt>
      <trkpt lat="31.25685067304224" lon="121.61214124705604">
        <ele>5.385257435031235</ele>
        <time>1970-01-01T00:20:51.200000Z</time>
        <extensions>
          <gpxtpx:TrackPointExtension>
            <gpxtpx:hr>171</gpxtpx:hr>
          </gpxtpx:TrackPointExtension>
        </extensions>
      </trkpt>
      <trkpt lat="31.256866343860914" lon="121.61212262370486">
        <ele>5.379979353398085</ele>
        <time>1970-01-01T00:20:52.200000Z</time>
        <extensions>
          <gpxtpx:TrackPointExtension>
            <gpxtpx:hr>171</gpxtpx:hr>
          </gpxtpx:TrackPointExtension>
        </extensions>
      </trkpt>
      <trkpt lat="31.256880788679084" lon="121.61210328805686">
        <ele>5.373501226305962</ele>
        <time>1970-01-01T00:20:53.200000Z</time>
        <extensions>
          <gpxtpx:TrackPointExtension>
            <gpxtpx:hr>171</gpxtpx:hr>
          </gpxtpx:TrackPointExtension>
        </extensions>
      </trkpt>
      <trkpt lat="31.256893148606974" lon="121.61208248408244">
        <ele>5.365415968932211</ele>
        <time>1970-01-01T00:20:54.200000Z</time>
        <extensions>
          <gpxtpx:TrackPointExtension>
            <gpxtpx:hr>173</gpxtpx:hr>
          </gpxtpx:TrackPointExtension>
        </extensions>
      </trkpt>
      <trkpt lat="31.256902730908447" lon="121.61205990670958">
        <ele>5.355394104495645</ele>
        <time>1970-01-01T00:20:55.200000Z</time>
        <extensions>
          <gpxtpx:TrackPointExtension>
            <gpxtpx:hr>173</gpxtpx:hr>
          </gpxtpx:TrackPointExtension>
        </extensions>
      </trkpt>
      <trkpt lat="31.25690938933822" lon="121.61203643849262">
        <ele>5.343332690186799</ele>
        <time>1970-01-01T00:20:56.200000Z</time>
        <extensions>
          <gpxtpx:TrackPointExtension>
            <gpxtpx:hr>173</gpxtpx:hr>
          </gpxtpx:TrackPointExtension>
        </extensions>
      </trkpt>
      <trkpt lat="31.25691332695552" lon="121.61201267228215">
        <ele>5.329400455579162</ele>
        <time>1970-01-01T00:20:57.200000Z</time>
        <extensions>
          <gpxtpx:TrackPointExtension>
            <gpxtpx:hr>173</gpxtpx:hr>
          </gpxtpx:TrackPointExtension>
        </extensions>
      </trkpt>
      <trkpt lat="31.256915066356154" lon="121.61198840831184">
        <ele>5.31396764703095</ele>
        <time>1970-01-01T00:20:58.200000Z</time>
        <extensions>
          <gpxtpx:TrackPointExtension>
            <gpxtpx:hr>173</gpxtpx:hr>
          </gpxtpx:TrackPointExtension>
        </extensions>
      </trkpt>
      <trkpt lat="31.256915205816856" lon="121.6119636023045">
        <ele>5.2975033512339</ele>
        <time>1970-01-01T00:20:59.200000Z</time>
        <extensions>
          <gpxtpx:TrackPointExtension>
            <gpxtpx:hr>172</gpxtpx:hr>
          </gpxtpx:TrackPointExtension>
        </extensions>
      </trkpt>
      <trkpt lat="31.25691337375288" lon="121.61193839522541">
        <ele>5.280470524914563</ele>
        <time>1970-01-01T00:21:00.200000Z</time>
        <extensions>
          <gpxtpx:TrackPointExtension>
            <gpxtpx:hr>172</gpxtpx:hr>
          </gpxtpx:TrackPointExtension>
        </extensions>
      </trkpt>
      <trkpt lat="31.256908996498193" lon="121.61191316102126">
        <ele>5.263261342421174</ele>
        <time>1970-01-01T00:21:01.200000Z</time>
        <extensions>
          <gpxtpx:TrackPointExtension>
            <gpxtpx:hr>172</gpxtpx:hr>
          </gpxtpx:TrackPointExtension>
        </extensions>
      </trkpt>
      <trkpt lat="31.25690216610271" lon="121.61188831388745">
        <ele>5.246259417384863</ele>
        <time>1970-01-01T00:21:02.200000Z</time>
        <extensions>
          <gpxtpx:TrackPointExtension>
            <gpxtpx:hr>172</gpxtpx:hr>
          </gpxtpx:TrackPointExtension>
        </extensions>
      </trkpt>
      <trkpt lat="31.25689311623889" lon="121.61186404517282">
        <ele>5.230100029148161</ele>
        <time>1970-01-01T00:21:03.200000Z</time>
        <extensions>
          <gpxtpx:TrackPointExtension>
            <gpxtpx:hr>172</gpxtpx:hr>
          </gpxtpx:TrackPointExtension>
        </extensions>
      </trkpt>
      <trkpt lat="31.25687967208373" lon="121.6118352817465">
        <ele>5.214149154722691</ele>
        <time>1970-01-01T00:21:04.400000Z</time>
        <extensions>
          <gpxtpx:TrackPointExtension>
            <gpxtpx:hr>172</gpxtpx:hr>
          </gpxtpx:TrackPointExtension>
        </extensions>
      </trkpt>
      <trkpt lat="31.256867431556444" lon="121.61181235918592">
        <ele>5.206321640871465</ele>
        <time>1970-01-01T00:21:05.400000Z</time>
        <extensions>
          <gpxtpx:TrackPointExtension>
            <gpxtpx:hr>172</gpxtpx:hr>
          </gpxtpx:TrackPointExtension>
        </extensions>
      </trkpt>
      <trkpt lat="31.25685467049195" lon="121.61178963054829">
        <ele>5.204317282885313</ele>
        <time>1970-01-01T00:21:06.400000Z</time>
        <extensions>
          <gpxtpx:TrackPointExtension>
            <gpxtpx:hr>172</gpxtpx:hr>
          </gpxtpx:TrackPointExtension>
        </extensions>
      </trkpt>
      <trkpt lat="31.256841754856886" lon="121.61176646494091">
        <ele>5.207981546409428</ele>
        <time>1970-01-01T00:21:07.400000Z</time>
        <extensions>
          <gpxtpx:TrackPointExtension>
            <gpxtpx:hr>172</gpxtpx:hr>
          </gpxtpx:TrackPointExtension>
        </extensions>
      </trkpt>
      <trkpt lat="31.256828959115172" lon="121.61174263860674">
        <ele>5.215954686515033</ele>
        <time>1970-01-01T00:21:08.400000Z</time>
        <extensions>
          <gpxtpx:TrackPointExtension>
            <gpxtpx:hr>172</gpxtpx:hr>
          </gpxtpx:TrackPointExtension>
        </extensions>
      </trkpt>
      <trkpt lat="31.25681593831335" lon="121.61171851528867">
        <ele>5.225991149432957</ele>
        <time>1970-01-01T00:21:09.400000Z</time>
        <extensions>
          <gpxtpx:TrackPointExtension>
            <gpxtpx:hr>173</gpxtpx:hr>
          </gpxtpx:TrackPointExtension>
        </extensions>
      </trkpt>
      <trkpt lat="31.25680265827676" lon="121.61169414919745">
        <ele>5.235708902589977</ele>
        <time>1970-01-01T00:21:10.400000Z</time>
        <extensions>
          <gpxtpx:TrackPointExtension>
            <gpxtpx:hr>173</gpxtpx:hr>
          </gpxtpx:TrackPointExtension>
        </extensions>
      </trkpt>
      <trkpt lat="31.256789593248616" lon="121.61166929543903">
        <ele>5.243633834645152</ele>
        <time>1970-01-01T00:21:11.400000Z</time>
        <extensions>
          <gpxtpx:TrackPointExtension>
            <gpxtpx:hr>173</gpxtpx:hr>
          </gpxtpx:TrackPointExtension>
        </extensions>
      </trkpt>
      <trkpt lat="31.256776894211004" lon="121.61164375521014">
        <ele>5.249301395379007</ele>
        <time>1970-01-01T00:21:12.400000Z</time>
        <extensions>
          <gpxtpx:TrackPointExtension>
            <gpxtpx:hr>173</gpxtpx:hr>
          </gpxtpx:TrackPointExtension>
        </extensions>
      </trkpt>
      <trkpt lat="31.25676469721502" lon="121.61161746926577">
        <ele>5.252906470559537</ele>
        <time>1970-01-01T00:21:13.400000Z</time>
        <extensions>
          <gpxtpx:TrackPointExtension>
            <gpxtpx:hr>173</gpxtpx:hr>
          </gpxtpx:TrackPointExtension>
        </extensions>
      </trkpt>
      <trkpt lat="31.25675265625101" lon="121.61159062791052">
        <ele>5.2547567477449775</ele>
        <time>1970-01-01T00:21:14.400000Z</time>
        <extensions>
          <gpxtpx:TrackPointExtension>
            <gpxtpx:hr>173</gpxtpx:hr>
          </gpxtpx:TrackPointExtension>
        </extensions>
      </trkpt>
      <trkpt lat="31.256740297498652" lon="121.61156318222696">
        <ele>5.2547726491466165</ele>
        <time>1970-01-01T00:21:15.400000Z</time>
        <extensions>
          <gpxtpx:TrackPointExtension>
            <gpxtpx:hr>172</gpxtpx:hr>
          </gpxtpx:TrackPointExtension>
        </extensions>
      </trkpt>
      <trkpt lat="31.256727219622714" lon="121.61153568658492">
        <ele>5.252537406049669</ele>
        <time>1970-01-01T00:21:16.400000Z</time>
        <extensions>
          <gpxtpx:TrackPointExtension>
            <gpxtpx:hr>172</gpxtpx:hr>
          </gpxtpx:TrackPointExtension>
        </extensions>
      </trkpt>
      <trkpt lat="31.256713171256155" lon="121.6115090061506">
        <ele>5.247345409356058</ele>
        <time>1970-01-01T00:21:17.400000Z</time>
        <extensions>
          <gpxtpx:TrackPointExtension>
            <gpxtpx:hr>172</gpxtpx:hr>
          </gpxtpx:TrackPointExtension>
        </extensions>
      </trkpt>
      <trkpt lat="31.25669850750355" lon="121.61148304795704">
        <ele>5.238536915741861</ele>
        <time>1970-01-01T00:21:18.400000Z</time>
        <extensions>
          <gpxtpx:TrackPointExtension>
            <gpxtpx:hr>172</gpxtpx:hr>
          </gpxtpx:TrackPointExtension>
        </extensions>
      </trkpt>
      <trkpt lat="31.2566835897933" lon="121.61145762227822">
        <ele>5.226146933622658</ele>
        <time>1970-01-01T00:21:19.400000Z</time>
        <extensions>
          <gpxtpx:TrackPointExtension>
            <gpxtpx:hr>172</gpxtpx:hr>
          </gpxtpx:TrackPointExtension>
        </extensions>
      </trkpt>
      <trkpt lat="31.256668497463867" lon="121.61143303317972">
        <ele>5.21099414024502</ele>
        <time>1970-01-01T00:21:20.400000Z</time>
        <extensions>
          <gpxtpx:TrackPointExtension>
            <gpxtpx:hr>172</gpxtpx:hr>
          </gpxtpx:TrackPointExtension>
        </extensions>
      </trkpt>
      <trkpt lat="31.256653302064908" lon="121.61140931733685">
        <ele>5.194645001552999</ele>
        <time>1970-01-01T00:21:21.400000Z</time>
        <extensions>
          <gpxtpx:TrackPointExtension>
            <gpxtpx:hr>172</gpxtpx:hr>
          </gpxtpx:TrackPointExtension>
        </extensions>
      </trkpt>
      <trkpt lat="31.256638180491937" lon="121.61138607725664">
        <ele>5.178941007703543</ele>
        <time>1970-01-01T00:21:22.400000Z</time>
        <extensions>
          <gpxtpx:TrackPointExtension>
            <gpxtpx:hr>172</gpxtpx:hr>
          </gpxtpx:TrackPointExtension>
        </extensions>
      </trkpt>
      <trkpt lat="31.25662315288322" lon="121.61136292412077">
        <ele>5.1653886288404465</ele>
        <time>1970-01-01T00:21:23.500000Z</time>
        <extensions>
          <gpxtpx:TrackPointExtension>
            <gpxtpx:hr>172</gpxtpx:hr>
          </gpxtpx:TrackPointExtension>
        </extensions>
      </trkpt>
      <trkpt lat="31.256608226402573" lon="121.6113395229801">
        <ele>5.155078571289778</ele>
        <time>1970-01-01T00:21:24.500000Z</time>
        <extensions>
          <gpxtpx:TrackPointExtension>
            <gpxtpx:hr>171</gpxtpx:hr>
          </gpxtpx:TrackPointExtension>
        </extensions>
      </trkpt>
      <trkpt lat="31.256593483522902" lon="121.61131577907297">
        <ele>5.148738021962345</ele>
        <time>1970-01-01T00:21:25.500000Z</time>
        <extensions>
          <gpxtpx:TrackPointExtension>
            <gpxtpx:hr>171</gpxtpx:hr>
          </gpxtpx:TrackPointExtension>
        </extensions>
      </trkpt>
      <trkpt lat="31.25657872462821" lon="121.61129176499203">
        <ele>5.1467118095606565</ele>
        <time>1970-01-01T00:21:26.500000Z</time>
        <extensions>
          <gpxtpx:TrackPointExtension>
            <gpxtpx:hr>171</gpxtpx:hr>
          </gpxtpx:TrackPointExtension>
        </extensions>
      </trkpt>
      <trkpt lat="31.256563896407865" lon="121.61126742836554">
        <ele>5.148871595039964</ele>
        <time>1970-01-01T00:21:27.500000Z</time>
        <extensions>
          <gpxtpx:TrackPointExtension>
            <gpxtpx:hr>171</gpxtpx:hr>
          </gpxtpx:TrackPointExtension>
        </extensions>
      </trkpt>
      <trkpt lat="31.256549064039266" lon="121.61124303890873">
        <ele>5.154556789435446</ele>
        <time>1970-01-01T00:21:28.500000Z</time>
        <extensions>
          <gpxtpx:TrackPointExtension>
            <gpxtpx:hr>171</gpxtpx:hr>
          </gpxtpx:TrackPointExtension>
        </extensions>
      </trkpt>
      <trkpt lat="31.256534112350884" lon="121.61121897645059">
        <ele>5.162752436473966</ele>
        <time>1970-01-01T00:21:29.500000Z</time>
        <extensions>
          <gpxtpx:TrackPointExtension>
            <gpxtpx:hr>171</gpxtpx:hr>
          </gpxtpx:TrackPointExtension>
        </extensions>
      </trkpt>
      <trkpt lat="31.256518991092197" lon="121.6111950280597">
        <ele>5.1724940203130245</ele>
        <time>1970-01-01T00:21:30.500000Z</time>
        <extensions>
          <gpxtpx:TrackPointExtension>
            <gpxtpx:hr>171</gpxtpx:hr>
          </gpxtpx:TrackPointExtension>
        </extensions>
      </trkpt>
      <trkpt lat="31.2565036874849" lon="121.61117096019653">
        <ele>5.182124374434352</ele>
        <time>1970-01-01T00:21:31.500000Z</time>
        <extensions>
          <gpxtpx:TrackPointExtension>
            <gpxtpx:hr>172</gpxtpx:hr>
          </gpxtpx:TrackPointExtension>
        </extensions>
      </trkpt>
      <trkpt lat="31.25648839993058" lon="121.61114689044153">
        <ele>5.188683385029435</ele>
        <time>1970-01-01T00:21:32.500000Z</time>
        <extensions>
          <gpxtpx:TrackPointExtension>
            <gpxtpx:hr>172</gpxtpx:hr>
          </gpxtpx:TrackPointExtension>
        </extensions>
      </trkpt>
      <trkpt lat="31.256473471990514" lon="121.61112277009752">
        <ele>5.189624837599695</ele>
        <time>1970-01-01T00:21:33.500000Z</time>
        <extensions>
          <gpxtpx:TrackPointExtension>
            <gpxtpx:hr>172</gpxtpx:hr>
          </gpxtpx:TrackPointExtension>
        </extensions>
      </trkpt>
      <trkpt lat="31.256458834340176" lon="121.61109855386717">
        <ele>5.183658135123551</ele>
        <time>1970-01-01T00:21:34.500000Z</time>
        <extensions>
          <gpxtpx:TrackPointExtension>
            <gpxtpx:hr>172</gpxtpx:hr>
          </gpxtpx:TrackPointExtension>
        </extensions>
      </trkpt>
      <trkpt lat="31.256444202164158" lon="121.61107424675163">
        <ele>5.170174268074334</ele>
        <time>1970-01-01T00:21:35.500000Z</time>
        <extensions>
          <gpxtpx:TrackPointExtension>
            <gpxtpx:hr>172</gpxtpx:hr>
          </gpxtpx:TrackPointExtension>
        </extensions>
      </trkpt>
      <trkpt lat="31.256429445994943" lon="121.61104963647561">
        <ele>5.149732640013099</ele>
        <time>1970-01-01T00:21:36.500000Z</time>
        <extensions>
          <gpxtpx:TrackPointExtension>
            <gpxtpx:hr>172</gpxtpx:hr>
          </gpxtpx:TrackPointExtension>
        </extensions>
      </trkpt>
      <trkpt lat="31.256414412453925" lon="121.6110246626309">
        <ele>5.124773113057017</ele>
        <time>1970-01-01T00:21:37.500000Z</time>
        <extensions>
          <gpxtpx:TrackPointExtension>
            <gpxtpx:hr>172</gpxtpx:hr>
          </gpxtpx:TrackPointExtension>
        </extensions>
      </trkpt>
      <trkpt lat="31.256399075147705" lon="121.61099917027283">
        <ele>5.0994727071374655</ele>
        <time>1970-01-01T00:21:38.500000Z</time>
        <extensions>
          <gpxtpx:TrackPointExtension>
            <gpxtpx:hr>172</gpxtpx:hr>
          </gpxtpx:TrackPointExtension>
        </extensions>
      </trkpt>
      <trkpt lat="31.256383606049962" lon="121.61097307937159">
        <ele>5.077109604142606</ele>
        <time>1970-01-01T00:21:39.500000Z</time>
        <extensions>
          <gpxtpx:TrackPointExtension>
            <gpxtpx:hr>173</gpxtpx:hr>
          </gpxtpx:TrackPointExtension>
        </extensions>
      </trkpt>
      <trkpt lat="31.256368070730637" lon="121.61094678343657">
        <ele>5.058528923429549</ele>
        <time>1970-01-01T00:21:40.500000Z</time>
        <extensions>
          <gpxtpx:TrackPointExtension>
            <gpxtpx:hr>173</gpxtpx:hr>
          </gpxtpx:TrackPointExtension>
        </extensions>
      </trkpt>
      <trkpt lat="31.25635271178634" lon="121.61092035411413">
        <ele>5.043833298608661</ele>
        <time>1970-01-01T00:21:41.500000Z</time>
        <extensions>
          <gpxtpx:TrackPointExtension>
            <gpxtpx:hr>173</gpxtpx:hr>
          </gpxtpx:TrackPointExtension>
        </extensions>
      </trkpt>
      <trkpt lat="31.25633788224225" lon="121.610893605082">
        <ele>5.033205026760697</ele>
        <time>1970-01-01T00:21:42.500000Z</time>
        <extensions>
          <gpxtpx:TrackPointExtension>
            <gpxtpx:hr>173</gpxtpx:hr>
          </gpxtpx:TrackPointExtension>
        </extensions>
      </trkpt>
      <trkpt lat="31.256323433452216" lon="121.6108668156792">
        <ele>5.027877075597644</ele>
        <time>1970-01-01T00:21:43.500000Z</time>
        <extensions>
          <gpxtpx:TrackPointExtension>
            <gpxtpx:hr>173</gpxtpx:hr>
          </gpxtpx:TrackPointExtension>
        </extensions>
      </trkpt>
      <trkpt lat="31.256309222666967" lon="121.6108401737253">
        <ele>5.030375981703401</ele>
        <time>1970-01-01T00:21:44.500000Z</time>
        <extensions>
          <gpxtpx:TrackPointExtension>
            <gpxtpx:hr>173</gpxtpx:hr>
          </gpxtpx:TrackPointExtension>
        </extensions>
      </trkpt>
      <trkpt lat="31.25629533789129" lon="121.61081385495487">
        <ele>5.042583473958075</ele>
        <time>1970-01-01T00:21:45.500000Z</time>
        <extensions>
          <gpxtpx:TrackPointExtension>
            <gpxtpx:hr>173</gpxtpx:hr>
          </gpxtpx:TrackPointExtension>
        </extensions>
      </trkpt>
      <trkpt lat="31.256281623320675" lon="121.61078814770391">
        <ele>5.063424034975469</ele>
        <time>1970-01-01T00:21:46.500000Z</time>
        <extensions>
          <gpxtpx:TrackPointExtension>
            <gpxtpx:hr>173</gpxtpx:hr>
          </gpxtpx:TrackPointExtension>
        </extensions>
      </trkpt>
      <trkpt lat="31.25626809874924" lon="121.610762572078">
        <ele>5.088373392820358</ele>
        <time>1970-01-01T00:21:47.500000Z</time>
        <extensions>
          <gpxtpx:TrackPointExtension>
            <gpxtpx:hr>173</gpxtpx:hr>
          </gpxtpx:TrackPointExtension>
        </extensions>
      </trkpt>
      <trkpt lat="31.256254985934888" lon="121.61073664542728">
        <ele>5.111479508690536</ele>
        <time>1970-01-01T00:21:48.500000Z</time>
        <extensions>
          <gpxtpx:TrackPointExtension>
            <gpxtpx:hr>173</gpxtpx:hr>
          </gpxtpx:TrackPointExtension>
        </extensions>
      </trkpt>
      <trkpt lat="31.25624215262977" lon="121.61071061300323">
        <ele>5.127369422465563</ele>
        <time>1970-01-01T00:21:49.500000Z</time>
        <extensions>
          <gpxtpx:TrackPointExtension>
            <gpxtpx:hr>173</gpxtpx:hr>
          </gpxtpx:TrackPointExtension>
        </extensions>
      </trkpt>
      <trkpt lat="31.256229420797954" lon="121.61068452556906">
        <ele>5.132917772047222</ele>
        <time>1970-01-01T00:21:50.500000Z</time>
        <extensions>
          <gpxtpx:TrackPointExtension>
            <gpxtpx:hr>173</gpxtpx:hr>
          </gpxtpx:TrackPointExtension>
        </extensions>
      </trkpt>
      <trkpt lat="31.25621649971102" lon="121.61065848153262">
        <ele>5.128067273646593</ele>
        <time>1970-01-01T00:21:51.500000Z</time>
        <extensions>
          <gpxtpx:TrackPointExtension>
            <gpxtpx:hr>173</gpxtpx:hr>
          </gpxtpx:TrackPointExtension>
        </extensions>
      </trkpt>
      <trkpt lat="31.25620321856847" lon="121.61063296733786">
        <ele>5.114690081216395</ele>
        <time>1970-01-01T00:21:52.500000Z</time>
        <extensions>
          <gpxtpx:TrackPointExtension>
            <gpxtpx:hr>173</gpxtpx:hr>
          </gpxtpx:TrackPointExtension>
        </extensions>
      </trkpt>
      <trkpt lat="31.256190072307472" lon="121.61060819696439">
        <ele>5.095028816722333</ele>
        <time>1970-01-01T00:21:53.500000Z</time>
        <extensions>
          <gpxtpx:TrackPointExtension>
            <gpxtpx:hr>173</gpxtpx:hr>
          </gpxtpx:TrackPointExtension>
        </extensions>
      </trkpt>
      <trkpt lat="31.25617745567799" lon="121.61058416982019">
        <ele>5.070406577549875</ele>
        <time>1970-01-01T00:21:54.500000Z</time>
        <extensions>
          <gpxtpx:TrackPointExtension>
            <gpxtpx:hr>173</gpxtpx:hr>
          </gpxtpx:TrackPointExtension>
        </extensions>
      </trkpt>
      <trkpt lat="31.256165090364913" lon="121.61056031394362">
        <ele>5.041282187215984</ele>
        <time>1970-01-01T00:21:55.500000Z</time>
        <extensions>
          <gpxtpx:TrackPointExtension>
            <gpxtpx:hr>173</gpxtpx:hr>
          </gpxtpx:TrackPointExtension>
        </extensions>
      </trkpt>
      <trkpt lat="31.25615257493377" lon="121.61053539501312">
        <ele>5.008712777867913</ele>
        <time>1970-01-01T00:21:56.500000Z</time>
        <extensions>
          <gpxtpx:TrackPointExtension>
            <gpxtpx:hr>172</gpxtpx:hr>
          </gpxtpx:TrackPointExtension>
        </extensions>
      </trkpt>
      <trkpt lat="31.256139779025222" lon="121.61050906388239">
        <ele>4.9747993825003505</ele>
        <time>1970-01-01T00:21:57.500000Z</time>
        <extensions>
          <gpxtpx:TrackPointExtension>
            <gpxtpx:hr>172</gpxtpx:hr>
          </gpxtpx:TrackPointExtension>
        </extensions>
      </trkpt>
      <trkpt lat="31.25612677695196" lon="121.61048215606444">
        <ele>4.942521219141781</ele>
        <time>1970-01-01T00:21:58.600000Z</time>
        <extensions>
          <gpxtpx:TrackPointExtension>
            <gpxtpx:hr>172</gpxtpx:hr>
          </gpxtpx:TrackPointExtension>
        </extensions>
      </trkpt>
      <trkpt lat="31.256113752970936" lon="121.61045537951753">
        <ele>4.914412904530764</ele>
        <time>1970-01-01T00:21:59.600000Z</time>
        <extensions>
          <gpxtpx:TrackPointExtension>
            <gpxtpx:hr>172</gpxtpx:hr>
          </gpxtpx:TrackPointExtension>
        </extensions>
      </trkpt>
      <trkpt lat="31.25610070606714" lon="121.61042900932624">
        <ele>4.891167520545423</ele>
        <time>1970-01-01T00:22:00.600000Z</time>
        <extensions>
          <gpxtpx:TrackPointExtension>
            <gpxtpx:hr>172</gpxtpx:hr>
          </gpxtpx:TrackPointExtension>
        </extensions>
      </trkpt>
      <trkpt lat="31.25608752868751" lon="121.61040286804078">
        <ele>4.871951173059642</ele>
        <time>1970-01-01T00:22:01.600000Z</time>
        <extensions>
          <gpxtpx:TrackPointExtension>
            <gpxtpx:hr>172</gpxtpx:hr>
          </gpxtpx:TrackPointExtension>
        </extensions>
      </trkpt>
      <trkpt lat="31.25607432458733" lon="121.61037655702877">
        <ele>4.855049690231681</ele>
        <time>1970-01-01T00:22:02.600000Z</time>
        <extensions>
          <gpxtpx:TrackPointExtension>
            <gpxtpx:hr>172</gpxtpx:hr>
          </gpxtpx:TrackPointExtension>
        </extensions>
      </trkpt>
      <trkpt lat="31.256061260128913" lon="121.61034976338645">
        <ele>4.838721852749586</ele>
        <time>1970-01-01T00:22:03.600000Z</time>
        <extensions>
          <gpxtpx:TrackPointExtension>
            <gpxtpx:hr>172</gpxtpx:hr>
          </gpxtpx:TrackPointExtension>
        </extensions>
      </trkpt>
      <trkpt lat="31.25604838143616" lon="121.6103222081311">
        <ele>4.8220725283026695</ele>
        <time>1970-01-01T00:22:04.600000Z</time>
        <extensions>
          <gpxtpx:TrackPointExtension>
            <gpxtpx:hr>172</gpxtpx:hr>
          </gpxtpx:TrackPointExtension>
        </extensions>
      </trkpt>
      <trkpt lat="31.256035667553427" lon="121.61029396264885">
        <ele>4.805865103378892</ele>
        <time>1970-01-01T00:22:05.600000Z</time>
        <extensions>
          <gpxtpx:TrackPointExtension>
            <gpxtpx:hr>172</gpxtpx:hr>
          </gpxtpx:TrackPointExtension>
        </extensions>
      </trkpt>
      <trkpt lat="31.256022930323766" lon="121.61026569474143">
        <ele>4.791973874904215</ele>
        <time>1970-01-01T00:22:06.600000Z</time>
        <extensions>
          <gpxtpx:TrackPointExtension>
            <gpxtpx:hr>172</gpxtpx:hr>
          </gpxtpx:TrackPointExtension>
        </extensions>
      </trkpt>
      <trkpt lat="31.256010030885722" lon="121.61023790650904">
        <ele>4.781412695534527</ele>
        <time>1970-01-01T00:22:07.600000Z</time>
        <extensions>
          <gpxtpx:TrackPointExtension>
            <gpxtpx:hr>172</gpxtpx:hr>
          </gpxtpx:TrackPointExtension>
        </extensions>
      </trkpt>
      <trkpt lat="31.25599731298872" lon="121.61021058885912">
        <ele>4.774140570312738</ele>
        <time>1970-01-01T00:22:08.600000Z</time>
        <extensions>
          <gpxtpx:TrackPointExtension>
            <gpxtpx:hr>172</gpxtpx:hr>
          </gpxtpx:TrackPointExtension>
        </extensions>
      </trkpt>
      <trkpt lat="31.255984944737172" lon="121.61018379525511">
        <ele>4.7699986808001995</ele>
        <time>1970-01-01T00:22:09.600000Z</time>
        <extensions>
          <gpxtpx:TrackPointExtension>
            <gpxtpx:hr>172</gpxtpx:hr>
          </gpxtpx:TrackPointExtension>
        </extensions>
      </trkpt>
      <trkpt lat="31.255972829380195" lon="121.61015739298112">
        <ele>4.768716010265052</ele>
        <time>1970-01-01T00:22:10.600000Z</time>
        <extensions>
          <gpxtpx:TrackPointExtension>
            <gpxtpx:hr>172</gpxtpx:hr>
          </gpxtpx:TrackPointExtension>
        </extensions>
      </trkpt>
      <trkpt lat="31.25596102312155" lon="121.61013120813244">
        <ele>4.770204974338412</ele>
        <time>1970-01-01T00:22:11.600000Z</time>
        <extensions>
          <gpxtpx:TrackPointExtension>
            <gpxtpx:hr>172</gpxtpx:hr>
          </gpxtpx:TrackPointExtension>
        </extensions>
      </trkpt>
      <trkpt lat="31.255949486452717" lon="121.6101052978856">
        <ele>4.774847395718098</ele>
        <time>1970-01-01T00:22:12.600000Z</time>
        <extensions>
          <gpxtpx:TrackPointExtension>
            <gpxtpx:hr>172</gpxtpx:hr>
          </gpxtpx:TrackPointExtension>
        </extensions>
      </trkpt>
      <trkpt lat="31.255938246569166" lon="121.61007937075973">
        <ele>4.782940428704023</ele>
        <time>1970-01-01T00:22:13.600000Z</time>
        <extensions>
          <gpxtpx:TrackPointExtension>
            <gpxtpx:hr>172</gpxtpx:hr>
          </gpxtpx:TrackPointExtension>
        </extensions>
      </trkpt>
      <trkpt lat="31.255927344871974" lon="121.61005308305174">
        <ele>4.793549634516239</ele>
        <time>1970-01-01T00:22:14.600000Z</time>
        <extensions>
          <gpxtpx:TrackPointExtension>
            <gpxtpx:hr>172</gpxtpx:hr>
          </gpxtpx:TrackPointExtension>
        </extensions>
      </trkpt>
      <trkpt lat="31.255916759274115" lon="121.61002645994235">
        <ele>4.80474847741425</ele>
        <time>1970-01-01T00:22:15.600000Z</time>
        <extensions>
          <gpxtpx:TrackPointExtension>
            <gpxtpx:hr>172</gpxtpx:hr>
          </gpxtpx:TrackPointExtension>
        </extensions>
      </trkpt>
      <trkpt lat="31.25590660807521" lon="121.609999379687">
        <ele>4.815311863087118</ele>
        <time>1970-01-01T00:22:16.600000Z</time>
        <extensions>
          <gpxtpx:TrackPointExtension>
            <gpxtpx:hr>172</gpxtpx:hr>
          </gpxtpx:TrackPointExtension>
        </extensions>
      </trkpt>
      <trkpt lat="31.255896859426002" lon="121.60997171515314">
        <ele>4.825485484674573</ele>
        <time>1970-01-01T00:22:17.600000Z</time>
        <extensions>
          <gpxtpx:TrackPointExtension>
            <gpxtpx:hr>172</gpxtpx:hr>
          </gpxtpx:TrackPointExtension>
        </extensions>
      </trkpt>
      <trkpt lat="31.255887302137936" lon="121.60994365723025">
        <ele>4.83702071942389</ele>
        <time>1970-01-01T00:22:18.600000Z</time>
        <extensions>
          <gpxtpx:TrackPointExtension>
            <gpxtpx:hr>172</gpxtpx:hr>
          </gpxtpx:TrackPointExtension>
        </extensions>
      </trkpt>
      <trkpt lat="31.255877843926733" lon="121.60991536396692">
        <ele>4.852426830679178</ele>
        <time>1970-01-01T00:22:19.600000Z</time>
        <extensions>
          <gpxtpx:TrackPointExtension>
            <gpxtpx:hr>172</gpxtpx:hr>
          </gpxtpx:TrackPointExtension>
        </extensions>
      </trkpt>
      <trkpt lat="31.25586835355125" lon="121.60988683628736">
        <ele>4.873623790219426</ele>
        <time>1970-01-01T00:22:20.600000Z</time>
        <extensions>
          <gpxtpx:TrackPointExtension>
            <gpxtpx:hr>172</gpxtpx:hr>
          </gpxtpx:TrackPointExtension>
        </extensions>
      </trkpt>
      <trkpt lat="31.255858473145544" lon="121.60985803624084">
        <ele>4.900390827096999</ele>
        <time>1970-01-01T00:22:21.600000Z</time>
        <extensions>
          <gpxtpx:TrackPointExtension>
            <gpxtpx:hr>172</gpxtpx:hr>
          </gpxtpx:TrackPointExtension>
        </extensions>
      </trkpt>
      <trkpt lat="31.25584826233909" lon="121.60982889547499">
        <ele>4.930473905056715</ele>
        <time>1970-01-01T00:22:22.600000Z</time>
        <extensions>
          <gpxtpx:TrackPointExtension>
            <gpxtpx:hr>173</gpxtpx:hr>
          </gpxtpx:TrackPointExtension>
        </extensions>
      </trkpt>
      <trkpt lat="31.255838065170334" lon="121.60979951698103">
        <ele>4.961582159623504</ele>
        <time>1970-01-01T00:22:23.600000Z</time>
        <extensions>
          <gpxtpx:TrackPointExtension>
            <gpxtpx:hr>173</gpxtpx:hr>
          </gpxtpx:TrackPointExtension>
        </extensions>
      </trkpt>
      <trkpt lat="31.2558278130562" lon="121.60976998641134">
        <ele>4.991735016927123</ele>
        <time>1970-01-01T00:22:24.600000Z</time>
        <extensions>
          <gpxtpx:TrackPointExtension>
            <gpxtpx:hr>173</gpxtpx:hr>
          </gpxtpx:TrackPointExtension>
        </extensions>
      </trkpt>
      <trkpt lat="31.255817556699665" lon="121.60974013496772">
        <ele>5.0193841168656945</ele>
        <time>1970-01-01T00:22:25.600000Z</time>
        <extensions>
          <gpxtpx:TrackPointExtension>
            <gpxtpx:hr>173</gpxtpx:hr>
          </gpxtpx:TrackPointExtension>
        </extensions>
      </trkpt>
      <trkpt lat="31.255807232523807" lon="121.60971005397991">
        <ele>5.044268813915551</ele>
        <time>1970-01-01T00:22:26.600000Z</time>
        <extensions>
          <gpxtpx:TrackPointExtension>
            <gpxtpx:hr>173</gpxtpx:hr>
          </gpxtpx:TrackPointExtension>
        </extensions>
      </trkpt>
      <trkpt lat="31.255796697805966" lon="121.60968008912526">
        <ele>5.066778182052076</ele>
        <time>1970-01-01T00:22:27.600000Z</time>
        <extensions>
          <gpxtpx:TrackPointExtension>
            <gpxtpx:hr>174</gpxtpx:hr>
          </gpxtpx:TrackPointExtension>
        </extensions>
      </trkpt>
      <trkpt lat="31.255785958451145" lon="121.60965034654673">
        <ele>5.0875726426020265</ele>
        <time>1970-01-01T00:22:28.600000Z</time>
        <extensions>
          <gpxtpx:TrackPointExtension>
            <gpxtpx:hr>174</gpxtpx:hr>
          </gpxtpx:TrackPointExtension>
        </extensions>
      </trkpt>
      <trkpt lat="31.255774977972177" lon="121.60962095804621">
        <ele>5.108164047822356</ele>
        <time>1970-01-01T00:22:29.600000Z</time>
        <extensions>
          <gpxtpx:TrackPointExtension>
            <gpxtpx:hr>174</gpxtpx:hr>
          </gpxtpx:TrackPointExtension>
        </extensions>
      </trkpt>
      <trkpt lat="31.255763835205396" lon="121.60959200471012">
        <ele>5.1304753525182605</ele>
        <time>1970-01-01T00:22:30.600000Z</time>
        <extensions>
          <gpxtpx:TrackPointExtension>
            <gpxtpx:hr>174</gpxtpx:hr>
          </gpxtpx:TrackPointExtension>
        </extensions>
      </trkpt>
      <trkpt lat="31.255752523386914" lon="121.60956291579329">
        <ele>5.156179400160909</ele>
        <time>1970-01-01T00:22:31.600000Z</time>
        <extensions>
          <gpxtpx:TrackPointExtension>
            <gpxtpx:hr>174</gpxtpx:hr>
          </gpxtpx:TrackPointExtension>
        </extensions>
      </trkpt>
      <trkpt lat="31.255740968665886" lon="121.60953314023315">
        <ele>5.186721767298877</ele>
        <time>1970-01-01T00:22:32.600000Z</time>
        <extensions>
          <gpxtpx:TrackPointExtension>
            <gpxtpx:hr>174</gpxtpx:hr>
          </gpxtpx:TrackPointExtension>
        </extensions>
      </trkpt>
      <trkpt lat="31.255729230693998" lon="121.60950295631078">
        <ele>5.223395272158086</ele>
        <time>1970-01-01T00:22:33.600000Z</time>
        <extensions>
          <gpxtpx:TrackPointExtension>
            <gpxtpx:hr>174</gpxtpx:hr>
          </gpxtpx:TrackPointExtension>
        </extensions>
      </trkpt>
      <trkpt lat="31.255717606858067" lon="121.60947276112064">
        <ele>5.266620368696749</ele>
        <time>1970-01-01T00:22:34.700000Z</time>
        <extensions>
          <gpxtpx:TrackPointExtension>
            <gpxtpx:hr>174</gpxtpx:hr>
          </gpxtpx:TrackPointExtension>
        </extensions>
      </trkpt>
      <trkpt lat="31.255705946860285" lon="121.60944289686037">
        <ele>5.315437634475529</ele>
        <time>1970-01-01T00:22:35.700000Z</time>
        <extensions>
          <gpxtpx:TrackPointExtension>
            <gpxtpx:hr>174</gpxtpx:hr>
          </gpxtpx:TrackPointExtension>
        </extensions>
      </trkpt>
      <trkpt lat="31.255693900057743" lon="121.60941350166836">
        <ele>5.368027939461172</ele>
        <time>1970-01-01T00:22:36.700000Z</time>
        <extensions>
          <gpxtpx:TrackPointExtension>
            <gpxtpx:hr>174</gpxtpx:hr>
          </gpxtpx:TrackPointExtension>
        </extensions>
      </trkpt>
      <trkpt lat="31.255681352216946" lon="121.60938420979888">
        <ele>5.422180752269924</ele>
        <time>1970-01-01T00:22:37.700000Z</time>
        <extensions>
          <gpxtpx:TrackPointExtension>
            <gpxtpx:hr>174</gpxtpx:hr>
          </gpxtpx:TrackPointExtension>
        </extensions>
      </trkpt>
      <trkpt lat="31.25566817580923" lon="121.60935503195914">
        <ele>5.475962780416012</ele>
        <time>1970-01-01T00:22:38.700000Z</time>
        <extensions>
          <gpxtpx:TrackPointExtension>
            <gpxtpx:hr>174</gpxtpx:hr>
          </gpxtpx:TrackPointExtension>
        </extensions>
      </trkpt>
      <trkpt lat="31.25565446012811" lon="121.60932624483709">
        <ele>5.528270761482418</ele>
        <time>1970-01-01T00:22:39.700000Z</time>
        <extensions>
          <gpxtpx:TrackPointExtension>
            <gpxtpx:hr>175</gpxtpx:hr>
          </gpxtpx:TrackPointExtension>
        </extensions>
      </trkpt>
      <trkpt lat="31.25564045824173" lon="121.60929780441359">
        <ele>5.578981294296682</ele>
        <time>1970-01-01T00:22:40.700000Z</time>
        <extensions>
          <gpxtpx:TrackPointExtension>
            <gpxtpx:hr>175</gpxtpx:hr>
          </gpxtpx:TrackPointExtension>
        </extensions>
      </trkpt>
      <trkpt lat="31.255626195072924" lon="121.60926985966113">
        <ele>5.628887654282153</ele>
        <time>1970-01-01T00:22:41.700000Z</time>
        <extensions>
          <gpxtpx:TrackPointExtension>
            <gpxtpx:hr>175</gpxtpx:hr>
          </gpxtpx:TrackPointExtension>
        </extensions>
      </trkpt>
      <trkpt lat="31.255611529608277" lon="121.60924243205527">
        <ele>5.679144909605384</ele>
        <time>1970-01-01T00:22:42.700000Z</time>
        <extensions>
          <gpxtpx:TrackPointExtension>
            <gpxtpx:hr>174</gpxtpx:hr>
          </gpxtpx:TrackPointExtension>
        </extensions>
      </trkpt>
      <trkpt lat="31.255596480584767" lon="121.60921526650701">
        <ele>5.730363798327744</ele>
        <time>1970-01-01T00:22:43.700000Z</time>
        <extensions>
          <gpxtpx:TrackPointExtension>
            <gpxtpx:hr>174</gpxtpx:hr>
          </gpxtpx:TrackPointExtension>
        </extensions>
      </trkpt>
      <trkpt lat="31.255581121824722" lon="121.60918826940225">
        <ele>5.782247276045382</ele>
        <time>1970-01-01T00:22:44.700000Z</time>
        <extensions>
          <gpxtpx:TrackPointExtension>
            <gpxtpx:hr>174</gpxtpx:hr>
          </gpxtpx:TrackPointExtension>
        </extensions>
      </trkpt>
      <trkpt lat="31.255565625583074" lon="121.60916108321342">
        <ele>5.8337895553559065</ele>
        <time>1970-01-01T00:22:45.700000Z</time>
        <extensions>
          <gpxtpx:TrackPointExtension>
            <gpxtpx:hr>174</gpxtpx:hr>
          </gpxtpx:TrackPointExtension>
        </extensions>
      </trkpt>
      <trkpt lat="31.255550268491998" lon="121.60913373160471">
        <ele>5.883903958834708</ele>
        <time>1970-01-01T00:22:46.700000Z</time>
        <extensions>
          <gpxtpx:TrackPointExtension>
            <gpxtpx:hr>174</gpxtpx:hr>
          </gpxtpx:TrackPointExtension>
        </extensions>
      </trkpt>
      <trkpt lat="31.255535142923048" lon="121.60910654996543">
        <ele>5.931912508793175</ele>
        <time>1970-01-01T00:22:47.700000Z</time>
        <extensions>
          <gpxtpx:TrackPointExtension>
            <gpxtpx:hr>174</gpxtpx:hr>
          </gpxtpx:TrackPointExtension>
        </extensions>
      </trkpt>
      <trkpt lat="31.255520375768633" lon="121.60907920951936">
        <ele>5.977031270042062</ele>
        <time>1970-01-01T00:22:48.700000Z</time>
        <extensions>
          <gpxtpx:TrackPointExtension>
            <gpxtpx:hr>174</gpxtpx:hr>
          </gpxtpx:TrackPointExtension>
        </extensions>
      </trkpt>
      <trkpt lat="31.255506098472843" lon="121.60905145016221">
        <ele>6.018264949321747</ele>
        <time>1970-01-01T00:22:49.700000Z</time>
        <extensions>
          <gpxtpx:TrackPointExtension>
            <gpxtpx:hr>174</gpxtpx:hr>
          </gpxtpx:TrackPointExtension>
        </extensions>
      </trkpt>
      <trkpt lat="31.255491924620024" lon="121.60902355358473">
        <ele>6.0549142099916935</ele>
        <time>1970-01-01T00:22:50.700000Z</time>
        <extensions>
          <gpxtpx:TrackPointExtension>
            <gpxtpx:hr>174</gpxtpx:hr>
          </gpxtpx:TrackPointExtension>
        </extensions>
      </trkpt>
      <trkpt lat="31.255477771564426" lon="121.6089957655964">
        <ele>6.086811739951372</ele>
        <time>1970-01-01T00:22:51.700000Z</time>
        <extensions>
          <gpxtpx:TrackPointExtension>
            <gpxtpx:hr>174</gpxtpx:hr>
          </gpxtpx:TrackPointExtension>
        </extensions>
      </trkpt>
      <trkpt lat="31.255463984720613" lon="121.6089681932816">
        <ele>6.114258304238319</ele>
        <time>1970-01-01T00:22:52.700000Z</time>
        <extensions>
          <gpxtpx:TrackPointExtension>
            <gpxtpx:hr>174</gpxtpx:hr>
          </gpxtpx:TrackPointExtension>
        </extensions>
      </trkpt>
      <trkpt lat="31.25545050136472" lon="121.60894078055586">
        <ele>6.137739846482873</ele>
        <time>1970-01-01T00:22:53.700000Z</time>
        <extensions>
          <gpxtpx:TrackPointExtension>
            <gpxtpx:hr>174</gpxtpx:hr>
          </gpxtpx:TrackPointExtension>
        </extensions>
      </trkpt>
      <trkpt lat="31.255437313780412" lon="121.60891333466314">
        <ele>6.157566325739026</ele>
        <time>1970-01-01T00:22:54.700000Z</time>
        <extensions>
          <gpxtpx:TrackPointExtension>
            <gpxtpx:hr>174</gpxtpx:hr>
          </gpxtpx:TrackPointExtension>
        </extensions>
      </trkpt>
      <trkpt lat="31.25542463259242" lon="121.60888591796495">
        <ele>6.173663002438843</ele>
        <time>1970-01-01T00:22:55.700000Z</time>
        <extensions>
          <gpxtpx:TrackPointExtension>
            <gpxtpx:hr>174</gpxtpx:hr>
          </gpxtpx:TrackPointExtension>
        </extensions>
      </trkpt>
      <trkpt lat="31.255412607665928" lon="121.608858526634">
        <ele>6.185486512258649</ele>
        <time>1970-01-01T00:22:56.700000Z</time>
        <extensions>
          <gpxtpx:TrackPointExtension>
            <gpxtpx:hr>174</gpxtpx:hr>
          </gpxtpx:TrackPointExtension>
        </extensions>
      </trkpt>
      <trkpt lat="31.255401894389887" lon="121.60883084535435">
        <ele>6.192268908955157</ele>
        <time>1970-01-01T00:22:57.700000Z</time>
        <extensions>
          <gpxtpx:TrackPointExtension>
            <gpxtpx:hr>174</gpxtpx:hr>
          </gpxtpx:TrackPointExtension>
        </extensions>
      </trkpt>
      <trkpt lat="31.255393377336308" lon="121.60880271044944">
        <ele>6.193312237039208</ele>
        <time>1970-01-01T00:22:58.700000Z</time>
        <extensions>
          <gpxtpx:TrackPointExtension>
            <gpxtpx:hr>174</gpxtpx:hr>
          </gpxtpx:TrackPointExtension>
        </extensions>
      </trkpt>
      <trkpt lat="31.2553876248467" lon="121.60877386842309">
        <ele>6.188043210655451</ele>
        <time>1970-01-01T00:22:59.700000Z</time>
        <extensions>
          <gpxtpx:TrackPointExtension>
            <gpxtpx:hr>174</gpxtpx:hr>
          </gpxtpx:TrackPointExtension>
        </extensions>
      </trkpt>
      <trkpt lat="31.2553850238145" lon="121.60874394446434">
        <ele>6.176215223968029</ele>
        <time>1970-01-01T00:23:00.700000Z</time>
        <extensions>
          <gpxtpx:TrackPointExtension>
            <gpxtpx:hr>174</gpxtpx:hr>
          </gpxtpx:TrackPointExtension>
        </extensions>
      </trkpt>
      <trkpt lat="31.25538517767828" lon="121.60871315901092">
        <ele>6.157753461040556</ele>
        <time>1970-01-01T00:23:01.700000Z</time>
        <extensions>
          <gpxtpx:TrackPointExtension>
            <gpxtpx:hr>174</gpxtpx:hr>
          </gpxtpx:TrackPointExtension>
        </extensions>
      </trkpt>
      <trkpt lat="31.25538680623216" lon="121.60868192312041">
        <ele>6.132790235802531</ele>
        <time>1970-01-01T00:23:02.700000Z</time>
        <extensions>
          <gpxtpx:TrackPointExtension>
            <gpxtpx:hr>174</gpxtpx:hr>
          </gpxtpx:TrackPointExtension>
        </extensions>
      </trkpt>
      <trkpt lat="31.255388765493443" lon="121.60865058328238">
        <ele>6.101925581693649</ele>
        <time>1970-01-01T00:23:03.700000Z</time>
        <extensions>
          <gpxtpx:TrackPointExtension>
            <gpxtpx:hr>174</gpxtpx:hr>
          </gpxtpx:TrackPointExtension>
        </extensions>
      </trkpt>
      <trkpt lat="31.2553900786944" lon="121.60861969602698">
        <ele>6.066097102127969</ele>
        <time>1970-01-01T00:23:04.700000Z</time>
        <extensions>
          <gpxtpx:TrackPointExtension>
            <gpxtpx:hr>174</gpxtpx:hr>
          </gpxtpx:TrackPointExtension>
        </extensions>
      </trkpt>
      <trkpt lat="31.25538998865172" lon="121.60858959899286">
        <ele>6.026444756425917</ele>
        <time>1970-01-01T00:23:05.700000Z</time>
        <extensions>
          <gpxtpx:TrackPointExtension>
            <gpxtpx:hr>174</gpxtpx:hr>
          </gpxtpx:TrackPointExtension>
        </extensions>
      </trkpt>
      <trkpt lat="31.255388482933046" lon="121.60856032035798">
        <ele>5.984142896719277</ele>
        <time>1970-01-01T00:23:06.700000Z</time>
        <extensions>
          <gpxtpx:TrackPointExtension>
            <gpxtpx:hr>174</gpxtpx:hr>
          </gpxtpx:TrackPointExtension>
        </extensions>
      </trkpt>
      <trkpt lat="31.255385848863213" lon="121.60853201442028">
        <ele>5.94033685605973</ele>
        <time>1970-01-01T00:23:07.700000Z</time>
        <extensions>
          <gpxtpx:TrackPointExtension>
            <gpxtpx:hr>174</gpxtpx:hr>
          </gpxtpx:TrackPointExtension>
        </extensions>
      </trkpt>
      <trkpt lat="31.255382113449485" lon="121.60850479032628">
        <ele>5.896376030519605</ele>
        <time>1970-01-01T00:23:08.700000Z</time>
        <extensions>
          <gpxtpx:TrackPointExtension>
            <gpxtpx:hr>174</gpxtpx:hr>
          </gpxtpx:TrackPointExtension>
        </extensions>
      </trkpt>
      <trkpt lat="31.25537738374823" lon="121.60847831269471">
        <ele>5.853730054572225</ele>
        <time>1970-01-01T00:23:09.700000Z</time>
        <extensions>
          <gpxtpx:TrackPointExtension>
            <gpxtpx:hr>174</gpxtpx:hr>
          </gpxtpx:TrackPointExtension>
        </extensions>
      </trkpt>
      <trkpt lat="31.255371829985478" lon="121.60845186836448">
        <ele>5.813984430395067</ele>
        <time>1970-01-01T00:23:10.800000Z</time>
        <extensions>
          <gpxtpx:TrackPointExtension>
            <gpxtpx:hr>174</gpxtpx:hr>
          </gpxtpx:TrackPointExtension>
        </extensions>
      </trkpt>
      <trkpt lat="31.255365414544922" lon="121.60842487011958">
        <ele>5.778964231722057</ele>
        <time>1970-01-01T00:23:11.800000Z</time>
        <extensions>
          <gpxtpx:TrackPointExtension>
            <gpxtpx:hr>174</gpxtpx:hr>
          </gpxtpx:TrackPointExtension>
        </extensions>
      </trkpt>
      <trkpt lat="31.255358512216176" lon="121.60839720598436">
        <ele>5.750544872134924</ele>
        <time>1970-01-01T00:23:12.800000Z</time>
        <extensions>
          <gpxtpx:TrackPointExtension>
            <gpxtpx:hr>174</gpxtpx:hr>
          </gpxtpx:TrackPointExtension>
        </extensions>
      </trkpt>
      <trkpt lat="31.25535161823761" lon="121.60836922451789">
        <ele>5.730463994666934</ele>
        <time>1970-01-01T00:23:13.800000Z</time>
        <extensions>
          <gpxtpx:TrackPointExtension>
            <gpxtpx:hr>174</gpxtpx:hr>
          </gpxtpx:TrackPointExtension>
        </extensions>
      </trkpt>
      <trkpt lat="31.255345040047036" lon="121.60834108341653">
        <ele>5.719724112190306</ele>
        <time>1970-01-01T00:23:14.800000Z</time>
        <extensions>
          <gpxtpx:TrackPointExtension>
            <gpxtpx:hr>174</gpxtpx:hr>
          </gpxtpx:TrackPointExtension>
        </extensions>
      </trkpt>
      <trkpt lat="31.255339344347014" lon="121.60831248822508">
        <ele>5.7179741775617</ele>
        <time>1970-01-01T00:23:15.800000Z</time>
        <extensions>
          <gpxtpx:TrackPointExtension>
            <gpxtpx:hr>175</gpxtpx:hr>
          </gpxtpx:TrackPointExtension>
        </extensions>
      </trkpt>
      <trkpt lat="31.255333963731587" lon="121.60828354590316">
        <ele>5.723943643271923</ele>
        <time>1970-01-01T00:23:16.800000Z</time>
        <extensions>
          <gpxtpx:TrackPointExtension>
            <gpxtpx:hr>175</gpxtpx:hr>
          </gpxtpx:TrackPointExtension>
        </extensions>
      </trkpt>
      <trkpt lat="31.255327734030228" lon="121.60825449761977">
        <ele>5.735856052488089</ele>
        <time>1970-01-01T00:23:17.800000Z</time>
        <extensions>
          <gpxtpx:TrackPointExtension>
            <gpxtpx:hr>175</gpxtpx:hr>
          </gpxtpx:TrackPointExtension>
        </extensions>
      </trkpt>
      <trkpt lat="31.255320739063755" lon="121.60822533453072">
        <ele>5.751448651775718</ele>
        <time>1970-01-01T00:23:18.800000Z</time>
        <extensions>
          <gpxtpx:TrackPointExtension>
            <gpxtpx:hr>175</gpxtpx:hr>
          </gpxtpx:TrackPointExtension>
        </extensions>
      </trkpt>
      <trkpt lat="31.255313188675288" lon="121.60819632306074">
        <ele>5.768548913300037</ele>
        <time>1970-01-01T00:23:19.800000Z</time>
        <extensions>
          <gpxtpx:TrackPointExtension>
            <gpxtpx:hr>175</gpxtpx:hr>
          </gpxtpx:TrackPointExtension>
        </extensions>
      </trkpt>
      <trkpt lat="31.255305019030633" lon="121.60816764735482">
        <ele>5.785984701476991</ele>
        <time>1970-01-01T00:23:20.800000Z</time>
        <extensions>
          <gpxtpx:TrackPointExtension>
            <gpxtpx:hr>175</gpxtpx:hr>
          </gpxtpx:TrackPointExtension>
        </extensions>
      </trkpt>
      <trkpt lat="31.25529643908916" lon="121.60813905317856">
        <ele>5.803409472107887</ele>
        <time>1970-01-01T00:23:21.800000Z</time>
        <extensions>
          <gpxtpx:TrackPointExtension>
            <gpxtpx:hr>175</gpxtpx:hr>
          </gpxtpx:TrackPointExtension>
        </extensions>
      </trkpt>
      <trkpt lat="31.255287858623202" lon="121.60811042670231">
        <ele>5.8204608438536525</ele>
        <time>1970-01-01T00:23:22.800000Z</time>
        <extensions>
          <gpxtpx:TrackPointExtension>
            <gpxtpx:hr>175</gpxtpx:hr>
          </gpxtpx:TrackPointExtension>
        </extensions>
      </trkpt>
      <trkpt lat="31.255279707878227" lon="121.6080817664179">
        <ele>5.836686943657696</ele>
        <time>1970-01-01T00:23:23.800000Z</time>
        <extensions>
          <gpxtpx:TrackPointExtension>
            <gpxtpx:hr>175</gpxtpx:hr>
          </gpxtpx:TrackPointExtension>
        </extensions>
      </trkpt>
      <trkpt lat="31.255272273839548" lon="121.60805289823993">
        <ele>5.852029073052108</ele>
        <time>1970-01-01T00:23:24.800000Z</time>
        <extensions>
          <gpxtpx:TrackPointExtension>
            <gpxtpx:hr>175</gpxtpx:hr>
          </gpxtpx:TrackPointExtension>
        </extensions>
      </trkpt>
      <trkpt lat="31.255265437568838" lon="121.60802369599652">
        <ele>5.867064002901316</ele>
        <time>1970-01-01T00:23:25.800000Z</time>
        <extensions>
          <gpxtpx:TrackPointExtension>
            <gpxtpx:hr>175</gpxtpx:hr>
          </gpxtpx:TrackPointExtension>
        </extensions>
      </trkpt>
      <trkpt lat="31.255259039202244" lon="121.60799392794559">
        <ele>5.882760836742818</ele>
        <time>1970-01-01T00:23:26.800000Z</time>
        <extensions>
          <gpxtpx:TrackPointExtension>
            <gpxtpx:hr>175</gpxtpx:hr>
          </gpxtpx:TrackPointExtension>
        </extensions>
      </trkpt>
      <trkpt lat="31.25525317633803" lon="121.60796364900844">
        <ele>5.900450840592384</ele>
        <time>1970-01-01T00:23:27.800000Z</time>
        <extensions>
          <gpxtpx:TrackPointExtension>
            <gpxtpx:hr>175</gpxtpx:hr>
          </gpxtpx:TrackPointExtension>
        </extensions>
      </trkpt>
      <trkpt lat="31.25524771688951" lon="121.60793340444837">
        <ele>5.920682853087783</ele>
        <time>1970-01-01T00:23:28.800000Z</time>
        <extensions>
          <gpxtpx:TrackPointExtension>
            <gpxtpx:hr>175</gpxtpx:hr>
          </gpxtpx:TrackPointExtension>
        </extensions>
      </trkpt>
      <trkpt lat="31.255242364009934" lon="121.60790329342147">
        <ele>5.941995878703892</ele>
        <time>1970-01-01T00:23:29.800000Z</time>
        <extensions>
          <gpxtpx:TrackPointExtension>
            <gpxtpx:hr>175</gpxtpx:hr>
          </gpxtpx:TrackPointExtension>
        </extensions>
      </trkpt>
      <trkpt lat="31.255236992120988" lon="121.6078731490226">
        <ele>5.962253641337156</ele>
        <time>1970-01-01T00:23:30.800000Z</time>
        <extensions>
          <gpxtpx:TrackPointExtension>
            <gpxtpx:hr>175</gpxtpx:hr>
          </gpxtpx:TrackPointExtension>
        </extensions>
      </trkpt>
      <trkpt lat="31.25523133290494" lon="121.60784320346889">
        <ele>5.979424201883376</ele>
        <time>1970-01-01T00:23:31.800000Z</time>
        <extensions>
          <gpxtpx:TrackPointExtension>
            <gpxtpx:hr>175</gpxtpx:hr>
          </gpxtpx:TrackPointExtension>
        </extensions>
      </trkpt>
      <trkpt lat="31.255225193044218" lon="121.60781383045021">
        <ele>5.991470538079739</ele>
        <time>1970-01-01T00:23:32.800000Z</time>
        <extensions>
          <gpxtpx:TrackPointExtension>
            <gpxtpx:hr>175</gpxtpx:hr>
          </gpxtpx:TrackPointExtension>
        </extensions>
      </trkpt>
      <trkpt lat="31.255218862345856" lon="121.60778527383123">
        <ele>5.997653600759804</ele>
        <time>1970-01-01T00:23:33.800000Z</time>
        <extensions>
          <gpxtpx:TrackPointExtension>
            <gpxtpx:hr>175</gpxtpx:hr>
          </gpxtpx:TrackPointExtension>
        </extensions>
      </trkpt>
      <trkpt lat="31.25521293621617" lon="121.60775746603376">
        <ele>5.998657313175499</ele>
        <time>1970-01-01T00:23:34.800000Z</time>
        <extensions>
          <gpxtpx:TrackPointExtension>
            <gpxtpx:hr>175</gpxtpx:hr>
          </gpxtpx:TrackPointExtension>
        </extensions>
      </trkpt>
      <trkpt lat="31.25520790831591" lon="121.60772991004134">
        <ele>5.995772805996239</ele>
        <time>1970-01-01T00:23:35.800000Z</time>
        <extensions>
          <gpxtpx:TrackPointExtension>
            <gpxtpx:hr>176</gpxtpx:hr>
          </gpxtpx:TrackPointExtension>
        </extensions>
      </trkpt>
      <trkpt lat="31.25520370336286" lon="121.6077021562265">
        <ele>5.990425585769117</ele>
        <time>1970-01-01T00:23:36.800000Z</time>
        <extensions>
          <gpxtpx:TrackPointExtension>
            <gpxtpx:hr>176</gpxtpx:hr>
          </gpxtpx:TrackPointExtension>
        </extensions>
      </trkpt>
      <trkpt lat="31.25519999962372" lon="121.60767403131055">
        <ele>5.984095945954323</ele>
        <time>1970-01-01T00:23:37.800000Z</time>
        <extensions>
          <gpxtpx:TrackPointExtension>
            <gpxtpx:hr>176</gpxtpx:hr>
          </gpxtpx:TrackPointExtension>
        </extensions>
      </trkpt>
      <trkpt lat="31.255196711247862" lon="121.6076454058154">
        <ele>5.978741018101573</ele>
        <time>1970-01-01T00:23:38.800000Z</time>
        <extensions>
          <gpxtpx:TrackPointExtension>
            <gpxtpx:hr>176</gpxtpx:hr>
          </gpxtpx:TrackPointExtension>
        </extensions>
      </trkpt>
      <trkpt lat="31.255193691433263" lon="121.60761645817762">
        <ele>5.97637252509594</ele>
        <time>1970-01-01T00:23:39.800000Z</time>
        <extensions>
          <gpxtpx:TrackPointExtension>
            <gpxtpx:hr>176</gpxtpx:hr>
          </gpxtpx:TrackPointExtension>
        </extensions>
      </trkpt>
      <trkpt lat="31.255190407945943" lon="121.60758760123686">
        <ele>5.978691767901182</ele>
        <time>1970-01-01T00:23:40.800000Z</time>
        <extensions>
          <gpxtpx:TrackPointExtension>
            <gpxtpx:hr>176</gpxtpx:hr>
          </gpxtpx:TrackPointExtension>
        </extensions>
      </trkpt>
      <trkpt lat="31.255186647857258" lon="121.6075587672559">
        <ele>5.98727220389992</ele>
        <time>1970-01-01T00:23:41.800000Z</time>
        <extensions>
          <gpxtpx:TrackPointExtension>
            <gpxtpx:hr>176</gpxtpx:hr>
          </gpxtpx:TrackPointExtension>
        </extensions>
      </trkpt>
      <trkpt lat="31.2551824963141" lon="121.60752978728837">
        <ele>6.003623927012086</ele>
        <time>1970-01-01T00:23:42.800000Z</time>
        <extensions>
          <gpxtpx:TrackPointExtension>
            <gpxtpx:hr>176</gpxtpx:hr>
          </gpxtpx:TrackPointExtension>
        </extensions>
      </trkpt>
      <trkpt lat="31.25517788579764" lon="121.6075007418643">
        <ele>6.028890108689666</ele>
        <time>1970-01-01T00:23:43.800000Z</time>
        <extensions>
          <gpxtpx:TrackPointExtension>
            <gpxtpx:hr>176</gpxtpx:hr>
          </gpxtpx:TrackPointExtension>
        </extensions>
      </trkpt>
      <trkpt lat="31.255172770643888" lon="121.60747146431751">
        <ele>6.06376629602164</ele>
        <time>1970-01-01T00:23:44.800000Z</time>
        <extensions>
          <gpxtpx:TrackPointExtension>
            <gpxtpx:hr>176</gpxtpx:hr>
          </gpxtpx:TrackPointExtension>
        </extensions>
      </trkpt>
      <trkpt lat="31.25516662338769" lon="121.60744192487121">
        <ele>6.108863100409508</ele>
        <time>1970-01-01T00:23:45.900000Z</time>
        <extensions>
          <gpxtpx:TrackPointExtension>
            <gpxtpx:hr>175</gpxtpx:hr>
          </gpxtpx:TrackPointExtension>
        </extensions>
      </trkpt>
      <trkpt lat="31.25515896101621" lon="121.60741232992406">
        <ele>6.1644275253638625</ele>
        <time>1970-01-01T00:23:46.900000Z</time>
        <extensions>
          <gpxtpx:TrackPointExtension>
            <gpxtpx:hr>175</gpxtpx:hr>
          </gpxtpx:TrackPointExtension>
        </extensions>
      </trkpt>
      <trkpt lat="31.255150159077882" lon="121.60738266818377">
        <ele>6.230170221999288</ele>
        <time>1970-01-01T00:23:47.900000Z</time>
        <extensions>
          <gpxtpx:TrackPointExtension>
            <gpxtpx:hr>175</gpxtpx:hr>
          </gpxtpx:TrackPointExtension>
        </extensions>
      </trkpt>
      <trkpt lat="31.25514080386486" lon="121.607353046494">
        <ele>6.30548507347703</ele>
        <time>1970-01-01T00:23:48.900000Z</time>
        <extensions>
          <gpxtpx:TrackPointExtension>
            <gpxtpx:hr>175</gpxtpx:hr>
          </gpxtpx:TrackPointExtension>
        </extensions>
      </trkpt>
      <trkpt lat="31.25513117239329" lon="121.60732365551787">
        <ele>6.388752914965153</ele>
        <time>1970-01-01T00:23:49.900000Z</time>
        <extensions>
          <gpxtpx:TrackPointExtension>
            <gpxtpx:hr>175</gpxtpx:hr>
          </gpxtpx:TrackPointExtension>
        </extensions>
      </trkpt>
      <trkpt lat="31.25512170458346" lon="121.60729422078803">
        <ele>6.4769238056614995</ele>
        <time>1970-01-01T00:23:50.900000Z</time>
        <extensions>
          <gpxtpx:TrackPointExtension>
            <gpxtpx:hr>175</gpxtpx:hr>
          </gpxtpx:TrackPointExtension>
        </extensions>
      </trkpt>
      <trkpt lat="31.255112675133326" lon="121.60726457556866">
        <ele>6.566187623888254</ele>
        <time>1970-01-01T00:23:51.900000Z</time>
        <extensions>
          <gpxtpx:TrackPointExtension>
            <gpxtpx:hr>175</gpxtpx:hr>
          </gpxtpx:TrackPointExtension>
        </extensions>
      </trkpt>
      <trkpt lat="31.25510401717681" lon="121.60723486361917">
        <ele>6.6531545566394925</ele>
        <time>1970-01-01T00:23:52.900000Z</time>
        <extensions>
          <gpxtpx:TrackPointExtension>
            <gpxtpx:hr>175</gpxtpx:hr>
          </gpxtpx:TrackPointExtension>
        </extensions>
      </trkpt>
      <trkpt lat="31.25509593517898" lon="121.60720485637778">
        <ele>6.736348623409867</ele>
        <time>1970-01-01T00:23:53.900000Z</time>
        <extensions>
          <gpxtpx:TrackPointExtension>
            <gpxtpx:hr>175</gpxtpx:hr>
          </gpxtpx:TrackPointExtension>
        </extensions>
      </trkpt>
      <trkpt lat="31.25508842978897" lon="121.60717449206575">
        <ele>6.815901035442948</ele>
        <time>1970-01-01T00:23:54.900000Z</time>
        <extensions>
          <gpxtpx:TrackPointExtension>
            <gpxtpx:hr>175</gpxtpx:hr>
          </gpxtpx:TrackPointExtension>
        </extensions>
      </trkpt>
      <trkpt lat="31.25508131564874" lon="121.60714412580549">
        <ele>6.892161504365504</ele>
        <time>1970-01-01T00:23:55.900000Z</time>
        <extensions>
          <gpxtpx:TrackPointExtension>
            <gpxtpx:hr>175</gpxtpx:hr>
          </gpxtpx:TrackPointExtension>
        </extensions>
      </trkpt>
      <trkpt lat="31.25507465678466" lon="121.60711384296253">
        <ele>6.96501998603344</ele>
        <time>1970-01-01T00:23:56.900000Z</time>
        <extensions>
          <gpxtpx:TrackPointExtension>
            <gpxtpx:hr>175</gpxtpx:hr>
          </gpxtpx:TrackPointExtension>
        </extensions>
      </trkpt>
      <trkpt lat="31.255068653128433" lon="121.60708372242215">
        <ele>7.034091139212251</ele>
        <time>1970-01-01T00:23:57.900000Z</time>
        <extensions>
          <gpxtpx:TrackPointExtension>
            <gpxtpx:hr>175</gpxtpx:hr>
          </gpxtpx:TrackPointExtension>
        </extensions>
      </trkpt>
      <trkpt lat="31.255062539495352" lon="121.60705403401204">
        <ele>7.099318548105657</ele>
        <time>1970-01-01T00:23:58.900000Z</time>
        <extensions>
          <gpxtpx:TrackPointExtension>
            <gpxtpx:hr>175</gpxtpx:hr>
          </gpxtpx:TrackPointExtension>
        </extensions>
      </trkpt>
      <trkpt lat="31.255055975922083" lon="121.60702473097605">
        <ele>7.160722848027945</ele>
        <time>1970-01-01T00:23:59.900000Z</time>
        <extensions>
          <gpxtpx:TrackPointExtension>
            <gpxtpx:hr>175</gpxtpx:hr>
          </gpxtpx:TrackPointExtension>
        </extensions>
      </trkpt>
      <trkpt lat="31.255049357320676" lon="121.60699575817912">
        <ele>7.218122637830675</ele>
        <time>1970-01-01T00:24:00.900000Z</time>
        <extensions>
          <gpxtpx:TrackPointExtension>
            <gpxtpx:hr>175</gpxtpx:hr>
          </gpxtpx:TrackPointExtension>
        </extensions>
      </trkpt>
      <trkpt lat="31.255042523560853" lon="121.60696708684071">
        <ele>7.271147860214114</ele>
        <time>1970-01-01T00:24:01.900000Z</time>
        <extensions>
          <gpxtpx:TrackPointExtension>
            <gpxtpx:hr>175</gpxtpx:hr>
          </gpxtpx:TrackPointExtension>
        </extensions>
      </trkpt>
      <trkpt lat="31.255035693196866" lon="121.60693837471685">
        <ele>7.319147231988609</ele>
        <time>1970-01-01T00:24:02.900000Z</time>
        <extensions>
          <gpxtpx:TrackPointExtension>
            <gpxtpx:hr>175</gpxtpx:hr>
          </gpxtpx:TrackPointExtension>
        </extensions>
      </trkpt>
      <trkpt lat="31.255028824514095" lon="121.60690976714847">
        <ele>7.361551137641072</ele>
        <time>1970-01-01T00:24:03.900000Z</time>
        <extensions>
          <gpxtpx:TrackPointExtension>
            <gpxtpx:hr>175</gpxtpx:hr>
          </gpxtpx:TrackPointExtension>
        </extensions>
      </trkpt>
      <trkpt lat="31.255021615823214" lon="121.60688157535456">
        <ele>7.398136974312365</ele>
        <time>1970-01-01T00:24:04.900000Z</time>
        <extensions>
          <gpxtpx:TrackPointExtension>
            <gpxtpx:hr>175</gpxtpx:hr>
          </gpxtpx:TrackPointExtension>
        </extensions>
      </trkpt>
      <trkpt lat="31.255014342576086" lon="121.60685367291087">
        <ele>7.429271886125207</ele>
        <time>1970-01-01T00:24:05.900000Z</time>
        <extensions>
          <gpxtpx:TrackPointExtension>
            <gpxtpx:hr>175</gpxtpx:hr>
          </gpxtpx:TrackPointExtension>
        </extensions>
      </trkpt>
      <trkpt lat="31.255007376692642" lon="121.60682605062348">
        <ele>7.456352305598557</ele>
        <time>1970-01-01T00:24:06.900000Z</time>
        <extensions>
          <gpxtpx:TrackPointExtension>
            <gpxtpx:hr>175</gpxtpx:hr>
          </gpxtpx:TrackPointExtension>
        </extensions>
      </trkpt>
      <trkpt lat="31.255000710143566" lon="121.60679847432009">
        <ele>7.481592450290918</ele>
        <time>1970-01-01T00:24:07.900000Z</time>
        <extensions>
          <gpxtpx:TrackPointExtension>
            <gpxtpx:hr>175</gpxtpx:hr>
          </gpxtpx:TrackPointExtension>
        </extensions>
      </trkpt>
      <trkpt lat="31.254994424685542" lon="121.60677062342357">
        <ele>7.507363640703261</ele>
        <time>1970-01-01T00:24:08.900000Z</time>
        <extensions>
          <gpxtpx:TrackPointExtension>
            <gpxtpx:hr>174</gpxtpx:hr>
          </gpxtpx:TrackPointExtension>
        </extensions>
      </trkpt>
      <trkpt lat="31.254987809970793" lon="121.6067426944733">
        <ele>7.53470666334033</ele>
        <time>1970-01-01T00:24:09.900000Z</time>
        <extensions>
          <gpxtpx:TrackPointExtension>
            <gpxtpx:hr>174</gpxtpx:hr>
          </gpxtpx:TrackPointExtension>
        </extensions>
      </trkpt>
      <trkpt lat="31.2549799539202" lon="121.60671504161108">
        <ele>7.562864667735994</ele>
        <time>1970-01-01T00:24:10.900000Z</time>
        <extensions>
          <gpxtpx:TrackPointExtension>
            <gpxtpx:hr>174</gpxtpx:hr>
          </gpxtpx:TrackPointExtension>
        </extensions>
      </trkpt>
      <trkpt lat="31.25497113295422" lon="121.6066876261441">
        <ele>7.591147258877754</ele>
        <time>1970-01-01T00:24:11.900000Z</time>
        <extensions>
          <gpxtpx:TrackPointExtension>
            <gpxtpx:hr>174</gpxtpx:hr>
          </gpxtpx:TrackPointExtension>
        </extensions>
      </trkpt>
      <trkpt lat="31.254962504013506" lon="121.60665984933834">
        <ele>7.619842623360455</ele>
        <time>1970-01-01T00:24:12.900000Z</time>
        <extensions>
          <gpxtpx:TrackPointExtension>
            <gpxtpx:hr>174</gpxtpx:hr>
          </gpxtpx:TrackPointExtension>
        </extensions>
      </trkpt>
      <trkpt lat="31.254954672609394" lon="121.60663131827619">
        <ele>7.6499609826132655</ele>
        <time>1970-01-01T00:24:13.900000Z</time>
        <extensions>
          <gpxtpx:TrackPointExtension>
            <gpxtpx:hr>174</gpxtpx:hr>
          </gpxtpx:TrackPointExtension>
        </extensions>
      </trkpt>
      <trkpt lat="31.25494740106596" lon="121.60660178951414">
        <ele>7.682671424932778</ele>
        <time>1970-01-01T00:24:14.900000Z</time>
        <extensions>
          <gpxtpx:TrackPointExtension>
            <gpxtpx:hr>174</gpxtpx:hr>
          </gpxtpx:TrackPointExtension>
        </extensions>
      </trkpt>
      <trkpt lat="31.25494031973844" lon="121.60657152011422">
        <ele>7.718448447063565</ele>
        <time>1970-01-01T00:24:15.900000Z</time>
        <extensions>
          <gpxtpx:TrackPointExtension>
            <gpxtpx:hr>174</gpxtpx:hr>
          </gpxtpx:TrackPointExtension>
        </extensions>
      </trkpt>
      <trkpt lat="31.254933216542693" lon="121.60654113006281">
        <ele>7.756820494309068</ele>
        <time>1970-01-01T00:24:16.900000Z</time>
        <extensions>
          <gpxtpx:TrackPointExtension>
            <gpxtpx:hr>174</gpxtpx:hr>
          </gpxtpx:TrackPointExtension>
        </extensions>
      </trkpt>
      <trkpt lat="31.254926358648074" lon="121.60651045365752">
        <ele>7.796658005565405</ele>
        <time>1970-01-01T00:24:17.900000Z</time>
        <extensions>
          <gpxtpx:TrackPointExtension>
            <gpxtpx:hr>174</gpxtpx:hr>
          </gpxtpx:TrackPointExtension>
        </extensions>
      </trkpt>
      <trkpt lat="31.254919668719428" lon="121.6064793737914">
        <ele>7.836541612632573</ele>
        <time>1970-01-01T00:24:18.900000Z</time>
        <extensions>
          <gpxtpx:TrackPointExtension>
            <gpxtpx:hr>174</gpxtpx:hr>
          </gpxtpx:TrackPointExtension>
        </extensions>
      </trkpt>
      <trkpt lat="31.254912958605296" lon="121.60644801174884">
        <ele>7.875036643818021</ele>
        <time>1970-01-01T00:24:19.900000Z</time>
        <extensions>
          <gpxtpx:TrackPointExtension>
            <gpxtpx:hr>175</gpxtpx:hr>
          </gpxtpx:TrackPointExtension>
        </extensions>
      </trkpt>
      <trkpt lat="31.25490628058573" lon="121.60641639924157">
        <ele>7.911261047236621</ele>
        <time>1970-01-01T00:24:20.900000Z</time>
        <extensions>
          <gpxtpx:TrackPointExtension>
            <gpxtpx:hr>175</gpxtpx:hr>
          </gpxtpx:TrackPointExtension>
        </extensions>
      </trkpt>
      <trkpt lat="31.254899658881147" lon="121.60638486598715">
        <ele>7.945319730788469</ele>
        <time>1970-01-01T00:24:22Z</time>
        <extensions>
          <gpxtpx:TrackPointExtension>
            <gpxtpx:hr>175</gpxtpx:hr>
          </gpxtpx:TrackPointExtension>
        </extensions>
      </trkpt>
      <trkpt lat="31.25489316289235" lon="121.60635378090912">
        <ele>7.9774863654747605</ele>
        <time>1970-01-01T00:24:23Z</time>
        <extensions>
          <gpxtpx:TrackPointExtension>
            <gpxtpx:hr>175</gpxtpx:hr>
          </gpxtpx:TrackPointExtension>
        </extensions>
      </trkpt>
      <trkpt lat="31.254887079133788" lon="121.60632317595648">
        <ele>8.007355062291026</ele>
        <time>1970-01-01T00:24:24Z</time>
        <extensions>
          <gpxtpx:TrackPointExtension>
            <gpxtpx:hr>175</gpxtpx:hr>
          </gpxtpx:TrackPointExtension>
        </extensions>
      </trkpt>
      <trkpt lat="31.254881310610866" lon="121.60629313117266">
        <ele>8.034350151196122</ele>
        <time>1970-01-01T00:24:25Z</time>
        <extensions>
          <gpxtpx:TrackPointExtension>
            <gpxtpx:hr>175</gpxtpx:hr>
          </gpxtpx:TrackPointExtension>
        </extensions>
      </trkpt>
      <trkpt lat="31.25487570733574" lon="121.60626361611624">
        <ele>8.058295223861933</ele>
        <time>1970-01-01T00:24:26Z</time>
        <extensions>
          <gpxtpx:TrackPointExtension>
            <gpxtpx:hr>175</gpxtpx:hr>
          </gpxtpx:TrackPointExtension>
        </extensions>
      </trkpt>
      <trkpt lat="31.254870380783064" lon="121.60623408244592">
        <ele>8.079515250399709</ele>
        <time>1970-01-01T00:24:27Z</time>
        <extensions>
          <gpxtpx:TrackPointExtension>
            <gpxtpx:hr>174</gpxtpx:hr>
          </gpxtpx:TrackPointExtension>
        </extensions>
      </trkpt>
      <trkpt lat="31.25486516057559" lon="121.60620433193453">
        <ele>8.098423880524933</ele>
        <time>1970-01-01T00:24:28Z</time>
        <extensions>
          <gpxtpx:TrackPointExtension>
            <gpxtpx:hr>174</gpxtpx:hr>
          </gpxtpx:TrackPointExtension>
        </extensions>
      </trkpt>
      <trkpt lat="31.254860058243864" lon="121.60617444816262">
        <ele>8.11527212895453</ele>
        <time>1970-01-01T00:24:29Z</time>
        <extensions>
          <gpxtpx:TrackPointExtension>
            <gpxtpx:hr>174</gpxtpx:hr>
          </gpxtpx:TrackPointExtension>
        </extensions>
      </trkpt>
      <trkpt lat="31.254855310432514" lon="121.60614439253652">
        <ele>8.130524574778974</ele>
        <time>1970-01-01T00:24:30Z</time>
        <extensions>
          <gpxtpx:TrackPointExtension>
            <gpxtpx:hr>174</gpxtpx:hr>
          </gpxtpx:TrackPointExtension>
        </extensions>
      </trkpt>
      <trkpt lat="31.254850999986054" lon="121.60611452527519">
        <ele>8.14493883214891</ele>
        <time>1970-01-01T00:24:31Z</time>
        <extensions>
          <gpxtpx:TrackPointExtension>
            <gpxtpx:hr>174</gpxtpx:hr>
          </gpxtpx:TrackPointExtension>
        </extensions>
      </trkpt>
      <trkpt lat="31.25484721751005" lon="121.606085163749">
        <ele>8.159338011406362</ele>
        <time>1970-01-01T00:24:32Z</time>
        <extensions>
          <gpxtpx:TrackPointExtension>
            <gpxtpx:hr>174</gpxtpx:hr>
          </gpxtpx:TrackPointExtension>
        </extensions>
      </trkpt>
      <trkpt lat="31.254844053725932" lon="121.60605617499846">
        <ele>8.17444439791143</ele>
        <time>1970-01-01T00:24:33Z</time>
        <extensions>
          <gpxtpx:TrackPointExtension>
            <gpxtpx:hr>174</gpxtpx:hr>
          </gpxtpx:TrackPointExtension>
        </extensions>
      </trkpt>
      <trkpt lat="31.254841122380718" lon="121.60602749522802">
        <ele>8.190879533067346</ele>
        <time>1970-01-01T00:24:34Z</time>
        <extensions>
          <gpxtpx:TrackPointExtension>
            <gpxtpx:hr>174</gpxtpx:hr>
          </gpxtpx:TrackPointExtension>
        </extensions>
      </trkpt>
      <trkpt lat="31.254837796558643" lon="121.60599928349076">
        <ele>8.208664500154555</ele>
        <time>1970-01-01T00:24:35Z</time>
        <extensions>
          <gpxtpx:TrackPointExtension>
            <gpxtpx:hr>174</gpxtpx:hr>
          </gpxtpx:TrackPointExtension>
        </extensions>
      </trkpt>
      <trkpt lat="31.254833816072345" lon="121.60597146753709">
        <ele>8.226984039880335</ele>
        <time>1970-01-01T00:24:36Z</time>
        <extensions>
          <gpxtpx:TrackPointExtension>
            <gpxtpx:hr>174</gpxtpx:hr>
          </gpxtpx:TrackPointExtension>
        </extensions>
      </trkpt>
      <trkpt lat="31.254829060551515" lon="121.60594396241376">
        <ele>8.244816398248076</ele>
        <time>1970-01-01T00:24:37Z</time>
        <extensions>
          <gpxtpx:TrackPointExtension>
            <gpxtpx:hr>174</gpxtpx:hr>
          </gpxtpx:TrackPointExtension>
        </extensions>
      </trkpt>
      <trkpt lat="31.254823798467825" lon="121.60591663096376">
        <ele>8.261464124545455</ele>
        <time>1970-01-01T00:24:38Z</time>
        <extensions>
          <gpxtpx:TrackPointExtension>
            <gpxtpx:hr>174</gpxtpx:hr>
          </gpxtpx:TrackPointExtension>
        </extensions>
      </trkpt>
      <trkpt lat="31.254818266701967" lon="121.60588907621731">
        <ele>8.277347239665687</ele>
        <time>1970-01-01T00:24:39Z</time>
        <extensions>
          <gpxtpx:TrackPointExtension>
            <gpxtpx:hr>174</gpxtpx:hr>
          </gpxtpx:TrackPointExtension>
        </extensions>
      </trkpt>
      <trkpt lat="31.254812185402567" lon="121.6058612378425">
        <ele>8.294211310334504</ele>
        <time>1970-01-01T00:24:40Z</time>
        <extensions>
          <gpxtpx:TrackPointExtension>
            <gpxtpx:hr>174</gpxtpx:hr>
          </gpxtpx:TrackPointExtension>
        </extensions>
      </trkpt>
      <trkpt lat="31.254805648702114" lon="121.60583323094274">
        <ele>8.313000997528434</ele>
        <time>1970-01-01T00:24:41Z</time>
        <extensions>
          <gpxtpx:TrackPointExtension>
            <gpxtpx:hr>175</gpxtpx:hr>
          </gpxtpx:TrackPointExtension>
        </extensions>
      </trkpt>
      <trkpt lat="31.25479908898809" lon="121.6058048451459">
        <ele>8.332743142731488</ele>
        <time>1970-01-01T00:24:42Z</time>
        <extensions>
          <gpxtpx:TrackPointExtension>
            <gpxtpx:hr>175</gpxtpx:hr>
          </gpxtpx:TrackPointExtension>
        </extensions>
      </trkpt>
      <trkpt lat="31.25479242769135" lon="121.60577607398793">
        <ele>8.351628873497248</ele>
        <time>1970-01-01T00:24:43Z</time>
        <extensions>
          <gpxtpx:TrackPointExtension>
            <gpxtpx:hr>175</gpxtpx:hr>
          </gpxtpx:TrackPointExtension>
        </extensions>
      </trkpt>
      <trkpt lat="31.25478577032058" lon="121.6057471576819">
        <ele>8.367501705884933</ele>
        <time>1970-01-01T00:24:44Z</time>
        <extensions>
          <gpxtpx:TrackPointExtension>
            <gpxtpx:hr>175</gpxtpx:hr>
          </gpxtpx:TrackPointExtension>
        </extensions>
      </trkpt>
      <trkpt lat="31.25477955519035" lon="121.60571817268823">
        <ele>8.379045934416354</ele>
        <time>1970-01-01T00:24:45Z</time>
        <extensions>
          <gpxtpx:TrackPointExtension>
            <gpxtpx:hr>174</gpxtpx:hr>
          </gpxtpx:TrackPointExtension>
        </extensions>
      </trkpt>
      <trkpt lat="31.254773631476585" lon="121.6056893124554">
        <ele>8.386624414473772</ele>
        <time>1970-01-01T00:24:46Z</time>
        <extensions>
          <gpxtpx:TrackPointExtension>
            <gpxtpx:hr>174</gpxtpx:hr>
          </gpxtpx:TrackPointExtension>
        </extensions>
      </trkpt>
      <trkpt lat="31.25476782641195" lon="121.60566055790852">
        <ele>8.391386133618653</ele>
        <time>1970-01-01T00:24:47Z</time>
        <extensions>
          <gpxtpx:TrackPointExtension>
            <gpxtpx:hr>174</gpxtpx:hr>
          </gpxtpx:TrackPointExtension>
        </extensions>
      </trkpt>
      <trkpt lat="31.254762101005042" lon="121.60563158365882">
        <ele>8.394032271578908</ele>
        <time>1970-01-01T00:24:48Z</time>
        <extensions>
          <gpxtpx:TrackPointExtension>
            <gpxtpx:hr>174</gpxtpx:hr>
          </gpxtpx:TrackPointExtension>
        </extensions>
      </trkpt>
      <trkpt lat="31.254756275318897" lon="121.6056024337152">
        <ele>8.394622721709311</ele>
        <time>1970-01-01T00:24:49Z</time>
        <extensions>
          <gpxtpx:TrackPointExtension>
            <gpxtpx:hr>174</gpxtpx:hr>
          </gpxtpx:TrackPointExtension>
        </extensions>
      </trkpt>
      <trkpt lat="31.254750345226263" lon="121.6055732658974">
        <ele>8.393348487094045</ele>
        <time>1970-01-01T00:24:50Z</time>
        <extensions>
          <gpxtpx:TrackPointExtension>
            <gpxtpx:hr>174</gpxtpx:hr>
          </gpxtpx:TrackPointExtension>
        </extensions>
      </trkpt>
      <trkpt lat="31.254744576766043" lon="121.6055439549287">
        <ele>8.390574065968394</ele>
        <time>1970-01-01T00:24:51Z</time>
        <extensions>
          <gpxtpx:TrackPointExtension>
            <gpxtpx:hr>174</gpxtpx:hr>
          </gpxtpx:TrackPointExtension>
        </extensions>
      </trkpt>
      <trkpt lat="31.25473881815647" lon="121.60551486233298">
        <ele>8.386779544875026</ele>
        <time>1970-01-01T00:24:52Z</time>
        <extensions>
          <gpxtpx:TrackPointExtension>
            <gpxtpx:hr>174</gpxtpx:hr>
          </gpxtpx:TrackPointExtension>
        </extensions>
      </trkpt>
      <trkpt lat="31.25473278265179" lon="121.60548665528975">
        <ele>8.382025951519608</ele>
        <time>1970-01-01T00:24:53Z</time>
        <extensions>
          <gpxtpx:TrackPointExtension>
            <gpxtpx:hr>174</gpxtpx:hr>
          </gpxtpx:TrackPointExtension>
        </extensions>
      </trkpt>
      <trkpt lat="31.254726585206203" lon="121.60545922108186">
        <ele>8.375256329774857</ele>
        <time>1970-01-01T00:24:54Z</time>
        <extensions>
          <gpxtpx:TrackPointExtension>
            <gpxtpx:hr>174</gpxtpx:hr>
          </gpxtpx:TrackPointExtension>
        </extensions>
      </trkpt>
      <trkpt lat="31.254720139211532" lon="121.60543203515378">
        <ele>8.365670582279563</ele>
        <time>1970-01-01T00:24:55Z</time>
        <extensions>
          <gpxtpx:TrackPointExtension>
            <gpxtpx:hr>174</gpxtpx:hr>
          </gpxtpx:TrackPointExtension>
        </extensions>
      </trkpt>
      <trkpt lat="31.254713759343574" lon="121.60540471057772">
        <ele>8.352933146059513</ele>
        <time>1970-01-01T00:24:56Z</time>
        <extensions>
          <gpxtpx:TrackPointExtension>
            <gpxtpx:hr>174</gpxtpx:hr>
          </gpxtpx:TrackPointExtension>
        </extensions>
      </trkpt>
      <trkpt lat="31.25470773016204" lon="121.60537691824287">
        <ele>8.336615778505802</ele>
        <time>1970-01-01T00:24:57Z</time>
        <extensions>
          <gpxtpx:TrackPointExtension>
            <gpxtpx:hr>174</gpxtpx:hr>
          </gpxtpx:TrackPointExtension>
        </extensions>
      </trkpt>
      <trkpt lat="31.2547015530474" lon="121.60534878150884">
        <ele>8.316783211193979</ele>
        <time>1970-01-01T00:24:58.100000Z</time>
        <extensions>
          <gpxtpx:TrackPointExtension>
            <gpxtpx:hr>174</gpxtpx:hr>
          </gpxtpx:TrackPointExtension>
        </extensions>
      </trkpt>
      <trkpt lat="31.254695058499443" lon="121.60532065114643">
        <ele>8.293426612392068</ele>
        <time>1970-01-01T00:24:59.100000Z</time>
        <extensions>
          <gpxtpx:TrackPointExtension>
            <gpxtpx:hr>174</gpxtpx:hr>
          </gpxtpx:TrackPointExtension>
        </extensions>
      </trkpt>
      <trkpt lat="31.25468861015154" lon="121.60529229144578">
        <ele>8.265992537140846</ele>
        <time>1970-01-01T00:25:00.100000Z</time>
        <extensions>
          <gpxtpx:TrackPointExtension>
            <gpxtpx:hr>174</gpxtpx:hr>
          </gpxtpx:TrackPointExtension>
        </extensions>
      </trkpt>
      <trkpt lat="31.254682267203144" lon="121.60526348065893">
        <ele>8.234294435940683</ele>
        <time>1970-01-01T00:25:01.100000Z</time>
        <extensions>
          <gpxtpx:TrackPointExtension>
            <gpxtpx:hr>174</gpxtpx:hr>
          </gpxtpx:TrackPointExtension>
        </extensions>
      </trkpt>
      <trkpt lat="31.254675890494248" lon="121.60523429254428">
        <ele>8.198383145965636</ele>
        <time>1970-01-01T00:25:02.100000Z</time>
        <extensions>
          <gpxtpx:TrackPointExtension>
            <gpxtpx:hr>174</gpxtpx:hr>
          </gpxtpx:TrackPointExtension>
        </extensions>
      </trkpt>
      <trkpt lat="31.254669528280125" lon="121.60520455735275">
        <ele>8.15842748619616</ele>
        <time>1970-01-01T00:25:03.100000Z</time>
        <extensions>
          <gpxtpx:TrackPointExtension>
            <gpxtpx:hr>174</gpxtpx:hr>
          </gpxtpx:TrackPointExtension>
        </extensions>
      </trkpt>
      <trkpt lat="31.25466318969555" lon="121.60517450583218">
        <ele>8.114945658482611</ele>
        <time>1970-01-01T00:25:04.100000Z</time>
        <extensions>
          <gpxtpx:TrackPointExtension>
            <gpxtpx:hr>174</gpxtpx:hr>
          </gpxtpx:TrackPointExtension>
        </extensions>
      </trkpt>
      <trkpt lat="31.254656933205297" lon="121.60514468036169">
        <ele>8.068974210880697</ele>
        <time>1970-01-01T00:25:05.100000Z</time>
        <extensions>
          <gpxtpx:TrackPointExtension>
            <gpxtpx:hr>174</gpxtpx:hr>
          </gpxtpx:TrackPointExtension>
        </extensions>
      </trkpt>
      <trkpt lat="31.25465104465109" lon="121.60511511380903">
        <ele>8.021958597935736</ele>
        <time>1970-01-01T00:25:06.100000Z</time>
        <extensions>
          <gpxtpx:TrackPointExtension>
            <gpxtpx:hr>175</gpxtpx:hr>
          </gpxtpx:TrackPointExtension>
        </extensions>
      </trkpt>
      <trkpt lat="31.254645337956042" lon="121.60508581077985">
        <ele>7.975118682719767</ele>
        <time>1970-01-01T00:25:07.100000Z</time>
        <extensions>
          <gpxtpx:TrackPointExtension>
            <gpxtpx:hr>175</gpxtpx:hr>
          </gpxtpx:TrackPointExtension>
        </extensions>
      </trkpt>
      <trkpt lat="31.254639776867432" lon="121.60505696607608">
        <ele>7.929087611846626</ele>
        <time>1970-01-01T00:25:08.100000Z</time>
        <extensions>
          <gpxtpx:TrackPointExtension>
            <gpxtpx:hr>175</gpxtpx:hr>
          </gpxtpx:TrackPointExtension>
        </extensions>
      </trkpt>
      <trkpt lat="31.254634823925322" lon="121.60502858205201">
        <ele>7.884357615374029</ele>
        <time>1970-01-01T00:25:09.100000Z</time>
        <extensions>
          <gpxtpx:TrackPointExtension>
            <gpxtpx:hr>175</gpxtpx:hr>
          </gpxtpx:TrackPointExtension>
        </extensions>
      </trkpt>
      <trkpt lat="31.254630375444076" lon="121.60500058803241">
        <ele>7.842397612519562</ele>
        <time>1970-01-01T00:25:10.100000Z</time>
        <extensions>
          <gpxtpx:TrackPointExtension>
            <gpxtpx:hr>175</gpxtpx:hr>
          </gpxtpx:TrackPointExtension>
        </extensions>
      </trkpt>
      <trkpt lat="31.25462615930764" lon="121.60497281454384">
        <ele>7.805062057450414</ele>
        <time>1970-01-01T00:25:11.100000Z</time>
        <extensions>
          <gpxtpx:TrackPointExtension>
            <gpxtpx:hr>175</gpxtpx:hr>
          </gpxtpx:TrackPointExtension>
        </extensions>
      </trkpt>
      <trkpt lat="31.254622082240235" lon="121.60494489075278">
        <ele>7.772559232078493</ele>
        <time>1970-01-01T00:25:12.100000Z</time>
        <extensions>
          <gpxtpx:TrackPointExtension>
            <gpxtpx:hr>175</gpxtpx:hr>
          </gpxtpx:TrackPointExtension>
        </extensions>
      </trkpt>
      <trkpt lat="31.254617633750687" lon="121.60491672924532">
        <ele>7.743938225321472</ele>
        <time>1970-01-01T00:25:13.100000Z</time>
        <extensions>
          <gpxtpx:TrackPointExtension>
            <gpxtpx:hr>175</gpxtpx:hr>
          </gpxtpx:TrackPointExtension>
        </extensions>
      </trkpt>
      <trkpt lat="31.25461199406838" lon="121.60488875516158">
        <ele>7.71864949632436</ele>
        <time>1970-01-01T00:25:14.100000Z</time>
        <extensions>
          <gpxtpx:TrackPointExtension>
            <gpxtpx:hr>174</gpxtpx:hr>
          </gpxtpx:TrackPointExtension>
        </extensions>
      </trkpt>
      <trkpt lat="31.254604840961232" lon="121.60486137532322">
        <ele>7.69643684104085</ele>
        <time>1970-01-01T00:25:15.100000Z</time>
        <extensions>
          <gpxtpx:TrackPointExtension>
            <gpxtpx:hr>174</gpxtpx:hr>
          </gpxtpx:TrackPointExtension>
        </extensions>
      </trkpt>
      <trkpt lat="31.254595724351017" lon="121.60483515484347">
        <ele>7.677123333327472</ele>
        <time>1970-01-01T00:25:16.100000Z</time>
        <extensions>
          <gpxtpx:TrackPointExtension>
            <gpxtpx:hr>174</gpxtpx:hr>
          </gpxtpx:TrackPointExtension>
        </extensions>
      </trkpt>
      <trkpt lat="31.254584429490517" lon="121.60481083457064">
        <ele>7.660397904925048</ele>
        <time>1970-01-01T00:25:17.100000Z</time>
        <extensions>
          <gpxtpx:TrackPointExtension>
            <gpxtpx:hr>174</gpxtpx:hr>
          </gpxtpx:TrackPointExtension>
        </extensions>
      </trkpt>
      <trkpt lat="31.254571108889127" lon="121.60478868812041">
        <ele>7.645717701874673</ele>
        <time>1970-01-01T00:25:18.100000Z</time>
        <extensions>
          <gpxtpx:TrackPointExtension>
            <gpxtpx:hr>174</gpxtpx:hr>
          </gpxtpx:TrackPointExtension>
        </extensions>
      </trkpt>
      <trkpt lat="31.25455545874719" lon="121.6047688737808">
        <ele>7.632194731384516</ele>
        <time>1970-01-01T00:25:19.100000Z</time>
        <extensions>
          <gpxtpx:TrackPointExtension>
            <gpxtpx:hr>174</gpxtpx:hr>
          </gpxtpx:TrackPointExtension>
        </extensions>
      </trkpt>
      <trkpt lat="31.25453757337943" lon="121.60475180447638">
        <ele>7.618627213872969</ele>
        <time>1970-01-01T00:25:20.100000Z</time>
        <extensions>
          <gpxtpx:TrackPointExtension>
            <gpxtpx:hr>174</gpxtpx:hr>
          </gpxtpx:TrackPointExtension>
        </extensions>
      </trkpt>
      <trkpt lat="31.254517950649422" lon="121.60473794815633">
        <ele>7.604085432365537</ele>
        <time>1970-01-01T00:25:21.100000Z</time>
        <extensions>
          <gpxtpx:TrackPointExtension>
            <gpxtpx:hr>173</gpxtpx:hr>
          </gpxtpx:TrackPointExtension>
        </extensions>
      </trkpt>
      <trkpt lat="31.25449707386446" lon="121.60472796030987">
        <ele>7.5880091125145555</ele>
        <time>1970-01-01T00:25:22.100000Z</time>
        <extensions>
          <gpxtpx:TrackPointExtension>
            <gpxtpx:hr>173</gpxtpx:hr>
          </gpxtpx:TrackPointExtension>
        </extensions>
      </trkpt>
      <trkpt lat="31.254475450088872" lon="121.60472230088794">
        <ele>7.570053127594292</ele>
        <time>1970-01-01T00:25:23.100000Z</time>
        <extensions>
          <gpxtpx:TrackPointExtension>
            <gpxtpx:hr>173</gpxtpx:hr>
          </gpxtpx:TrackPointExtension>
        </extensions>
      </trkpt>
      <trkpt lat="31.254453234268485" lon="121.60472065440246">
        <ele>7.549843198619783</ele>
        <time>1970-01-01T00:25:24.100000Z</time>
        <extensions>
          <gpxtpx:TrackPointExtension>
            <gpxtpx:hr>173</gpxtpx:hr>
          </gpxtpx:TrackPointExtension>
        </extensions>
      </trkpt>
      <trkpt lat="31.25443054322232" lon="121.60472267587467">
        <ele>7.526917179115117</ele>
        <time>1970-01-01T00:25:25.100000Z</time>
        <extensions>
          <gpxtpx:TrackPointExtension>
            <gpxtpx:hr>173</gpxtpx:hr>
          </gpxtpx:TrackPointExtension>
        </extensions>
      </trkpt>
      <trkpt lat="31.254407795579613" lon="121.6047276052715">
        <ele>7.500749642960727</ele>
        <time>1970-01-01T00:25:26.100000Z</time>
        <extensions>
          <gpxtpx:TrackPointExtension>
            <gpxtpx:hr>173</gpxtpx:hr>
          </gpxtpx:TrackPointExtension>
        </extensions>
      </trkpt>
      <trkpt lat="31.25438505380753" lon="121.60473410944404">
        <ele>7.470802037976682</ele>
        <time>1970-01-01T00:25:27.100000Z</time>
        <extensions>
          <gpxtpx:TrackPointExtension>
            <gpxtpx:hr>173</gpxtpx:hr>
          </gpxtpx:TrackPointExtension>
        </extensions>
      </trkpt>
      <trkpt lat="31.254361951862098" lon="121.60474150484674">
        <ele>7.436917166225612</ele>
        <time>1970-01-01T00:25:28.100000Z</time>
        <extensions>
          <gpxtpx:TrackPointExtension>
            <gpxtpx:hr>173</gpxtpx:hr>
          </gpxtpx:TrackPointExtension>
        </extensions>
      </trkpt>
      <trkpt lat="31.254338312675507" lon="121.60474933311652">
        <ele>7.399208169430494</ele>
        <time>1970-01-01T00:25:29.100000Z</time>
        <extensions>
          <gpxtpx:TrackPointExtension>
            <gpxtpx:hr>172</gpxtpx:hr>
          </gpxtpx:TrackPointExtension>
        </extensions>
      </trkpt>
      <trkpt lat="31.25431423846755" lon="121.60475718991263">
        <ele>7.357501473277807</ele>
        <time>1970-01-01T00:25:30.100000Z</time>
        <extensions>
          <gpxtpx:TrackPointExtension>
            <gpxtpx:hr>172</gpxtpx:hr>
          </gpxtpx:TrackPointExtension>
        </extensions>
      </trkpt>
      <trkpt lat="31.254290092433976" lon="121.60476527989815">
        <ele>7.31103609316051</ele>
        <time>1970-01-01T00:25:31.100000Z</time>
        <extensions>
          <gpxtpx:TrackPointExtension>
            <gpxtpx:hr>172</gpxtpx:hr>
          </gpxtpx:TrackPointExtension>
        </extensions>
      </trkpt>
      <trkpt lat="31.254266320461593" lon="121.60477379665306">
        <ele>7.2582879569381475</ele>
        <time>1970-01-01T00:25:32.100000Z</time>
        <extensions>
          <gpxtpx:TrackPointExtension>
            <gpxtpx:hr>172</gpxtpx:hr>
          </gpxtpx:TrackPointExtension>
        </extensions>
      </trkpt>
      <trkpt lat="31.25424277845574" lon="121.60478250426645">
        <ele>7.197287424467504</ele>
        <time>1970-01-01T00:25:33.200000Z</time>
        <extensions>
          <gpxtpx:TrackPointExtension>
            <gpxtpx:hr>172</gpxtpx:hr>
          </gpxtpx:TrackPointExtension>
        </extensions>
      </trkpt>
      <trkpt lat="31.254219069341893" lon="121.60479126004657">
        <ele>7.126464276574552</ele>
        <time>1970-01-01T00:25:34.200000Z</time>
        <extensions>
          <gpxtpx:TrackPointExtension>
            <gpxtpx:hr>172</gpxtpx:hr>
          </gpxtpx:TrackPointExtension>
        </extensions>
      </trkpt>
      <trkpt lat="31.254195165620107" lon="121.60479993669547">
        <ele>7.044912148267031</ele>
        <time>1970-01-01T00:25:35.200000Z</time>
        <extensions>
          <gpxtpx:TrackPointExtension>
            <gpxtpx:hr>173</gpxtpx:hr>
          </gpxtpx:TrackPointExtension>
        </extensions>
      </trkpt>
      <trkpt lat="31.254171097853618" lon="121.60480840513317">
        <ele>6.952112466096878</ele>
        <time>1970-01-01T00:25:36.200000Z</time>
        <extensions>
          <gpxtpx:TrackPointExtension>
            <gpxtpx:hr>173</gpxtpx:hr>
          </gpxtpx:TrackPointExtension>
        </extensions>
      </trkpt>
      <trkpt lat="31.25414691241659" lon="121.60481694682522">
        <ele>6.8474036157131195</ele>
        <time>1970-01-01T00:25:37.200000Z</time>
        <extensions>
          <gpxtpx:TrackPointExtension>
            <gpxtpx:hr>173</gpxtpx:hr>
          </gpxtpx:TrackPointExtension>
        </extensions>
      </trkpt>
      <trkpt lat="31.25412281933187" lon="121.60482525481096">
        <ele>6.7299058604985476</ele>
        <time>1970-01-01T00:25:38.200000Z</time>
        <extensions>
          <gpxtpx:TrackPointExtension>
            <gpxtpx:hr>173</gpxtpx:hr>
          </gpxtpx:TrackPointExtension>
        </extensions>
      </trkpt>
      <trkpt lat="31.254098854386505" lon="121.60483256181843">
        <ele>6.5992152383551</ele>
        <time>1970-01-01T00:25:39.200000Z</time>
        <extensions>
          <gpxtpx:TrackPointExtension>
            <gpxtpx:hr>173</gpxtpx:hr>
          </gpxtpx:TrackPointExtension>
        </extensions>
      </trkpt>
      <trkpt lat="31.254074955418723" lon="121.60483874385729">
        <ele>6.455997608602047</ele>
        <time>1970-01-01T00:25:40.200000Z</time>
        <extensions>
          <gpxtpx:TrackPointExtension>
            <gpxtpx:hr>173</gpxtpx:hr>
          </gpxtpx:TrackPointExtension>
        </extensions>
      </trkpt>
      <trkpt lat="31.25405111345796" lon="121.60484336165761">
        <ele>6.3025485426187515</ele>
        <time>1970-01-01T00:25:41.200000Z</time>
        <extensions>
          <gpxtpx:TrackPointExtension>
            <gpxtpx:hr>173</gpxtpx:hr>
          </gpxtpx:TrackPointExtension>
        </extensions>
      </trkpt>
      <trkpt lat="31.25402721753591" lon="121.60484561327857">
        <ele>6.143525978550315</ele>
        <time>1970-01-01T00:25:42.200000Z</time>
        <extensions>
          <gpxtpx:TrackPointExtension>
            <gpxtpx:hr>173</gpxtpx:hr>
          </gpxtpx:TrackPointExtension>
        </extensions>
      </trkpt>
      <trkpt lat="31.254003360975393" lon="121.60484461146304">
        <ele>5.987536929547787</ele>
        <time>1970-01-01T00:25:43.200000Z</time>
        <extensions>
          <gpxtpx:TrackPointExtension>
            <gpxtpx:hr>173</gpxtpx:hr>
          </gpxtpx:TrackPointExtension>
        </extensions>
      </trkpt>
      <trkpt lat="31.25398007233609" lon="121.60483859413475">
        <ele>5.844772228039801</ele>
        <time>1970-01-01T00:25:44.200000Z</time>
        <extensions>
          <gpxtpx:TrackPointExtension>
            <gpxtpx:hr>173</gpxtpx:hr>
          </gpxtpx:TrackPointExtension>
        </extensions>
      </trkpt>
      <trkpt lat="31.253957276221346" lon="121.60482801781195">
        <ele>5.722005910240114</ele>
        <time>1970-01-01T00:25:45.200000Z</time>
        <extensions>
          <gpxtpx:TrackPointExtension>
            <gpxtpx:hr>173</gpxtpx:hr>
          </gpxtpx:TrackPointExtension>
        </extensions>
      </trkpt>
      <trkpt lat="31.253934616785028" lon="121.60481543489497">
        <ele>5.62179562356323</ele>
        <time>1970-01-01T00:25:46.200000Z</time>
        <extensions>
          <gpxtpx:TrackPointExtension>
            <gpxtpx:hr>173</gpxtpx:hr>
          </gpxtpx:TrackPointExtension>
        </extensions>
      </trkpt>
      <trkpt lat="31.25391228935079" lon="121.6048028185913">
        <ele>5.544408354908228</ele>
        <time>1970-01-01T00:25:47.200000Z</time>
        <extensions>
          <gpxtpx:TrackPointExtension>
            <gpxtpx:hr>173</gpxtpx:hr>
          </gpxtpx:TrackPointExtension>
        </extensions>
      </trkpt>
      <trkpt lat="31.253890285031254" lon="121.60479178194628">
        <ele>5.488793563097715</ele>
        <time>1970-01-01T00:25:48.200000Z</time>
        <extensions>
          <gpxtpx:TrackPointExtension>
            <gpxtpx:hr>173</gpxtpx:hr>
          </gpxtpx:TrackPointExtension>
        </extensions>
      </trkpt>
      <trkpt lat="31.25386807142892" lon="121.60478305669119">
        <ele>5.452923429198563</ele>
        <time>1970-01-01T00:25:49.200000Z</time>
        <extensions>
          <gpxtpx:TrackPointExtension>
            <gpxtpx:hr>173</gpxtpx:hr>
          </gpxtpx:TrackPointExtension>
        </extensions>
      </trkpt>
      <trkpt lat="31.253845384266906" lon="121.60477704174711">
        <ele>5.433967825956643</ele>
        <time>1970-01-01T00:25:50.200000Z</time>
        <extensions>
          <gpxtpx:TrackPointExtension>
            <gpxtpx:hr>173</gpxtpx:hr>
          </gpxtpx:TrackPointExtension>
        </extensions>
      </trkpt>
      <trkpt lat="31.253822426139642" lon="121.60477389118759">
        <ele>5.428323475643992</ele>
        <time>1970-01-01T00:25:51.200000Z</time>
        <extensions>
          <gpxtpx:TrackPointExtension>
            <gpxtpx:hr>173</gpxtpx:hr>
          </gpxtpx:TrackPointExtension>
        </extensions>
      </trkpt>
      <trkpt lat="31.253799188976217" lon="121.60477335795328">
        <ele>5.431733598932624</ele>
        <time>1970-01-01T00:25:52.200000Z</time>
        <extensions>
          <gpxtpx:TrackPointExtension>
            <gpxtpx:hr>173</gpxtpx:hr>
          </gpxtpx:TrackPointExtension>
        </extensions>
      </trkpt>
      <trkpt lat="31.253775719817654" lon="121.60477491007177">
        <ele>5.439791677519679</ele>
        <time>1970-01-01T00:25:53.200000Z</time>
        <extensions>
          <gpxtpx:TrackPointExtension>
            <gpxtpx:hr>173</gpxtpx:hr>
          </gpxtpx:TrackPointExtension>
        </extensions>
      </trkpt>
      <trkpt lat="31.253752287033137" lon="121.60477754913978">
        <ele>5.448515033349395</ele>
        <time>1970-01-01T00:25:54.200000Z</time>
        <extensions>
          <gpxtpx:TrackPointExtension>
            <gpxtpx:hr>173</gpxtpx:hr>
          </gpxtpx:TrackPointExtension>
        </extensions>
      </trkpt>
      <trkpt lat="31.253728862690732" lon="121.60478076715876">
        <ele>5.454720586538315</ele>
        <time>1970-01-01T00:25:55.200000Z</time>
        <extensions>
          <gpxtpx:TrackPointExtension>
            <gpxtpx:hr>172</gpxtpx:hr>
          </gpxtpx:TrackPointExtension>
        </extensions>
      </trkpt>
      <trkpt lat="31.253705165220612" lon="121.60478451926416">
        <ele>5.456324797123671</ele>
        <time>1970-01-01T00:25:56.200000Z</time>
        <extensions>
          <gpxtpx:TrackPointExtension>
            <gpxtpx:hr>172</gpxtpx:hr>
          </gpxtpx:TrackPointExtension>
        </extensions>
      </trkpt>
      <trkpt lat="31.25368107259408" lon="121.60478842772153">
        <ele>5.45251914486289</ele>
        <time>1970-01-01T00:25:57.200000Z</time>
        <extensions>
          <gpxtpx:TrackPointExtension>
            <gpxtpx:hr>172</gpxtpx:hr>
          </gpxtpx:TrackPointExtension>
        </extensions>
      </trkpt>
      <trkpt lat="31.253656565635183" lon="121.60479259435535">
        <ele>5.443710681982338</ele>
        <time>1970-01-01T00:25:58.200000Z</time>
        <extensions>
          <gpxtpx:TrackPointExtension>
            <gpxtpx:hr>172</gpxtpx:hr>
          </gpxtpx:TrackPointExtension>
        </extensions>
      </trkpt>
      <trkpt lat="31.253631951075736" lon="121.60479761387808">
        <ele>5.431379466317594</ele>
        <time>1970-01-01T00:25:59.200000Z</time>
        <extensions>
          <gpxtpx:TrackPointExtension>
            <gpxtpx:hr>173</gpxtpx:hr>
          </gpxtpx:TrackPointExtension>
        </extensions>
      </trkpt>
      <trkpt lat="31.253607633159536" lon="121.6048034872576">
        <ele>5.417874913662672</ele>
        <time>1970-01-01T00:26:00.200000Z</time>
        <extensions>
          <gpxtpx:TrackPointExtension>
            <gpxtpx:hr>173</gpxtpx:hr>
          </gpxtpx:TrackPointExtension>
        </extensions>
      </trkpt>
      <trkpt lat="31.25358359917073" lon="121.60480998221087">
        <ele>5.406094508245587</ele>
        <time>1970-01-01T00:26:01.200000Z</time>
        <extensions>
          <gpxtpx:TrackPointExtension>
            <gpxtpx:hr>173</gpxtpx:hr>
          </gpxtpx:TrackPointExtension>
        </extensions>
      </trkpt>
      <trkpt lat="31.253559768932075" lon="121.60481705180274">
        <ele>5.399197472259402</ele>
        <time>1970-01-01T00:26:02.200000Z</time>
        <extensions>
          <gpxtpx:TrackPointExtension>
            <gpxtpx:hr>173</gpxtpx:hr>
          </gpxtpx:TrackPointExtension>
        </extensions>
      </trkpt>
      <trkpt lat="31.253536130527433" lon="121.60482391155469">
        <ele>5.400428244844079</ele>
        <time>1970-01-01T00:26:03.200000Z</time>
        <extensions>
          <gpxtpx:TrackPointExtension>
            <gpxtpx:hr>173</gpxtpx:hr>
          </gpxtpx:TrackPointExtension>
        </extensions>
      </trkpt>
      <trkpt lat="31.25351242097282" lon="121.60482989997423">
        <ele>5.412965658120811</ele>
        <time>1970-01-01T00:26:04.200000Z</time>
        <extensions>
          <gpxtpx:TrackPointExtension>
            <gpxtpx:hr>173</gpxtpx:hr>
          </gpxtpx:TrackPointExtension>
        </extensions>
      </trkpt>
      <trkpt lat="31.253488445148058" lon="121.60483505791787">
        <ele>5.439816003665328</ele>
        <time>1970-01-01T00:26:05.200000Z</time>
        <extensions>
          <gpxtpx:TrackPointExtension>
            <gpxtpx:hr>173</gpxtpx:hr>
          </gpxtpx:TrackPointExtension>
        </extensions>
      </trkpt>
      <trkpt lat="31.25346426483788" lon="121.60483992970055">
        <ele>5.483719665557146</ele>
        <time>1970-01-01T00:26:06.200000Z</time>
        <extensions>
          <gpxtpx:TrackPointExtension>
            <gpxtpx:hr>173</gpxtpx:hr>
          </gpxtpx:TrackPointExtension>
        </extensions>
      </trkpt>
      <trkpt lat="31.253439972312968" lon="121.60484493862236">
        <ele>5.546951737254858</ele>
        <time>1970-01-01T00:26:07.200000Z</time>
        <extensions>
          <gpxtpx:TrackPointExtension>
            <gpxtpx:hr>173</gpxtpx:hr>
          </gpxtpx:TrackPointExtension>
        </extensions>
      </trkpt>
      <trkpt lat="31.25341569342491" lon="121.60484994474156">
        <ele>5.630985894240439</ele>
        <time>1970-01-01T00:26:08.200000Z</time>
        <extensions>
          <gpxtpx:TrackPointExtension>
            <gpxtpx:hr>173</gpxtpx:hr>
          </gpxtpx:TrackPointExtension>
        </extensions>
      </trkpt>
      <trkpt lat="31.25339143556636" lon="121.60485469209125">
        <ele>5.735850694589317</ele>
        <time>1970-01-01T00:26:09.200000Z</time>
        <extensions>
          <gpxtpx:TrackPointExtension>
            <gpxtpx:hr>173</gpxtpx:hr>
          </gpxtpx:TrackPointExtension>
        </extensions>
      </trkpt>
      <trkpt lat="31.2533651698028" lon="121.60485948552825">
        <ele>5.8695225259289145</ele>
        <time>1970-01-01T00:26:10.300000Z</time>
        <extensions>
          <gpxtpx:TrackPointExtension>
            <gpxtpx:hr>173</gpxtpx:hr>
          </gpxtpx:TrackPointExtension>
        </extensions>
      </trkpt>
      <trkpt lat="31.25334269973322" lon="121.60486373381013">
        <ele>5.9964312221854925</ele>
        <time>1970-01-01T00:26:11.200000Z</time>
        <extensions>
          <gpxtpx:TrackPointExtension>
            <gpxtpx:hr>173</gpxtpx:hr>
          </gpxtpx:TrackPointExtension>
        </extensions>
      </trkpt>
      <trkpt lat="31.25331619282657" lon="121.6048692651738">
        <ele>6.154070381075144</ele>
        <time>1970-01-01T00:26:12.300000Z</time>
        <extensions>
          <gpxtpx:TrackPointExtension>
            <gpxtpx:hr>173</gpxtpx:hr>
          </gpxtpx:TrackPointExtension>
        </extensions>
      </trkpt>
      <trkpt lat="31.253291336795428" lon="121.6048750651936">
        <ele>6.299195988103747</ele>
        <time>1970-01-01T00:26:13.300000Z</time>
        <extensions>
          <gpxtpx:TrackPointExtension>
            <gpxtpx:hr>173</gpxtpx:hr>
          </gpxtpx:TrackPointExtension>
        </extensions>
      </trkpt>
      <trkpt lat="31.253265911454882" lon="121.60488136561058">
        <ele>6.432814849540591</ele>
        <time>1970-01-01T00:26:14.300000Z</time>
        <extensions>
          <gpxtpx:TrackPointExtension>
            <gpxtpx:hr>173</gpxtpx:hr>
          </gpxtpx:TrackPointExtension>
        </extensions>
      </trkpt>
      <trkpt lat="31.253240028936624" lon="121.60488788344179">
        <ele>6.5466497438028455</ele>
        <time>1970-01-01T00:26:15.300000Z</time>
        <extensions>
          <gpxtpx:TrackPointExtension>
            <gpxtpx:hr>174</gpxtpx:hr>
          </gpxtpx:TrackPointExtension>
        </extensions>
      </trkpt>
      <trkpt lat="31.253214050944603" lon="121.6048947761006">
        <ele>6.633934347890317</ele>
        <time>1970-01-01T00:26:16.300000Z</time>
        <extensions>
          <gpxtpx:TrackPointExtension>
            <gpxtpx:hr>174</gpxtpx:hr>
          </gpxtpx:TrackPointExtension>
        </extensions>
      </trkpt>
      <trkpt lat="31.253188356176395" lon="121.60490183610773">
        <ele>6.689732939936221</ele>
        <time>1970-01-01T00:26:17.300000Z</time>
        <extensions>
          <gpxtpx:TrackPointExtension>
            <gpxtpx:hr>174</gpxtpx:hr>
          </gpxtpx:TrackPointExtension>
        </extensions>
      </trkpt>
      <trkpt lat="31.253163260791318" lon="121.60490887604524">
        <ele>6.7110665533691645</ele>
        <time>1970-01-01T00:26:18.300000Z</time>
        <extensions>
          <gpxtpx:TrackPointExtension>
            <gpxtpx:hr>174</gpxtpx:hr>
          </gpxtpx:TrackPointExtension>
        </extensions>
      </trkpt>
      <trkpt lat="31.25313878015122" lon="121.60491610314011">
        <ele>6.696734038181603</ele>
        <time>1970-01-01T00:26:19.300000Z</time>
        <extensions>
          <gpxtpx:TrackPointExtension>
            <gpxtpx:hr>174</gpxtpx:hr>
          </gpxtpx:TrackPointExtension>
        </extensions>
      </trkpt>
      <trkpt lat="31.253114721185348" lon="121.604923409216">
        <ele>6.647353207692504</ele>
        <time>1970-01-01T00:26:20.300000Z</time>
        <extensions>
          <gpxtpx:TrackPointExtension>
            <gpxtpx:hr>174</gpxtpx:hr>
          </gpxtpx:TrackPointExtension>
        </extensions>
      </trkpt>
      <trkpt lat="31.253090783202925" lon="121.60493087673689">
        <ele>6.565090645104647</ele>
        <time>1970-01-01T00:26:21.300000Z</time>
        <extensions>
          <gpxtpx:TrackPointExtension>
            <gpxtpx:hr>174</gpxtpx:hr>
          </gpxtpx:TrackPointExtension>
        </extensions>
      </trkpt>
      <trkpt lat="31.253066522467723" lon="121.60493899279984">
        <ele>6.45345425978303</ele>
        <time>1970-01-01T00:26:22.300000Z</time>
        <extensions>
          <gpxtpx:TrackPointExtension>
            <gpxtpx:hr>174</gpxtpx:hr>
          </gpxtpx:TrackPointExtension>
        </extensions>
      </trkpt>
      <trkpt lat="31.253041849119178" lon="121.60494775593601">
        <ele>6.317605894058943</ele>
        <time>1970-01-01T00:26:23.300000Z</time>
        <extensions>
          <gpxtpx:TrackPointExtension>
            <gpxtpx:hr>174</gpxtpx:hr>
          </gpxtpx:TrackPointExtension>
        </extensions>
      </trkpt>
      <trkpt lat="31.253017105896557" lon="121.60495709837475">
        <ele>6.164742550812662</ele>
        <time>1970-01-01T00:26:24.300000Z</time>
        <extensions>
          <gpxtpx:TrackPointExtension>
            <gpxtpx:hr>174</gpxtpx:hr>
          </gpxtpx:TrackPointExtension>
        </extensions>
      </trkpt>
      <trkpt lat="31.2529925057381" lon="121.60496705342815">
        <ele>6.005015150643885</ele>
        <time>1970-01-01T00:26:25.300000Z</time>
        <extensions>
          <gpxtpx:TrackPointExtension>
            <gpxtpx:hr>174</gpxtpx:hr>
          </gpxtpx:TrackPointExtension>
        </extensions>
      </trkpt>
      <trkpt lat="31.252971145157655" lon="121.60497588092265">
        <ele>5.869213690049946</ele>
        <time>1970-01-01T00:26:26.200000Z</time>
        <extensions>
          <gpxtpx:TrackPointExtension>
            <gpxtpx:hr>174</gpxtpx:hr>
          </gpxtpx:TrackPointExtension>
        </extensions>
      </trkpt>
      <trkpt lat="31.252947180779596" lon="121.6049856713413">
        <ele>5.731503288261592</ele>
        <time>1970-01-01T00:26:27.200000Z</time>
        <extensions>
          <gpxtpx:TrackPointExtension>
            <gpxtpx:hr>174</gpxtpx:hr>
          </gpxtpx:TrackPointExtension>
        </extensions>
      </trkpt>
      <trkpt lat="31.25292317933849" lon="121.60499527006729">
        <ele>5.619290506467223</ele>
        <time>1970-01-01T00:26:28.200000Z</time>
        <extensions>
          <gpxtpx:TrackPointExtension>
            <gpxtpx:hr>174</gpxtpx:hr>
          </gpxtpx:TrackPointExtension>
        </extensions>
      </trkpt>
      <trkpt lat="31.25289841881751" lon="121.60500463861571">
        <ele>5.533787942491472</ele>
        <time>1970-01-01T00:26:29.200000Z</time>
        <extensions>
          <gpxtpx:TrackPointExtension>
            <gpxtpx:hr>174</gpxtpx:hr>
          </gpxtpx:TrackPointExtension>
        </extensions>
      </trkpt>
      <trkpt lat="31.25287279814887" lon="121.6050138220392">
        <ele>5.472484031692147</ele>
        <time>1970-01-01T00:26:30.200000Z</time>
        <extensions>
          <gpxtpx:TrackPointExtension>
            <gpxtpx:hr>174</gpxtpx:hr>
          </gpxtpx:TrackPointExtension>
        </extensions>
      </trkpt>
      <trkpt lat="31.252846567647374" lon="121.60502302557066">
        <ele>5.431204812601209</ele>
        <time>1970-01-01T00:26:31.200000Z</time>
        <extensions>
          <gpxtpx:TrackPointExtension>
            <gpxtpx:hr>174</gpxtpx:hr>
          </gpxtpx:TrackPointExtension>
        </extensions>
      </trkpt>
      <trkpt lat="31.25282008054705" lon="121.60503208315029">
        <ele>5.4054145300760865</ele>
        <time>1970-01-01T00:26:32.200000Z</time>
        <extensions>
          <gpxtpx:TrackPointExtension>
            <gpxtpx:hr>174</gpxtpx:hr>
          </gpxtpx:TrackPointExtension>
        </extensions>
      </trkpt>
      <trkpt lat="31.252793818533412" lon="121.60504093791164">
        <ele>5.390953774563968</ele>
        <time>1970-01-01T00:26:33.200000Z</time>
        <extensions>
          <gpxtpx:TrackPointExtension>
            <gpxtpx:hr>174</gpxtpx:hr>
          </gpxtpx:TrackPointExtension>
        </extensions>
      </trkpt>
      <trkpt lat="31.25276816521316" lon="121.6050497906127">
        <ele>5.384337508119643</ele>
        <time>1970-01-01T00:26:34.200000Z</time>
        <extensions>
          <gpxtpx:TrackPointExtension>
            <gpxtpx:hr>174</gpxtpx:hr>
          </gpxtpx:TrackPointExtension>
        </extensions>
      </trkpt>
      <trkpt lat="31.252743311938755" lon="121.60505856707023">
        <ele>5.382802811451256</ele>
        <time>1970-01-01T00:26:35.200000Z</time>
        <extensions>
          <gpxtpx:TrackPointExtension>
            <gpxtpx:hr>174</gpxtpx:hr>
          </gpxtpx:TrackPointExtension>
        </extensions>
      </trkpt>
      <trkpt lat="31.252719200873088" lon="121.6050672880877">
        <ele>5.384264339692891</ele>
        <time>1970-01-01T00:26:36.200000Z</time>
        <extensions>
          <gpxtpx:TrackPointExtension>
            <gpxtpx:hr>174</gpxtpx:hr>
          </gpxtpx:TrackPointExtension>
        </extensions>
      </trkpt>
      <trkpt lat="31.252695474244447" lon="121.60507626717221">
        <ele>5.387236667796969</ele>
        <time>1970-01-01T00:26:37.200000Z</time>
        <extensions>
          <gpxtpx:TrackPointExtension>
            <gpxtpx:hr>174</gpxtpx:hr>
          </gpxtpx:TrackPointExtension>
        </extensions>
      </trkpt>
      <trkpt lat="31.252671844593024" lon="121.60508549535533">
        <ele>5.3907441245391965</ele>
        <time>1970-01-01T00:26:38.200000Z</time>
        <extensions>
          <gpxtpx:TrackPointExtension>
            <gpxtpx:hr>174</gpxtpx:hr>
          </gpxtpx:TrackPointExtension>
        </extensions>
      </trkpt>
      <trkpt lat="31.2526481888947" lon="121.6050950472025">
        <ele>5.394241891801357</ele>
        <time>1970-01-01T00:26:39.200000Z</time>
        <extensions>
          <gpxtpx:TrackPointExtension>
            <gpxtpx:hr>174</gpxtpx:hr>
          </gpxtpx:TrackPointExtension>
        </extensions>
      </trkpt>
      <trkpt lat="31.252624363827703" lon="121.60510491102569">
        <ele>5.3975497633218765</ele>
        <time>1970-01-01T00:26:40.200000Z</time>
        <extensions>
          <gpxtpx:TrackPointExtension>
            <gpxtpx:hr>174</gpxtpx:hr>
          </gpxtpx:TrackPointExtension>
        </extensions>
      </trkpt>
      <trkpt lat="31.252600439707283" lon="121.60511454146072">
        <ele>5.400797666981816</ele>
        <time>1970-01-01T00:26:41.200000Z</time>
        <extensions>
          <gpxtpx:TrackPointExtension>
            <gpxtpx:hr>174</gpxtpx:hr>
          </gpxtpx:TrackPointExtension>
        </extensions>
      </trkpt>
      <trkpt lat="31.25257657379403" lon="121.60512385626303">
        <ele>5.4043704671785235</ele>
        <time>1970-01-01T00:26:42.200000Z</time>
        <extensions>
          <gpxtpx:TrackPointExtension>
            <gpxtpx:hr>175</gpxtpx:hr>
          </gpxtpx:TrackPointExtension>
        </extensions>
      </trkpt>
      <trkpt lat="31.252552687996573" lon="121.60513300027621">
        <ele>5.408918866887689</ele>
        <time>1970-01-01T00:26:43.200000Z</time>
        <extensions>
          <gpxtpx:TrackPointExtension>
            <gpxtpx:hr>175</gpxtpx:hr>
          </gpxtpx:TrackPointExtension>
        </extensions>
      </trkpt>
      <trkpt lat="31.252528666660368" lon="121.60514143668229">
        <ele>5.415505640208721</ele>
        <time>1970-01-01T00:26:44.200000Z</time>
        <extensions>
          <gpxtpx:TrackPointExtension>
            <gpxtpx:hr>175</gpxtpx:hr>
          </gpxtpx:TrackPointExtension>
        </extensions>
      </trkpt>
      <trkpt lat="31.2525043115971" lon="121.60514875125693">
        <ele>5.425805294886231</ele>
        <time>1970-01-01T00:26:45.200000Z</time>
        <extensions>
          <gpxtpx:TrackPointExtension>
            <gpxtpx:hr>175</gpxtpx:hr>
          </gpxtpx:TrackPointExtension>
        </extensions>
      </trkpt>
      <trkpt lat="31.25247935601872" lon="121.60515499960798">
        <ele>5.442174828611314</ele>
        <time>1970-01-01T00:26:46.200000Z</time>
        <extensions>
          <gpxtpx:TrackPointExtension>
            <gpxtpx:hr>175</gpxtpx:hr>
          </gpxtpx:TrackPointExtension>
        </extensions>
      </trkpt>
      <trkpt lat="31.252453992490434" lon="121.60515987429984">
        <ele>5.467451615259051</ele>
        <time>1970-01-01T00:26:47.200000Z</time>
        <extensions>
          <gpxtpx:TrackPointExtension>
            <gpxtpx:hr>175</gpxtpx:hr>
          </gpxtpx:TrackPointExtension>
        </extensions>
      </trkpt>
      <trkpt lat="31.25242862790433" lon="121.60516351314081">
        <ele>5.5046525578945875</ele>
        <time>1970-01-01T00:26:48.200000Z</time>
        <extensions>
          <gpxtpx:TrackPointExtension>
            <gpxtpx:hr>175</gpxtpx:hr>
          </gpxtpx:TrackPointExtension>
        </extensions>
      </trkpt>
      <trkpt lat="31.252403354025677" lon="121.60516668357789">
        <ele>5.556677529588342</ele>
        <time>1970-01-01T00:26:49.200000Z</time>
        <extensions>
          <gpxtpx:TrackPointExtension>
            <gpxtpx:hr>175</gpxtpx:hr>
          </gpxtpx:TrackPointExtension>
        </extensions>
      </trkpt>
      <trkpt lat="31.252378370059596" lon="121.60517007472706">
        <ele>5.625911240465939</ele>
        <time>1970-01-01T00:26:50.200000Z</time>
        <extensions>
          <gpxtpx:TrackPointExtension>
            <gpxtpx:hr>175</gpxtpx:hr>
          </gpxtpx:TrackPointExtension>
        </extensions>
      </trkpt>
      <trkpt lat="31.252353786053874" lon="121.6051743740268">
        <ele>5.713642869144678</ele>
        <time>1970-01-01T00:26:51.200000Z</time>
        <extensions>
          <gpxtpx:TrackPointExtension>
            <gpxtpx:hr>175</gpxtpx:hr>
          </gpxtpx:TrackPointExtension>
        </extensions>
      </trkpt>
      <trkpt lat="31.252324811847586" lon="121.60518136975207">
        <ele>5.843793276697397</ele>
        <time>1970-01-01T00:26:52.400000Z</time>
        <extensions>
          <gpxtpx:TrackPointExtension>
            <gpxtpx:hr>175</gpxtpx:hr>
          </gpxtpx:TrackPointExtension>
        </extensions>
      </trkpt>
      <trkpt lat="31.252305822289035" lon="121.60518707697898">
        <ele>5.944024868309498</ele>
        <time>1970-01-01T00:26:53.200000Z</time>
        <extensions>
          <gpxtpx:TrackPointExtension>
            <gpxtpx:hr>175</gpxtpx:hr>
          </gpxtpx:TrackPointExtension>
        </extensions>
      </trkpt>
      <trkpt lat="31.252282355838815" lon="121.6051953533821">
        <ele>6.0825965059921145</ele>
        <time>1970-01-01T00:26:54.200000Z</time>
        <extensions>
          <gpxtpx:TrackPointExtension>
            <gpxtpx:hr>176</gpxtpx:hr>
          </gpxtpx:TrackPointExtension>
        </extensions>
      </trkpt>
      <trkpt lat="31.252253717988413" lon="121.60520682637902">
        <ele>6.266496199183166</ele>
        <time>1970-01-01T00:26:55.400000Z</time>
        <extensions>
          <gpxtpx:TrackPointExtension>
            <gpxtpx:hr>176</gpxtpx:hr>
          </gpxtpx:TrackPointExtension>
        </extensions>
      </trkpt>
      <trkpt lat="31.252229457955057" lon="121.60521681260789">
        <ele>6.422510901466012</ele>
        <time>1970-01-01T00:26:56.400000Z</time>
        <extensions>
          <gpxtpx:TrackPointExtension>
            <gpxtpx:hr>176</gpxtpx:hr>
          </gpxtpx:TrackPointExtension>
        </extensions>
      </trkpt>
      <trkpt lat="31.252204862133098" lon="121.60522681424743">
        <ele>6.571200697682798</ele>
        <time>1970-01-01T00:26:57.400000Z</time>
        <extensions>
          <gpxtpx:TrackPointExtension>
            <gpxtpx:hr>176</gpxtpx:hr>
          </gpxtpx:TrackPointExtension>
        </extensions>
      </trkpt>
      <trkpt lat="31.252180076473543" lon="121.60523639218016">
        <ele>6.708050093613565</ele>
        <time>1970-01-01T00:26:58.400000Z</time>
        <extensions>
          <gpxtpx:TrackPointExtension>
            <gpxtpx:hr>176</gpxtpx:hr>
          </gpxtpx:TrackPointExtension>
        </extensions>
      </trkpt>
      <trkpt lat="31.25215563384716" lon="121.60524572177557">
        <ele>6.830994822084904</ele>
        <time>1970-01-01T00:26:59.400000Z</time>
        <extensions>
          <gpxtpx:TrackPointExtension>
            <gpxtpx:hr>176</gpxtpx:hr>
          </gpxtpx:TrackPointExtension>
        </extensions>
      </trkpt>
      <trkpt lat="31.252131835277055" lon="121.60525564857441">
        <ele>6.939292496070266</ele>
        <time>1970-01-01T00:27:00.400000Z</time>
        <extensions>
          <gpxtpx:TrackPointExtension>
            <gpxtpx:hr>176</gpxtpx:hr>
          </gpxtpx:TrackPointExtension>
        </extensions>
      </trkpt>
      <trkpt lat="31.252108412536707" lon="121.60526624493986">
        <ele>7.0326878018677235</ele>
        <time>1970-01-01T00:27:01.400000Z</time>
        <extensions>
          <gpxtpx:TrackPointExtension>
            <gpxtpx:hr>176</gpxtpx:hr>
          </gpxtpx:TrackPointExtension>
        </extensions>
      </trkpt>
      <trkpt lat="31.25208535288708" lon="121.60527686949044">
        <ele>7.111218065954745</ele>
        <time>1970-01-01T00:27:02.400000Z</time>
        <extensions>
          <gpxtpx:TrackPointExtension>
            <gpxtpx:hr>176</gpxtpx:hr>
          </gpxtpx:TrackPointExtension>
        </extensions>
      </trkpt>
      <trkpt lat="31.25206272920103" lon="121.60528686952357">
        <ele>7.175290216691792</ele>
        <time>1970-01-01T00:27:03.400000Z</time>
        <extensions>
          <gpxtpx:TrackPointExtension>
            <gpxtpx:hr>176</gpxtpx:hr>
          </gpxtpx:TrackPointExtension>
        </extensions>
      </trkpt>
      <trkpt lat="31.25204015679182" lon="121.60529575169222">
        <ele>7.225761750712991</ele>
        <time>1970-01-01T00:27:04.400000Z</time>
        <extensions>
          <gpxtpx:TrackPointExtension>
            <gpxtpx:hr>176</gpxtpx:hr>
          </gpxtpx:TrackPointExtension>
        </extensions>
      </trkpt>
      <trkpt lat="31.252017252237717" lon="121.60530334765956">
        <ele>7.264045932330191</ele>
        <time>1970-01-01T00:27:05.400000Z</time>
        <extensions>
          <gpxtpx:TrackPointExtension>
            <gpxtpx:hr>175</gpxtpx:hr>
          </gpxtpx:TrackPointExtension>
        </extensions>
      </trkpt>
      <trkpt lat="31.25199395702344" lon="121.60531023986343">
        <ele>7.291715446859598</ele>
        <time>1970-01-01T00:27:06.400000Z</time>
        <extensions>
          <gpxtpx:TrackPointExtension>
            <gpxtpx:hr>175</gpxtpx:hr>
          </gpxtpx:TrackPointExtension>
        </extensions>
      </trkpt>
      <trkpt lat="31.25197037742801" lon="121.60531696973565">
        <ele>7.3101393254473805</ele>
        <time>1970-01-01T00:27:07.400000Z</time>
        <extensions>
          <gpxtpx:TrackPointExtension>
            <gpxtpx:hr>175</gpxtpx:hr>
          </gpxtpx:TrackPointExtension>
        </extensions>
      </trkpt>
      <trkpt lat="31.251946722781646" lon="121.60532365766664">
        <ele>7.320404942147434</ele>
        <time>1970-01-01T00:27:08.400000Z</time>
        <extensions>
          <gpxtpx:TrackPointExtension>
            <gpxtpx:hr>175</gpxtpx:hr>
          </gpxtpx:TrackPointExtension>
        </extensions>
      </trkpt>
      <trkpt lat="31.25192314061076" lon="121.60533045698739">
        <ele>7.323220858350396</ele>
        <time>1970-01-01T00:27:09.400000Z</time>
        <extensions>
          <gpxtpx:TrackPointExtension>
            <gpxtpx:hr>175</gpxtpx:hr>
          </gpxtpx:TrackPointExtension>
        </extensions>
      </trkpt>
      <trkpt lat="31.251899638900845" lon="121.60533728970594">
        <ele>7.319343823008239</ele>
        <time>1970-01-01T00:27:10.400000Z</time>
        <extensions>
          <gpxtpx:TrackPointExtension>
            <gpxtpx:hr>175</gpxtpx:hr>
          </gpxtpx:TrackPointExtension>
        </extensions>
      </trkpt>
      <trkpt lat="31.251876155349382" lon="121.60534402556846">
        <ele>7.309962392784655</ele>
        <time>1970-01-01T00:27:11.400000Z</time>
        <extensions>
          <gpxtpx:TrackPointExtension>
            <gpxtpx:hr>174</gpxtpx:hr>
          </gpxtpx:TrackPointExtension>
        </extensions>
      </trkpt>
      <trkpt lat="31.251852478840252" lon="121.6053509244635">
        <ele>7.296657124534249</ele>
        <time>1970-01-01T00:27:12.400000Z</time>
        <extensions>
          <gpxtpx:TrackPointExtension>
            <gpxtpx:hr>174</gpxtpx:hr>
          </gpxtpx:TrackPointExtension>
        </extensions>
      </trkpt>
      <trkpt lat="31.251828303511292" lon="121.60535788132044">
        <ele>7.281133386306465</ele>
        <time>1970-01-01T00:27:13.400000Z</time>
        <extensions>
          <gpxtpx:TrackPointExtension>
            <gpxtpx:hr>174</gpxtpx:hr>
          </gpxtpx:TrackPointExtension>
        </extensions>
      </trkpt>
      <trkpt lat="31.251803765698973" lon="121.60536469660856">
        <ele>7.264511494897306</ele>
        <time>1970-01-01T00:27:14.400000Z</time>
        <extensions>
          <gpxtpx:TrackPointExtension>
            <gpxtpx:hr>174</gpxtpx:hr>
          </gpxtpx:TrackPointExtension>
        </extensions>
      </trkpt>
      <trkpt lat="31.251779222600103" lon="121.60537148370734">
        <ele>7.247135262936354</ele>
        <time>1970-01-01T00:27:15.400000Z</time>
        <extensions>
          <gpxtpx:TrackPointExtension>
            <gpxtpx:hr>174</gpxtpx:hr>
          </gpxtpx:TrackPointExtension>
        </extensions>
      </trkpt>
      <trkpt lat="31.25175476297345" lon="121.60537813877386">
        <ele>7.229171201586723</ele>
        <time>1970-01-01T00:27:16.400000Z</time>
        <extensions>
          <gpxtpx:TrackPointExtension>
            <gpxtpx:hr>174</gpxtpx:hr>
          </gpxtpx:TrackPointExtension>
        </extensions>
      </trkpt>
      <trkpt lat="31.251730396537496" lon="121.60538449456048">
        <ele>7.21084638684988</ele>
        <time>1970-01-01T00:27:17.400000Z</time>
        <extensions>
          <gpxtpx:TrackPointExtension>
            <gpxtpx:hr>174</gpxtpx:hr>
          </gpxtpx:TrackPointExtension>
        </extensions>
      </trkpt>
      <trkpt lat="31.251706066433037" lon="121.60539070253726">
        <ele>7.1928211487829685</ele>
        <time>1970-01-01T00:27:18.400000Z</time>
        <extensions>
          <gpxtpx:TrackPointExtension>
            <gpxtpx:hr>174</gpxtpx:hr>
          </gpxtpx:TrackPointExtension>
        </extensions>
      </trkpt>
      <trkpt lat="31.251681727073077" lon="121.6053968488437">
        <ele>7.175926682539284</ele>
        <time>1970-01-01T00:27:19.500000Z</time>
        <extensions>
          <gpxtpx:TrackPointExtension>
            <gpxtpx:hr>174</gpxtpx:hr>
          </gpxtpx:TrackPointExtension>
        </extensions>
      </trkpt>
      <trkpt lat="31.25165759294778" lon="121.60540267874647">
        <ele>7.160411790944636</ele>
        <time>1970-01-01T00:27:20.500000Z</time>
        <extensions>
          <gpxtpx:TrackPointExtension>
            <gpxtpx:hr>174</gpxtpx:hr>
          </gpxtpx:TrackPointExtension>
        </extensions>
      </trkpt>
      <trkpt lat="31.251633658739873" lon="121.60540810504017">
        <ele>7.145780899561942</ele>
        <time>1970-01-01T00:27:21.500000Z</time>
        <extensions>
          <gpxtpx:TrackPointExtension>
            <gpxtpx:hr>174</gpxtpx:hr>
          </gpxtpx:TrackPointExtension>
        </extensions>
      </trkpt>
      <trkpt lat="31.251609611865586" lon="121.60541312635195">
        <ele>7.130763407796621</ele>
        <time>1970-01-01T00:27:22.500000Z</time>
        <extensions>
          <gpxtpx:TrackPointExtension>
            <gpxtpx:hr>174</gpxtpx:hr>
          </gpxtpx:TrackPointExtension>
        </extensions>
      </trkpt>
      <trkpt lat="31.251585429437394" lon="121.605417888239">
        <ele>7.11388179846108</ele>
        <time>1970-01-01T00:27:23.500000Z</time>
        <extensions>
          <gpxtpx:TrackPointExtension>
            <gpxtpx:hr>174</gpxtpx:hr>
          </gpxtpx:TrackPointExtension>
        </extensions>
      </trkpt>
      <trkpt lat="31.251561052519076" lon="121.60542262403555">
        <ele>7.0944490628317</ele>
        <time>1970-01-01T00:27:24.500000Z</time>
        <extensions>
          <gpxtpx:TrackPointExtension>
            <gpxtpx:hr>174</gpxtpx:hr>
          </gpxtpx:TrackPointExtension>
        </extensions>
      </trkpt>
      <trkpt lat="31.251536474444848" lon="121.60542731205655">
        <ele>7.0732130985707045</ele>
        <time>1970-01-01T00:27:25.500000Z</time>
        <extensions>
          <gpxtpx:TrackPointExtension>
            <gpxtpx:hr>174</gpxtpx:hr>
          </gpxtpx:TrackPointExtension>
        </extensions>
      </trkpt>
      <trkpt lat="31.251512054287527" lon="121.60543177119598">
        <ele>7.051661063916981</ele>
        <time>1970-01-01T00:27:26.500000Z</time>
        <extensions>
          <gpxtpx:TrackPointExtension>
            <gpxtpx:hr>174</gpxtpx:hr>
          </gpxtpx:TrackPointExtension>
        </extensions>
      </trkpt>
      <trkpt lat="31.25148778693497" lon="121.60543616987174">
        <ele>7.030417991802096</ele>
        <time>1970-01-01T00:27:27.500000Z</time>
        <extensions>
          <gpxtpx:TrackPointExtension>
            <gpxtpx:hr>174</gpxtpx:hr>
          </gpxtpx:TrackPointExtension>
        </extensions>
      </trkpt>
      <trkpt lat="31.25146341184142" lon="121.60544072249463">
        <ele>7.009050860069692</ele>
        <time>1970-01-01T00:27:28.500000Z</time>
        <extensions>
          <gpxtpx:TrackPointExtension>
            <gpxtpx:hr>174</gpxtpx:hr>
          </gpxtpx:TrackPointExtension>
        </extensions>
      </trkpt>
      <trkpt lat="31.251438959824352" lon="121.60544545599386">
        <ele>6.9868570528924465</ele>
        <time>1970-01-01T00:27:29.500000Z</time>
        <extensions>
          <gpxtpx:TrackPointExtension>
            <gpxtpx:hr>174</gpxtpx:hr>
          </gpxtpx:TrackPointExtension>
        </extensions>
      </trkpt>
      <trkpt lat="31.251414472760825" lon="121.60545050712919">
        <ele>6.963376158848405</ele>
        <time>1970-01-01T00:27:30.500000Z</time>
        <extensions>
          <gpxtpx:TrackPointExtension>
            <gpxtpx:hr>174</gpxtpx:hr>
          </gpxtpx:TrackPointExtension>
        </extensions>
      </trkpt>
      <trkpt lat="31.251389950949786" lon="121.60545567476001">
        <ele>6.938747142441571</ele>
        <time>1970-01-01T00:27:31.500000Z</time>
        <extensions>
          <gpxtpx:TrackPointExtension>
            <gpxtpx:hr>174</gpxtpx:hr>
          </gpxtpx:TrackPointExtension>
        </extensions>
      </trkpt>
      <trkpt lat="31.25136552890677" lon="121.60546089793901">
        <ele>6.913492076098919</ele>
        <time>1970-01-01T00:27:32.500000Z</time>
        <extensions>
          <gpxtpx:TrackPointExtension>
            <gpxtpx:hr>174</gpxtpx:hr>
          </gpxtpx:TrackPointExtension>
        </extensions>
      </trkpt>
      <trkpt lat="31.25134114930072" lon="121.6054665268894">
        <ele>6.888344559818506</ele>
        <time>1970-01-01T00:27:33.500000Z</time>
        <extensions>
          <gpxtpx:TrackPointExtension>
            <gpxtpx:hr>173</gpxtpx:hr>
          </gpxtpx:TrackPointExtension>
        </extensions>
      </trkpt>
      <trkpt lat="31.251316682867497" lon="121.60547228176816">
        <ele>6.863981899805367</ele>
        <time>1970-01-01T00:27:34.500000Z</time>
        <extensions>
          <gpxtpx:TrackPointExtension>
            <gpxtpx:hr>173</gpxtpx:hr>
          </gpxtpx:TrackPointExtension>
        </extensions>
      </trkpt>
      <trkpt lat="31.251292557003783" lon="121.60547761503176">
        <ele>6.840730763971806</ele>
        <time>1970-01-01T00:27:35.500000Z</time>
        <extensions>
          <gpxtpx:TrackPointExtension>
            <gpxtpx:hr>173</gpxtpx:hr>
          </gpxtpx:TrackPointExtension>
        </extensions>
      </trkpt>
      <trkpt lat="31.251268961548153" lon="121.60548265978242">
        <ele>6.818602632731199</ele>
        <time>1970-01-01T00:27:36.500000Z</time>
        <extensions>
          <gpxtpx:TrackPointExtension>
            <gpxtpx:hr>173</gpxtpx:hr>
          </gpxtpx:TrackPointExtension>
        </extensions>
      </trkpt>
      <trkpt lat="31.251245417397087" lon="121.60548749945036">
        <ele>6.797285525128245</ele>
        <time>1970-01-01T00:27:37.500000Z</time>
        <extensions>
          <gpxtpx:TrackPointExtension>
            <gpxtpx:hr>173</gpxtpx:hr>
          </gpxtpx:TrackPointExtension>
        </extensions>
      </trkpt>
      <trkpt lat="31.251221690075642" lon="121.60549228017372">
        <ele>6.776691032573581</ele>
        <time>1970-01-01T00:27:38.500000Z</time>
        <extensions>
          <gpxtpx:TrackPointExtension>
            <gpxtpx:hr>173</gpxtpx:hr>
          </gpxtpx:TrackPointExtension>
        </extensions>
      </trkpt>
      <trkpt lat="31.251197826119977" lon="121.60549745014087">
        <ele>6.756600244902074</ele>
        <time>1970-01-01T00:27:39.500000Z</time>
        <extensions>
          <gpxtpx:TrackPointExtension>
            <gpxtpx:hr>174</gpxtpx:hr>
          </gpxtpx:TrackPointExtension>
        </extensions>
      </trkpt>
      <trkpt lat="31.251173833306822" lon="121.6055029662177">
        <ele>6.735934334807098</ele>
        <time>1970-01-01T00:27:40.500000Z</time>
        <extensions>
          <gpxtpx:TrackPointExtension>
            <gpxtpx:hr>174</gpxtpx:hr>
          </gpxtpx:TrackPointExtension>
        </extensions>
      </trkpt>
      <trkpt lat="31.2511498988005" lon="121.6055087327268">
        <ele>6.7133348332718015</ele>
        <time>1970-01-01T00:27:41.500000Z</time>
        <extensions>
          <gpxtpx:TrackPointExtension>
            <gpxtpx:hr>174</gpxtpx:hr>
          </gpxtpx:TrackPointExtension>
        </extensions>
      </trkpt>
      <trkpt lat="31.251126249520176" lon="121.60551491311242">
        <ele>6.6879865964874625</ele>
        <time>1970-01-01T00:27:42.500000Z</time>
        <extensions>
          <gpxtpx:TrackPointExtension>
            <gpxtpx:hr>174</gpxtpx:hr>
          </gpxtpx:TrackPointExtension>
        </extensions>
      </trkpt>
      <trkpt lat="31.25110302092281" lon="121.60552135425652">
        <ele>6.659910154528916</ele>
        <time>1970-01-01T00:27:43.500000Z</time>
        <extensions>
          <gpxtpx:TrackPointExtension>
            <gpxtpx:hr>174</gpxtpx:hr>
          </gpxtpx:TrackPointExtension>
        </extensions>
      </trkpt>
      <trkpt lat="31.251080248241504" lon="121.60552792264059">
        <ele>6.629647449590266</ele>
        <time>1970-01-01T00:27:44.500000Z</time>
        <extensions>
          <gpxtpx:TrackPointExtension>
            <gpxtpx:hr>174</gpxtpx:hr>
          </gpxtpx:TrackPointExtension>
        </extensions>
      </trkpt>
      <trkpt lat="31.25105764830308" lon="121.60553479375096">
        <ele>6.597586655057967</ele>
        <time>1970-01-01T00:27:45.500000Z</time>
        <extensions>
          <gpxtpx:TrackPointExtension>
            <gpxtpx:hr>174</gpxtpx:hr>
          </gpxtpx:TrackPointExtension>
        </extensions>
      </trkpt>
      <trkpt lat="31.251034766454985" lon="121.60554186546885">
        <ele>6.563724489882588</ele>
        <time>1970-01-01T00:27:46.500000Z</time>
        <extensions>
          <gpxtpx:TrackPointExtension>
            <gpxtpx:hr>174</gpxtpx:hr>
          </gpxtpx:TrackPointExtension>
        </extensions>
      </trkpt>
      <trkpt lat="31.251011409026393" lon="121.60554888333962">
        <ele>6.527696844190359</ele>
        <time>1970-01-01T00:27:47.500000Z</time>
        <extensions>
          <gpxtpx:TrackPointExtension>
            <gpxtpx:hr>174</gpxtpx:hr>
          </gpxtpx:TrackPointExtension>
        </extensions>
      </trkpt>
      <trkpt lat="31.250987732125626" lon="121.60555605685649">
        <ele>6.488981236703694</ele>
        <time>1970-01-01T00:27:48.500000Z</time>
        <extensions>
          <gpxtpx:TrackPointExtension>
            <gpxtpx:hr>174</gpxtpx:hr>
          </gpxtpx:TrackPointExtension>
        </extensions>
      </trkpt>
      <trkpt lat="31.250963815864093" lon="121.60556321642379">
        <ele>6.447892941534519</ele>
        <time>1970-01-01T00:27:49.500000Z</time>
        <extensions>
          <gpxtpx:TrackPointExtension>
            <gpxtpx:hr>174</gpxtpx:hr>
          </gpxtpx:TrackPointExtension>
        </extensions>
      </trkpt>
      <trkpt lat="31.25093982087186" lon="121.60556994685835">
        <ele>6.406028266064823</ele>
        <time>1970-01-01T00:27:50.500000Z</time>
        <extensions>
          <gpxtpx:TrackPointExtension>
            <gpxtpx:hr>174</gpxtpx:hr>
          </gpxtpx:TrackPointExtension>
        </extensions>
      </trkpt>
      <trkpt lat="31.25091601118847" lon="121.60557633968273">
        <ele>6.365726691670716</ele>
        <time>1970-01-01T00:27:51.500000Z</time>
        <extensions>
          <gpxtpx:TrackPointExtension>
            <gpxtpx:hr>174</gpxtpx:hr>
          </gpxtpx:TrackPointExtension>
        </extensions>
      </trkpt>
      <trkpt lat="31.250892327619205" lon="121.60558239551966">
        <ele>6.328472139313817</ele>
        <time>1970-01-01T00:27:52.500000Z</time>
        <extensions>
          <gpxtpx:TrackPointExtension>
            <gpxtpx:hr>174</gpxtpx:hr>
          </gpxtpx:TrackPointExtension>
        </extensions>
      </trkpt>
      <trkpt lat="31.25086855810114" lon="121.60558829392275">
        <ele>6.293910548090935</ele>
        <time>1970-01-01T00:27:53.500000Z</time>
        <extensions>
          <gpxtpx:TrackPointExtension>
            <gpxtpx:hr>174</gpxtpx:hr>
          </gpxtpx:TrackPointExtension>
        </extensions>
      </trkpt>
      <trkpt lat="31.250844521779534" lon="121.60559457858852">
        <ele>6.261064732447267</ele>
        <time>1970-01-01T00:27:54.600000Z</time>
        <extensions>
          <gpxtpx:TrackPointExtension>
            <gpxtpx:hr>175</gpxtpx:hr>
          </gpxtpx:TrackPointExtension>
        </extensions>
      </trkpt>
      <trkpt lat="31.250820079680604" lon="121.60560126105038">
        <ele>6.229306771419942</ele>
        <time>1970-01-01T00:27:55.600000Z</time>
        <extensions>
          <gpxtpx:TrackPointExtension>
            <gpxtpx:hr>175</gpxtpx:hr>
          </gpxtpx:TrackPointExtension>
        </extensions>
      </trkpt>
      <trkpt lat="31.25079540162293" lon="121.60560804577662">
        <ele>6.1983075477182865</ele>
        <time>1970-01-01T00:27:56.600000Z</time>
        <extensions>
          <gpxtpx:TrackPointExtension>
            <gpxtpx:hr>175</gpxtpx:hr>
          </gpxtpx:TrackPointExtension>
        </extensions>
      </trkpt>
      <trkpt lat="31.25077074113269" lon="121.6056149379083">
        <ele>6.167519312351942</ele>
        <time>1970-01-01T00:27:57.600000Z</time>
        <extensions>
          <gpxtpx:TrackPointExtension>
            <gpxtpx:hr>175</gpxtpx:hr>
          </gpxtpx:TrackPointExtension>
        </extensions>
      </trkpt>
      <trkpt lat="31.250745962900442" lon="121.60562173013963">
        <ele>6.135898373089731</ele>
        <time>1970-01-01T00:27:58.600000Z</time>
        <extensions>
          <gpxtpx:TrackPointExtension>
            <gpxtpx:hr>175</gpxtpx:hr>
          </gpxtpx:TrackPointExtension>
        </extensions>
      </trkpt>
      <trkpt lat="31.250721119811875" lon="121.60562833447698">
        <ele>6.102363030426204</ele>
        <time>1970-01-01T00:27:59.600000Z</time>
        <extensions>
          <gpxtpx:TrackPointExtension>
            <gpxtpx:hr>175</gpxtpx:hr>
          </gpxtpx:TrackPointExtension>
        </extensions>
      </trkpt>
      <trkpt lat="31.25069634021386" lon="121.60563513013851">
        <ele>6.065956894308329</ele>
        <time>1970-01-01T00:28:00.600000Z</time>
        <extensions>
          <gpxtpx:TrackPointExtension>
            <gpxtpx:hr>175</gpxtpx:hr>
          </gpxtpx:TrackPointExtension>
        </extensions>
      </trkpt>
      <trkpt lat="31.25067145260832" lon="121.60564212995637">
        <ele>6.026419885456562</ele>
        <time>1970-01-01T00:28:01.600000Z</time>
        <extensions>
          <gpxtpx:TrackPointExtension>
            <gpxtpx:hr>175</gpxtpx:hr>
          </gpxtpx:TrackPointExtension>
        </extensions>
      </trkpt>
      <trkpt lat="31.250646646621078" lon="121.60564920042123">
        <ele>5.984767068177462</ele>
        <time>1970-01-01T00:28:02.600000Z</time>
        <extensions>
          <gpxtpx:TrackPointExtension>
            <gpxtpx:hr>174</gpxtpx:hr>
          </gpxtpx:TrackPointExtension>
        </extensions>
      </trkpt>
      <trkpt lat="31.25062225902666" lon="121.60565642031536">
        <ele>5.942612510174513</ele>
        <time>1970-01-01T00:28:03.600000Z</time>
        <extensions>
          <gpxtpx:TrackPointExtension>
            <gpxtpx:hr>174</gpxtpx:hr>
          </gpxtpx:TrackPointExtension>
        </extensions>
      </trkpt>
      <trkpt lat="31.250598163348904" lon="121.60566361429318">
        <ele>5.90110514126718</ele>
        <time>1970-01-01T00:28:04.600000Z</time>
        <extensions>
          <gpxtpx:TrackPointExtension>
            <gpxtpx:hr>174</gpxtpx:hr>
          </gpxtpx:TrackPointExtension>
        </extensions>
      </trkpt>
      <trkpt lat="31.250574087702287" lon="121.6056705908885">
        <ele>5.860585725866258</ele>
        <time>1970-01-01T00:28:05.600000Z</time>
        <extensions>
          <gpxtpx:TrackPointExtension>
            <gpxtpx:hr>174</gpxtpx:hr>
          </gpxtpx:TrackPointExtension>
        </extensions>
      </trkpt>
      <trkpt lat="31.250549893903802" lon="121.60567761246256">
        <ele>5.8211764907464385</ele>
        <time>1970-01-01T00:28:06.600000Z</time>
        <extensions>
          <gpxtpx:TrackPointExtension>
            <gpxtpx:hr>174</gpxtpx:hr>
          </gpxtpx:TrackPointExtension>
        </extensions>
      </trkpt>
      <trkpt lat="31.25052540412667" lon="121.60568464938963">
        <ele>5.7831880720332265</ele>
        <time>1970-01-01T00:28:07.600000Z</time>
        <extensions>
          <gpxtpx:TrackPointExtension>
            <gpxtpx:hr>174</gpxtpx:hr>
          </gpxtpx:TrackPointExtension>
        </extensions>
      </trkpt>
      <trkpt lat="31.250500717547464" lon="121.60569126245792">
        <ele>5.74710938334465</ele>
        <time>1970-01-01T00:28:08.600000Z</time>
        <extensions>
          <gpxtpx:TrackPointExtension>
            <gpxtpx:hr>174</gpxtpx:hr>
          </gpxtpx:TrackPointExtension>
        </extensions>
      </trkpt>
      <trkpt lat="31.250476294651772" lon="121.60569742933761">
        <ele>5.7140034176409245</ele>
        <time>1970-01-01T00:28:09.600000Z</time>
        <extensions>
          <gpxtpx:TrackPointExtension>
            <gpxtpx:hr>175</gpxtpx:hr>
          </gpxtpx:TrackPointExtension>
        </extensions>
      </trkpt>
      <trkpt lat="31.250452200402467" lon="121.6057031895986">
        <ele>5.685101837851107</ele>
        <time>1970-01-01T00:28:10.600000Z</time>
        <extensions>
          <gpxtpx:TrackPointExtension>
            <gpxtpx:hr>175</gpxtpx:hr>
          </gpxtpx:TrackPointExtension>
        </extensions>
      </trkpt>
      <trkpt lat="31.250428324323117" lon="121.60570852599854">
        <ele>5.661025682464242</ele>
        <time>1970-01-01T00:28:11.600000Z</time>
        <extensions>
          <gpxtpx:TrackPointExtension>
            <gpxtpx:hr>175</gpxtpx:hr>
          </gpxtpx:TrackPointExtension>
        </extensions>
      </trkpt>
      <trkpt lat="31.250404655426017" lon="121.60571369511904">
        <ele>5.641870008781552</ele>
        <time>1970-01-01T00:28:12.600000Z</time>
        <extensions>
          <gpxtpx:TrackPointExtension>
            <gpxtpx:hr>175</gpxtpx:hr>
          </gpxtpx:TrackPointExtension>
        </extensions>
      </trkpt>
      <trkpt lat="31.250380859558508" lon="121.60571867583818">
        <ele>5.627159998752177</ele>
        <time>1970-01-01T00:28:13.600000Z</time>
        <extensions>
          <gpxtpx:TrackPointExtension>
            <gpxtpx:hr>175</gpxtpx:hr>
          </gpxtpx:TrackPointExtension>
        </extensions>
      </trkpt>
      <trkpt lat="31.250356760402163" lon="121.60572341722961">
        <ele>5.615910145454109</ele>
        <time>1970-01-01T00:28:14.600000Z</time>
        <extensions>
          <gpxtpx:TrackPointExtension>
            <gpxtpx:hr>175</gpxtpx:hr>
          </gpxtpx:TrackPointExtension>
        </extensions>
      </trkpt>
      <trkpt lat="31.250332396475965" lon="121.60572810839031">
        <ele>5.606784224510193</ele>
        <time>1970-01-01T00:28:15.600000Z</time>
        <extensions>
          <gpxtpx:TrackPointExtension>
            <gpxtpx:hr>175</gpxtpx:hr>
          </gpxtpx:TrackPointExtension>
        </extensions>
      </trkpt>
      <trkpt lat="31.25030771542117" lon="121.60573265891206">
        <ele>5.59854048024863</ele>
        <time>1970-01-01T00:28:16.600000Z</time>
        <extensions>
          <gpxtpx:TrackPointExtension>
            <gpxtpx:hr>174</gpxtpx:hr>
          </gpxtpx:TrackPointExtension>
        </extensions>
      </trkpt>
      <trkpt lat="31.25028282338621" lon="121.60573687441972">
        <ele>5.590760306455195</ele>
        <time>1970-01-01T00:28:17.600000Z</time>
        <extensions>
          <gpxtpx:TrackPointExtension>
            <gpxtpx:hr>174</gpxtpx:hr>
          </gpxtpx:TrackPointExtension>
        </extensions>
      </trkpt>
      <trkpt lat="31.250257846422052" lon="121.60574062863206">
        <ele>5.583611275069416</ele>
        <time>1970-01-01T00:28:18.600000Z</time>
        <extensions>
          <gpxtpx:TrackPointExtension>
            <gpxtpx:hr>174</gpxtpx:hr>
          </gpxtpx:TrackPointExtension>
        </extensions>
      </trkpt>
      <trkpt lat="31.250232620709184" lon="121.60574370259866">
        <ele>5.577275072224438</ele>
        <time>1970-01-01T00:28:19.600000Z</time>
        <extensions>
          <gpxtpx:TrackPointExtension>
            <gpxtpx:hr>174</gpxtpx:hr>
          </gpxtpx:TrackPointExtension>
        </extensions>
      </trkpt>
      <trkpt lat="31.250207154153077" lon="121.6057462283655">
        <ele>5.571944693103433</ele>
        <time>1970-01-01T00:28:20.600000Z</time>
        <extensions>
          <gpxtpx:TrackPointExtension>
            <gpxtpx:hr>174</gpxtpx:hr>
          </gpxtpx:TrackPointExtension>
        </extensions>
      </trkpt>
      <trkpt lat="31.250181735911696" lon="121.6057485505039">
        <ele>5.568261997774243</ele>
        <time>1970-01-01T00:28:21.600000Z</time>
        <extensions>
          <gpxtpx:TrackPointExtension>
            <gpxtpx:hr>174</gpxtpx:hr>
          </gpxtpx:TrackPointExtension>
        </extensions>
      </trkpt>
      <trkpt lat="31.2501564614473" lon="121.60575115143978">
        <ele>5.56760485842824</ele>
        <time>1970-01-01T00:28:22.600000Z</time>
        <extensions>
          <gpxtpx:TrackPointExtension>
            <gpxtpx:hr>174</gpxtpx:hr>
          </gpxtpx:TrackPointExtension>
        </extensions>
      </trkpt>
      <trkpt lat="31.250131649822166" lon="121.60575487061551">
        <ele>5.5715840337798</ele>
        <time>1970-01-01T00:28:23.600000Z</time>
        <extensions>
          <gpxtpx:TrackPointExtension>
            <gpxtpx:hr>174</gpxtpx:hr>
          </gpxtpx:TrackPointExtension>
        </extensions>
      </trkpt>
      <trkpt lat="31.250107760233444" lon="121.60576017582267">
        <ele>5.581473967060447</ele>
        <time>1970-01-01T00:28:24.600000Z</time>
        <extensions>
          <gpxtpx:TrackPointExtension>
            <gpxtpx:hr>174</gpxtpx:hr>
          </gpxtpx:TrackPointExtension>
        </extensions>
      </trkpt>
      <trkpt lat="31.250084503062062" lon="121.60576694190209">
        <ele>5.59806679841131</ele>
        <time>1970-01-01T00:28:25.600000Z</time>
        <extensions>
          <gpxtpx:TrackPointExtension>
            <gpxtpx:hr>174</gpxtpx:hr>
          </gpxtpx:TrackPointExtension>
        </extensions>
      </trkpt>
      <trkpt lat="31.250061175659173" lon="121.60577486507563">
        <ele>5.621236412785947</ele>
        <time>1970-01-01T00:28:26.600000Z</time>
        <extensions>
          <gpxtpx:TrackPointExtension>
            <gpxtpx:hr>174</gpxtpx:hr>
          </gpxtpx:TrackPointExtension>
        </extensions>
      </trkpt>
      <trkpt lat="31.250037400997645" lon="121.60578395568136">
        <ele>5.6498068161308765</ele>
        <time>1970-01-01T00:28:27.600000Z</time>
        <extensions>
          <gpxtpx:TrackPointExtension>
            <gpxtpx:hr>174</gpxtpx:hr>
          </gpxtpx:TrackPointExtension>
        </extensions>
      </trkpt>
      <trkpt lat="31.250013109151865" lon="121.60579406520132">
        <ele>5.68190803937614</ele>
        <time>1970-01-01T00:28:28.600000Z</time>
        <extensions>
          <gpxtpx:TrackPointExtension>
            <gpxtpx:hr>174</gpxtpx:hr>
          </gpxtpx:TrackPointExtension>
        </extensions>
      </trkpt>
      <trkpt lat="31.24998870130978" lon="121.6058047107358">
        <ele>5.715383370406926</ele>
        <time>1970-01-01T00:28:29.700000Z</time>
        <extensions>
          <gpxtpx:TrackPointExtension>
            <gpxtpx:hr>174</gpxtpx:hr>
          </gpxtpx:TrackPointExtension>
        </extensions>
      </trkpt>
      <trkpt lat="31.249964765089526" lon="121.60581565292183">
        <ele>5.748408604413271</ele>
        <time>1970-01-01T00:28:30.700000Z</time>
        <extensions>
          <gpxtpx:TrackPointExtension>
            <gpxtpx:hr>174</gpxtpx:hr>
          </gpxtpx:TrackPointExtension>
        </extensions>
      </trkpt>
      <trkpt lat="31.249941101208144" lon="121.60582678061871">
        <ele>5.779748121276498</ele>
        <time>1970-01-01T00:28:31.700000Z</time>
        <extensions>
          <gpxtpx:TrackPointExtension>
            <gpxtpx:hr>174</gpxtpx:hr>
          </gpxtpx:TrackPointExtension>
        </extensions>
      </trkpt>
      <trkpt lat="31.24991739444904" lon="121.60583821531391">
        <ele>5.808581524528563</ele>
        <time>1970-01-01T00:28:32.700000Z</time>
        <extensions>
          <gpxtpx:TrackPointExtension>
            <gpxtpx:hr>174</gpxtpx:hr>
          </gpxtpx:TrackPointExtension>
        </extensions>
      </trkpt>
      <trkpt lat="31.249893912088037" lon="121.60585020866306">
        <ele>5.83406819216907</ele>
        <time>1970-01-01T00:28:33.700000Z</time>
        <extensions>
          <gpxtpx:TrackPointExtension>
            <gpxtpx:hr>174</gpxtpx:hr>
          </gpxtpx:TrackPointExtension>
        </extensions>
      </trkpt>
      <trkpt lat="31.249870540432937" lon="121.60586271034252">
        <ele>5.8549680560827255</ele>
        <time>1970-01-01T00:28:34.700000Z</time>
        <extensions>
          <gpxtpx:TrackPointExtension>
            <gpxtpx:hr>174</gpxtpx:hr>
          </gpxtpx:TrackPointExtension>
        </extensions>
      </trkpt>
      <trkpt lat="31.249846909748378" lon="121.60587539383697">
        <ele>5.86990178283304</ele>
        <time>1970-01-01T00:28:35.700000Z</time>
        <extensions>
          <gpxtpx:TrackPointExtension>
            <gpxtpx:hr>174</gpxtpx:hr>
          </gpxtpx:TrackPointExtension>
        </extensions>
      </trkpt>
      <trkpt lat="31.249823003929343" lon="121.6058879483984">
        <ele>5.878142327070236</ele>
        <time>1970-01-01T00:28:36.700000Z</time>
        <extensions>
          <gpxtpx:TrackPointExtension>
            <gpxtpx:hr>174</gpxtpx:hr>
          </gpxtpx:TrackPointExtension>
        </extensions>
      </trkpt>
      <trkpt lat="31.24979880122761" lon="121.60589995127519">
        <ele>5.880055543035269</ele>
        <time>1970-01-01T00:28:37.700000Z</time>
        <extensions>
          <gpxtpx:TrackPointExtension>
            <gpxtpx:hr>174</gpxtpx:hr>
          </gpxtpx:TrackPointExtension>
        </extensions>
      </trkpt>
      <trkpt lat="31.249774534853955" lon="121.60591108889773">
        <ele>5.8769565634429455</ele>
        <time>1970-01-01T00:28:38.700000Z</time>
        <extensions>
          <gpxtpx:TrackPointExtension>
            <gpxtpx:hr>174</gpxtpx:hr>
          </gpxtpx:TrackPointExtension>
        </extensions>
      </trkpt>
      <trkpt lat="31.249750699623842" lon="121.60592134752004">
        <ele>5.870711797848344</ele>
        <time>1970-01-01T00:28:39.700000Z</time>
        <extensions>
          <gpxtpx:TrackPointExtension>
            <gpxtpx:hr>174</gpxtpx:hr>
          </gpxtpx:TrackPointExtension>
        </extensions>
      </trkpt>
      <trkpt lat="31.249727331712286" lon="121.60593064266585">
        <ele>5.8630546210333705</ele>
        <time>1970-01-01T00:28:40.700000Z</time>
        <extensions>
          <gpxtpx:TrackPointExtension>
            <gpxtpx:hr>174</gpxtpx:hr>
          </gpxtpx:TrackPointExtension>
        </extensions>
      </trkpt>
      <trkpt lat="31.24970405060844" lon="121.60593937803763">
        <ele>5.855365556664765</ele>
        <time>1970-01-01T00:28:41.700000Z</time>
        <extensions>
          <gpxtpx:TrackPointExtension>
            <gpxtpx:hr>174</gpxtpx:hr>
          </gpxtpx:TrackPointExtension>
        </extensions>
      </trkpt>
      <trkpt lat="31.249680239818357" lon="121.60594821950477">
        <ele>5.848983713425696</ele>
        <time>1970-01-01T00:28:42.700000Z</time>
        <extensions>
          <gpxtpx:TrackPointExtension>
            <gpxtpx:hr>174</gpxtpx:hr>
          </gpxtpx:TrackPointExtension>
        </extensions>
      </trkpt>
      <trkpt lat="31.24965561045468" lon="121.6059571022444">
        <ele>5.845122175291181</ele>
        <time>1970-01-01T00:28:43.700000Z</time>
        <extensions>
          <gpxtpx:TrackPointExtension>
            <gpxtpx:hr>174</gpxtpx:hr>
          </gpxtpx:TrackPointExtension>
        </extensions>
      </trkpt>
      <trkpt lat="31.249630536923828" lon="121.60596600138608">
        <ele>5.844636971130967</ele>
        <time>1970-01-01T00:28:44.700000Z</time>
        <extensions>
          <gpxtpx:TrackPointExtension>
            <gpxtpx:hr>174</gpxtpx:hr>
          </gpxtpx:TrackPointExtension>
        </extensions>
      </trkpt>
      <trkpt lat="31.24960533575551" lon="121.60597494671002">
        <ele>5.847812455147505</ele>
        <time>1970-01-01T00:28:45.700000Z</time>
        <extensions>
          <gpxtpx:TrackPointExtension>
            <gpxtpx:hr>174</gpxtpx:hr>
          </gpxtpx:TrackPointExtension>
        </extensions>
      </trkpt>
      <trkpt lat="31.24958025057976" lon="121.6059835424302">
        <ele>5.85454485565424</ele>
        <time>1970-01-01T00:28:46.700000Z</time>
        <extensions>
          <gpxtpx:TrackPointExtension>
            <gpxtpx:hr>174</gpxtpx:hr>
          </gpxtpx:TrackPointExtension>
        </extensions>
      </trkpt>
      <trkpt lat="31.24955549861313" lon="121.60599179281806">
        <ele>5.864706287160516</ele>
        <time>1970-01-01T00:28:47.700000Z</time>
        <extensions>
          <gpxtpx:TrackPointExtension>
            <gpxtpx:hr>174</gpxtpx:hr>
          </gpxtpx:TrackPointExtension>
        </extensions>
      </trkpt>
      <trkpt lat="31.249531059527353" lon="121.60599967040588">
        <ele>5.8780961278826</ele>
        <time>1970-01-01T00:28:48.700000Z</time>
        <extensions>
          <gpxtpx:TrackPointExtension>
            <gpxtpx:hr>174</gpxtpx:hr>
          </gpxtpx:TrackPointExtension>
        </extensions>
      </trkpt>
      <trkpt lat="31.24950696554238" lon="121.60600717391512">
        <ele>5.8942243829369545</ele>
        <time>1970-01-01T00:28:49.700000Z</time>
        <extensions>
          <gpxtpx:TrackPointExtension>
            <gpxtpx:hr>175</gpxtpx:hr>
          </gpxtpx:TrackPointExtension>
        </extensions>
      </trkpt>
      <trkpt lat="31.24948308621882" lon="121.60601471147025">
        <ele>5.912097990512848</ele>
        <time>1970-01-01T00:28:50.700000Z</time>
        <extensions>
          <gpxtpx:TrackPointExtension>
            <gpxtpx:hr>175</gpxtpx:hr>
          </gpxtpx:TrackPointExtension>
        </extensions>
      </trkpt>
      <trkpt lat="31.249459017661266" lon="121.60602230095849">
        <ele>5.930388707667589</ele>
        <time>1970-01-01T00:28:51.700000Z</time>
        <extensions>
          <gpxtpx:TrackPointExtension>
            <gpxtpx:hr>175</gpxtpx:hr>
          </gpxtpx:TrackPointExtension>
        </extensions>
      </trkpt>
      <trkpt lat="31.24943462169639" lon="121.60602982602195">
        <ele>5.947890173643827</ele>
        <time>1970-01-01T00:28:52.700000Z</time>
        <extensions>
          <gpxtpx:TrackPointExtension>
            <gpxtpx:hr>175</gpxtpx:hr>
          </gpxtpx:TrackPointExtension>
        </extensions>
      </trkpt>
      <trkpt lat="31.249409947310486" lon="121.60603725981215">
        <ele>5.963815007358789</ele>
        <time>1970-01-01T00:28:53.700000Z</time>
        <extensions>
          <gpxtpx:TrackPointExtension>
            <gpxtpx:hr>173</gpxtpx:hr>
          </gpxtpx:TrackPointExtension>
        </extensions>
      </trkpt>
      <trkpt lat="31.24938512132215" lon="121.60604427103229">
        <ele>5.977871126495302</ele>
        <time>1970-01-01T00:28:54.700000Z</time>
        <extensions>
          <gpxtpx:TrackPointExtension>
            <gpxtpx:hr>173</gpxtpx:hr>
          </gpxtpx:TrackPointExtension>
        </extensions>
      </trkpt>
      <trkpt lat="31.249360448260077" lon="121.60605069117764">
        <ele>5.989904568530619</ele>
        <time>1970-01-01T00:28:55.700000Z</time>
        <extensions>
          <gpxtpx:TrackPointExtension>
            <gpxtpx:hr>173</gpxtpx:hr>
          </gpxtpx:TrackPointExtension>
        </extensions>
      </trkpt>
      <trkpt lat="31.24933595947425" lon="121.60605702476326">
        <ele>5.999431838281453</ele>
        <time>1970-01-01T00:28:56.700000Z</time>
        <extensions>
          <gpxtpx:TrackPointExtension>
            <gpxtpx:hr>173</gpxtpx:hr>
          </gpxtpx:TrackPointExtension>
        </extensions>
      </trkpt>
      <trkpt lat="31.249311516724656" lon="121.60606336733494">
        <ele>6.005435080267489</ele>
        <time>1970-01-01T00:28:57.700000Z</time>
        <extensions>
          <gpxtpx:TrackPointExtension>
            <gpxtpx:hr>173</gpxtpx:hr>
          </gpxtpx:TrackPointExtension>
        </extensions>
      </trkpt>
      <trkpt lat="31.249287348277935" lon="121.60607008944086">
        <ele>6.006630717776716</ele>
        <time>1970-01-01T00:28:58.700000Z</time>
        <extensions>
          <gpxtpx:TrackPointExtension>
            <gpxtpx:hr>173</gpxtpx:hr>
          </gpxtpx:TrackPointExtension>
        </extensions>
      </trkpt>
      <trkpt lat="31.2492635761574" lon="121.60607799243346">
        <ele>6.002174123190343</ele>
        <time>1970-01-01T00:28:59.700000Z</time>
        <extensions>
          <gpxtpx:TrackPointExtension>
            <gpxtpx:hr>173</gpxtpx:hr>
          </gpxtpx:TrackPointExtension>
        </extensions>
      </trkpt>
      <trkpt lat="31.249240024109202" lon="121.6060868360117">
        <ele>5.99213570356369</ele>
        <time>1970-01-01T00:29:00.700000Z</time>
        <extensions>
          <gpxtpx:TrackPointExtension>
            <gpxtpx:hr>174</gpxtpx:hr>
          </gpxtpx:TrackPointExtension>
        </extensions>
      </trkpt>
      <trkpt lat="31.2492166874858" lon="121.6060963838173">
        <ele>5.977398322895169</ele>
        <time>1970-01-01T00:29:01.700000Z</time>
        <extensions>
          <gpxtpx:TrackPointExtension>
            <gpxtpx:hr>174</gpxtpx:hr>
          </gpxtpx:TrackPointExtension>
        </extensions>
      </trkpt>
      <trkpt lat="31.2491934481339" lon="121.60610657680631">
        <ele>5.958796088583767</ele>
        <time>1970-01-01T00:29:02.700000Z</time>
        <extensions>
          <gpxtpx:TrackPointExtension>
            <gpxtpx:hr>174</gpxtpx:hr>
          </gpxtpx:TrackPointExtension>
        </extensions>
      </trkpt>
      <trkpt lat="31.249170021104295" lon="121.60611698918622">
        <ele>5.936708075925708</ele>
        <time>1970-01-01T00:29:03.700000Z</time>
        <extensions>
          <gpxtpx:TrackPointExtension>
            <gpxtpx:hr>174</gpxtpx:hr>
          </gpxtpx:TrackPointExtension>
        </extensions>
      </trkpt>
      <trkpt lat="31.24914643935742" lon="121.60612736230131">
        <ele>5.911457233130932</ele>
        <time>1970-01-01T00:29:04.700000Z</time>
        <extensions>
          <gpxtpx:TrackPointExtension>
            <gpxtpx:hr>174</gpxtpx:hr>
          </gpxtpx:TrackPointExtension>
        </extensions>
      </trkpt>
      <trkpt lat="31.24912279410776" lon="121.60613771184964">
        <ele>5.883705483749509</ele>
        <time>1970-01-01T00:29:05.800000Z</time>
        <extensions>
          <gpxtpx:TrackPointExtension>
            <gpxtpx:hr>174</gpxtpx:hr>
          </gpxtpx:TrackPointExtension>
        </extensions>
      </trkpt>
      <trkpt lat="31.249098917349315" lon="121.60614786669322">
        <ele>5.854657883755863</ele>
        <time>1970-01-01T00:29:06.800000Z</time>
        <extensions>
          <gpxtpx:TrackPointExtension>
            <gpxtpx:hr>174</gpxtpx:hr>
          </gpxtpx:TrackPointExtension>
        </extensions>
      </trkpt>
      <trkpt lat="31.249074846370995" lon="121.60615777565118">
        <ele>5.825597471557558</ele>
        <time>1970-01-01T00:29:07.800000Z</time>
        <extensions>
          <gpxtpx:TrackPointExtension>
            <gpxtpx:hr>174</gpxtpx:hr>
          </gpxtpx:TrackPointExtension>
        </extensions>
      </trkpt>
      <trkpt lat="31.249050654296052" lon="121.6061676733241">
        <ele>5.797515083104372</ele>
        <time>1970-01-01T00:29:08.800000Z</time>
        <extensions>
          <gpxtpx:TrackPointExtension>
            <gpxtpx:hr>174</gpxtpx:hr>
          </gpxtpx:TrackPointExtension>
        </extensions>
      </trkpt>
      <trkpt lat="31.249026161763418" lon="121.60617751520525">
        <ele>5.771508799865842</ele>
        <time>1970-01-01T00:29:09.800000Z</time>
        <extensions>
          <gpxtpx:TrackPointExtension>
            <gpxtpx:hr>174</gpxtpx:hr>
          </gpxtpx:TrackPointExtension>
        </extensions>
      </trkpt>
      <trkpt lat="31.249001415521068" lon="121.60618735647297">
        <ele>5.748276705853641</ele>
        <time>1970-01-01T00:29:10.800000Z</time>
        <extensions>
          <gpxtpx:TrackPointExtension>
            <gpxtpx:hr>174</gpxtpx:hr>
          </gpxtpx:TrackPointExtension>
        </extensions>
      </trkpt>
      <trkpt lat="31.2489766585694" lon="121.60619748232018">
        <ele>5.726900615729392</ele>
        <time>1970-01-01T00:29:11.800000Z</time>
        <extensions>
          <gpxtpx:TrackPointExtension>
            <gpxtpx:hr>174</gpxtpx:hr>
          </gpxtpx:TrackPointExtension>
        </extensions>
      </trkpt>
      <trkpt lat="31.24895208259959" lon="121.60620777447247">
        <ele>5.705151300877333</ele>
        <time>1970-01-01T00:29:12.800000Z</time>
        <extensions>
          <gpxtpx:TrackPointExtension>
            <gpxtpx:hr>174</gpxtpx:hr>
          </gpxtpx:TrackPointExtension>
        </extensions>
      </trkpt>
      <trkpt lat="31.24892786410034" lon="121.60621809018042">
        <ele>5.681033115833998</ele>
        <time>1970-01-01T00:29:13.800000Z</time>
        <extensions>
          <gpxtpx:TrackPointExtension>
            <gpxtpx:hr>174</gpxtpx:hr>
          </gpxtpx:TrackPointExtension>
        </extensions>
      </trkpt>
      <trkpt lat="31.248903870648874" lon="121.60622787624713">
        <ele>5.654267152771354</ele>
        <time>1970-01-01T00:29:14.800000Z</time>
        <extensions>
          <gpxtpx:TrackPointExtension>
            <gpxtpx:hr>174</gpxtpx:hr>
          </gpxtpx:TrackPointExtension>
        </extensions>
      </trkpt>
      <trkpt lat="31.248879944196446" lon="121.6062368071979">
        <ele>5.626081347465515</ele>
        <time>1970-01-01T00:29:15.800000Z</time>
        <extensions>
          <gpxtpx:TrackPointExtension>
            <gpxtpx:hr>174</gpxtpx:hr>
          </gpxtpx:TrackPointExtension>
        </extensions>
      </trkpt>
      <trkpt lat="31.248856312719422" lon="121.60624565910148">
        <ele>5.597908368334174</ele>
        <time>1970-01-01T00:29:16.800000Z</time>
        <extensions>
          <gpxtpx:TrackPointExtension>
            <gpxtpx:hr>174</gpxtpx:hr>
          </gpxtpx:TrackPointExtension>
        </extensions>
      </trkpt>
      <trkpt lat="31.248832804848348" lon="121.60625489314775">
        <ele>5.570871724747121</ele>
        <time>1970-01-01T00:29:17.800000Z</time>
        <extensions>
          <gpxtpx:TrackPointExtension>
            <gpxtpx:hr>174</gpxtpx:hr>
          </gpxtpx:TrackPointExtension>
        </extensions>
      </trkpt>
      <trkpt lat="31.24880885520433" lon="121.6062641813579">
        <ele>5.545897150412202</ele>
        <time>1970-01-01T00:29:18.800000Z</time>
        <extensions>
          <gpxtpx:TrackPointExtension>
            <gpxtpx:hr>174</gpxtpx:hr>
          </gpxtpx:TrackPointExtension>
        </extensions>
      </trkpt>
      <trkpt lat="31.24878438627521" lon="121.60627314949431">
        <ele>5.523720506578684</ele>
        <time>1970-01-01T00:29:19.800000Z</time>
        <extensions>
          <gpxtpx:TrackPointExtension>
            <gpxtpx:hr>174</gpxtpx:hr>
          </gpxtpx:TrackPointExtension>
        </extensions>
      </trkpt>
      <trkpt lat="31.248759701691196" lon="121.60628162117985">
        <ele>5.5046819522976875</ele>
        <time>1970-01-01T00:29:20.800000Z</time>
        <extensions>
          <gpxtpx:TrackPointExtension>
            <gpxtpx:hr>174</gpxtpx:hr>
          </gpxtpx:TrackPointExtension>
        </extensions>
      </trkpt>
      <trkpt lat="31.248735105778046" lon="121.60628937717702">
        <ele>5.489116411656141</ele>
        <time>1970-01-01T00:29:21.800000Z</time>
        <extensions>
          <gpxtpx:TrackPointExtension>
            <gpxtpx:hr>174</gpxtpx:hr>
          </gpxtpx:TrackPointExtension>
        </extensions>
      </trkpt>
      <trkpt lat="31.24871083994623" lon="121.60629656291864">
        <ele>5.477347040548921</ele>
        <time>1970-01-01T00:29:22.800000Z</time>
        <extensions>
          <gpxtpx:TrackPointExtension>
            <gpxtpx:hr>174</gpxtpx:hr>
          </gpxtpx:TrackPointExtension>
        </extensions>
      </trkpt>
      <trkpt lat="31.24868680918707" lon="121.60630361652518">
        <ele>5.469055048190057</ele>
        <time>1970-01-01T00:29:23.800000Z</time>
        <extensions>
          <gpxtpx:TrackPointExtension>
            <gpxtpx:hr>174</gpxtpx:hr>
          </gpxtpx:TrackPointExtension>
        </extensions>
      </trkpt>
      <trkpt lat="31.248662679271234" lon="121.60631046061921">
        <ele>5.463532703928649</ele>
        <time>1970-01-01T00:29:24.800000Z</time>
        <extensions>
          <gpxtpx:TrackPointExtension>
            <gpxtpx:hr>174</gpxtpx:hr>
          </gpxtpx:TrackPointExtension>
        </extensions>
      </trkpt>
      <trkpt lat="31.248638409124236" lon="121.60631684749103">
        <ele>5.460003308951855</ele>
        <time>1970-01-01T00:29:25.800000Z</time>
        <extensions>
          <gpxtpx:TrackPointExtension>
            <gpxtpx:hr>174</gpxtpx:hr>
          </gpxtpx:TrackPointExtension>
        </extensions>
      </trkpt>
      <trkpt lat="31.24861385555169" lon="121.60632260699953">
        <ele>5.457996886223555</ele>
        <time>1970-01-01T00:29:26.800000Z</time>
        <extensions>
          <gpxtpx:TrackPointExtension>
            <gpxtpx:hr>174</gpxtpx:hr>
          </gpxtpx:TrackPointExtension>
        </extensions>
      </trkpt>
      <trkpt lat="31.248588627052627" lon="121.6063273611247">
        <ele>5.457626783289015</ele>
        <time>1970-01-01T00:29:27.800000Z</time>
        <extensions>
          <gpxtpx:TrackPointExtension>
            <gpxtpx:hr>174</gpxtpx:hr>
          </gpxtpx:TrackPointExtension>
        </extensions>
      </trkpt>
      <trkpt lat="31.24856262598002" lon="121.60633090678664">
        <ele>5.458506562747061</ele>
        <time>1970-01-01T00:29:28.800000Z</time>
        <extensions>
          <gpxtpx:TrackPointExtension>
            <gpxtpx:hr>176</gpxtpx:hr>
          </gpxtpx:TrackPointExtension>
        </extensions>
      </trkpt>
      <trkpt lat="31.24853603672064" lon="121.6063333399507">
        <ele>5.459566069766879</ele>
        <time>1970-01-01T00:29:29.800000Z</time>
        <extensions>
          <gpxtpx:TrackPointExtension>
            <gpxtpx:hr>176</gpxtpx:hr>
          </gpxtpx:TrackPointExtension>
        </extensions>
      </trkpt>
      <trkpt lat="31.248509215334682" lon="121.60633433408263">
        <ele>5.460166807286441</ele>
        <time>1970-01-01T00:29:30.800000Z</time>
        <extensions>
          <gpxtpx:TrackPointExtension>
            <gpxtpx:hr>176</gpxtpx:hr>
          </gpxtpx:TrackPointExtension>
        </extensions>
      </trkpt>
      <trkpt lat="31.248482781951655" lon="121.6063338276288">
        <ele>5.460117188282311</ele>
        <time>1970-01-01T00:29:31.800000Z</time>
        <extensions>
          <gpxtpx:TrackPointExtension>
            <gpxtpx:hr>176</gpxtpx:hr>
          </gpxtpx:TrackPointExtension>
        </extensions>
      </trkpt>
      <trkpt lat="31.248457110375217" lon="121.60633252338663">
        <ele>5.459410194307566</ele>
        <time>1970-01-01T00:29:32.800000Z</time>
        <extensions>
          <gpxtpx:TrackPointExtension>
            <gpxtpx:hr>176</gpxtpx:hr>
          </gpxtpx:TrackPointExtension>
        </extensions>
      </trkpt>
      <trkpt lat="31.24843218336835" lon="121.60633065483917">
        <ele>5.457984493114054</ele>
        <time>1970-01-01T00:29:33.800000Z</time>
        <extensions>
          <gpxtpx:TrackPointExtension>
            <gpxtpx:hr>176</gpxtpx:hr>
          </gpxtpx:TrackPointExtension>
        </extensions>
      </trkpt>
      <trkpt lat="31.24840800896858" lon="121.60632937792313">
        <ele>5.455270511098206</ele>
        <time>1970-01-01T00:29:34.800000Z</time>
        <extensions>
          <gpxtpx:TrackPointExtension>
            <gpxtpx:hr>176</gpxtpx:hr>
          </gpxtpx:TrackPointExtension>
        </extensions>
      </trkpt>
      <trkpt lat="31.24838446520199" lon="121.60633011700683">
        <ele>5.450410654768348</ele>
        <time>1970-01-01T00:29:35.800000Z</time>
        <extensions>
          <gpxtpx:TrackPointExtension>
            <gpxtpx:hr>176</gpxtpx:hr>
          </gpxtpx:TrackPointExtension>
        </extensions>
      </trkpt>
      <trkpt lat="31.248361076920567" lon="121.60633259488331">
        <ele>5.442670090124011</ele>
        <time>1970-01-01T00:29:36.800000Z</time>
        <extensions>
          <gpxtpx:TrackPointExtension>
            <gpxtpx:hr>176</gpxtpx:hr>
          </gpxtpx:TrackPointExtension>
        </extensions>
      </trkpt>
      <trkpt lat="31.248337525922985" lon="121.60633605547092">
        <ele>5.432035207748413</ele>
        <time>1970-01-01T00:29:37.800000Z</time>
        <extensions>
          <gpxtpx:TrackPointExtension>
            <gpxtpx:hr>176</gpxtpx:hr>
          </gpxtpx:TrackPointExtension>
        </extensions>
      </trkpt>
      <trkpt lat="31.248313840491022" lon="121.60634025636482">
        <ele>5.41914042737335</ele>
        <time>1970-01-01T00:29:38.800000Z</time>
        <extensions>
          <gpxtpx:TrackPointExtension>
            <gpxtpx:hr>176</gpxtpx:hr>
          </gpxtpx:TrackPointExtension>
        </extensions>
      </trkpt>
      <trkpt lat="31.248289894882166" lon="121.60634501958644">
        <ele>5.404887232929468</ele>
        <time>1970-01-01T00:29:39.800000Z</time>
        <extensions>
          <gpxtpx:TrackPointExtension>
            <gpxtpx:hr>176</gpxtpx:hr>
          </gpxtpx:TrackPointExtension>
        </extensions>
      </trkpt>
      <trkpt lat="31.248265507262364" lon="121.60635041715975">
        <ele>5.390694371424615</ele>
        <time>1970-01-01T00:29:40.900000Z</time>
        <extensions>
          <gpxtpx:TrackPointExtension>
            <gpxtpx:hr>176</gpxtpx:hr>
          </gpxtpx:TrackPointExtension>
        </extensions>
      </trkpt>
      <trkpt lat="31.248240690848455" lon="121.60635709666738">
        <ele>5.377805984579027</ele>
        <time>1970-01-01T00:29:41.900000Z</time>
        <extensions>
          <gpxtpx:TrackPointExtension>
            <gpxtpx:hr>176</gpxtpx:hr>
          </gpxtpx:TrackPointExtension>
        </extensions>
      </trkpt>
      <trkpt lat="31.24821547087073" lon="121.60636499488923">
        <ele>5.3669614205136895</ele>
        <time>1970-01-01T00:29:42.900000Z</time>
        <extensions>
          <gpxtpx:TrackPointExtension>
            <gpxtpx:hr>176</gpxtpx:hr>
          </gpxtpx:TrackPointExtension>
        </extensions>
      </trkpt>
      <trkpt lat="31.24819030282816" lon="121.60637378426004">
        <ele>5.358946008607745</ele>
        <time>1970-01-01T00:29:43.900000Z</time>
        <extensions>
          <gpxtpx:TrackPointExtension>
            <gpxtpx:hr>176</gpxtpx:hr>
          </gpxtpx:TrackPointExtension>
        </extensions>
      </trkpt>
      <trkpt lat="31.248165838674666" lon="121.60638320311018">
        <ele>5.354125735349953</ele>
        <time>1970-01-01T00:29:44.900000Z</time>
        <extensions>
          <gpxtpx:TrackPointExtension>
            <gpxtpx:hr>176</gpxtpx:hr>
          </gpxtpx:TrackPointExtension>
        </extensions>
      </trkpt>
      <trkpt lat="31.248142047784185" lon="121.60639257905467">
        <ele>5.352097320370376</ele>
        <time>1970-01-01T00:29:45.900000Z</time>
        <extensions>
          <gpxtpx:TrackPointExtension>
            <gpxtpx:hr>176</gpxtpx:hr>
          </gpxtpx:TrackPointExtension>
        </extensions>
      </trkpt>
      <trkpt lat="31.248118761712373" lon="121.60640129109093">
        <ele>5.3520613526925445</ele>
        <time>1970-01-01T00:29:46.900000Z</time>
        <extensions>
          <gpxtpx:TrackPointExtension>
            <gpxtpx:hr>176</gpxtpx:hr>
          </gpxtpx:TrackPointExtension>
        </extensions>
      </trkpt>
      <trkpt lat="31.24809578884825" lon="121.60640921240578">
        <ele>5.353091184049845</ele>
        <time>1970-01-01T00:29:47.900000Z</time>
        <extensions>
          <gpxtpx:TrackPointExtension>
            <gpxtpx:hr>176</gpxtpx:hr>
          </gpxtpx:TrackPointExtension>
        </extensions>
      </trkpt>
      <trkpt lat="31.248072544319566" lon="121.60641651243589">
        <ele>5.354587445966899</ele>
        <time>1970-01-01T00:29:48.900000Z</time>
        <extensions>
          <gpxtpx:TrackPointExtension>
            <gpxtpx:hr>176</gpxtpx:hr>
          </gpxtpx:TrackPointExtension>
        </extensions>
      </trkpt>
      <trkpt lat="31.248048674813212" lon="121.60642344341714">
        <ele>5.356834982521832</ele>
        <time>1970-01-01T00:29:49.900000Z</time>
        <extensions>
          <gpxtpx:TrackPointExtension>
            <gpxtpx:hr>175</gpxtpx:hr>
          </gpxtpx:TrackPointExtension>
        </extensions>
      </trkpt>
      <trkpt lat="31.24802460624554" lon="121.60643046922955">
        <ele>5.360888526774943</ele>
        <time>1970-01-01T00:29:50.900000Z</time>
        <extensions>
          <gpxtpx:TrackPointExtension>
            <gpxtpx:hr>175</gpxtpx:hr>
          </gpxtpx:TrackPointExtension>
        </extensions>
      </trkpt>
      <trkpt lat="31.24800068575032" lon="121.60643764389516">
        <ele>5.367186609655619</ele>
        <time>1970-01-01T00:29:51.900000Z</time>
        <extensions>
          <gpxtpx:TrackPointExtension>
            <gpxtpx:hr>175</gpxtpx:hr>
          </gpxtpx:TrackPointExtension>
        </extensions>
      </trkpt>
      <trkpt lat="31.247977019540908" lon="121.60644486285611">
        <ele>5.375526997260749</ele>
        <time>1970-01-01T00:29:52.900000Z</time>
        <extensions>
          <gpxtpx:TrackPointExtension>
            <gpxtpx:hr>175</gpxtpx:hr>
          </gpxtpx:TrackPointExtension>
        </extensions>
      </trkpt>
      <trkpt lat="31.24795370397663" lon="121.60645224892288">
        <ele>5.386192798614502</ele>
        <time>1970-01-01T00:29:53.900000Z</time>
        <extensions>
          <gpxtpx:TrackPointExtension>
            <gpxtpx:hr>175</gpxtpx:hr>
          </gpxtpx:TrackPointExtension>
        </extensions>
      </trkpt>
      <trkpt lat="31.247930423264933" lon="121.60645962307349">
        <ele>5.399825724773109</ele>
        <time>1970-01-01T00:29:54.900000Z</time>
        <extensions>
          <gpxtpx:TrackPointExtension>
            <gpxtpx:hr>176</gpxtpx:hr>
          </gpxtpx:TrackPointExtension>
        </extensions>
      </trkpt>
      <trkpt lat="31.247906816745626" lon="121.60646699969993">
        <ele>5.41686781309545</ele>
        <time>1970-01-01T00:29:55.900000Z</time>
        <extensions>
          <gpxtpx:TrackPointExtension>
            <gpxtpx:hr>176</gpxtpx:hr>
          </gpxtpx:TrackPointExtension>
        </extensions>
      </trkpt>
      <trkpt lat="31.247882695149745" lon="121.60647480429503">
        <ele>5.43647266831249</ele>
        <time>1970-01-01T00:29:56.900000Z</time>
        <extensions>
          <gpxtpx:TrackPointExtension>
            <gpxtpx:hr>176</gpxtpx:hr>
          </gpxtpx:TrackPointExtension>
        </extensions>
      </trkpt>
      <trkpt lat="31.247857789097036" lon="121.60648312888162">
        <ele>5.45623639319092</ele>
        <time>1970-01-01T00:29:57.900000Z</time>
        <extensions>
          <gpxtpx:TrackPointExtension>
            <gpxtpx:hr>176</gpxtpx:hr>
          </gpxtpx:TrackPointExtension>
        </extensions>
      </trkpt>
      <trkpt lat="31.24783236823656" lon="121.60649193642368">
        <ele>5.474093153141439</ele>
        <time>1970-01-01T00:29:58.900000Z</time>
        <extensions>
          <gpxtpx:TrackPointExtension>
            <gpxtpx:hr>176</gpxtpx:hr>
          </gpxtpx:TrackPointExtension>
        </extensions>
      </trkpt>
      <trkpt lat="31.247807303361046" lon="121.60650127298125">
        <ele>5.48926823399961</ele>
        <time>1970-01-01T00:29:59.900000Z</time>
        <extensions>
          <gpxtpx:TrackPointExtension>
            <gpxtpx:hr>176</gpxtpx:hr>
          </gpxtpx:TrackPointExtension>
        </extensions>
      </trkpt>
      <trkpt lat="31.247782500050754" lon="121.6065110286196">
        <ele>5.501703376881778</ele>
        <time>1970-01-01T00:30:00.900000Z</time>
        <extensions>
          <gpxtpx:TrackPointExtension>
            <gpxtpx:hr>177</gpxtpx:hr>
          </gpxtpx:TrackPointExtension>
        </extensions>
      </trkpt>
      <trkpt lat="31.24775728699367" lon="121.60652116122202">
        <ele>5.512271945364773</ele>
        <time>1970-01-01T00:30:01.900000Z</time>
        <extensions>
          <gpxtpx:TrackPointExtension>
            <gpxtpx:hr>177</gpxtpx:hr>
          </gpxtpx:TrackPointExtension>
        </extensions>
      </trkpt>
      <trkpt lat="31.247731723723437" lon="121.60653185189099">
        <ele>5.522140581160784</ele>
        <time>1970-01-01T00:30:02.900000Z</time>
        <extensions>
          <gpxtpx:TrackPointExtension>
            <gpxtpx:hr>177</gpxtpx:hr>
          </gpxtpx:TrackPointExtension>
        </extensions>
      </trkpt>
      <trkpt lat="31.247706164441237" lon="121.60654320235687">
        <ele>5.531951487064362</ele>
        <time>1970-01-01T00:30:03.900000Z</time>
        <extensions>
          <gpxtpx:TrackPointExtension>
            <gpxtpx:hr>177</gpxtpx:hr>
          </gpxtpx:TrackPointExtension>
        </extensions>
      </trkpt>
      <trkpt lat="31.247680881853373" lon="121.60655495624529">
        <ele>5.542481082491577</ele>
        <time>1970-01-01T00:30:04.900000Z</time>
        <extensions>
          <gpxtpx:TrackPointExtension>
            <gpxtpx:hr>177</gpxtpx:hr>
          </gpxtpx:TrackPointExtension>
        </extensions>
      </trkpt>
      <trkpt lat="31.247656017542777" lon="121.6065670197186">
        <ele>5.554554081521928</ele>
        <time>1970-01-01T00:30:05.900000Z</time>
        <extensions>
          <gpxtpx:TrackPointExtension>
            <gpxtpx:hr>177</gpxtpx:hr>
          </gpxtpx:TrackPointExtension>
        </extensions>
      </trkpt>
      <trkpt lat="31.247631347827618" lon="121.6065795057306">
        <ele>5.568572367541492</ele>
        <time>1970-01-01T00:30:06.900000Z</time>
        <extensions>
          <gpxtpx:TrackPointExtension>
            <gpxtpx:hr>177</gpxtpx:hr>
          </gpxtpx:TrackPointExtension>
        </extensions>
      </trkpt>
      <trkpt lat="31.24760657294488" lon="121.60659230601328">
        <ele>5.584167456254363</ele>
        <time>1970-01-01T00:30:07.900000Z</time>
        <extensions>
          <gpxtpx:TrackPointExtension>
            <gpxtpx:hr>177</gpxtpx:hr>
          </gpxtpx:TrackPointExtension>
        </extensions>
      </trkpt>
      <trkpt lat="31.24758158639269" lon="121.60660478214504">
        <ele>5.600370268337429</ele>
        <time>1970-01-01T00:30:08.900000Z</time>
        <extensions>
          <gpxtpx:TrackPointExtension>
            <gpxtpx:hr>177</gpxtpx:hr>
          </gpxtpx:TrackPointExtension>
        </extensions>
      </trkpt>
      <trkpt lat="31.24755617580782" lon="121.60661582483401">
        <ele>5.616550510749221</ele>
        <time>1970-01-01T00:30:09.900000Z</time>
        <extensions>
          <gpxtpx:TrackPointExtension>
            <gpxtpx:hr>177</gpxtpx:hr>
          </gpxtpx:TrackPointExtension>
        </extensions>
      </trkpt>
      <trkpt lat="31.2475301798576" lon="121.60662465128625">
        <ele>5.632805856876075</ele>
        <time>1970-01-01T00:30:10.900000Z</time>
        <extensions>
          <gpxtpx:TrackPointExtension>
            <gpxtpx:hr>176</gpxtpx:hr>
          </gpxtpx:TrackPointExtension>
        </extensions>
      </trkpt>
      <trkpt lat="31.247503728933044" lon="121.60663095543218">
        <ele>5.649977282620966</ele>
        <time>1970-01-01T00:30:11.900000Z</time>
        <extensions>
          <gpxtpx:TrackPointExtension>
            <gpxtpx:hr>176</gpxtpx:hr>
          </gpxtpx:TrackPointExtension>
        </extensions>
      </trkpt>
      <trkpt lat="31.247477028437" lon="121.60663580931144">
        <ele>5.669187311083078</ele>
        <time>1970-01-01T00:30:12.900000Z</time>
        <extensions>
          <gpxtpx:TrackPointExtension>
            <gpxtpx:hr>176</gpxtpx:hr>
          </gpxtpx:TrackPointExtension>
        </extensions>
      </trkpt>
      <trkpt lat="31.24745019201512" lon="121.60664104713476">
        <ele>5.691229701973498</ele>
        <time>1970-01-01T00:30:13.900000Z</time>
        <extensions>
          <gpxtpx:TrackPointExtension>
            <gpxtpx:hr>176</gpxtpx:hr>
          </gpxtpx:TrackPointExtension>
        </extensions>
      </trkpt>
      <trkpt lat="31.247423654138313" lon="121.60664803815902">
        <ele>5.716503705829382</ele>
        <time>1970-01-01T00:30:14.900000Z</time>
        <extensions>
          <gpxtpx:TrackPointExtension>
            <gpxtpx:hr>176</gpxtpx:hr>
          </gpxtpx:TrackPointExtension>
        </extensions>
      </trkpt>
      <trkpt lat="31.247398002952675" lon="121.60665742443409">
        <ele>5.744905103929341</ele>
        <time>1970-01-01T00:30:15.900000Z</time>
        <extensions>
          <gpxtpx:TrackPointExtension>
            <gpxtpx:hr>176</gpxtpx:hr>
          </gpxtpx:TrackPointExtension>
        </extensions>
      </trkpt>
      <trkpt lat="31.24737294303584" lon="121.60666827229731">
        <ele>5.775822586379945</ele>
        <time>1970-01-01T00:30:17Z</time>
        <extensions>
          <gpxtpx:TrackPointExtension>
            <gpxtpx:hr>176</gpxtpx:hr>
          </gpxtpx:TrackPointExtension>
        </extensions>
      </trkpt>
      <trkpt lat="31.24734803305453" lon="121.60667985269227">
        <ele>5.808597000315785</ele>
        <time>1970-01-01T00:30:18Z</time>
        <extensions>
          <gpxtpx:TrackPointExtension>
            <gpxtpx:hr>176</gpxtpx:hr>
          </gpxtpx:TrackPointExtension>
        </extensions>
      </trkpt>
      <trkpt lat="31.247323130420494" lon="121.60669220010648">
        <ele>5.842628845945001</ele>
        <time>1970-01-01T00:30:19Z</time>
        <extensions>
          <gpxtpx:TrackPointExtension>
            <gpxtpx:hr>176</gpxtpx:hr>
          </gpxtpx:TrackPointExtension>
        </extensions>
      </trkpt>
      <trkpt lat="31.24729794867841" lon="121.60670491290576">
        <ele>5.87729384470731</ele>
        <time>1970-01-01T00:30:20Z</time>
        <extensions>
          <gpxtpx:TrackPointExtension>
            <gpxtpx:hr>176</gpxtpx:hr>
          </gpxtpx:TrackPointExtension>
        </extensions>
      </trkpt>
      <trkpt lat="31.24727253058966" lon="121.60671755723136">
        <ele>5.911938237957656</ele>
        <time>1970-01-01T00:30:21Z</time>
        <extensions>
          <gpxtpx:TrackPointExtension>
            <gpxtpx:hr>176</gpxtpx:hr>
          </gpxtpx:TrackPointExtension>
        </extensions>
      </trkpt>
      <trkpt lat="31.247247172417776" lon="121.60673020743404">
        <ele>5.945906586945057</ele>
        <time>1970-01-01T00:30:22Z</time>
        <extensions>
          <gpxtpx:TrackPointExtension>
            <gpxtpx:hr>176</gpxtpx:hr>
          </gpxtpx:TrackPointExtension>
        </extensions>
      </trkpt>
      <trkpt lat="31.24722206294338" lon="121.60674289264833">
        <ele>5.978671856224537</ele>
        <time>1970-01-01T00:30:23Z</time>
        <extensions>
          <gpxtpx:TrackPointExtension>
            <gpxtpx:hr>176</gpxtpx:hr>
          </gpxtpx:TrackPointExtension>
        </extensions>
      </trkpt>
      <trkpt lat="31.247197365425492" lon="121.60675549141116">
        <ele>6.009931048378348</ele>
        <time>1970-01-01T00:30:24Z</time>
        <extensions>
          <gpxtpx:TrackPointExtension>
            <gpxtpx:hr>176</gpxtpx:hr>
          </gpxtpx:TrackPointExtension>
        </extensions>
      </trkpt>
      <trkpt lat="31.247173200386975" lon="121.60676775693001">
        <ele>6.039550977759063</ele>
        <time>1970-01-01T00:30:25Z</time>
        <extensions>
          <gpxtpx:TrackPointExtension>
            <gpxtpx:hr>176</gpxtpx:hr>
          </gpxtpx:TrackPointExtension>
        </extensions>
      </trkpt>
      <trkpt lat="31.247149360126926" lon="121.60677923591099">
        <ele>6.0674670254811645</ele>
        <time>1970-01-01T00:30:26Z</time>
        <extensions>
          <gpxtpx:TrackPointExtension>
            <gpxtpx:hr>176</gpxtpx:hr>
          </gpxtpx:TrackPointExtension>
        </extensions>
      </trkpt>
      <trkpt lat="31.247125542775308" lon="121.60679022868311">
        <ele>6.09366381727159</ele>
        <time>1970-01-01T00:30:27Z</time>
        <extensions>
          <gpxtpx:TrackPointExtension>
            <gpxtpx:hr>176</gpxtpx:hr>
          </gpxtpx:TrackPointExtension>
        </extensions>
      </trkpt>
      <trkpt lat="31.24710167611467" lon="121.6068013931089">
        <ele>6.118063596077263</ele>
        <time>1970-01-01T00:30:28Z</time>
        <extensions>
          <gpxtpx:TrackPointExtension>
            <gpxtpx:hr>177</gpxtpx:hr>
          </gpxtpx:TrackPointExtension>
        </extensions>
      </trkpt>
      <trkpt lat="31.247077659662867" lon="121.60681268978617">
        <ele>6.140714667737484</ele>
        <time>1970-01-01T00:30:29Z</time>
        <extensions>
          <gpxtpx:TrackPointExtension>
            <gpxtpx:hr>177</gpxtpx:hr>
          </gpxtpx:TrackPointExtension>
        </extensions>
      </trkpt>
      <trkpt lat="31.247053703273686" lon="121.60682370766321">
        <ele>6.1618096344172955</ele>
        <time>1970-01-01T00:30:30Z</time>
        <extensions>
          <gpxtpx:TrackPointExtension>
            <gpxtpx:hr>177</gpxtpx:hr>
          </gpxtpx:TrackPointExtension>
        </extensions>
      </trkpt>
      <trkpt lat="31.24703025002922" lon="121.60683443714444">
        <ele>6.181304060854018</ele>
        <time>1970-01-01T00:30:31Z</time>
        <extensions>
          <gpxtpx:TrackPointExtension>
            <gpxtpx:hr>177</gpxtpx:hr>
          </gpxtpx:TrackPointExtension>
        </extensions>
      </trkpt>
      <trkpt lat="31.247007135429705" lon="121.60684469667889">
        <ele>6.198822340928018</ele>
        <time>1970-01-01T00:30:32Z</time>
        <extensions>
          <gpxtpx:TrackPointExtension>
            <gpxtpx:hr>177</gpxtpx:hr>
          </gpxtpx:TrackPointExtension>
        </extensions>
      </trkpt>
      <trkpt lat="31.246983932542165" lon="121.60685430107078">
        <ele>6.213948498480022</ele>
        <time>1970-01-01T00:30:33Z</time>
        <extensions>
          <gpxtpx:TrackPointExtension>
            <gpxtpx:hr>176</gpxtpx:hr>
          </gpxtpx:TrackPointExtension>
        </extensions>
      </trkpt>
      <trkpt lat="31.24696058059974" lon="121.60686352303217">
        <ele>6.226636596955359</ele>
        <time>1970-01-01T00:30:34Z</time>
        <extensions>
          <gpxtpx:TrackPointExtension>
            <gpxtpx:hr>176</gpxtpx:hr>
          </gpxtpx:TrackPointExtension>
        </extensions>
      </trkpt>
      <trkpt lat="31.24693704879267" lon="121.60687238200933">
        <ele>6.237627110444009</ele>
        <time>1970-01-01T00:30:35Z</time>
        <extensions>
          <gpxtpx:TrackPointExtension>
            <gpxtpx:hr>176</gpxtpx:hr>
          </gpxtpx:TrackPointExtension>
        </extensions>
      </trkpt>
      <trkpt lat="31.246913178976367" lon="121.6068807531043">
        <ele>6.248442931100726</ele>
        <time>1970-01-01T00:30:36Z</time>
        <extensions>
          <gpxtpx:TrackPointExtension>
            <gpxtpx:hr>176</gpxtpx:hr>
          </gpxtpx:TrackPointExtension>
        </extensions>
      </trkpt>
      <trkpt lat="31.246889144140955" lon="121.60688883170101">
        <ele>6.260738007724285</ele>
        <time>1970-01-01T00:30:37Z</time>
        <extensions>
          <gpxtpx:TrackPointExtension>
            <gpxtpx:hr>176</gpxtpx:hr>
          </gpxtpx:TrackPointExtension>
        </extensions>
      </trkpt>
      <trkpt lat="31.24686518812094" lon="121.60689655332632">
        <ele>6.27570622600615</ele>
        <time>1970-01-01T00:30:38Z</time>
        <extensions>
          <gpxtpx:TrackPointExtension>
            <gpxtpx:hr>176</gpxtpx:hr>
          </gpxtpx:TrackPointExtension>
        </extensions>
      </trkpt>
      <trkpt lat="31.246841200307188" lon="121.60690357505489">
        <ele>6.294063669629395</ele>
        <time>1970-01-01T00:30:39Z</time>
        <extensions>
          <gpxtpx:TrackPointExtension>
            <gpxtpx:hr>176</gpxtpx:hr>
          </gpxtpx:TrackPointExtension>
        </extensions>
      </trkpt>
      <trkpt lat="31.24681719936101" lon="121.6069099311867">
        <ele>6.316218037158251</ele>
        <time>1970-01-01T00:30:40Z</time>
        <extensions>
          <gpxtpx:TrackPointExtension>
            <gpxtpx:hr>177</gpxtpx:hr>
          </gpxtpx:TrackPointExtension>
        </extensions>
      </trkpt>
      <trkpt lat="31.246793449932692" lon="121.60691642875156">
        <ele>6.342384758405387</ele>
        <time>1970-01-01T00:30:41Z</time>
        <extensions>
          <gpxtpx:TrackPointExtension>
            <gpxtpx:hr>177</gpxtpx:hr>
          </gpxtpx:TrackPointExtension>
        </extensions>
      </trkpt>
      <trkpt lat="31.246769962508303" lon="121.60692391070114">
        <ele>6.372772919014096</ele>
        <time>1970-01-01T00:30:42Z</time>
        <extensions>
          <gpxtpx:TrackPointExtension>
            <gpxtpx:hr>177</gpxtpx:hr>
          </gpxtpx:TrackPointExtension>
        </extensions>
      </trkpt>
      <trkpt lat="31.24674658446064" lon="121.60693249155223">
        <ele>6.407387001439929</ele>
        <time>1970-01-01T00:30:43Z</time>
        <extensions>
          <gpxtpx:TrackPointExtension>
            <gpxtpx:hr>177</gpxtpx:hr>
          </gpxtpx:TrackPointExtension>
        </extensions>
      </trkpt>
      <trkpt lat="31.24672326756181" lon="121.60694225196247">
        <ele>6.445724822580814</ele>
        <time>1970-01-01T00:30:44Z</time>
        <extensions>
          <gpxtpx:TrackPointExtension>
            <gpxtpx:hr>177</gpxtpx:hr>
          </gpxtpx:TrackPointExtension>
        </extensions>
      </trkpt>
      <trkpt lat="31.246699773017458" lon="121.60695297718144">
        <ele>6.486759593710303</ele>
        <time>1970-01-01T00:30:45Z</time>
        <extensions>
          <gpxtpx:TrackPointExtension>
            <gpxtpx:hr>177</gpxtpx:hr>
          </gpxtpx:TrackPointExtension>
        </extensions>
      </trkpt>
      <trkpt lat="31.24667607061815" lon="121.60696426967509">
        <ele>6.529162953607738</ele>
        <time>1970-01-01T00:30:46Z</time>
        <extensions>
          <gpxtpx:TrackPointExtension>
            <gpxtpx:hr>177</gpxtpx:hr>
          </gpxtpx:TrackPointExtension>
        </extensions>
      </trkpt>
      <trkpt lat="31.24665253754134" lon="121.60697549960058">
        <ele>6.571539079770446</ele>
        <time>1970-01-01T00:30:47Z</time>
        <extensions>
          <gpxtpx:TrackPointExtension>
            <gpxtpx:hr>176</gpxtpx:hr>
          </gpxtpx:TrackPointExtension>
        </extensions>
      </trkpt>
      <trkpt lat="31.246629082564894" lon="121.60698596276652">
        <ele>6.612432745285332</ele>
        <time>1970-01-01T00:30:48Z</time>
        <extensions>
          <gpxtpx:TrackPointExtension>
            <gpxtpx:hr>176</gpxtpx:hr>
          </gpxtpx:TrackPointExtension>
        </extensions>
      </trkpt>
      <trkpt lat="31.246605476009233" lon="121.60699559343432">
        <ele>6.651072613894939</ele>
        <time>1970-01-01T00:30:49Z</time>
        <extensions>
          <gpxtpx:TrackPointExtension>
            <gpxtpx:hr>176</gpxtpx:hr>
          </gpxtpx:TrackPointExtension>
        </extensions>
      </trkpt>
      <trkpt lat="31.246581699150873" lon="121.60700430248575">
        <ele>6.687631139531732</ele>
        <time>1970-01-01T00:30:50Z</time>
        <extensions>
          <gpxtpx:TrackPointExtension>
            <gpxtpx:hr>177</gpxtpx:hr>
          </gpxtpx:TrackPointExtension>
        </extensions>
      </trkpt>
      <trkpt lat="31.246557567429996" lon="121.60701211216855">
        <ele>6.7227102890610695</ele>
        <time>1970-01-01T00:30:51Z</time>
        <extensions>
          <gpxtpx:TrackPointExtension>
            <gpxtpx:hr>177</gpxtpx:hr>
          </gpxtpx:TrackPointExtension>
        </extensions>
      </trkpt>
      <trkpt lat="31.246532895332024" lon="121.60701953162996">
        <ele>6.756659334525466</ele>
        <time>1970-01-01T00:30:52.100000Z</time>
        <extensions>
          <gpxtpx:TrackPointExtension>
            <gpxtpx:hr>177</gpxtpx:hr>
          </gpxtpx:TrackPointExtension>
        </extensions>
      </trkpt>
      <trkpt lat="31.246507867528287" lon="121.6070270660733">
        <ele>6.789316044189036</ele>
        <time>1970-01-01T00:30:53.100000Z</time>
        <extensions>
          <gpxtpx:TrackPointExtension>
            <gpxtpx:hr>178</gpxtpx:hr>
          </gpxtpx:TrackPointExtension>
        </extensions>
      </trkpt>
      <trkpt lat="31.246482816051557" lon="121.60703482714425">
        <ele>6.820309421047568</ele>
        <time>1970-01-01T00:30:54.100000Z</time>
        <extensions>
          <gpxtpx:TrackPointExtension>
            <gpxtpx:hr>178</gpxtpx:hr>
          </gpxtpx:TrackPointExtension>
        </extensions>
      </trkpt>
      <trkpt lat="31.246457799110985" lon="121.60704284874416">
        <ele>6.849377531558275</ele>
        <time>1970-01-01T00:30:55.100000Z</time>
        <extensions>
          <gpxtpx:TrackPointExtension>
            <gpxtpx:hr>178</gpxtpx:hr>
          </gpxtpx:TrackPointExtension>
        </extensions>
      </trkpt>
      <trkpt lat="31.246432913425274" lon="121.60705130818613">
        <ele>6.876598516479135</ele>
        <time>1970-01-01T00:30:56.100000Z</time>
        <extensions>
          <gpxtpx:TrackPointExtension>
            <gpxtpx:hr>178</gpxtpx:hr>
          </gpxtpx:TrackPointExtension>
        </extensions>
      </trkpt>
      <trkpt lat="31.246408322744372" lon="121.60706018724406">
        <ele>6.90251172054559</ele>
        <time>1970-01-01T00:30:57.100000Z</time>
        <extensions>
          <gpxtpx:TrackPointExtension>
            <gpxtpx:hr>178</gpxtpx:hr>
          </gpxtpx:TrackPointExtension>
        </extensions>
      </trkpt>
      <trkpt lat="31.24638384381675" lon="121.60706946087883">
        <ele>6.9278590166941285</ele>
        <time>1970-01-01T00:30:58.100000Z</time>
        <extensions>
          <gpxtpx:TrackPointExtension>
            <gpxtpx:hr>177</gpxtpx:hr>
          </gpxtpx:TrackPointExtension>
        </extensions>
      </trkpt>
      <trkpt lat="31.246359329155297" lon="121.60707904101793">
        <ele>6.953220458701253</ele>
        <time>1970-01-01T00:30:59.100000Z</time>
        <extensions>
          <gpxtpx:TrackPointExtension>
            <gpxtpx:hr>177</gpxtpx:hr>
          </gpxtpx:TrackPointExtension>
        </extensions>
      </trkpt>
      <trkpt lat="31.24633471335535" lon="121.60708843535745">
        <ele>6.978599424473941</ele>
        <time>1970-01-01T00:31:00.100000Z</time>
        <extensions>
          <gpxtpx:TrackPointExtension>
            <gpxtpx:hr>177</gpxtpx:hr>
          </gpxtpx:TrackPointExtension>
        </extensions>
      </trkpt>
      <trkpt lat="31.246309959976347" lon="121.60709729753945">
        <ele>7.003569860011339</ele>
        <time>1970-01-01T00:31:01.100000Z</time>
        <extensions>
          <gpxtpx:TrackPointExtension>
            <gpxtpx:hr>177</gpxtpx:hr>
          </gpxtpx:TrackPointExtension>
        </extensions>
      </trkpt>
      <trkpt lat="31.246285263708067" lon="121.60710573126903">
        <ele>7.02803931478411</ele>
        <time>1970-01-01T00:31:02.100000Z</time>
        <extensions>
          <gpxtpx:TrackPointExtension>
            <gpxtpx:hr>177</gpxtpx:hr>
          </gpxtpx:TrackPointExtension>
        </extensions>
      </trkpt>
      <trkpt lat="31.246260532697395" lon="121.60711342255327">
        <ele>7.052201729267836</ele>
        <time>1970-01-01T00:31:03.100000Z</time>
        <extensions>
          <gpxtpx:TrackPointExtension>
            <gpxtpx:hr>177</gpxtpx:hr>
          </gpxtpx:TrackPointExtension>
        </extensions>
      </trkpt>
      <trkpt lat="31.24623559956473" lon="121.60712039267457">
        <ele>7.076053569093347</ele>
        <time>1970-01-01T00:31:04.100000Z</time>
        <extensions>
          <gpxtpx:TrackPointExtension>
            <gpxtpx:hr>177</gpxtpx:hr>
          </gpxtpx:TrackPointExtension>
        </extensions>
      </trkpt>
      <trkpt lat="31.246210642428306" lon="121.60712739844453">
        <ele>7.099306575022638</ele>
        <time>1970-01-01T00:31:05.100000Z</time>
        <extensions>
          <gpxtpx:TrackPointExtension>
            <gpxtpx:hr>177</gpxtpx:hr>
          </gpxtpx:TrackPointExtension>
        </extensions>
      </trkpt>
      <trkpt lat="31.24618587989073" lon="121.60713466239856">
        <ele>7.121301588602364</ele>
        <time>1970-01-01T00:31:06.100000Z</time>
        <extensions>
          <gpxtpx:TrackPointExtension>
            <gpxtpx:hr>177</gpxtpx:hr>
          </gpxtpx:TrackPointExtension>
        </extensions>
      </trkpt>
      <trkpt lat="31.246161356180654" lon="121.60714191916527">
        <ele>7.141300273127854</ele>
        <time>1970-01-01T00:31:07.100000Z</time>
        <extensions>
          <gpxtpx:TrackPointExtension>
            <gpxtpx:hr>177</gpxtpx:hr>
          </gpxtpx:TrackPointExtension>
        </extensions>
      </trkpt>
      <trkpt lat="31.24613721934776" lon="121.60714937347548">
        <ele>7.159081787802279</ele>
        <time>1970-01-01T00:31:08.100000Z</time>
        <extensions>
          <gpxtpx:TrackPointExtension>
            <gpxtpx:hr>177</gpxtpx:hr>
          </gpxtpx:TrackPointExtension>
        </extensions>
      </trkpt>
      <trkpt lat="31.24611353955417" lon="121.60715730964095">
        <ele>7.174767610616982</ele>
        <time>1970-01-01T00:31:09.100000Z</time>
        <extensions>
          <gpxtpx:TrackPointExtension>
            <gpxtpx:hr>177</gpxtpx:hr>
          </gpxtpx:TrackPointExtension>
        </extensions>
      </trkpt>
      <trkpt lat="31.246090028060372" lon="121.60716566176876">
        <ele>7.1885130582377315</ele>
        <time>1970-01-01T00:31:10.100000Z</time>
        <extensions>
          <gpxtpx:TrackPointExtension>
            <gpxtpx:hr>177</gpxtpx:hr>
          </gpxtpx:TrackPointExtension>
        </extensions>
      </trkpt>
      <trkpt lat="31.246066523582968" lon="121.60717447625484">
        <ele>7.200662965886295</ele>
        <time>1970-01-01T00:31:11.100000Z</time>
        <extensions>
          <gpxtpx:TrackPointExtension>
            <gpxtpx:hr>177</gpxtpx:hr>
          </gpxtpx:TrackPointExtension>
        </extensions>
      </trkpt>
      <trkpt lat="31.246042905671292" lon="121.60718337807953">
        <ele>7.211613732390106</ele>
        <time>1970-01-01T00:31:12.100000Z</time>
        <extensions>
          <gpxtpx:TrackPointExtension>
            <gpxtpx:hr>177</gpxtpx:hr>
          </gpxtpx:TrackPointExtension>
        </extensions>
      </trkpt>
      <trkpt lat="31.246019046828113" lon="121.60719194937705">
        <ele>7.221744313836098</ele>
        <time>1970-01-01T00:31:13.100000Z</time>
        <extensions>
          <gpxtpx:TrackPointExtension>
            <gpxtpx:hr>177</gpxtpx:hr>
          </gpxtpx:TrackPointExtension>
        </extensions>
      </trkpt>
      <trkpt lat="31.245995407970884" lon="121.60720036076152">
        <ele>7.231175946071744</ele>
        <time>1970-01-01T00:31:14.100000Z</time>
        <extensions>
          <gpxtpx:TrackPointExtension>
            <gpxtpx:hr>177</gpxtpx:hr>
          </gpxtpx:TrackPointExtension>
        </extensions>
      </trkpt>
      <trkpt lat="31.245972402668446" lon="121.60720848051328">
        <ele>7.239566908217967</ele>
        <time>1970-01-01T00:31:15.100000Z</time>
        <extensions>
          <gpxtpx:TrackPointExtension>
            <gpxtpx:hr>177</gpxtpx:hr>
          </gpxtpx:TrackPointExtension>
        </extensions>
      </trkpt>
      <trkpt lat="31.245949645601694" lon="121.60721622102476">
        <ele>7.245913260616362</ele>
        <time>1970-01-01T00:31:16.100000Z</time>
        <extensions>
          <gpxtpx:TrackPointExtension>
            <gpxtpx:hr>177</gpxtpx:hr>
          </gpxtpx:TrackPointExtension>
        </extensions>
      </trkpt>
      <trkpt lat="31.24592672785876" lon="121.60722392483567">
        <ele>7.248705069534481</ele>
        <time>1970-01-01T00:31:17.100000Z</time>
        <extensions>
          <gpxtpx:TrackPointExtension>
            <gpxtpx:hr>177</gpxtpx:hr>
          </gpxtpx:TrackPointExtension>
        </extensions>
      </trkpt>
      <trkpt lat="31.245903594414187" lon="121.60723174796935">
        <ele>7.246762065216899</ele>
        <time>1970-01-01T00:31:18.100000Z</time>
        <extensions>
          <gpxtpx:TrackPointExtension>
            <gpxtpx:hr>177</gpxtpx:hr>
          </gpxtpx:TrackPointExtension>
        </extensions>
      </trkpt>
      <trkpt lat="31.245880142089707" lon="121.6072396426025">
        <ele>7.239508492872119</ele>
        <time>1970-01-01T00:31:19.100000Z</time>
        <extensions>
          <gpxtpx:TrackPointExtension>
            <gpxtpx:hr>177</gpxtpx:hr>
          </gpxtpx:TrackPointExtension>
        </extensions>
      </trkpt>
      <trkpt lat="31.245856392622574" lon="121.60724754376535">
        <ele>7.226561612449586</ele>
        <time>1970-01-01T00:31:20.100000Z</time>
        <extensions>
          <gpxtpx:TrackPointExtension>
            <gpxtpx:hr>177</gpxtpx:hr>
          </gpxtpx:TrackPointExtension>
        </extensions>
      </trkpt>
      <trkpt lat="31.245832397297914" lon="121.60725534061011">
        <ele>7.20694035757333</ele>
        <time>1970-01-01T00:31:21.100000Z</time>
        <extensions>
          <gpxtpx:TrackPointExtension>
            <gpxtpx:hr>177</gpxtpx:hr>
          </gpxtpx:TrackPointExtension>
        </extensions>
      </trkpt>
      <trkpt lat="31.24580803649729" lon="121.60726294357373">
        <ele>7.178670469671488</ele>
        <time>1970-01-01T00:31:22.100000Z</time>
        <extensions>
          <gpxtpx:TrackPointExtension>
            <gpxtpx:hr>177</gpxtpx:hr>
          </gpxtpx:TrackPointExtension>
        </extensions>
      </trkpt>
      <trkpt lat="31.245783411925984" lon="121.60727068914156">
        <ele>7.140055109746754</ele>
        <time>1970-01-01T00:31:23.100000Z</time>
        <extensions>
          <gpxtpx:TrackPointExtension>
            <gpxtpx:hr>177</gpxtpx:hr>
          </gpxtpx:TrackPointExtension>
        </extensions>
      </trkpt>
      <trkpt lat="31.245758745060783" lon="121.60727869219232">
        <ele>7.090493846684694</ele>
        <time>1970-01-01T00:31:24.100000Z</time>
        <extensions>
          <gpxtpx:TrackPointExtension>
            <gpxtpx:hr>176</gpxtpx:hr>
          </gpxtpx:TrackPointExtension>
        </extensions>
      </trkpt>
      <trkpt lat="31.2457339833542" lon="121.60728673748645">
        <ele>7.030176801607013</ele>
        <time>1970-01-01T00:31:25.100000Z</time>
        <extensions>
          <gpxtpx:TrackPointExtension>
            <gpxtpx:hr>176</gpxtpx:hr>
          </gpxtpx:TrackPointExtension>
        </extensions>
      </trkpt>
      <trkpt lat="31.24570914350524" lon="121.60729500767873">
        <ele>6.960007186979055</ele>
        <time>1970-01-01T00:31:26.100000Z</time>
        <extensions>
          <gpxtpx:TrackPointExtension>
            <gpxtpx:hr>176</gpxtpx:hr>
          </gpxtpx:TrackPointExtension>
        </extensions>
      </trkpt>
      <trkpt lat="31.245684478828874" lon="121.60730350948084">
        <ele>6.880778290331364</ele>
        <time>1970-01-01T00:31:27.100000Z</time>
        <extensions>
          <gpxtpx:TrackPointExtension>
            <gpxtpx:hr>176</gpxtpx:hr>
          </gpxtpx:TrackPointExtension>
        </extensions>
      </trkpt>
      <trkpt lat="31.24566000421945" lon="121.60731198531758">
        <ele>6.792601793073118</ele>
        <time>1970-01-01T00:31:28.200000Z</time>
        <extensions>
          <gpxtpx:TrackPointExtension>
            <gpxtpx:hr>176</gpxtpx:hr>
          </gpxtpx:TrackPointExtension>
        </extensions>
      </trkpt>
      <trkpt lat="31.245635827169455" lon="121.60732060522318">
        <ele>6.695569826290011</ele>
        <time>1970-01-01T00:31:29.200000Z</time>
        <extensions>
          <gpxtpx:TrackPointExtension>
            <gpxtpx:hr>176</gpxtpx:hr>
          </gpxtpx:TrackPointExtension>
        </extensions>
      </trkpt>
      <trkpt lat="31.245612287559496" lon="121.60732940719663">
        <ele>6.590221702121198</ele>
        <time>1970-01-01T00:31:30.200000Z</time>
        <extensions>
          <gpxtpx:TrackPointExtension>
            <gpxtpx:hr>176</gpxtpx:hr>
          </gpxtpx:TrackPointExtension>
        </extensions>
      </trkpt>
      <trkpt lat="31.245589293874644" lon="121.60733833749373">
        <ele>6.477904370054603</ele>
        <time>1970-01-01T00:31:31.200000Z</time>
        <extensions>
          <gpxtpx:TrackPointExtension>
            <gpxtpx:hr>176</gpxtpx:hr>
          </gpxtpx:TrackPointExtension>
        </extensions>
      </trkpt>
      <trkpt lat="31.245566755626776" lon="121.60734797883956">
        <ele>6.36046860460192</ele>
        <time>1970-01-01T00:31:32.200000Z</time>
        <extensions>
          <gpxtpx:TrackPointExtension>
            <gpxtpx:hr>176</gpxtpx:hr>
          </gpxtpx:TrackPointExtension>
        </extensions>
      </trkpt>
      <trkpt lat="31.24554485657914" lon="121.60735851923047">
        <ele>6.240137713029981</ele>
        <time>1970-01-01T00:31:33.200000Z</time>
        <extensions>
          <gpxtpx:TrackPointExtension>
            <gpxtpx:hr>176</gpxtpx:hr>
          </gpxtpx:TrackPointExtension>
        </extensions>
      </trkpt>
      <trkpt lat="31.24552371434002" lon="121.6073700693703">
        <ele>6.119798654690385</ele>
        <time>1970-01-01T00:31:34.200000Z</time>
        <extensions>
          <gpxtpx:TrackPointExtension>
            <gpxtpx:hr>176</gpxtpx:hr>
          </gpxtpx:TrackPointExtension>
        </extensions>
      </trkpt>
      <trkpt lat="31.245503806862946" lon="121.60738360741897">
        <ele>6.002602414228022</ele>
        <time>1970-01-01T00:31:35.200000Z</time>
        <extensions>
          <gpxtpx:TrackPointExtension>
            <gpxtpx:hr>176</gpxtpx:hr>
          </gpxtpx:TrackPointExtension>
        </extensions>
      </trkpt>
      <trkpt lat="31.24548573422411" lon="121.6073997154364">
        <ele>5.892433947883546</ele>
        <time>1970-01-01T00:31:36.200000Z</time>
        <extensions>
          <gpxtpx:TrackPointExtension>
            <gpxtpx:hr>176</gpxtpx:hr>
          </gpxtpx:TrackPointExtension>
        </extensions>
      </trkpt>
      <trkpt lat="31.245469027826957" lon="121.60741735969499">
        <ele>5.794897988438606</ele>
        <time>1970-01-01T00:31:37.200000Z</time>
        <extensions>
          <gpxtpx:TrackPointExtension>
            <gpxtpx:hr>176</gpxtpx:hr>
          </gpxtpx:TrackPointExtension>
        </extensions>
      </trkpt>
      <trkpt lat="31.245454401800256" lon="121.6074372604313">
        <ele>5.716054049320519</ele>
        <time>1970-01-01T00:31:38.200000Z</time>
        <extensions>
          <gpxtpx:TrackPointExtension>
            <gpxtpx:hr>176</gpxtpx:hr>
          </gpxtpx:TrackPointExtension>
        </extensions>
      </trkpt>
      <trkpt lat="31.245442931929524" lon="121.60746057934657">
        <ele>5.65857455227524</ele>
        <time>1970-01-01T00:31:39.200000Z</time>
        <extensions>
          <gpxtpx:TrackPointExtension>
            <gpxtpx:hr>176</gpxtpx:hr>
          </gpxtpx:TrackPointExtension>
        </extensions>
      </trkpt>
      <trkpt lat="31.245433920221306" lon="121.60748625188408">
        <ele>5.621886224485934</ele>
        <time>1970-01-01T00:31:40.200000Z</time>
        <extensions>
          <gpxtpx:TrackPointExtension>
            <gpxtpx:hr>176</gpxtpx:hr>
          </gpxtpx:TrackPointExtension>
        </extensions>
      </trkpt>
      <trkpt lat="31.245426348807012" lon="121.60751349716098">
        <ele>5.603224971331656</ele>
        <time>1970-01-01T00:31:41.200000Z</time>
        <extensions>
          <gpxtpx:TrackPointExtension>
            <gpxtpx:hr>176</gpxtpx:hr>
          </gpxtpx:TrackPointExtension>
        </extensions>
      </trkpt>
      <trkpt lat="31.245418922396908" lon="121.60754122875174">
        <ele>5.598775480873883</ele>
        <time>1970-01-01T00:31:42.200000Z</time>
        <extensions>
          <gpxtpx:TrackPointExtension>
            <gpxtpx:hr>176</gpxtpx:hr>
          </gpxtpx:TrackPointExtension>
        </extensions>
      </trkpt>
      <trkpt lat="31.245410722606504" lon="121.60756854314963">
        <ele>5.604545135051012</ele>
        <time>1970-01-01T00:31:43.200000Z</time>
        <extensions>
          <gpxtpx:TrackPointExtension>
            <gpxtpx:hr>176</gpxtpx:hr>
          </gpxtpx:TrackPointExtension>
        </extensions>
      </trkpt>
      <trkpt lat="31.24540179498686" lon="121.6075950391833">
        <ele>5.616955628618598</ele>
        <time>1970-01-01T00:31:44.200000Z</time>
        <extensions>
          <gpxtpx:TrackPointExtension>
            <gpxtpx:hr>176</gpxtpx:hr>
          </gpxtpx:TrackPointExtension>
        </extensions>
      </trkpt>
      <trkpt lat="31.24539216238148" lon="121.60762052126583">
        <ele>5.633294915780425</ele>
        <time>1970-01-01T00:31:45.200000Z</time>
        <extensions>
          <gpxtpx:TrackPointExtension>
            <gpxtpx:hr>177</gpxtpx:hr>
          </gpxtpx:TrackPointExtension>
        </extensions>
      </trkpt>
      <trkpt lat="31.245381711109786" lon="121.60764518050465">
        <ele>5.651999052613974</ele>
        <time>1970-01-01T00:31:46.200000Z</time>
        <extensions>
          <gpxtpx:TrackPointExtension>
            <gpxtpx:hr>177</gpxtpx:hr>
          </gpxtpx:TrackPointExtension>
        </extensions>
      </trkpt>
      <trkpt lat="31.24537088718419" lon="121.60766910144204">
        <ele>5.672720795497298</ele>
        <time>1970-01-01T00:31:47.200000Z</time>
        <extensions>
          <gpxtpx:TrackPointExtension>
            <gpxtpx:hr>177</gpxtpx:hr>
          </gpxtpx:TrackPointExtension>
        </extensions>
      </trkpt>
      <trkpt lat="31.245360597247124" lon="121.60769230454528">
        <ele>5.69624794088304</ele>
        <time>1970-01-01T00:31:48.200000Z</time>
        <extensions>
          <gpxtpx:TrackPointExtension>
            <gpxtpx:hr>177</gpxtpx:hr>
          </gpxtpx:TrackPointExtension>
        </extensions>
      </trkpt>
      <trkpt lat="31.24535153662987" lon="121.60771492311153">
        <ele>5.724226848222315</ele>
        <time>1970-01-01T00:31:49.200000Z</time>
        <extensions>
          <gpxtpx:TrackPointExtension>
            <gpxtpx:hr>177</gpxtpx:hr>
          </gpxtpx:TrackPointExtension>
        </extensions>
      </trkpt>
      <trkpt lat="31.245344453500717" lon="121.60773689288985">
        <ele>5.758613016456366</ele>
        <time>1970-01-01T00:31:50.200000Z</time>
        <extensions>
          <gpxtpx:TrackPointExtension>
            <gpxtpx:hr>177</gpxtpx:hr>
          </gpxtpx:TrackPointExtension>
        </extensions>
      </trkpt>
      <trkpt lat="31.245340152394995" lon="121.60775735541333">
        <ele>5.80096498504281</ele>
        <time>1970-01-01T00:31:51.200000Z</time>
        <extensions>
          <gpxtpx:TrackPointExtension>
            <gpxtpx:hr>177</gpxtpx:hr>
          </gpxtpx:TrackPointExtension>
        </extensions>
      </trkpt>
      <trkpt lat="31.245338228558968" lon="121.60777420885184">
        <ele>5.851638265885413</ele>
        <time>1970-01-01T00:31:52.200000Z</time>
        <extensions>
          <gpxtpx:TrackPointExtension>
            <gpxtpx:hr>177</gpxtpx:hr>
          </gpxtpx:TrackPointExtension>
        </extensions>
      </trkpt>
      <trkpt lat="31.245337334110634" lon="121.60778427027354">
        <ele>5.908782128244638</ele>
        <time>1970-01-01T00:31:53.200000Z</time>
        <extensions>
          <gpxtpx:TrackPointExtension>
            <gpxtpx:hr>177</gpxtpx:hr>
          </gpxtpx:TrackPointExtension>
        </extensions>
      </trkpt>
      <trkpt lat="31.245332732584846" lon="121.60778659821348">
        <ele>5.969568017870188</ele>
        <time>1970-01-01T00:31:54.200000Z</time>
        <extensions>
          <gpxtpx:TrackPointExtension>
            <gpxtpx:hr>177</gpxtpx:hr>
          </gpxtpx:TrackPointExtension>
        </extensions>
      </trkpt>
      <trkpt lat="31.245322345073646" lon="121.60778428912403">
        <ele>6.020456850528717</ele>
        <time>1970-01-01T00:31:55.200000Z</time>
        <extensions>
          <gpxtpx:TrackPointExtension>
            <gpxtpx:hr>177</gpxtpx:hr>
          </gpxtpx:TrackPointExtension>
        </extensions>
      </trkpt>
      <trkpt lat="31.24530756055971" lon="121.60778049224136">
        <ele>6.057791607454419</ele>
        <time>1970-01-01T00:31:56.200000Z</time>
        <extensions>
          <gpxtpx:TrackPointExtension>
            <gpxtpx:hr>177</gpxtpx:hr>
          </gpxtpx:TrackPointExtension>
        </extensions>
      </trkpt>
      <trkpt lat="31.245288760507034" lon="121.60777580042752">
        <ele>6.079247398301959</ele>
        <time>1970-01-01T00:31:57.200000Z</time>
        <extensions>
          <gpxtpx:TrackPointExtension>
            <gpxtpx:hr>177</gpxtpx:hr>
          </gpxtpx:TrackPointExtension>
        </extensions>
      </trkpt>
      <trkpt lat="31.245266785440908" lon="121.60777016070101">
        <ele>6.085014009848237</ele>
        <time>1970-01-01T00:31:58.200000Z</time>
        <extensions>
          <gpxtpx:TrackPointExtension>
            <gpxtpx:hr>176</gpxtpx:hr>
          </gpxtpx:TrackPointExtension>
        </extensions>
      </trkpt>
      <trkpt lat="31.245243016815223" lon="121.6077637822467">
        <ele>6.075953392311931</ele>
        <time>1970-01-01T00:31:59.200000Z</time>
        <extensions>
          <gpxtpx:TrackPointExtension>
            <gpxtpx:hr>176</gpxtpx:hr>
          </gpxtpx:TrackPointExtension>
        </extensions>
      </trkpt>
      <trkpt lat="31.24521848383328" lon="121.6077573111458">
        <ele>6.053773147985339</ele>
        <time>1970-01-01T00:32:00.200000Z</time>
        <extensions>
          <gpxtpx:TrackPointExtension>
            <gpxtpx:hr>176</gpxtpx:hr>
          </gpxtpx:TrackPointExtension>
        </extensions>
      </trkpt>
      <trkpt lat="31.245193927605452" lon="121.60775107307612">
        <ele>6.021658765152097</ele>
        <time>1970-01-01T00:32:01.200000Z</time>
        <extensions>
          <gpxtpx:TrackPointExtension>
            <gpxtpx:hr>176</gpxtpx:hr>
          </gpxtpx:TrackPointExtension>
        </extensions>
      </trkpt>
      <trkpt lat="31.245171346575415" lon="121.60774585877284">
        <ele>5.987226275727153</ele>
        <time>1970-01-01T00:32:02.200000Z</time>
        <extensions>
          <gpxtpx:TrackPointExtension>
            <gpxtpx:hr>176</gpxtpx:hr>
          </gpxtpx:TrackPointExtension>
        </extensions>
      </trkpt>
      <trkpt lat="31.24514730041197" lon="121.60774163144087">
        <ele>5.951392629183829</ele>
        <time>1970-01-01T00:32:03.200000Z</time>
        <extensions>
          <gpxtpx:TrackPointExtension>
            <gpxtpx:hr>176</gpxtpx:hr>
          </gpxtpx:TrackPointExtension>
        </extensions>
      </trkpt>
      <trkpt lat="31.245123512821415" lon="121.60773926378698">
        <ele>5.921271523460746</ele>
        <time>1970-01-01T00:32:04.200000Z</time>
        <extensions>
          <gpxtpx:TrackPointExtension>
            <gpxtpx:hr>176</gpxtpx:hr>
          </gpxtpx:TrackPointExtension>
        </extensions>
      </trkpt>
      <trkpt lat="31.245099941147068" lon="121.60773878774488">
        <ele>5.899049825966358</ele>
        <time>1970-01-01T00:32:05.200000Z</time>
        <extensions>
          <gpxtpx:TrackPointExtension>
            <gpxtpx:hr>175</gpxtpx:hr>
          </gpxtpx:TrackPointExtension>
        </extensions>
      </trkpt>
      <trkpt lat="31.24507664226414" lon="121.60774006096572">
        <ele>5.884773254394531</ele>
        <time>1970-01-01T00:32:06.200000Z</time>
        <extensions>
          <gpxtpx:TrackPointExtension>
            <gpxtpx:hr>175</gpxtpx:hr>
          </gpxtpx:TrackPointExtension>
        </extensions>
      </trkpt>
      <trkpt lat="31.245053721475216" lon="121.60774272488986">
        <ele>5.876766511239111</ele>
        <time>1970-01-01T00:32:07.200000Z</time>
        <extensions>
          <gpxtpx:TrackPointExtension>
            <gpxtpx:hr>175</gpxtpx:hr>
          </gpxtpx:TrackPointExtension>
        </extensions>
      </trkpt>
      <trkpt lat="31.24502895709626" lon="121.60774711868496">
        <ele>5.8714965572580695</ele>
        <time>1970-01-01T00:32:08.300000Z</time>
        <extensions>
          <gpxtpx:TrackPointExtension>
            <gpxtpx:hr>175</gpxtpx:hr>
          </gpxtpx:TrackPointExtension>
        </extensions>
      </trkpt>
      <trkpt lat="31.24500813096107" lon="121.60775219859941">
        <ele>5.867321911267936</ele>
        <time>1970-01-01T00:32:09.200000Z</time>
        <extensions>
          <gpxtpx:TrackPointExtension>
            <gpxtpx:hr>175</gpxtpx:hr>
          </gpxtpx:TrackPointExtension>
        </extensions>
      </trkpt>
      <trkpt lat="31.2449829438898" lon="121.60775955990052">
        <ele>5.861626978032291</ele>
        <time>1970-01-01T00:32:10.300000Z</time>
        <extensions>
          <gpxtpx:TrackPointExtension>
            <gpxtpx:hr>175</gpxtpx:hr>
          </gpxtpx:TrackPointExtension>
        </extensions>
      </trkpt>
      <trkpt lat="31.24496177981291" lon="121.60776652144708">
        <ele>5.857300127856433</ele>
        <time>1970-01-01T00:32:11.200000Z</time>
        <extensions>
          <gpxtpx:TrackPointExtension>
            <gpxtpx:hr>175</gpxtpx:hr>
          </gpxtpx:TrackPointExtension>
        </extensions>
      </trkpt>
      <trkpt lat="31.24493833583319" lon="121.60777492412674">
        <ele>5.856349786743522</ele>
        <time>1970-01-01T00:32:12.200000Z</time>
        <extensions>
          <gpxtpx:TrackPointExtension>
            <gpxtpx:hr>175</gpxtpx:hr>
          </gpxtpx:TrackPointExtension>
        </extensions>
      </trkpt>
      <trkpt lat="31.244914898400552" lon="121.60778383011346">
        <ele>5.86380323022604</ele>
        <time>1970-01-01T00:32:13.200000Z</time>
        <extensions>
          <gpxtpx:TrackPointExtension>
            <gpxtpx:hr>175</gpxtpx:hr>
          </gpxtpx:TrackPointExtension>
        </extensions>
      </trkpt>
      <trkpt lat="31.244891584893264" lon="121.60779287278174">
        <ele>5.883987527340651</ele>
        <time>1970-01-01T00:32:14.200000Z</time>
        <extensions>
          <gpxtpx:TrackPointExtension>
            <gpxtpx:hr>175</gpxtpx:hr>
          </gpxtpx:TrackPointExtension>
        </extensions>
      </trkpt>
      <trkpt lat="31.244868414091844" lon="121.60780165898477">
        <ele>5.921033827587962</ele>
        <time>1970-01-01T00:32:15.200000Z</time>
        <extensions>
          <gpxtpx:TrackPointExtension>
            <gpxtpx:hr>176</gpxtpx:hr>
          </gpxtpx:TrackPointExtension>
        </extensions>
      </trkpt>
      <trkpt lat="31.2448452430226" lon="121.60781008536301">
        <ele>5.978557248599827</ele>
        <time>1970-01-01T00:32:16.200000Z</time>
        <extensions>
          <gpxtpx:TrackPointExtension>
            <gpxtpx:hr>176</gpxtpx:hr>
          </gpxtpx:TrackPointExtension>
        </extensions>
      </trkpt>
      <trkpt lat="31.24482177612403" lon="121.60781841969798">
        <ele>6.058810152113438</ele>
        <time>1970-01-01T00:32:17.200000Z</time>
        <extensions>
          <gpxtpx:TrackPointExtension>
            <gpxtpx:hr>176</gpxtpx:hr>
          </gpxtpx:TrackPointExtension>
        </extensions>
      </trkpt>
      <trkpt lat="31.244797726971488" lon="121.60782693991685">
        <ele>6.16111228428781</ele>
        <time>1970-01-01T00:32:18.200000Z</time>
        <extensions>
          <gpxtpx:TrackPointExtension>
            <gpxtpx:hr>175</gpxtpx:hr>
          </gpxtpx:TrackPointExtension>
        </extensions>
      </trkpt>
      <trkpt lat="31.24477007511858" lon="121.60783653915436">
        <ele>6.294248529709876</ele>
        <time>1970-01-01T00:32:19.300000Z</time>
        <extensions>
          <gpxtpx:TrackPointExtension>
            <gpxtpx:hr>175</gpxtpx:hr>
          </gpxtpx:TrackPointExtension>
        </extensions>
      </trkpt>
      <trkpt lat="31.24474489026029" lon="121.60784524182826">
        <ele>6.419623428024352</ele>
        <time>1970-01-01T00:32:20.300000Z</time>
        <extensions>
          <gpxtpx:TrackPointExtension>
            <gpxtpx:hr>175</gpxtpx:hr>
          </gpxtpx:TrackPointExtension>
        </extensions>
      </trkpt>
      <trkpt lat="31.24471990140958" lon="121.60785425052634">
        <ele>6.540638384409249</ele>
        <time>1970-01-01T00:32:21.300000Z</time>
        <extensions>
          <gpxtpx:TrackPointExtension>
            <gpxtpx:hr>175</gpxtpx:hr>
          </gpxtpx:TrackPointExtension>
        </extensions>
      </trkpt>
      <trkpt lat="31.244695340614857" lon="121.60786338611915">
        <ele>6.651453405618668</ele>
        <time>1970-01-01T00:32:22.300000Z</time>
        <extensions>
          <gpxtpx:TrackPointExtension>
            <gpxtpx:hr>175</gpxtpx:hr>
          </gpxtpx:TrackPointExtension>
        </extensions>
      </trkpt>
      <trkpt lat="31.244671093990135" lon="121.6078725159849">
        <ele>6.748864441178739</ele>
        <time>1970-01-01T00:32:23.300000Z</time>
        <extensions>
          <gpxtpx:TrackPointExtension>
            <gpxtpx:hr>175</gpxtpx:hr>
          </gpxtpx:TrackPointExtension>
        </extensions>
      </trkpt>
      <trkpt lat="31.244646937806916" lon="121.60788171854904">
        <ele>6.831931265071034</ele>
        <time>1970-01-01T00:32:24.300000Z</time>
        <extensions>
          <gpxtpx:TrackPointExtension>
            <gpxtpx:hr>176</gpxtpx:hr>
          </gpxtpx:TrackPointExtension>
        </extensions>
      </trkpt>
      <trkpt lat="31.24462249473559" lon="121.60789103745735">
        <ele>6.901102454401553</ele>
        <time>1970-01-01T00:32:25.300000Z</time>
        <extensions>
          <gpxtpx:TrackPointExtension>
            <gpxtpx:hr>176</gpxtpx:hr>
          </gpxtpx:TrackPointExtension>
        </extensions>
      </trkpt>
      <trkpt lat="31.244597561944303" lon="121.60790063448084">
        <ele>6.957266484387219</ele>
        <time>1970-01-01T00:32:26.300000Z</time>
        <extensions>
          <gpxtpx:TrackPointExtension>
            <gpxtpx:hr>176</gpxtpx:hr>
          </gpxtpx:TrackPointExtension>
        </extensions>
      </trkpt>
      <trkpt lat="31.244572190188936" lon="121.60791064897937">
        <ele>7.001002108678222</ele>
        <time>1970-01-01T00:32:27.300000Z</time>
        <extensions>
          <gpxtpx:TrackPointExtension>
            <gpxtpx:hr>176</gpxtpx:hr>
          </gpxtpx:TrackPointExtension>
        </extensions>
      </trkpt>
      <trkpt lat="31.24454669811328" lon="121.60792088042278">
        <ele>7.03288874682039</ele>
        <time>1970-01-01T00:32:28.300000Z</time>
        <extensions>
          <gpxtpx:TrackPointExtension>
            <gpxtpx:hr>176</gpxtpx:hr>
          </gpxtpx:TrackPointExtension>
        </extensions>
      </trkpt>
      <trkpt lat="31.244521627984174" lon="121.60793093142561">
        <ele>7.053436693735421</ele>
        <time>1970-01-01T00:32:29.300000Z</time>
        <extensions>
          <gpxtpx:TrackPointExtension>
            <gpxtpx:hr>176</gpxtpx:hr>
          </gpxtpx:TrackPointExtension>
        </extensions>
      </trkpt>
      <trkpt lat="31.244497254828982" lon="121.60794071079125">
        <ele>7.0629241317510605</ele>
        <time>1970-01-01T00:32:30.300000Z</time>
        <extensions>
          <gpxtpx:TrackPointExtension>
            <gpxtpx:hr>176</gpxtpx:hr>
          </gpxtpx:TrackPointExtension>
        </extensions>
      </trkpt>
      <trkpt lat="31.24447332814262" lon="121.60794999819132">
        <ele>7.061016328632832</ele>
        <time>1970-01-01T00:32:31.300000Z</time>
        <extensions>
          <gpxtpx:TrackPointExtension>
            <gpxtpx:hr>176</gpxtpx:hr>
          </gpxtpx:TrackPointExtension>
        </extensions>
      </trkpt>
      <trkpt lat="31.24444957120708" lon="121.60795862721771">
        <ele>7.046517978422344</ele>
        <time>1970-01-01T00:32:32.300000Z</time>
        <extensions>
          <gpxtpx:TrackPointExtension>
            <gpxtpx:hr>176</gpxtpx:hr>
          </gpxtpx:TrackPointExtension>
        </extensions>
      </trkpt>
      <trkpt lat="31.2444257311728" lon="121.6079667464781">
        <ele>7.018246731720865</ele>
        <time>1970-01-01T00:32:33.300000Z</time>
        <extensions>
          <gpxtpx:TrackPointExtension>
            <gpxtpx:hr>176</gpxtpx:hr>
          </gpxtpx:TrackPointExtension>
        </extensions>
      </trkpt>
      <trkpt lat="31.24440146776903" lon="121.60797416816288">
        <ele>6.975004038773477</ele>
        <time>1970-01-01T00:32:34.300000Z</time>
        <extensions>
          <gpxtpx:TrackPointExtension>
            <gpxtpx:hr>176</gpxtpx:hr>
          </gpxtpx:TrackPointExtension>
        </extensions>
      </trkpt>
      <trkpt lat="31.244376803837707" lon="121.60798099580369">
        <ele>6.9148575300350785</ele>
        <time>1970-01-01T00:32:35.300000Z</time>
        <extensions>
          <gpxtpx:TrackPointExtension>
            <gpxtpx:hr>176</gpxtpx:hr>
          </gpxtpx:TrackPointExtension>
        </extensions>
      </trkpt>
      <trkpt lat="31.24435195168311" lon="121.60798788239593">
        <ele>6.835666463710368</ele>
        <time>1970-01-01T00:32:36.300000Z</time>
        <extensions>
          <gpxtpx:TrackPointExtension>
            <gpxtpx:hr>176</gpxtpx:hr>
          </gpxtpx:TrackPointExtension>
        </extensions>
      </trkpt>
      <trkpt lat="31.244326829266015" lon="121.60799510904359">
        <ele>6.73556995484978</ele>
        <time>1970-01-01T00:32:37.300000Z</time>
        <extensions>
          <gpxtpx:TrackPointExtension>
            <gpxtpx:hr>177</gpxtpx:hr>
          </gpxtpx:TrackPointExtension>
        </extensions>
      </trkpt>
      <trkpt lat="31.244301290537507" lon="121.60800259069823">
        <ele>6.613640397787094</ele>
        <time>1970-01-01T00:32:38.300000Z</time>
        <extensions>
          <gpxtpx:TrackPointExtension>
            <gpxtpx:hr>177</gpxtpx:hr>
          </gpxtpx:TrackPointExtension>
        </extensions>
      </trkpt>
      <trkpt lat="31.24427566809491" lon="121.60801054802474">
        <ele>6.470509096980095</ele>
        <time>1970-01-01T00:32:39.400000Z</time>
        <extensions>
          <gpxtpx:TrackPointExtension>
            <gpxtpx:hr>177</gpxtpx:hr>
          </gpxtpx:TrackPointExtension>
        </extensions>
      </trkpt>
      <trkpt lat="31.244250333843656" lon="121.60801930675626">
        <ele>6.309782490134239</ele>
        <time>1970-01-01T00:32:40.400000Z</time>
        <extensions>
          <gpxtpx:TrackPointExtension>
            <gpxtpx:hr>177</gpxtpx:hr>
          </gpxtpx:TrackPointExtension>
        </extensions>
      </trkpt>
      <trkpt lat="31.24422528501438" lon="121.60802918713779">
        <ele>6.14021700527519</ele>
        <time>1970-01-01T00:32:41.400000Z</time>
        <extensions>
          <gpxtpx:TrackPointExtension>
            <gpxtpx:hr>177</gpxtpx:hr>
          </gpxtpx:TrackPointExtension>
        </extensions>
      </trkpt>
      <trkpt lat="31.24420494261502" lon="121.60803828265195">
        <ele>6.003382709808648</ele>
        <time>1970-01-01T00:32:42.200000Z</time>
        <extensions>
          <gpxtpx:TrackPointExtension>
            <gpxtpx:hr>177</gpxtpx:hr>
          </gpxtpx:TrackPointExtension>
        </extensions>
      </trkpt>
      <trkpt lat="31.244180176109126" lon="121.60805047306623">
        <ele>5.851807104423642</ele>
        <time>1970-01-01T00:32:43.200000Z</time>
        <extensions>
          <gpxtpx:TrackPointExtension>
            <gpxtpx:hr>177</gpxtpx:hr>
          </gpxtpx:TrackPointExtension>
        </extensions>
      </trkpt>
      <trkpt lat="31.244155647707455" lon="121.6080638486812">
        <ele>5.726359702646732</ele>
        <time>1970-01-01T00:32:44.200000Z</time>
        <extensions>
          <gpxtpx:TrackPointExtension>
            <gpxtpx:hr>177</gpxtpx:hr>
          </gpxtpx:TrackPointExtension>
        </extensions>
      </trkpt>
      <trkpt lat="31.244131557293674" lon="121.6080782923401">
        <ele>5.630313964560628</ele>
        <time>1970-01-01T00:32:45.200000Z</time>
        <extensions>
          <gpxtpx:TrackPointExtension>
            <gpxtpx:hr>177</gpxtpx:hr>
          </gpxtpx:TrackPointExtension>
        </extensions>
      </trkpt>
      <trkpt lat="31.244107832734226" lon="121.6080930053007">
        <ele>5.562396550551057</ele>
        <time>1970-01-01T00:32:46.200000Z</time>
        <extensions>
          <gpxtpx:TrackPointExtension>
            <gpxtpx:hr>177</gpxtpx:hr>
          </gpxtpx:TrackPointExtension>
        </extensions>
      </trkpt>
      <trkpt lat="31.244084333723297" lon="121.60810733567945">
        <ele>5.51864533033222</ele>
        <time>1970-01-01T00:32:47.200000Z</time>
        <extensions>
          <gpxtpx:TrackPointExtension>
            <gpxtpx:hr>177</gpxtpx:hr>
          </gpxtpx:TrackPointExtension>
        </extensions>
      </trkpt>
      <trkpt lat="31.244060721749847" lon="121.60812115667069">
        <ele>5.493785887956619</ele>
        <time>1970-01-01T00:32:48.200000Z</time>
        <extensions>
          <gpxtpx:TrackPointExtension>
            <gpxtpx:hr>177</gpxtpx:hr>
          </gpxtpx:TrackPointExtension>
        </extensions>
      </trkpt>
      <trkpt lat="31.244036902094876" lon="121.60813426639349">
        <ele>5.482407222501934</ele>
        <time>1970-01-01T00:32:49.200000Z</time>
        <extensions>
          <gpxtpx:TrackPointExtension>
            <gpxtpx:hr>177</gpxtpx:hr>
          </gpxtpx:TrackPointExtension>
        </extensions>
      </trkpt>
      <trkpt lat="31.24401285600012" lon="121.60814622007754">
        <ele>5.479876055382192</ele>
        <time>1970-01-01T00:32:50.200000Z</time>
        <extensions>
          <gpxtpx:TrackPointExtension>
            <gpxtpx:hr>177</gpxtpx:hr>
          </gpxtpx:TrackPointExtension>
        </extensions>
      </trkpt>
      <trkpt lat="31.243988583841883" lon="121.60815681870771">
        <ele>5.4829776315018535</ele>
        <time>1970-01-01T00:32:51.200000Z</time>
        <extensions>
          <gpxtpx:TrackPointExtension>
            <gpxtpx:hr>177</gpxtpx:hr>
          </gpxtpx:TrackPointExtension>
        </extensions>
      </trkpt>
      <trkpt lat="31.243964300144636" lon="121.60816609570324">
        <ele>5.4903924418613315</ele>
        <time>1970-01-01T00:32:52.200000Z</time>
        <extensions>
          <gpxtpx:TrackPointExtension>
            <gpxtpx:hr>177</gpxtpx:hr>
          </gpxtpx:TrackPointExtension>
        </extensions>
      </trkpt>
      <trkpt lat="31.243940050902193" lon="121.60817433622985">
        <ele>5.502853808924556</ele>
        <time>1970-01-01T00:32:53.200000Z</time>
        <extensions>
          <gpxtpx:TrackPointExtension>
            <gpxtpx:hr>177</gpxtpx:hr>
          </gpxtpx:TrackPointExtension>
        </extensions>
      </trkpt>
      <trkpt lat="31.24391557968088" lon="121.60818193565726">
        <ele>5.522823594510555</ele>
        <time>1970-01-01T00:32:54.200000Z</time>
        <extensions>
          <gpxtpx:TrackPointExtension>
            <gpxtpx:hr>175</gpxtpx:hr>
          </gpxtpx:TrackPointExtension>
        </extensions>
      </trkpt>
      <trkpt lat="31.24389101258071" lon="121.60818881370756">
        <ele>5.553845734335482</ele>
        <time>1970-01-01T00:32:55.200000Z</time>
        <extensions>
          <gpxtpx:TrackPointExtension>
            <gpxtpx:hr>175</gpxtpx:hr>
          </gpxtpx:TrackPointExtension>
        </extensions>
      </trkpt>
      <trkpt lat="31.243866992874633" lon="121.60819539284655">
        <ele>5.599553843960166</ele>
        <time>1970-01-01T00:32:56.200000Z</time>
        <extensions>
          <gpxtpx:TrackPointExtension>
            <gpxtpx:hr>175</gpxtpx:hr>
          </gpxtpx:TrackPointExtension>
        </extensions>
      </trkpt>
      <trkpt lat="31.243843669926616" lon="121.60820207084754">
        <ele>5.6622138395905495</ele>
        <time>1970-01-01T00:32:57.200000Z</time>
        <extensions>
          <gpxtpx:TrackPointExtension>
            <gpxtpx:hr>175</gpxtpx:hr>
          </gpxtpx:TrackPointExtension>
        </extensions>
      </trkpt>
      <trkpt lat="31.243820976291612" lon="121.60820873061117">
        <ele>5.741039446555078</ele>
        <time>1970-01-01T00:32:58.200000Z</time>
        <extensions>
          <gpxtpx:TrackPointExtension>
            <gpxtpx:hr>175</gpxtpx:hr>
          </gpxtpx:TrackPointExtension>
        </extensions>
      </trkpt>
      <trkpt lat="31.243793737096947" lon="121.60821757586127">
        <ele>5.8510338589549065</ele>
        <time>1970-01-01T00:32:59.400000Z</time>
        <extensions>
          <gpxtpx:TrackPointExtension>
            <gpxtpx:hr>175</gpxtpx:hr>
          </gpxtpx:TrackPointExtension>
        </extensions>
      </trkpt>
      <trkpt lat="31.24377181430388" lon="121.60822595421871">
        <ele>5.940132509917021</ele>
        <time>1970-01-01T00:33:00.400000Z</time>
        <extensions>
          <gpxtpx:TrackPointExtension>
            <gpxtpx:hr>176</gpxtpx:hr>
          </gpxtpx:TrackPointExtension>
        </extensions>
      </trkpt>
      <trkpt lat="31.24375005940235" lon="121.6082355896597">
        <ele>6.018876479007304</ele>
        <time>1970-01-01T00:33:01.400000Z</time>
        <extensions>
          <gpxtpx:TrackPointExtension>
            <gpxtpx:hr>176</gpxtpx:hr>
          </gpxtpx:TrackPointExtension>
        </extensions>
      </trkpt>
      <trkpt lat="31.243728450889424" lon="121.60824627954985">
        <ele>6.08270706422627</ele>
        <time>1970-01-01T00:33:02.400000Z</time>
        <extensions>
          <gpxtpx:TrackPointExtension>
            <gpxtpx:hr>176</gpxtpx:hr>
          </gpxtpx:TrackPointExtension>
        </extensions>
      </trkpt>
      <trkpt lat="31.243706902869807" lon="121.60825744536567">
        <ele>6.129372705705464</ele>
        <time>1970-01-01T00:33:03.400000Z</time>
        <extensions>
          <gpxtpx:TrackPointExtension>
            <gpxtpx:hr>176</gpxtpx:hr>
          </gpxtpx:TrackPointExtension>
        </extensions>
      </trkpt>
      <trkpt lat="31.243685471085673" lon="121.60826827415885">
        <ele>6.158702662214637</ele>
        <time>1970-01-01T00:33:04.400000Z</time>
        <extensions>
          <gpxtpx:TrackPointExtension>
            <gpxtpx:hr>176</gpxtpx:hr>
          </gpxtpx:TrackPointExtension>
        </extensions>
      </trkpt>
      <trkpt lat="31.243664342003285" lon="121.60827841159673">
        <ele>6.1714826906099916</ele>
        <time>1970-01-01T00:33:05.400000Z</time>
        <extensions>
          <gpxtpx:TrackPointExtension>
            <gpxtpx:hr>176</gpxtpx:hr>
          </gpxtpx:TrackPointExtension>
        </extensions>
      </trkpt>
      <trkpt lat="31.24364349093378" lon="121.60828816772387">
        <ele>6.168565978296101</ele>
        <time>1970-01-01T00:33:06.400000Z</time>
        <extensions>
          <gpxtpx:TrackPointExtension>
            <gpxtpx:hr>176</gpxtpx:hr>
          </gpxtpx:TrackPointExtension>
        </extensions>
      </trkpt>
      <trkpt lat="31.243623134352767" lon="121.60829855194491">
        <ele>6.151293619535863</ele>
        <time>1970-01-01T00:33:07.400000Z</time>
        <extensions>
          <gpxtpx:TrackPointExtension>
            <gpxtpx:hr>176</gpxtpx:hr>
          </gpxtpx:TrackPointExtension>
        </extensions>
      </trkpt>
      <trkpt lat="31.24360371874821" lon="121.60831040963271">
        <ele>6.121735625900328</ele>
        <time>1970-01-01T00:33:08.400000Z</time>
        <extensions>
          <gpxtpx:TrackPointExtension>
            <gpxtpx:hr>176</gpxtpx:hr>
          </gpxtpx:TrackPointExtension>
        </extensions>
      </trkpt>
      <trkpt lat="31.243585612294485" lon="121.60832382218845">
        <ele>6.0824782913550735</ele>
        <time>1970-01-01T00:33:09.400000Z</time>
        <extensions>
          <gpxtpx:TrackPointExtension>
            <gpxtpx:hr>176</gpxtpx:hr>
          </gpxtpx:TrackPointExtension>
        </extensions>
      </trkpt>
      <trkpt lat="31.243567337812056" lon="121.60833675748728">
        <ele>6.0357256969437</ele>
        <time>1970-01-01T00:33:10.400000Z</time>
        <extensions>
          <gpxtpx:TrackPointExtension>
            <gpxtpx:hr>176</gpxtpx:hr>
          </gpxtpx:TrackPointExtension>
        </extensions>
      </trkpt>
      <trkpt lat="31.243547546683914" lon="121.60834800827911">
        <ele>5.983642799779773</ele>
        <time>1970-01-01T00:33:11.400000Z</time>
        <extensions>
          <gpxtpx:TrackPointExtension>
            <gpxtpx:hr>176</gpxtpx:hr>
          </gpxtpx:TrackPointExtension>
        </extensions>
      </trkpt>
      <trkpt lat="31.24352657820669" lon="121.60835863150946">
        <ele>5.929232260212302</ele>
        <time>1970-01-01T00:33:12.400000Z</time>
        <extensions>
          <gpxtpx:TrackPointExtension>
            <gpxtpx:hr>176</gpxtpx:hr>
          </gpxtpx:TrackPointExtension>
        </extensions>
      </trkpt>
      <trkpt lat="31.243504699745873" lon="121.60836877923795">
        <ele>5.875486223958433</ele>
        <time>1970-01-01T00:33:13.400000Z</time>
        <extensions>
          <gpxtpx:TrackPointExtension>
            <gpxtpx:hr>176</gpxtpx:hr>
          </gpxtpx:TrackPointExtension>
        </extensions>
      </trkpt>
      <trkpt lat="31.243482516394316" lon="121.60837879719561">
        <ele>5.824262163601816</ele>
        <time>1970-01-01T00:33:14.400000Z</time>
        <extensions>
          <gpxtpx:TrackPointExtension>
            <gpxtpx:hr>176</gpxtpx:hr>
          </gpxtpx:TrackPointExtension>
        </extensions>
      </trkpt>
      <trkpt lat="31.24346043224343" lon="121.60838911035985">
        <ele>5.775497796945274</ele>
        <time>1970-01-01T00:33:15.500000Z</time>
        <extensions>
          <gpxtpx:TrackPointExtension>
            <gpxtpx:hr>176</gpxtpx:hr>
          </gpxtpx:TrackPointExtension>
        </extensions>
      </trkpt>
      <trkpt lat="31.24343879045033" lon="121.60839973617756">
        <ele>5.727988646365702</ele>
        <time>1970-01-01T00:33:16.500000Z</time>
        <extensions>
          <gpxtpx:TrackPointExtension>
            <gpxtpx:hr>176</gpxtpx:hr>
          </gpxtpx:TrackPointExtension>
        </extensions>
      </trkpt>
      <trkpt lat="31.24341814652943" lon="121.6084113115406">
        <ele>5.6803621323779225</ele>
        <time>1970-01-01T00:33:17.500000Z</time>
        <extensions>
          <gpxtpx:TrackPointExtension>
            <gpxtpx:hr>176</gpxtpx:hr>
          </gpxtpx:TrackPointExtension>
        </extensions>
      </trkpt>
      <trkpt lat="31.243398809797196" lon="121.60842454020951">
        <ele>5.631287016905844</ele>
        <time>1970-01-01T00:33:18.500000Z</time>
        <extensions>
          <gpxtpx:TrackPointExtension>
            <gpxtpx:hr>176</gpxtpx:hr>
          </gpxtpx:TrackPointExtension>
        </extensions>
      </trkpt>
      <trkpt lat="31.243381029509713" lon="121.60843947718413">
        <ele>5.580129092559218</ele>
        <time>1970-01-01T00:33:19.500000Z</time>
        <extensions>
          <gpxtpx:TrackPointExtension>
            <gpxtpx:hr>176</gpxtpx:hr>
          </gpxtpx:TrackPointExtension>
        </extensions>
      </trkpt>
      <trkpt lat="31.243365333067793" lon="121.60845623877333">
        <ele>5.526794858276844</ele>
        <time>1970-01-01T00:33:20.500000Z</time>
        <extensions>
          <gpxtpx:TrackPointExtension>
            <gpxtpx:hr>177</gpxtpx:hr>
          </gpxtpx:TrackPointExtension>
        </extensions>
      </trkpt>
      <trkpt lat="31.243352003810216" lon="121.6084750307559">
        <ele>5.471186454407871</ele>
        <time>1970-01-01T00:33:21.500000Z</time>
        <extensions>
          <gpxtpx:TrackPointExtension>
            <gpxtpx:hr>177</gpxtpx:hr>
          </gpxtpx:TrackPointExtension>
        </extensions>
      </trkpt>
      <trkpt lat="31.243341055715433" lon="121.6084956125786">
        <ele>5.413366433233023</ele>
        <time>1970-01-01T00:33:22.500000Z</time>
        <extensions>
          <gpxtpx:TrackPointExtension>
            <gpxtpx:hr>177</gpxtpx:hr>
          </gpxtpx:TrackPointExtension>
        </extensions>
      </trkpt>
      <trkpt lat="31.243332707335142" lon="121.60851775364675">
        <ele>5.353696336038411</ele>
        <time>1970-01-01T00:33:23.500000Z</time>
        <extensions>
          <gpxtpx:TrackPointExtension>
            <gpxtpx:hr>177</gpxtpx:hr>
          </gpxtpx:TrackPointExtension>
        </extensions>
      </trkpt>
      <trkpt lat="31.243327066376896" lon="121.60854128665977">
        <ele>5.293067985214293</ele>
        <time>1970-01-01T00:33:24.500000Z</time>
        <extensions>
          <gpxtpx:TrackPointExtension>
            <gpxtpx:hr>177</gpxtpx:hr>
          </gpxtpx:TrackPointExtension>
        </extensions>
      </trkpt>
      <trkpt lat="31.243324081457605" lon="121.60856602591358">
        <ele>5.233246671967208</ele>
        <time>1970-01-01T00:33:25.500000Z</time>
        <extensions>
          <gpxtpx:TrackPointExtension>
            <gpxtpx:hr>177</gpxtpx:hr>
          </gpxtpx:TrackPointExtension>
        </extensions>
      </trkpt>
      <trkpt lat="31.243324010661087" lon="121.60859183589625">
        <ele>5.176572106778622</ele>
        <time>1970-01-01T00:33:26.500000Z</time>
        <extensions>
          <gpxtpx:TrackPointExtension>
            <gpxtpx:hr>177</gpxtpx:hr>
          </gpxtpx:TrackPointExtension>
        </extensions>
      </trkpt>
      <trkpt lat="31.24332690061836" lon="121.60861847007968">
        <ele>5.125410792417824</ele>
        <time>1970-01-01T00:33:27.500000Z</time>
        <extensions>
          <gpxtpx:TrackPointExtension>
            <gpxtpx:hr>177</gpxtpx:hr>
          </gpxtpx:TrackPointExtension>
        </extensions>
      </trkpt>
      <trkpt lat="31.24333206569851" lon="121.60864549180909">
        <ele>5.0813203770667315</ele>
        <time>1970-01-01T00:33:28.500000Z</time>
        <extensions>
          <gpxtpx:TrackPointExtension>
            <gpxtpx:hr>177</gpxtpx:hr>
          </gpxtpx:TrackPointExtension>
        </extensions>
      </trkpt>
      <trkpt lat="31.24333868141779" lon="121.6086722101673">
        <ele>5.04498784057796</ele>
        <time>1970-01-01T00:33:29.500000Z</time>
        <extensions>
          <gpxtpx:TrackPointExtension>
            <gpxtpx:hr>177</gpxtpx:hr>
          </gpxtpx:TrackPointExtension>
        </extensions>
      </trkpt>
      <trkpt lat="31.243346237876114" lon="121.608698427608">
        <ele>5.017000268213451</ele>
        <time>1970-01-01T00:33:30.500000Z</time>
        <extensions>
          <gpxtpx:TrackPointExtension>
            <gpxtpx:hr>177</gpxtpx:hr>
          </gpxtpx:TrackPointExtension>
        </extensions>
      </trkpt>
      <trkpt lat="31.24335425973139" lon="121.60872466817462">
        <ele>4.998013881035149</ele>
        <time>1970-01-01T00:33:31.500000Z</time>
        <extensions>
          <gpxtpx:TrackPointExtension>
            <gpxtpx:hr>177</gpxtpx:hr>
          </gpxtpx:TrackPointExtension>
        </extensions>
      </trkpt>
      <trkpt lat="31.243362599357006" lon="121.60875121168228">
        <ele>4.98866331577301</ele>
        <time>1970-01-01T00:33:32.500000Z</time>
        <extensions>
          <gpxtpx:TrackPointExtension>
            <gpxtpx:hr>177</gpxtpx:hr>
          </gpxtpx:TrackPointExtension>
        </extensions>
      </trkpt>
      <trkpt lat="31.243371297984268" lon="121.60877797699251">
        <ele>4.988862016238272</ele>
        <time>1970-01-01T00:33:33.500000Z</time>
        <extensions>
          <gpxtpx:TrackPointExtension>
            <gpxtpx:hr>176</gpxtpx:hr>
          </gpxtpx:TrackPointExtension>
        </extensions>
      </trkpt>
      <trkpt lat="31.243380080659186" lon="121.60880481831663">
        <ele>4.997553714551032</ele>
        <time>1970-01-01T00:33:34.500000Z</time>
        <extensions>
          <gpxtpx:TrackPointExtension>
            <gpxtpx:hr>176</gpxtpx:hr>
          </gpxtpx:TrackPointExtension>
        </extensions>
      </trkpt>
      <trkpt lat="31.243388997711456" lon="121.60883137693651">
        <ele>5.01299113035202</ele>
        <time>1970-01-01T00:33:35.500000Z</time>
        <extensions>
          <gpxtpx:TrackPointExtension>
            <gpxtpx:hr>176</gpxtpx:hr>
          </gpxtpx:TrackPointExtension>
        </extensions>
      </trkpt>
      <trkpt lat="31.24339825801444" lon="121.6088575318582">
        <ele>5.0327986888587475</ele>
        <time>1970-01-01T00:33:36.500000Z</time>
        <extensions>
          <gpxtpx:TrackPointExtension>
            <gpxtpx:hr>176</gpxtpx:hr>
          </gpxtpx:TrackPointExtension>
        </extensions>
      </trkpt>
      <trkpt lat="31.243407703091354" lon="121.60888325332645">
        <ele>5.054834301583469</ele>
        <time>1970-01-01T00:33:37.500000Z</time>
        <extensions>
          <gpxtpx:TrackPointExtension>
            <gpxtpx:hr>176</gpxtpx:hr>
          </gpxtpx:TrackPointExtension>
        </extensions>
      </trkpt>
      <trkpt lat="31.243417416143384" lon="121.60890830329971">
        <ele>5.0778817208483815</ele>
        <time>1970-01-01T00:33:38.500000Z</time>
        <extensions>
          <gpxtpx:TrackPointExtension>
            <gpxtpx:hr>177</gpxtpx:hr>
          </gpxtpx:TrackPointExtension>
        </extensions>
      </trkpt>
      <trkpt lat="31.243427567814283" lon="121.60893286808005">
        <ele>5.102005182765424</ele>
        <time>1970-01-01T00:33:39.500000Z</time>
        <extensions>
          <gpxtpx:TrackPointExtension>
            <gpxtpx:hr>177</gpxtpx:hr>
          </gpxtpx:TrackPointExtension>
        </extensions>
      </trkpt>
      <trkpt lat="31.243437944040945" lon="121.60895751575248">
        <ele>5.1286121141165495</ele>
        <time>1970-01-01T00:33:40.500000Z</time>
        <extensions>
          <gpxtpx:TrackPointExtension>
            <gpxtpx:hr>177</gpxtpx:hr>
          </gpxtpx:TrackPointExtension>
        </extensions>
      </trkpt>
      <trkpt lat="31.243448404304953" lon="121.60898230741986">
        <ele>5.159080822952092</ele>
        <time>1970-01-01T00:33:41.500000Z</time>
        <extensions>
          <gpxtpx:TrackPointExtension>
            <gpxtpx:hr>177</gpxtpx:hr>
          </gpxtpx:TrackPointExtension>
        </extensions>
      </trkpt>
      <trkpt lat="31.243458762930178" lon="121.60900734853797">
        <ele>5.193966580554843</ele>
        <time>1970-01-01T00:33:42.500000Z</time>
        <extensions>
          <gpxtpx:TrackPointExtension>
            <gpxtpx:hr>177</gpxtpx:hr>
          </gpxtpx:TrackPointExtension>
        </extensions>
      </trkpt>
      <trkpt lat="31.24346851039744" lon="121.60903300299283">
        <ele>5.233509895391762</ele>
        <time>1970-01-01T00:33:43.500000Z</time>
        <extensions>
          <gpxtpx:TrackPointExtension>
            <gpxtpx:hr>177</gpxtpx:hr>
          </gpxtpx:TrackPointExtension>
        </extensions>
      </trkpt>
      <trkpt lat="31.243477427811094" lon="121.60905917582542">
        <ele>5.277682334184647</ele>
        <time>1970-01-01T00:33:44.500000Z</time>
        <extensions>
          <gpxtpx:TrackPointExtension>
            <gpxtpx:hr>177</gpxtpx:hr>
          </gpxtpx:TrackPointExtension>
        </extensions>
      </trkpt>
      <trkpt lat="31.24348590011653" lon="121.60908582360287">
        <ele>5.326138522475958</ele>
        <time>1970-01-01T00:33:45.500000Z</time>
        <extensions>
          <gpxtpx:TrackPointExtension>
            <gpxtpx:hr>177</gpxtpx:hr>
          </gpxtpx:TrackPointExtension>
        </extensions>
      </trkpt>
      <trkpt lat="31.243494200002395" lon="121.60911288931881">
        <ele>5.377946105785668</ele>
        <time>1970-01-01T00:33:46.500000Z</time>
        <extensions>
          <gpxtpx:TrackPointExtension>
            <gpxtpx:hr>177</gpxtpx:hr>
          </gpxtpx:TrackPointExtension>
        </extensions>
      </trkpt>
      <trkpt lat="31.243502407692194" lon="121.60913999643758">
        <ele>5.431879858486354</ele>
        <time>1970-01-01T00:33:47.500000Z</time>
        <extensions>
          <gpxtpx:TrackPointExtension>
            <gpxtpx:hr>177</gpxtpx:hr>
          </gpxtpx:TrackPointExtension>
        </extensions>
      </trkpt>
      <trkpt lat="31.243510584163403" lon="121.6091669698862">
        <ele>5.486971245147288</ele>
        <time>1970-01-01T00:33:48.500000Z</time>
        <extensions>
          <gpxtpx:TrackPointExtension>
            <gpxtpx:hr>177</gpxtpx:hr>
          </gpxtpx:TrackPointExtension>
        </extensions>
      </trkpt>
      <trkpt lat="31.243518514325434" lon="121.60919399591408">
        <ele>5.542434534057975</ele>
        <time>1970-01-01T00:33:49.500000Z</time>
        <extensions>
          <gpxtpx:TrackPointExtension>
            <gpxtpx:hr>177</gpxtpx:hr>
          </gpxtpx:TrackPointExtension>
        </extensions>
      </trkpt>
      <trkpt lat="31.243526158409303" lon="121.60922116205319">
        <ele>5.597686245106161</ele>
        <time>1970-01-01T00:33:50.600000Z</time>
        <extensions>
          <gpxtpx:TrackPointExtension>
            <gpxtpx:hr>177</gpxtpx:hr>
          </gpxtpx:TrackPointExtension>
        </extensions>
      </trkpt>
      <trkpt lat="31.24353336805539" lon="121.60924847646729">
        <ele>5.652444256469607</ele>
        <time>1970-01-01T00:33:51.600000Z</time>
        <extensions>
          <gpxtpx:TrackPointExtension>
            <gpxtpx:hr>177</gpxtpx:hr>
          </gpxtpx:TrackPointExtension>
        </extensions>
      </trkpt>
      <trkpt lat="31.24353998630988" lon="121.60927585671536">
        <ele>5.7066408935934305</ele>
        <time>1970-01-01T00:33:52.600000Z</time>
        <extensions>
          <gpxtpx:TrackPointExtension>
            <gpxtpx:hr>177</gpxtpx:hr>
          </gpxtpx:TrackPointExtension>
        </extensions>
      </trkpt>
      <trkpt lat="31.243546317046448" lon="121.60930310116076">
        <ele>5.7593977795913815</ele>
        <time>1970-01-01T00:33:53.600000Z</time>
        <extensions>
          <gpxtpx:TrackPointExtension>
            <gpxtpx:hr>177</gpxtpx:hr>
          </gpxtpx:TrackPointExtension>
        </extensions>
      </trkpt>
      <trkpt lat="31.243552418727994" lon="121.60933033798422">
        <ele>5.807972463779151</ele>
        <time>1970-01-01T00:33:54.600000Z</time>
        <extensions>
          <gpxtpx:TrackPointExtension>
            <gpxtpx:hr>177</gpxtpx:hr>
          </gpxtpx:TrackPointExtension>
        </extensions>
      </trkpt>
      <trkpt lat="31.243558154395878" lon="121.60935774644439">
        <ele>5.84896701015532</ele>
        <time>1970-01-01T00:33:55.600000Z</time>
        <extensions>
          <gpxtpx:TrackPointExtension>
            <gpxtpx:hr>177</gpxtpx:hr>
          </gpxtpx:TrackPointExtension>
        </extensions>
      </trkpt>
      <trkpt lat="31.24356394603633" lon="121.60938523824399">
        <ele>5.88030197750777</ele>
        <time>1970-01-01T00:33:56.600000Z</time>
        <extensions>
          <gpxtpx:TrackPointExtension>
            <gpxtpx:hr>177</gpxtpx:hr>
          </gpxtpx:TrackPointExtension>
        </extensions>
      </trkpt>
      <trkpt lat="31.243570045955966" lon="121.60941291354308">
        <ele>5.901553090661764</ele>
        <time>1970-01-01T00:33:57.600000Z</time>
        <extensions>
          <gpxtpx:TrackPointExtension>
            <gpxtpx:hr>177</gpxtpx:hr>
          </gpxtpx:TrackPointExtension>
        </extensions>
      </trkpt>
      <trkpt lat="31.24357618933353" lon="121.60944070528245">
        <ele>5.914002632722259</ele>
        <time>1970-01-01T00:33:58.600000Z</time>
        <extensions>
          <gpxtpx:TrackPointExtension>
            <gpxtpx:hr>177</gpxtpx:hr>
          </gpxtpx:TrackPointExtension>
        </extensions>
      </trkpt>
      <trkpt lat="31.243582524992565" lon="121.60946823394083">
        <ele>5.920646351762116</ele>
        <time>1970-01-01T00:33:59.600000Z</time>
        <extensions>
          <gpxtpx:TrackPointExtension>
            <gpxtpx:hr>176</gpxtpx:hr>
          </gpxtpx:TrackPointExtension>
        </extensions>
      </trkpt>
      <trkpt lat="31.243589102426032" lon="121.60949578330802">
        <ele>5.925156959332526</ele>
        <time>1970-01-01T00:34:00.600000Z</time>
        <extensions>
          <gpxtpx:TrackPointExtension>
            <gpxtpx:hr>176</gpxtpx:hr>
          </gpxtpx:TrackPointExtension>
        </extensions>
      </trkpt>
      <trkpt lat="31.24359569323053" lon="121.60952377440945">
        <ele>5.9298373917117715</ele>
        <time>1970-01-01T00:34:01.600000Z</time>
        <extensions>
          <gpxtpx:TrackPointExtension>
            <gpxtpx:hr>176</gpxtpx:hr>
          </gpxtpx:TrackPointExtension>
        </extensions>
      </trkpt>
      <trkpt lat="31.24360238011298" lon="121.60955178783674">
        <ele>5.934827482327819</ele>
        <time>1970-01-01T00:34:02.600000Z</time>
        <extensions>
          <gpxtpx:TrackPointExtension>
            <gpxtpx:hr>176</gpxtpx:hr>
          </gpxtpx:TrackPointExtension>
        </extensions>
      </trkpt>
      <trkpt lat="31.243609214895315" lon="121.60957944054627">
        <ele>5.939627333544195</ele>
        <time>1970-01-01T00:34:03.600000Z</time>
        <extensions>
          <gpxtpx:TrackPointExtension>
            <gpxtpx:hr>176</gpxtpx:hr>
          </gpxtpx:TrackPointExtension>
        </extensions>
      </trkpt>
      <trkpt lat="31.24361599931098" lon="121.60960661516093">
        <ele>5.944280437193811</ele>
        <time>1970-01-01T00:34:04.600000Z</time>
        <extensions>
          <gpxtpx:TrackPointExtension>
            <gpxtpx:hr>176</gpxtpx:hr>
          </gpxtpx:TrackPointExtension>
        </extensions>
      </trkpt>
      <trkpt lat="31.243622740887897" lon="121.60963309846711">
        <ele>5.949451357126236</ele>
        <time>1970-01-01T00:34:05.600000Z</time>
        <extensions>
          <gpxtpx:TrackPointExtension>
            <gpxtpx:hr>176</gpxtpx:hr>
          </gpxtpx:TrackPointExtension>
        </extensions>
      </trkpt>
      <trkpt lat="31.24362937706195" lon="121.60965911435444">
        <ele>5.955524306744337</ele>
        <time>1970-01-01T00:34:06.600000Z</time>
        <extensions>
          <gpxtpx:TrackPointExtension>
            <gpxtpx:hr>177</gpxtpx:hr>
          </gpxtpx:TrackPointExtension>
        </extensions>
      </trkpt>
      <trkpt lat="31.243635544797197" lon="121.60968505754087">
        <ele>5.962147507816553</ele>
        <time>1970-01-01T00:34:07.600000Z</time>
        <extensions>
          <gpxtpx:TrackPointExtension>
            <gpxtpx:hr>177</gpxtpx:hr>
          </gpxtpx:TrackPointExtension>
        </extensions>
      </trkpt>
      <trkpt lat="31.24364133098045" lon="121.60971104395158">
        <ele>5.969233591109514</ele>
        <time>1970-01-01T00:34:08.600000Z</time>
        <extensions>
          <gpxtpx:TrackPointExtension>
            <gpxtpx:hr>177</gpxtpx:hr>
          </gpxtpx:TrackPointExtension>
        </extensions>
      </trkpt>
      <trkpt lat="31.243647087943856" lon="121.60973737123092">
        <ele>5.977635815739632</ele>
        <time>1970-01-01T00:34:09.600000Z</time>
        <extensions>
          <gpxtpx:TrackPointExtension>
            <gpxtpx:hr>178</gpxtpx:hr>
          </gpxtpx:TrackPointExtension>
        </extensions>
      </trkpt>
      <trkpt lat="31.24365285975738" lon="121.6097644406769">
        <ele>5.989096902310848</ele>
        <time>1970-01-01T00:34:10.600000Z</time>
        <extensions>
          <gpxtpx:TrackPointExtension>
            <gpxtpx:hr>178</gpxtpx:hr>
          </gpxtpx:TrackPointExtension>
        </extensions>
      </trkpt>
      <trkpt lat="31.24365895947693" lon="121.60979213642183">
        <ele>6.005438321270049</ele>
        <time>1970-01-01T00:34:11.600000Z</time>
        <extensions>
          <gpxtpx:TrackPointExtension>
            <gpxtpx:hr>178</gpxtpx:hr>
          </gpxtpx:TrackPointExtension>
        </extensions>
      </trkpt>
      <trkpt lat="31.243665773506418" lon="121.60982018918224">
        <ele>6.026924918405712</ele>
        <time>1970-01-01T00:34:12.600000Z</time>
        <extensions>
          <gpxtpx:TrackPointExtension>
            <gpxtpx:hr>178</gpxtpx:hr>
          </gpxtpx:TrackPointExtension>
        </extensions>
      </trkpt>
      <trkpt lat="31.243673253568446" lon="121.60984837938175">
        <ele>6.051900897175074</ele>
        <time>1970-01-01T00:34:13.600000Z</time>
        <extensions>
          <gpxtpx:TrackPointExtension>
            <gpxtpx:hr>178</gpxtpx:hr>
          </gpxtpx:TrackPointExtension>
        </extensions>
      </trkpt>
      <trkpt lat="31.2436814144362" lon="121.60987639068009">
        <ele>6.077843926846981</ele>
        <time>1970-01-01T00:34:14.600000Z</time>
        <extensions>
          <gpxtpx:TrackPointExtension>
            <gpxtpx:hr>178</gpxtpx:hr>
          </gpxtpx:TrackPointExtension>
        </extensions>
      </trkpt>
      <trkpt lat="31.24368997956765" lon="121.60990427406446">
        <ele>6.102241037413478</ele>
        <time>1970-01-01T00:34:15.600000Z</time>
        <extensions>
          <gpxtpx:TrackPointExtension>
            <gpxtpx:hr>178</gpxtpx:hr>
          </gpxtpx:TrackPointExtension>
        </extensions>
      </trkpt>
      <trkpt lat="31.243698348573318" lon="121.60993222544751">
        <ele>6.123135845176876</ele>
        <time>1970-01-01T00:34:16.600000Z</time>
        <extensions>
          <gpxtpx:TrackPointExtension>
            <gpxtpx:hr>178</gpxtpx:hr>
          </gpxtpx:TrackPointExtension>
        </extensions>
      </trkpt>
      <trkpt lat="31.243706269361876" lon="121.60996042740636">
        <ele>6.139272759668529</ele>
        <time>1970-01-01T00:34:17.600000Z</time>
        <extensions>
          <gpxtpx:TrackPointExtension>
            <gpxtpx:hr>178</gpxtpx:hr>
          </gpxtpx:TrackPointExtension>
        </extensions>
      </trkpt>
      <trkpt lat="31.243713640833437" lon="121.60998932619259">
        <ele>6.150445415638387</ele>
        <time>1970-01-01T00:34:18.600000Z</time>
        <extensions>
          <gpxtpx:TrackPointExtension>
            <gpxtpx:hr>178</gpxtpx:hr>
          </gpxtpx:TrackPointExtension>
        </extensions>
      </trkpt>
      <trkpt lat="31.24372045471427" lon="121.61001891606439">
        <ele>6.157179592177272</ele>
        <time>1970-01-01T00:34:19.600000Z</time>
        <extensions>
          <gpxtpx:TrackPointExtension>
            <gpxtpx:hr>178</gpxtpx:hr>
          </gpxtpx:TrackPointExtension>
        </extensions>
      </trkpt>
      <trkpt lat="31.24372753280436" lon="121.61004843544272">
        <ele>6.159855973906815</ele>
        <time>1970-01-01T00:34:20.600000Z</time>
        <extensions>
          <gpxtpx:TrackPointExtension>
            <gpxtpx:hr>178</gpxtpx:hr>
          </gpxtpx:TrackPointExtension>
        </extensions>
      </trkpt>
      <trkpt lat="31.243735282409588" lon="121.6100776833992">
        <ele>6.1586601454764605</ele>
        <time>1970-01-01T00:34:21.600000Z</time>
        <extensions>
          <gpxtpx:TrackPointExtension>
            <gpxtpx:hr>178</gpxtpx:hr>
          </gpxtpx:TrackPointExtension>
        </extensions>
      </trkpt>
      <trkpt lat="31.243743155582358" lon="121.61010700170092">
        <ele>6.153836061246693</ele>
        <time>1970-01-01T00:34:22.600000Z</time>
        <extensions>
          <gpxtpx:TrackPointExtension>
            <gpxtpx:hr>178</gpxtpx:hr>
          </gpxtpx:TrackPointExtension>
        </extensions>
      </trkpt>
      <trkpt lat="31.243751027102387" lon="121.61013641643547">
        <ele>6.145948687568307</ele>
        <time>1970-01-01T00:34:23.600000Z</time>
        <extensions>
          <gpxtpx:TrackPointExtension>
            <gpxtpx:hr>178</gpxtpx:hr>
          </gpxtpx:TrackPointExtension>
        </extensions>
      </trkpt>
      <trkpt lat="31.243758792828412" lon="121.61016594880849">
        <ele>6.135102733969688</ele>
        <time>1970-01-01T00:34:24.600000Z</time>
        <extensions>
          <gpxtpx:TrackPointExtension>
            <gpxtpx:hr>179</gpxtpx:hr>
          </gpxtpx:TrackPointExtension>
        </extensions>
      </trkpt>
      <trkpt lat="31.243766348361444" lon="121.61019544005659">
        <ele>6.120326808653772</ele>
        <time>1970-01-01T00:34:25.600000Z</time>
        <extensions>
          <gpxtpx:TrackPointExtension>
            <gpxtpx:hr>179</gpxtpx:hr>
          </gpxtpx:TrackPointExtension>
        </extensions>
      </trkpt>
      <trkpt lat="31.243773828718698" lon="121.61022468212852">
        <ele>6.100104211829603</ele>
        <time>1970-01-01T00:34:26.700000Z</time>
        <extensions>
          <gpxtpx:TrackPointExtension>
            <gpxtpx:hr>179</gpxtpx:hr>
          </gpxtpx:TrackPointExtension>
        </extensions>
      </trkpt>
      <trkpt lat="31.243781259020356" lon="121.61025387072114">
        <ele>6.072914908640087</ele>
        <time>1970-01-01T00:34:27.700000Z</time>
        <extensions>
          <gpxtpx:TrackPointExtension>
            <gpxtpx:hr>179</gpxtpx:hr>
          </gpxtpx:TrackPointExtension>
        </extensions>
      </trkpt>
      <trkpt lat="31.243788621882015" lon="121.6102831174164">
        <ele>6.038163819350302</ele>
        <time>1970-01-01T00:34:28.700000Z</time>
        <extensions>
          <gpxtpx:TrackPointExtension>
            <gpxtpx:hr>179</gpxtpx:hr>
          </gpxtpx:TrackPointExtension>
        </extensions>
      </trkpt>
      <trkpt lat="31.24379606409673" lon="121.61031201578993">
        <ele>5.996472123079002</ele>
        <time>1970-01-01T00:34:29.700000Z</time>
        <extensions>
          <gpxtpx:TrackPointExtension>
            <gpxtpx:hr>179</gpxtpx:hr>
          </gpxtpx:TrackPointExtension>
        </extensions>
      </trkpt>
      <trkpt lat="31.243803614024635" lon="121.61034037852285">
        <ele>5.9491592440754175</ele>
        <time>1970-01-01T00:34:30.700000Z</time>
        <extensions>
          <gpxtpx:TrackPointExtension>
            <gpxtpx:hr>179</gpxtpx:hr>
          </gpxtpx:TrackPointExtension>
        </extensions>
      </trkpt>
      <trkpt lat="31.243811209111705" lon="121.61036841749598">
        <ele>5.897820285521448</ele>
        <time>1970-01-01T00:34:31.700000Z</time>
        <extensions>
          <gpxtpx:TrackPointExtension>
            <gpxtpx:hr>179</gpxtpx:hr>
          </gpxtpx:TrackPointExtension>
        </extensions>
      </trkpt>
      <trkpt lat="31.243818992293267" lon="121.61039638338478">
        <ele>5.843486032448709</ele>
        <time>1970-01-01T00:34:32.700000Z</time>
        <extensions>
          <gpxtpx:TrackPointExtension>
            <gpxtpx:hr>179</gpxtpx:hr>
          </gpxtpx:TrackPointExtension>
        </extensions>
      </trkpt>
      <trkpt lat="31.24382690248077" lon="121.61042491395992">
        <ele>5.786322682164609</ele>
        <time>1970-01-01T00:34:33.700000Z</time>
        <extensions>
          <gpxtpx:TrackPointExtension>
            <gpxtpx:hr>179</gpxtpx:hr>
          </gpxtpx:TrackPointExtension>
        </extensions>
      </trkpt>
      <trkpt lat="31.24383477188113" lon="121.61045446401829">
        <ele>5.726336412131786</ele>
        <time>1970-01-01T00:34:34.700000Z</time>
        <extensions>
          <gpxtpx:TrackPointExtension>
            <gpxtpx:hr>179</gpxtpx:hr>
          </gpxtpx:TrackPointExtension>
        </extensions>
      </trkpt>
      <trkpt lat="31.243842663898576" lon="121.61048479028511">
        <ele>5.663954027928412</ele>
        <time>1970-01-01T00:34:35.700000Z</time>
        <extensions>
          <gpxtpx:TrackPointExtension>
            <gpxtpx:hr>179</gpxtpx:hr>
          </gpxtpx:TrackPointExtension>
        </extensions>
      </trkpt>
      <trkpt lat="31.24385059011908" lon="121.61051549757352">
        <ele>5.600349533371627</ele>
        <time>1970-01-01T00:34:36.700000Z</time>
        <extensions>
          <gpxtpx:TrackPointExtension>
            <gpxtpx:hr>179</gpxtpx:hr>
          </gpxtpx:TrackPointExtension>
        </extensions>
      </trkpt>
      <trkpt lat="31.24385839828334" lon="121.61054621221552">
        <ele>5.537312374450266</ele>
        <time>1970-01-01T00:34:37.700000Z</time>
        <extensions>
          <gpxtpx:TrackPointExtension>
            <gpxtpx:hr>179</gpxtpx:hr>
          </gpxtpx:TrackPointExtension>
        </extensions>
      </trkpt>
      <trkpt lat="31.243866187267777" lon="121.61057649586013">
        <ele>5.476836088113487</ele>
        <time>1970-01-01T00:34:38.700000Z</time>
        <extensions>
          <gpxtpx:TrackPointExtension>
            <gpxtpx:hr>179</gpxtpx:hr>
          </gpxtpx:TrackPointExtension>
        </extensions>
      </trkpt>
      <trkpt lat="31.2438741961492" lon="121.61060581157243">
        <ele>5.420667113736272</ele>
        <time>1970-01-01T00:34:39.700000Z</time>
        <extensions>
          <gpxtpx:TrackPointExtension>
            <gpxtpx:hr>179</gpxtpx:hr>
          </gpxtpx:TrackPointExtension>
        </extensions>
      </trkpt>
      <trkpt lat="31.243882950587313" lon="121.61063363989867">
        <ele>5.370045666582882</ele>
        <time>1970-01-01T00:34:40.700000Z</time>
        <extensions>
          <gpxtpx:TrackPointExtension>
            <gpxtpx:hr>179</gpxtpx:hr>
          </gpxtpx:TrackPointExtension>
        </extensions>
      </trkpt>
      <trkpt lat="31.24389368640207" lon="121.61065938260496">
        <ele>5.32566552516073</ele>
        <time>1970-01-01T00:34:41.700000Z</time>
        <extensions>
          <gpxtpx:TrackPointExtension>
            <gpxtpx:hr>179</gpxtpx:hr>
          </gpxtpx:TrackPointExtension>
        </extensions>
      </trkpt>
      <trkpt lat="31.24390751929877" lon="121.61068205222502">
        <ele>5.28780401404947</ele>
        <time>1970-01-01T00:34:42.700000Z</time>
        <extensions>
          <gpxtpx:TrackPointExtension>
            <gpxtpx:hr>179</gpxtpx:hr>
          </gpxtpx:TrackPointExtension>
        </extensions>
      </trkpt>
      <trkpt lat="31.2439231206931" lon="121.61070293158953">
        <ele>5.2566545978188515</ele>
        <time>1970-01-01T00:34:43.700000Z</time>
        <extensions>
          <gpxtpx:TrackPointExtension>
            <gpxtpx:hr>179</gpxtpx:hr>
          </gpxtpx:TrackPointExtension>
        </extensions>
      </trkpt>
      <trkpt lat="31.243937460383087" lon="121.61072531852379">
        <ele>5.232337956316769</ele>
        <time>1970-01-01T00:34:44.700000Z</time>
        <extensions>
          <gpxtpx:TrackPointExtension>
            <gpxtpx:hr>177</gpxtpx:hr>
          </gpxtpx:TrackPointExtension>
        </extensions>
      </trkpt>
      <trkpt lat="31.243949194384925" lon="121.61075030081129">
        <ele>5.2145713195204735</ele>
        <time>1970-01-01T00:34:45.700000Z</time>
        <extensions>
          <gpxtpx:TrackPointExtension>
            <gpxtpx:hr>177</gpxtpx:hr>
          </gpxtpx:TrackPointExtension>
        </extensions>
      </trkpt>
      <trkpt lat="31.24395866358674" lon="121.61077712204516">
        <ele>5.2024141969159245</ele>
        <time>1970-01-01T00:34:46.700000Z</time>
        <extensions>
          <gpxtpx:TrackPointExtension>
            <gpxtpx:hr>177</gpxtpx:hr>
          </gpxtpx:TrackPointExtension>
        </extensions>
      </trkpt>
      <trkpt lat="31.24396676370626" lon="121.61080514232019">
        <ele>5.1949423318728805</ele>
        <time>1970-01-01T00:34:47.700000Z</time>
        <extensions>
          <gpxtpx:TrackPointExtension>
            <gpxtpx:hr>177</gpxtpx:hr>
          </gpxtpx:TrackPointExtension>
        </extensions>
      </trkpt>
      <trkpt lat="31.24397429418271" lon="121.61083389333922">
        <ele>5.192155949771404</ele>
        <time>1970-01-01T00:34:48.700000Z</time>
        <extensions>
          <gpxtpx:TrackPointExtension>
            <gpxtpx:hr>177</gpxtpx:hr>
          </gpxtpx:TrackPointExtension>
        </extensions>
      </trkpt>
      <trkpt lat="31.24398150195004" lon="121.61086286031508">
        <ele>5.19404614251107</ele>
        <time>1970-01-01T00:34:49.700000Z</time>
        <extensions>
          <gpxtpx:TrackPointExtension>
            <gpxtpx:hr>178</gpxtpx:hr>
          </gpxtpx:TrackPointExtension>
        </extensions>
      </trkpt>
      <trkpt lat="31.243988635994047" lon="121.61089177062014">
        <ele>5.199633126147091</ele>
        <time>1970-01-01T00:34:50.700000Z</time>
        <extensions>
          <gpxtpx:TrackPointExtension>
            <gpxtpx:hr>178</gpxtpx:hr>
          </gpxtpx:TrackPointExtension>
        </extensions>
      </trkpt>
      <trkpt lat="31.243995673619427" lon="121.61092072508879">
        <ele>5.2074118396267295</ele>
        <time>1970-01-01T00:34:51.700000Z</time>
        <extensions>
          <gpxtpx:TrackPointExtension>
            <gpxtpx:hr>178</gpxtpx:hr>
          </gpxtpx:TrackPointExtension>
        </extensions>
      </trkpt>
      <trkpt lat="31.244002420136493" lon="121.61094985081107">
        <ele>5.215860767289996</ele>
        <time>1970-01-01T00:34:52.700000Z</time>
        <extensions>
          <gpxtpx:TrackPointExtension>
            <gpxtpx:hr>178</gpxtpx:hr>
          </gpxtpx:TrackPointExtension>
        </extensions>
      </trkpt>
      <trkpt lat="31.244009180990616" lon="121.61097917794012">
        <ele>5.224078172817826</ele>
        <time>1970-01-01T00:34:53.700000Z</time>
        <extensions>
          <gpxtpx:TrackPointExtension>
            <gpxtpx:hr>178</gpxtpx:hr>
          </gpxtpx:TrackPointExtension>
        </extensions>
      </trkpt>
      <trkpt lat="31.24401620781373" lon="121.61100875727051">
        <ele>5.2315016631037</ele>
        <time>1970-01-01T00:34:54.700000Z</time>
        <extensions>
          <gpxtpx:TrackPointExtension>
            <gpxtpx:hr>177</gpxtpx:hr>
          </gpxtpx:TrackPointExtension>
        </extensions>
      </trkpt>
      <trkpt lat="31.244023428964688" lon="121.6110385732387">
        <ele>5.237787479534745</ele>
        <time>1970-01-01T00:34:55.700000Z</time>
        <extensions>
          <gpxtpx:TrackPointExtension>
            <gpxtpx:hr>177</gpxtpx:hr>
          </gpxtpx:TrackPointExtension>
        </extensions>
      </trkpt>
      <trkpt lat="31.244030819811265" lon="121.61106839447166">
        <ele>5.2430604146793485</ele>
        <time>1970-01-01T00:34:56.700000Z</time>
        <extensions>
          <gpxtpx:TrackPointExtension>
            <gpxtpx:hr>177</gpxtpx:hr>
          </gpxtpx:TrackPointExtension>
        </extensions>
      </trkpt>
      <trkpt lat="31.24403826187894" lon="121.61109798927491">
        <ele>5.247147346846759</ele>
        <time>1970-01-01T00:34:57.700000Z</time>
        <extensions>
          <gpxtpx:TrackPointExtension>
            <gpxtpx:hr>177</gpxtpx:hr>
          </gpxtpx:TrackPointExtension>
        </extensions>
      </trkpt>
      <trkpt lat="31.244045602102148" lon="121.61112726875758">
        <ele>5.249314016662538</ele>
        <time>1970-01-01T00:34:58.700000Z</time>
        <extensions>
          <gpxtpx:TrackPointExtension>
            <gpxtpx:hr>177</gpxtpx:hr>
          </gpxtpx:TrackPointExtension>
        </extensions>
      </trkpt>
      <trkpt lat="31.244052990245002" lon="121.61115629535232">
        <ele>5.248539353720844</ele>
        <time>1970-01-01T00:34:59.700000Z</time>
        <extensions>
          <gpxtpx:TrackPointExtension>
            <gpxtpx:hr>177</gpxtpx:hr>
          </gpxtpx:TrackPointExtension>
        </extensions>
      </trkpt>
      <trkpt lat="31.24406035971092" lon="121.61118518012651">
        <ele>5.244306718930602</ele>
        <time>1970-01-01T00:35:00.700000Z</time>
        <extensions>
          <gpxtpx:TrackPointExtension>
            <gpxtpx:hr>177</gpxtpx:hr>
          </gpxtpx:TrackPointExtension>
        </extensions>
      </trkpt>
      <trkpt lat="31.2440675930292" lon="121.61121393371397">
        <ele>5.237521447241306</ele>
        <time>1970-01-01T00:35:01.800000Z</time>
        <extensions>
          <gpxtpx:TrackPointExtension>
            <gpxtpx:hr>178</gpxtpx:hr>
          </gpxtpx:TrackPointExtension>
        </extensions>
      </trkpt>
      <trkpt lat="31.244074839761108" lon="121.61124245038164">
        <ele>5.229408976621926</ele>
        <time>1970-01-01T00:35:02.800000Z</time>
        <extensions>
          <gpxtpx:TrackPointExtension>
            <gpxtpx:hr>178</gpxtpx:hr>
          </gpxtpx:TrackPointExtension>
        </extensions>
      </trkpt>
      <trkpt lat="31.244082078666597" lon="121.61127063304703">
        <ele>5.220037376508117</ele>
        <time>1970-01-01T00:35:03.800000Z</time>
        <extensions>
          <gpxtpx:TrackPointExtension>
            <gpxtpx:hr>178</gpxtpx:hr>
          </gpxtpx:TrackPointExtension>
        </extensions>
      </trkpt>
      <trkpt lat="31.24408910500085" lon="121.6112984634843">
        <ele>5.209048888646066</ele>
        <time>1970-01-01T00:35:04.800000Z</time>
        <extensions>
          <gpxtpx:TrackPointExtension>
            <gpxtpx:hr>178</gpxtpx:hr>
          </gpxtpx:TrackPointExtension>
        </extensions>
      </trkpt>
      <trkpt lat="31.24409593609552" lon="121.61132598840345">
        <ele>5.19678551517427</ele>
        <time>1970-01-01T00:35:05.800000Z</time>
        <extensions>
          <gpxtpx:TrackPointExtension>
            <gpxtpx:hr>178</gpxtpx:hr>
          </gpxtpx:TrackPointExtension>
        </extensions>
      </trkpt>
      <trkpt lat="31.244102597066146" lon="121.6113534419002">
        <ele>5.184834036976099</ele>
        <time>1970-01-01T00:35:06.800000Z</time>
        <extensions>
          <gpxtpx:TrackPointExtension>
            <gpxtpx:hr>178</gpxtpx:hr>
          </gpxtpx:TrackPointExtension>
        </extensions>
      </trkpt>
      <trkpt lat="31.244108937429367" lon="121.61138102904792">
        <ele>5.175013496540487</ele>
        <time>1970-01-01T00:35:07.800000Z</time>
        <extensions>
          <gpxtpx:TrackPointExtension>
            <gpxtpx:hr>178</gpxtpx:hr>
          </gpxtpx:TrackPointExtension>
        </extensions>
      </trkpt>
      <trkpt lat="31.244115116616502" lon="121.61140873627454">
        <ele>5.167985696345568</ele>
        <time>1970-01-01T00:35:08.800000Z</time>
        <extensions>
          <gpxtpx:TrackPointExtension>
            <gpxtpx:hr>178</gpxtpx:hr>
          </gpxtpx:TrackPointExtension>
        </extensions>
      </trkpt>
      <trkpt lat="31.244121115936476" lon="121.61143663582118">
        <ele>5.163291905075312</ele>
        <time>1970-01-01T00:35:09.800000Z</time>
        <extensions>
          <gpxtpx:TrackPointExtension>
            <gpxtpx:hr>178</gpxtpx:hr>
          </gpxtpx:TrackPointExtension>
        </extensions>
      </trkpt>
      <trkpt lat="31.24412678668819" lon="121.61146481844128">
        <ele>5.159666419960558</ele>
        <time>1970-01-01T00:35:10.800000Z</time>
        <extensions>
          <gpxtpx:TrackPointExtension>
            <gpxtpx:hr>178</gpxtpx:hr>
          </gpxtpx:TrackPointExtension>
        </extensions>
      </trkpt>
      <trkpt lat="31.244132402082226" lon="121.61149337269435">
        <ele>5.156389459036291</ele>
        <time>1970-01-01T00:35:11.800000Z</time>
        <extensions>
          <gpxtpx:TrackPointExtension>
            <gpxtpx:hr>178</gpxtpx:hr>
          </gpxtpx:TrackPointExtension>
        </extensions>
      </trkpt>
      <trkpt lat="31.24413808462107" lon="121.6115226320844">
        <ele>5.153315655887127</ele>
        <time>1970-01-01T00:35:12.800000Z</time>
        <extensions>
          <gpxtpx:TrackPointExtension>
            <gpxtpx:hr>178</gpxtpx:hr>
          </gpxtpx:TrackPointExtension>
        </extensions>
      </trkpt>
      <trkpt lat="31.244143756204398" lon="121.61155245344278">
        <ele>5.150083281099796</ele>
        <time>1970-01-01T00:35:13.800000Z</time>
        <extensions>
          <gpxtpx:TrackPointExtension>
            <gpxtpx:hr>178</gpxtpx:hr>
          </gpxtpx:TrackPointExtension>
        </extensions>
      </trkpt>
      <trkpt lat="31.244149572854383" lon="121.61158224303372">
        <ele>5.14664691593498</ele>
        <time>1970-01-01T00:35:14.800000Z</time>
        <extensions>
          <gpxtpx:TrackPointExtension>
            <gpxtpx:hr>178</gpxtpx:hr>
          </gpxtpx:TrackPointExtension>
        </extensions>
      </trkpt>
      <trkpt lat="31.244155751170062" lon="121.61161177582817">
        <ele>5.143370668403804</ele>
        <time>1970-01-01T00:35:15.800000Z</time>
        <extensions>
          <gpxtpx:TrackPointExtension>
            <gpxtpx:hr>178</gpxtpx:hr>
          </gpxtpx:TrackPointExtension>
        </extensions>
      </trkpt>
      <trkpt lat="31.24416236854152" lon="121.61164095096127">
        <ele>5.140971572138369</ele>
        <time>1970-01-01T00:35:16.800000Z</time>
        <extensions>
          <gpxtpx:TrackPointExtension>
            <gpxtpx:hr>178</gpxtpx:hr>
          </gpxtpx:TrackPointExtension>
        </extensions>
      </trkpt>
      <trkpt lat="31.244169519370086" lon="121.61166953291026">
        <ele>5.140133769251406</ele>
        <time>1970-01-01T00:35:17.800000Z</time>
        <extensions>
          <gpxtpx:TrackPointExtension>
            <gpxtpx:hr>178</gpxtpx:hr>
          </gpxtpx:TrackPointExtension>
        </extensions>
      </trkpt>
      <trkpt lat="31.244176865026645" lon="121.61169771682053">
        <ele>5.140622099861503</ele>
        <time>1970-01-01T00:35:18.800000Z</time>
        <extensions>
          <gpxtpx:TrackPointExtension>
            <gpxtpx:hr>178</gpxtpx:hr>
          </gpxtpx:TrackPointExtension>
        </extensions>
      </trkpt>
      <trkpt lat="31.244183277500863" lon="121.61172602666159">
        <ele>5.1416898695752025</ele>
        <time>1970-01-01T00:35:19.800000Z</time>
        <extensions>
          <gpxtpx:TrackPointExtension>
            <gpxtpx:hr>178</gpxtpx:hr>
          </gpxtpx:TrackPointExtension>
        </extensions>
      </trkpt>
      <trkpt lat="31.244188141484614" lon="121.61175472228999">
        <ele>5.142783438786864</ele>
        <time>1970-01-01T00:35:20.800000Z</time>
        <extensions>
          <gpxtpx:TrackPointExtension>
            <gpxtpx:hr>179</gpxtpx:hr>
          </gpxtpx:TrackPointExtension>
        </extensions>
      </trkpt>
      <trkpt lat="31.244191703819304" lon="121.61178408937694">
        <ele>5.143081774003804</ele>
        <time>1970-01-01T00:35:21.800000Z</time>
        <extensions>
          <gpxtpx:TrackPointExtension>
            <gpxtpx:hr>179</gpxtpx:hr>
          </gpxtpx:TrackPointExtension>
        </extensions>
      </trkpt>
      <trkpt lat="31.24419423169219" lon="121.61181429076868">
        <ele>5.141716216690838</ele>
        <time>1970-01-01T00:35:22.800000Z</time>
        <extensions>
          <gpxtpx:TrackPointExtension>
            <gpxtpx:hr>179</gpxtpx:hr>
          </gpxtpx:TrackPointExtension>
        </extensions>
      </trkpt>
      <trkpt lat="31.244196667585186" lon="121.61184490798122">
        <ele>5.138024956919253</ele>
        <time>1970-01-01T00:35:23.800000Z</time>
        <extensions>
          <gpxtpx:TrackPointExtension>
            <gpxtpx:hr>179</gpxtpx:hr>
          </gpxtpx:TrackPointExtension>
        </extensions>
      </trkpt>
      <trkpt lat="31.24419995461041" lon="121.6118756205784">
        <ele>5.132133116014302</ele>
        <time>1970-01-01T00:35:24.800000Z</time>
        <extensions>
          <gpxtpx:TrackPointExtension>
            <gpxtpx:hr>179</gpxtpx:hr>
          </gpxtpx:TrackPointExtension>
        </extensions>
      </trkpt>
      <trkpt lat="31.244204073457702" lon="121.61190625529939">
        <ele>5.125198051333427</ele>
        <time>1970-01-01T00:35:25.800000Z</time>
        <extensions>
          <gpxtpx:TrackPointExtension>
            <gpxtpx:hr>179</gpxtpx:hr>
          </gpxtpx:TrackPointExtension>
        </extensions>
      </trkpt>
      <trkpt lat="31.24420874364821" lon="121.61193607449181">
        <ele>5.118044212460518</ele>
        <time>1970-01-01T00:35:26.800000Z</time>
        <extensions>
          <gpxtpx:TrackPointExtension>
            <gpxtpx:hr>179</gpxtpx:hr>
          </gpxtpx:TrackPointExtension>
        </extensions>
      </trkpt>
      <trkpt lat="31.244213799729817" lon="121.61196473287322">
        <ele>5.110746790654957</ele>
        <time>1970-01-01T00:35:27.800000Z</time>
        <extensions>
          <gpxtpx:TrackPointExtension>
            <gpxtpx:hr>179</gpxtpx:hr>
          </gpxtpx:TrackPointExtension>
        </extensions>
      </trkpt>
      <trkpt lat="31.244219097377915" lon="121.6119926670763">
        <ele>5.103166747838259</ele>
        <time>1970-01-01T00:35:28.800000Z</time>
        <extensions>
          <gpxtpx:TrackPointExtension>
            <gpxtpx:hr>179</gpxtpx:hr>
          </gpxtpx:TrackPointExtension>
        </extensions>
      </trkpt>
      <trkpt lat="31.244224406663516" lon="121.61202027763007">
        <ele>5.095476567745209</ele>
        <time>1970-01-01T00:35:29.800000Z</time>
        <extensions>
          <gpxtpx:TrackPointExtension>
            <gpxtpx:hr>179</gpxtpx:hr>
          </gpxtpx:TrackPointExtension>
        </extensions>
      </trkpt>
      <trkpt lat="31.244229743101798" lon="121.6120479155538">
        <ele>5.087840901687741</ele>
        <time>1970-01-01T00:35:30.800000Z</time>
        <extensions>
          <gpxtpx:TrackPointExtension>
            <gpxtpx:hr>179</gpxtpx:hr>
          </gpxtpx:TrackPointExtension>
        </extensions>
      </trkpt>
      <trkpt lat="31.244235047837503" lon="121.61207597554534">
        <ele>5.07981167640537</ele>
        <time>1970-01-01T00:35:31.800000Z</time>
        <extensions>
          <gpxtpx:TrackPointExtension>
            <gpxtpx:hr>179</gpxtpx:hr>
          </gpxtpx:TrackPointExtension>
        </extensions>
      </trkpt>
      <trkpt lat="31.24424030194707" lon="121.6121045899196">
        <ele>5.070758808404207</ele>
        <time>1970-01-01T00:35:32.800000Z</time>
        <extensions>
          <gpxtpx:TrackPointExtension>
            <gpxtpx:hr>179</gpxtpx:hr>
          </gpxtpx:TrackPointExtension>
        </extensions>
      </trkpt>
      <trkpt lat="31.244245497741876" lon="121.61213355333126">
        <ele>5.060416922904551</ele>
        <time>1970-01-01T00:35:33.800000Z</time>
        <extensions>
          <gpxtpx:TrackPointExtension>
            <gpxtpx:hr>179</gpxtpx:hr>
          </gpxtpx:TrackPointExtension>
        </extensions>
      </trkpt>
      <trkpt lat="31.244250342153492" lon="121.61216244116515">
        <ele>5.049209186807275</ele>
        <time>1970-01-01T00:35:34.800000Z</time>
        <extensions>
          <gpxtpx:TrackPointExtension>
            <gpxtpx:hr>179</gpxtpx:hr>
          </gpxtpx:TrackPointExtension>
        </extensions>
      </trkpt>
      <trkpt lat="31.24425473127736" lon="121.61219079967007">
        <ele>5.038347475230694</ele>
        <time>1970-01-01T00:35:35.800000Z</time>
        <extensions>
          <gpxtpx:TrackPointExtension>
            <gpxtpx:hr>178</gpxtpx:hr>
          </gpxtpx:TrackPointExtension>
        </extensions>
      </trkpt>
      <trkpt lat="31.24425874953606" lon="121.61221871647179">
        <ele>5.02959758695215</ele>
        <time>1970-01-01T00:35:36.800000Z</time>
        <extensions>
          <gpxtpx:TrackPointExtension>
            <gpxtpx:hr>178</gpxtpx:hr>
          </gpxtpx:TrackPointExtension>
        </extensions>
      </trkpt>
      <trkpt lat="31.24426260056988" lon="121.61224666710785">
        <ele>5.0248657977208495</ele>
        <time>1970-01-01T00:35:37.900000Z</time>
        <extensions>
          <gpxtpx:TrackPointExtension>
            <gpxtpx:hr>178</gpxtpx:hr>
          </gpxtpx:TrackPointExtension>
        </extensions>
      </trkpt>
      <trkpt lat="31.244266890624523" lon="121.61227481337556">
        <ele>5.025279171764851</ele>
        <time>1970-01-01T00:35:38.900000Z</time>
        <extensions>
          <gpxtpx:TrackPointExtension>
            <gpxtpx:hr>178</gpxtpx:hr>
          </gpxtpx:TrackPointExtension>
        </extensions>
      </trkpt>
      <trkpt lat="31.244272075414386" lon="121.61230327510981">
        <ele>5.030684701167047</ele>
        <time>1970-01-01T00:35:39.900000Z</time>
        <extensions>
          <gpxtpx:TrackPointExtension>
            <gpxtpx:hr>178</gpxtpx:hr>
          </gpxtpx:TrackPointExtension>
        </extensions>
      </trkpt>
      <trkpt lat="31.24427811595497" lon="121.61233202310211">
        <ele>5.0404907604679465</ele>
        <time>1970-01-01T00:35:40.900000Z</time>
        <extensions>
          <gpxtpx:TrackPointExtension>
            <gpxtpx:hr>178</gpxtpx:hr>
          </gpxtpx:TrackPointExtension>
        </extensions>
      </trkpt>
      <trkpt lat="31.24428534584924" lon="121.61236044933644">
        <ele>5.0544383972883224</ele>
        <time>1970-01-01T00:35:41.900000Z</time>
        <extensions>
          <gpxtpx:TrackPointExtension>
            <gpxtpx:hr>178</gpxtpx:hr>
          </gpxtpx:TrackPointExtension>
        </extensions>
      </trkpt>
      <trkpt lat="31.24429403290297" lon="121.6123882092223">
        <ele>5.0727168917655945</ele>
        <time>1970-01-01T00:35:42.900000Z</time>
        <extensions>
          <gpxtpx:TrackPointExtension>
            <gpxtpx:hr>178</gpxtpx:hr>
          </gpxtpx:TrackPointExtension>
        </extensions>
      </trkpt>
      <trkpt lat="31.24430376742951" lon="121.61241525795015">
        <ele>5.0954714780673385</ele>
        <time>1970-01-01T00:35:43.900000Z</time>
        <extensions>
          <gpxtpx:TrackPointExtension>
            <gpxtpx:hr>178</gpxtpx:hr>
          </gpxtpx:TrackPointExtension>
        </extensions>
      </trkpt>
      <trkpt lat="31.24431390641981" lon="121.61244166987375">
        <ele>5.122795953415334</ele>
        <time>1970-01-01T00:35:44.900000Z</time>
        <extensions>
          <gpxtpx:TrackPointExtension>
            <gpxtpx:hr>178</gpxtpx:hr>
          </gpxtpx:TrackPointExtension>
        </extensions>
      </trkpt>
      <trkpt lat="31.244323511683135" lon="121.61246785612039">
        <ele>5.15522297564894</ele>
        <time>1970-01-01T00:35:45.900000Z</time>
        <extensions>
          <gpxtpx:TrackPointExtension>
            <gpxtpx:hr>178</gpxtpx:hr>
          </gpxtpx:TrackPointExtension>
        </extensions>
      </trkpt>
      <trkpt lat="31.24433107422472" lon="121.61249436182821">
        <ele>5.193333023227751</ele>
        <time>1970-01-01T00:35:46.900000Z</time>
        <extensions>
          <gpxtpx:TrackPointExtension>
            <gpxtpx:hr>178</gpxtpx:hr>
          </gpxtpx:TrackPointExtension>
        </extensions>
      </trkpt>
      <trkpt lat="31.244335666001206" lon="121.61252179436215">
        <ele>5.237457952462137</ele>
        <time>1970-01-01T00:35:47.900000Z</time>
        <extensions>
          <gpxtpx:TrackPointExtension>
            <gpxtpx:hr>178</gpxtpx:hr>
          </gpxtpx:TrackPointExtension>
        </extensions>
      </trkpt>
      <trkpt lat="31.24433820502484" lon="121.612550908816">
        <ele>5.287413022480905</ele>
        <time>1970-01-01T00:35:48.900000Z</time>
        <extensions>
          <gpxtpx:TrackPointExtension>
            <gpxtpx:hr>178</gpxtpx:hr>
          </gpxtpx:TrackPointExtension>
        </extensions>
      </trkpt>
      <trkpt lat="31.24434031245378" lon="121.61258185131518">
        <ele>5.342298427596688</ele>
        <time>1970-01-01T00:35:49.900000Z</time>
        <extensions>
          <gpxtpx:TrackPointExtension>
            <gpxtpx:hr>179</gpxtpx:hr>
          </gpxtpx:TrackPointExtension>
        </extensions>
      </trkpt>
      <trkpt lat="31.244343110840102" lon="121.61261350739989">
        <ele>5.4006613697856665</ele>
        <time>1970-01-01T00:35:50.900000Z</time>
        <extensions>
          <gpxtpx:TrackPointExtension>
            <gpxtpx:hr>179</gpxtpx:hr>
          </gpxtpx:TrackPointExtension>
        </extensions>
      </trkpt>
      <trkpt lat="31.24434658884871" lon="121.61264505141477">
        <ele>5.460416595451534</ele>
        <time>1970-01-01T00:35:51.900000Z</time>
        <extensions>
          <gpxtpx:TrackPointExtension>
            <gpxtpx:hr>179</gpxtpx:hr>
          </gpxtpx:TrackPointExtension>
        </extensions>
      </trkpt>
      <trkpt lat="31.244350121965134" lon="121.61267655530088">
        <ele>5.5197417717427015</ele>
        <time>1970-01-01T00:35:52.900000Z</time>
        <extensions>
          <gpxtpx:TrackPointExtension>
            <gpxtpx:hr>179</gpxtpx:hr>
          </gpxtpx:TrackPointExtension>
        </extensions>
      </trkpt>
      <trkpt lat="31.24435366038662" lon="121.6127079835349">
        <ele>5.5779603300616145</ele>
        <time>1970-01-01T00:35:53.900000Z</time>
        <extensions>
          <gpxtpx:TrackPointExtension>
            <gpxtpx:hr>179</gpxtpx:hr>
          </gpxtpx:TrackPointExtension>
        </extensions>
      </trkpt>
      <trkpt lat="31.244357074684302" lon="121.61273935998317">
        <ele>5.635220121592283</ele>
        <time>1970-01-01T00:35:54.900000Z</time>
        <extensions>
          <gpxtpx:TrackPointExtension>
            <gpxtpx:hr>179</gpxtpx:hr>
          </gpxtpx:TrackPointExtension>
        </extensions>
      </trkpt>
      <trkpt lat="31.244360256451017" lon="121.61277074424962">
        <ele>5.691951625980437</ele>
        <time>1970-01-01T00:35:55.900000Z</time>
        <extensions>
          <gpxtpx:TrackPointExtension>
            <gpxtpx:hr>179</gpxtpx:hr>
          </gpxtpx:TrackPointExtension>
        </extensions>
      </trkpt>
      <trkpt lat="31.244363379296363" lon="121.61280206330797">
        <ele>5.7481623804196715</ele>
        <time>1970-01-01T00:35:56.900000Z</time>
        <extensions>
          <gpxtpx:TrackPointExtension>
            <gpxtpx:hr>179</gpxtpx:hr>
          </gpxtpx:TrackPointExtension>
        </extensions>
      </trkpt>
      <trkpt lat="31.244365947342647" lon="121.61283362991769">
        <ele>5.8030982334166765</ele>
        <time>1970-01-01T00:35:57.900000Z</time>
        <extensions>
          <gpxtpx:TrackPointExtension>
            <gpxtpx:hr>179</gpxtpx:hr>
          </gpxtpx:TrackPointExtension>
        </extensions>
      </trkpt>
      <trkpt lat="31.24436724808879" lon="121.612865697698">
        <ele>5.855729956179857</ele>
        <time>1970-01-01T00:35:58.900000Z</time>
        <extensions>
          <gpxtpx:TrackPointExtension>
            <gpxtpx:hr>179</gpxtpx:hr>
          </gpxtpx:TrackPointExtension>
        </extensions>
      </trkpt>
      <trkpt lat="31.2443672052268" lon="121.61289790446176">
        <ele>5.904926054179668</ele>
        <time>1970-01-01T00:35:59.900000Z</time>
        <extensions>
          <gpxtpx:TrackPointExtension>
            <gpxtpx:hr>179</gpxtpx:hr>
          </gpxtpx:TrackPointExtension>
        </extensions>
      </trkpt>
      <trkpt lat="31.24436553198985" lon="121.61292980738551">
        <ele>5.9496783735230565</ele>
        <time>1970-01-01T00:36:00.900000Z</time>
        <extensions>
          <gpxtpx:TrackPointExtension>
            <gpxtpx:hr>179</gpxtpx:hr>
          </gpxtpx:TrackPointExtension>
        </extensions>
      </trkpt>
      <trkpt lat="31.244361854237997" lon="121.61296098570067">
        <ele>5.989711911417544</ele>
        <time>1970-01-01T00:36:01.900000Z</time>
        <extensions>
          <gpxtpx:TrackPointExtension>
            <gpxtpx:hr>179</gpxtpx:hr>
          </gpxtpx:TrackPointExtension>
        </extensions>
      </trkpt>
      <trkpt lat="31.244356902714927" lon="121.61299128701934">
        <ele>6.025678291916847</ele>
        <time>1970-01-01T00:36:02.900000Z</time>
        <extensions>
          <gpxtpx:TrackPointExtension>
            <gpxtpx:hr>179</gpxtpx:hr>
          </gpxtpx:TrackPointExtension>
        </extensions>
      </trkpt>
      <trkpt lat="31.244351715243766" lon="121.6130211190489">
        <ele>6.058270446956158</ele>
        <time>1970-01-01T00:36:03.900000Z</time>
        <extensions>
          <gpxtpx:TrackPointExtension>
            <gpxtpx:hr>179</gpxtpx:hr>
          </gpxtpx:TrackPointExtension>
        </extensions>
      </trkpt>
      <trkpt lat="31.24434706987875" lon="121.61305070444338">
        <ele>6.087402857840061</ele>
        <time>1970-01-01T00:36:04.900000Z</time>
        <extensions>
          <gpxtpx:TrackPointExtension>
            <gpxtpx:hr>180</gpxtpx:hr>
          </gpxtpx:TrackPointExtension>
        </extensions>
      </trkpt>
      <trkpt lat="31.24434381981963" lon="121.61307984897864">
        <ele>6.112570562399924</ele>
        <time>1970-01-01T00:36:05.900000Z</time>
        <extensions>
          <gpxtpx:TrackPointExtension>
            <gpxtpx:hr>180</gpxtpx:hr>
          </gpxtpx:TrackPointExtension>
        </extensions>
      </trkpt>
      <trkpt lat="31.24434242166358" lon="121.613108513111">
        <ele>6.133406259119511</ele>
        <time>1970-01-01T00:36:06.900000Z</time>
        <extensions>
          <gpxtpx:TrackPointExtension>
            <gpxtpx:hr>180</gpxtpx:hr>
          </gpxtpx:TrackPointExtension>
        </extensions>
      </trkpt>
      <trkpt lat="31.244343457243307" lon="121.61313663241405">
        <ele>6.150086947716773</ele>
        <time>1970-01-01T00:36:07.900000Z</time>
        <extensions>
          <gpxtpx:TrackPointExtension>
            <gpxtpx:hr>180</gpxtpx:hr>
          </gpxtpx:TrackPointExtension>
        </extensions>
      </trkpt>
      <trkpt lat="31.244347647583137" lon="121.61316354217027">
        <ele>6.163218858651817</ele>
        <time>1970-01-01T00:36:08.900000Z</time>
        <extensions>
          <gpxtpx:TrackPointExtension>
            <gpxtpx:hr>180</gpxtpx:hr>
          </gpxtpx:TrackPointExtension>
        </extensions>
      </trkpt>
      <trkpt lat="31.244355134974843" lon="121.61318844409341">
        <ele>6.173331214115024</ele>
        <time>1970-01-01T00:36:09.900000Z</time>
        <extensions>
          <gpxtpx:TrackPointExtension>
            <gpxtpx:hr>180</gpxtpx:hr>
          </gpxtpx:TrackPointExtension>
        </extensions>
      </trkpt>
      <trkpt lat="31.244363458786545" lon="121.61321296317942">
        <ele>6.1816141456365585</ele>
        <time>1970-01-01T00:36:10.900000Z</time>
        <extensions>
          <gpxtpx:TrackPointExtension>
            <gpxtpx:hr>180</gpxtpx:hr>
          </gpxtpx:TrackPointExtension>
        </extensions>
      </trkpt>
      <trkpt lat="31.244370431754614" lon="121.61323859845228">
        <ele>6.190663522109389</ele>
        <time>1970-01-01T00:36:11.900000Z</time>
        <extensions>
          <gpxtpx:TrackPointExtension>
            <gpxtpx:hr>180</gpxtpx:hr>
          </gpxtpx:TrackPointExtension>
        </extensions>
      </trkpt>
      <trkpt lat="31.244376198968425" lon="121.61326489336071">
        <ele>6.203201597556472</ele>
        <time>1970-01-01T00:36:12.900000Z</time>
        <extensions>
          <gpxtpx:TrackPointExtension>
            <gpxtpx:hr>180</gpxtpx:hr>
          </gpxtpx:TrackPointExtension>
        </extensions>
      </trkpt>
      <trkpt lat="31.24438084986202" lon="121.61329169532901">
        <ele>6.220979363657534</ele>
        <time>1970-01-01T00:36:14Z</time>
        <extensions>
          <gpxtpx:TrackPointExtension>
            <gpxtpx:hr>180</gpxtpx:hr>
          </gpxtpx:TrackPointExtension>
        </extensions>
      </trkpt>
      <trkpt lat="31.24438465169616" lon="121.61331877171675">
        <ele>6.244877382181585</ele>
        <time>1970-01-01T00:36:15Z</time>
        <extensions>
          <gpxtpx:TrackPointExtension>
            <gpxtpx:hr>180</gpxtpx:hr>
          </gpxtpx:TrackPointExtension>
        </extensions>
      </trkpt>
      <trkpt lat="31.24438758741737" lon="121.61334619404178">
        <ele>6.275105766020715</ele>
        <time>1970-01-01T00:36:16Z</time>
        <extensions>
          <gpxtpx:TrackPointExtension>
            <gpxtpx:hr>179</gpxtpx:hr>
          </gpxtpx:TrackPointExtension>
        </extensions>
      </trkpt>
      <trkpt lat="31.244389834491816" lon="121.6133739906419">
        <ele>6.3105961456894875</ele>
        <time>1970-01-01T00:36:17Z</time>
        <extensions>
          <gpxtpx:TrackPointExtension>
            <gpxtpx:hr>179</gpxtpx:hr>
          </gpxtpx:TrackPointExtension>
        </extensions>
      </trkpt>
      <trkpt lat="31.24439164376412" lon="121.61340203608603">
        <ele>6.348831720650196</ele>
        <time>1970-01-01T00:36:18Z</time>
        <extensions>
          <gpxtpx:TrackPointExtension>
            <gpxtpx:hr>179</gpxtpx:hr>
          </gpxtpx:TrackPointExtension>
        </extensions>
      </trkpt>
      <trkpt lat="31.244392912076624" lon="121.61343040799186">
        <ele>6.387025973759592</ele>
        <time>1970-01-01T00:36:19Z</time>
        <extensions>
          <gpxtpx:TrackPointExtension>
            <gpxtpx:hr>179</gpxtpx:hr>
          </gpxtpx:TrackPointExtension>
        </extensions>
      </trkpt>
      <trkpt lat="31.244393690243776" lon="121.61345912009935">
        <ele>6.422880332916975</ele>
        <time>1970-01-01T00:36:20Z</time>
        <extensions>
          <gpxtpx:TrackPointExtension>
            <gpxtpx:hr>179</gpxtpx:hr>
          </gpxtpx:TrackPointExtension>
        </extensions>
      </trkpt>
      <trkpt lat="31.24439416249345" lon="121.61348797361251">
        <ele>6.455091484822333</ele>
        <time>1970-01-01T00:36:21Z</time>
        <extensions>
          <gpxtpx:TrackPointExtension>
            <gpxtpx:hr>179</gpxtpx:hr>
          </gpxtpx:TrackPointExtension>
        </extensions>
      </trkpt>
      <trkpt lat="31.244394138692442" lon="121.61351694439927">
        <ele>6.483801405876875</ele>
        <time>1970-01-01T00:36:22Z</time>
        <extensions>
          <gpxtpx:TrackPointExtension>
            <gpxtpx:hr>179</gpxtpx:hr>
          </gpxtpx:TrackPointExtension>
        </extensions>
      </trkpt>
      <trkpt lat="31.24439360141595" lon="121.61354603878584">
        <ele>6.510297551751137</ele>
        <time>1970-01-01T00:36:23Z</time>
        <extensions>
          <gpxtpx:TrackPointExtension>
            <gpxtpx:hr>179</gpxtpx:hr>
          </gpxtpx:TrackPointExtension>
        </extensions>
      </trkpt>
      <trkpt lat="31.2443935391023" lon="121.6135751857932">
        <ele>6.535686104558408</ele>
        <time>1970-01-01T00:36:24Z</time>
        <extensions>
          <gpxtpx:TrackPointExtension>
            <gpxtpx:hr>179</gpxtpx:hr>
          </gpxtpx:TrackPointExtension>
        </extensions>
      </trkpt>
      <trkpt lat="31.244394329658856" lon="121.61360432541659">
        <ele>6.560253348201513</ele>
        <time>1970-01-01T00:36:25Z</time>
        <extensions>
          <gpxtpx:TrackPointExtension>
            <gpxtpx:hr>179</gpxtpx:hr>
          </gpxtpx:TrackPointExtension>
        </extensions>
      </trkpt>
      <trkpt lat="31.244395635243542" lon="121.61363310925279">
        <ele>6.583965956233442</ele>
        <time>1970-01-01T00:36:26Z</time>
        <extensions>
          <gpxtpx:TrackPointExtension>
            <gpxtpx:hr>179</gpxtpx:hr>
          </gpxtpx:TrackPointExtension>
        </extensions>
      </trkpt>
      <trkpt lat="31.244397198956232" lon="121.61366152445014">
        <ele>6.605934949591756</ele>
        <time>1970-01-01T00:36:27Z</time>
        <extensions>
          <gpxtpx:TrackPointExtension>
            <gpxtpx:hr>179</gpxtpx:hr>
          </gpxtpx:TrackPointExtension>
        </extensions>
      </trkpt>
      <trkpt lat="31.244398234186484" lon="121.61368997798446">
        <ele>6.624415089376271</ele>
        <time>1970-01-01T00:36:28Z</time>
        <extensions>
          <gpxtpx:TrackPointExtension>
            <gpxtpx:hr>179</gpxtpx:hr>
          </gpxtpx:TrackPointExtension>
        </extensions>
      </trkpt>
      <trkpt lat="31.244398650144724" lon="121.61371840981705">
        <ele>6.638704400509596</ele>
        <time>1970-01-01T00:36:29Z</time>
        <extensions>
          <gpxtpx:TrackPointExtension>
            <gpxtpx:hr>179</gpxtpx:hr>
          </gpxtpx:TrackPointExtension>
        </extensions>
      </trkpt>
      <trkpt lat="31.244399577365126" lon="121.61374619764914">
        <ele>6.650181765668094</ele>
        <time>1970-01-01T00:36:30Z</time>
        <extensions>
          <gpxtpx:TrackPointExtension>
            <gpxtpx:hr>178</gpxtpx:hr>
          </gpxtpx:TrackPointExtension>
        </extensions>
      </trkpt>
      <trkpt lat="31.244401610704617" lon="121.61377283728459">
        <ele>6.6614195089787245</ele>
        <time>1970-01-01T00:36:31Z</time>
        <extensions>
          <gpxtpx:TrackPointExtension>
            <gpxtpx:hr>178</gpxtpx:hr>
          </gpxtpx:TrackPointExtension>
        </extensions>
      </trkpt>
      <trkpt lat="31.24440441939848" lon="121.61379830934705">
        <ele>6.67440449912101</ele>
        <time>1970-01-01T00:36:32Z</time>
        <extensions>
          <gpxtpx:TrackPointExtension>
            <gpxtpx:hr>178</gpxtpx:hr>
          </gpxtpx:TrackPointExtension>
        </extensions>
      </trkpt>
      <trkpt lat="31.24440767048055" lon="121.61382319235355">
        <ele>6.689978790469468</ele>
        <time>1970-01-01T00:36:33Z</time>
        <extensions>
          <gpxtpx:TrackPointExtension>
            <gpxtpx:hr>178</gpxtpx:hr>
          </gpxtpx:TrackPointExtension>
        </extensions>
      </trkpt>
      <trkpt lat="31.244411227817054" lon="121.61384869799676">
        <ele>6.708840338513255</ele>
        <time>1970-01-01T00:36:34Z</time>
        <extensions>
          <gpxtpx:TrackPointExtension>
            <gpxtpx:hr>178</gpxtpx:hr>
          </gpxtpx:TrackPointExtension>
        </extensions>
      </trkpt>
      <trkpt lat="31.244415094941328" lon="121.61387548364836">
        <ele>6.73190922755748</ele>
        <time>1970-01-01T00:36:35Z</time>
        <extensions>
          <gpxtpx:TrackPointExtension>
            <gpxtpx:hr>178</gpxtpx:hr>
          </gpxtpx:TrackPointExtension>
        </extensions>
      </trkpt>
      <trkpt lat="31.24441890055881" lon="121.6139032431223">
        <ele>6.759794071316719</ele>
        <time>1970-01-01T00:36:36Z</time>
        <extensions>
          <gpxtpx:TrackPointExtension>
            <gpxtpx:hr>178</gpxtpx:hr>
          </gpxtpx:TrackPointExtension>
        </extensions>
      </trkpt>
      <trkpt lat="31.244422146531328" lon="121.61393172365797">
        <ele>6.791266301646829</ele>
        <time>1970-01-01T00:36:37Z</time>
        <extensions>
          <gpxtpx:TrackPointExtension>
            <gpxtpx:hr>178</gpxtpx:hr>
          </gpxtpx:TrackPointExtension>
        </extensions>
      </trkpt>
      <trkpt lat="31.244424847225307" lon="121.61396086610321">
        <ele>6.823414312675595</ele>
        <time>1970-01-01T00:36:38Z</time>
        <extensions>
          <gpxtpx:TrackPointExtension>
            <gpxtpx:hr>178</gpxtpx:hr>
          </gpxtpx:TrackPointExtension>
        </extensions>
      </trkpt>
      <trkpt lat="31.24442689598711" lon="121.61399058593234">
        <ele>6.853663167916238</ele>
        <time>1970-01-01T00:36:39Z</time>
        <extensions>
          <gpxtpx:TrackPointExtension>
            <gpxtpx:hr>178</gpxtpx:hr>
          </gpxtpx:TrackPointExtension>
        </extensions>
      </trkpt>
      <trkpt lat="31.244428034819403" lon="121.61402081945249">
        <ele>6.880739031359553</ele>
        <time>1970-01-01T00:36:40Z</time>
        <extensions>
          <gpxtpx:TrackPointExtension>
            <gpxtpx:hr>178</gpxtpx:hr>
          </gpxtpx:TrackPointExtension>
        </extensions>
      </trkpt>
      <trkpt lat="31.2444283417914" lon="121.61405153486463">
        <ele>6.905596594326198</ele>
        <time>1970-01-01T00:36:41Z</time>
        <extensions>
          <gpxtpx:TrackPointExtension>
            <gpxtpx:hr>178</gpxtpx:hr>
          </gpxtpx:TrackPointExtension>
        </extensions>
      </trkpt>
      <trkpt lat="31.244427924280444" lon="121.61408269193404">
        <ele>6.931370631791651</ele>
        <time>1970-01-01T00:36:42Z</time>
        <extensions>
          <gpxtpx:TrackPointExtension>
            <gpxtpx:hr>178</gpxtpx:hr>
          </gpxtpx:TrackPointExtension>
        </extensions>
      </trkpt>
      <trkpt lat="31.244427059291706" lon="121.61411415873175">
        <ele>6.962127370759845</ele>
        <time>1970-01-01T00:36:43Z</time>
        <extensions>
          <gpxtpx:TrackPointExtension>
            <gpxtpx:hr>178</gpxtpx:hr>
          </gpxtpx:TrackPointExtension>
        </extensions>
      </trkpt>
      <trkpt lat="31.244426000027275" lon="121.61414559153012">
        <ele>7.0016366839408875</ele>
        <time>1970-01-01T00:36:44Z</time>
        <extensions>
          <gpxtpx:TrackPointExtension>
            <gpxtpx:hr>178</gpxtpx:hr>
          </gpxtpx:TrackPointExtension>
        </extensions>
      </trkpt>
      <trkpt lat="31.244424662183693" lon="121.61417673488737">
        <ele>7.051148564554751</ele>
        <time>1970-01-01T00:36:45Z</time>
        <extensions>
          <gpxtpx:TrackPointExtension>
            <gpxtpx:hr>178</gpxtpx:hr>
          </gpxtpx:TrackPointExtension>
        </extensions>
      </trkpt>
      <trkpt lat="31.244423362105564" lon="121.61420764171213">
        <ele>7.108758776448667</ele>
        <time>1970-01-01T00:36:46Z</time>
        <extensions>
          <gpxtpx:TrackPointExtension>
            <gpxtpx:hr>178</gpxtpx:hr>
          </gpxtpx:TrackPointExtension>
        </extensions>
      </trkpt>
      <trkpt lat="31.24442249825468" lon="121.6142383845286">
        <ele>7.1718241982162</ele>
        <time>1970-01-01T00:36:47Z</time>
        <extensions>
          <gpxtpx:TrackPointExtension>
            <gpxtpx:hr>178</gpxtpx:hr>
          </gpxtpx:TrackPointExtension>
        </extensions>
      </trkpt>
      <trkpt lat="31.244421931648468" lon="121.614269008521">
        <ele>7.237912060692906</ele>
        <time>1970-01-01T00:36:48Z</time>
        <extensions>
          <gpxtpx:TrackPointExtension>
            <gpxtpx:hr>178</gpxtpx:hr>
          </gpxtpx:TrackPointExtension>
        </extensions>
      </trkpt>
      <trkpt lat="31.244421467718176" lon="121.61429971612834">
        <ele>7.304529622197151</ele>
        <time>1970-01-01T00:36:49Z</time>
        <extensions>
          <gpxtpx:TrackPointExtension>
            <gpxtpx:hr>178</gpxtpx:hr>
          </gpxtpx:TrackPointExtension>
        </extensions>
      </trkpt>
      <trkpt lat="31.244421213171822" lon="121.61433074709906">
        <ele>7.368524677120149</ele>
        <time>1970-01-01T00:36:50.100000Z</time>
        <extensions>
          <gpxtpx:TrackPointExtension>
            <gpxtpx:hr>178</gpxtpx:hr>
          </gpxtpx:TrackPointExtension>
        </extensions>
      </trkpt>
      <trkpt lat="31.24442094856915" lon="121.6143619805454">
        <ele>7.425720009952784</ele>
        <time>1970-01-01T00:36:51.100000Z</time>
        <extensions>
          <gpxtpx:TrackPointExtension>
            <gpxtpx:hr>178</gpxtpx:hr>
          </gpxtpx:TrackPointExtension>
        </extensions>
      </trkpt>
      <trkpt lat="31.244420368025022" lon="121.61439298519595">
        <ele>7.471657530404627</ele>
        <time>1970-01-01T00:36:52.100000Z</time>
        <extensions>
          <gpxtpx:TrackPointExtension>
            <gpxtpx:hr>178</gpxtpx:hr>
          </gpxtpx:TrackPointExtension>
        </extensions>
      </trkpt>
      <trkpt lat="31.244419890479733" lon="121.61442348017732">
        <ele>7.502548169344664</ele>
        <time>1970-01-01T00:36:53.100000Z</time>
        <extensions>
          <gpxtpx:TrackPointExtension>
            <gpxtpx:hr>177</gpxtpx:hr>
          </gpxtpx:TrackPointExtension>
        </extensions>
      </trkpt>
      <trkpt lat="31.24441976444829" lon="121.61445344895641">
        <ele>7.516424604691565</ele>
        <time>1970-01-01T00:36:54.100000Z</time>
        <extensions>
          <gpxtpx:TrackPointExtension>
            <gpxtpx:hr>177</gpxtpx:hr>
          </gpxtpx:TrackPointExtension>
        </extensions>
      </trkpt>
      <trkpt lat="31.244419838957068" lon="121.61448301818005">
        <ele>7.5130758648738265</ele>
        <time>1970-01-01T00:36:55.100000Z</time>
        <extensions>
          <gpxtpx:TrackPointExtension>
            <gpxtpx:hr>177</gpxtpx:hr>
          </gpxtpx:TrackPointExtension>
        </extensions>
      </trkpt>
      <trkpt lat="31.244420144532018" lon="121.61451246566048">
        <ele>7.49386768694967</ele>
        <time>1970-01-01T00:36:56.100000Z</time>
        <extensions>
          <gpxtpx:TrackPointExtension>
            <gpxtpx:hr>177</gpxtpx:hr>
          </gpxtpx:TrackPointExtension>
        </extensions>
      </trkpt>
      <trkpt lat="31.24442049576894" lon="121.61454216985675">
        <ele>7.461399814113975</ele>
        <time>1970-01-01T00:36:57.100000Z</time>
        <extensions>
          <gpxtpx:TrackPointExtension>
            <gpxtpx:hr>177</gpxtpx:hr>
          </gpxtpx:TrackPointExtension>
        </extensions>
      </trkpt>
      <trkpt lat="31.24442075205823" lon="121.61457223416843">
        <ele>7.418366555124521</ele>
        <time>1970-01-01T00:36:58.100000Z</time>
        <extensions>
          <gpxtpx:TrackPointExtension>
            <gpxtpx:hr>177</gpxtpx:hr>
          </gpxtpx:TrackPointExtension>
        </extensions>
      </trkpt>
      <trkpt lat="31.2444212664205" lon="121.61460238562029">
        <ele>7.367345525883138</ele>
        <time>1970-01-01T00:36:59.100000Z</time>
        <extensions>
          <gpxtpx:TrackPointExtension>
            <gpxtpx:hr>177</gpxtpx:hr>
          </gpxtpx:TrackPointExtension>
        </extensions>
      </trkpt>
      <trkpt lat="31.244422006053526" lon="121.61463222985674">
        <ele>7.31073560193181</ele>
        <time>1970-01-01T00:37:00.100000Z</time>
        <extensions>
          <gpxtpx:TrackPointExtension>
            <gpxtpx:hr>179</gpxtpx:hr>
          </gpxtpx:TrackPointExtension>
        </extensions>
      </trkpt>
      <trkpt lat="31.244422940347363" lon="121.61466149785959">
        <ele>7.250927095301449</ele>
        <time>1970-01-01T00:37:01.100000Z</time>
        <extensions>
          <gpxtpx:TrackPointExtension>
            <gpxtpx:hr>179</gpxtpx:hr>
          </gpxtpx:TrackPointExtension>
        </extensions>
      </trkpt>
      <trkpt lat="31.24442427542907" lon="121.61469015668914">
        <ele>7.190730160102248</ele>
        <time>1970-01-01T00:37:02.100000Z</time>
        <extensions>
          <gpxtpx:TrackPointExtension>
            <gpxtpx:hr>179</gpxtpx:hr>
          </gpxtpx:TrackPointExtension>
        </extensions>
      </trkpt>
      <trkpt lat="31.244425751582995" lon="121.61471843216272">
        <ele>7.132235483266413</ele>
        <time>1970-01-01T00:37:03.100000Z</time>
        <extensions>
          <gpxtpx:TrackPointExtension>
            <gpxtpx:hr>179</gpxtpx:hr>
          </gpxtpx:TrackPointExtension>
        </extensions>
      </trkpt>
      <trkpt lat="31.244426866470896" lon="121.61474668680583">
        <ele>7.07633319683373</ele>
        <time>1970-01-01T00:37:04.100000Z</time>
        <extensions>
          <gpxtpx:TrackPointExtension>
            <gpxtpx:hr>179</gpxtpx:hr>
          </gpxtpx:TrackPointExtension>
        </extensions>
      </trkpt>
      <trkpt lat="31.24442728860432" lon="121.6147748761386">
        <ele>7.023960869759321</ele>
        <time>1970-01-01T00:37:05.100000Z</time>
        <extensions>
          <gpxtpx:TrackPointExtension>
            <gpxtpx:hr>179</gpxtpx:hr>
          </gpxtpx:TrackPointExtension>
        </extensions>
      </trkpt>
      <trkpt lat="31.244426825624963" lon="121.61480260392212">
        <ele>6.976188673637807</ele>
        <time>1970-01-01T00:37:06.100000Z</time>
        <extensions>
          <gpxtpx:TrackPointExtension>
            <gpxtpx:hr>179</gpxtpx:hr>
          </gpxtpx:TrackPointExtension>
        </extensions>
      </trkpt>
      <trkpt lat="31.24442535113852" lon="121.61482966080989">
        <ele>6.933698637410998</ele>
        <time>1970-01-01T00:37:07.100000Z</time>
        <extensions>
          <gpxtpx:TrackPointExtension>
            <gpxtpx:hr>179</gpxtpx:hr>
          </gpxtpx:TrackPointExtension>
        </extensions>
      </trkpt>
      <trkpt lat="31.244424753679798" lon="121.61485649198386">
        <ele>6.896487800404429</ele>
        <time>1970-01-01T00:37:08.100000Z</time>
        <extensions>
          <gpxtpx:TrackPointExtension>
            <gpxtpx:hr>179</gpxtpx:hr>
          </gpxtpx:TrackPointExtension>
        </extensions>
      </trkpt>
      <trkpt lat="31.244426663646568" lon="121.61488368941073">
        <ele>6.863929066807032</ele>
        <time>1970-01-01T00:37:09.100000Z</time>
        <extensions>
          <gpxtpx:TrackPointExtension>
            <gpxtpx:hr>179</gpxtpx:hr>
          </gpxtpx:TrackPointExtension>
        </extensions>
      </trkpt>
      <trkpt lat="31.24442985658034" lon="121.61491154450609">
        <ele>6.835097972303629</ele>
        <time>1970-01-01T00:37:10.100000Z</time>
        <extensions>
          <gpxtpx:TrackPointExtension>
            <gpxtpx:hr>180</gpxtpx:hr>
          </gpxtpx:TrackPointExtension>
        </extensions>
      </trkpt>
      <trkpt lat="31.244433121041585" lon="121.61494009456321">
        <ele>6.809069879353046</ele>
        <time>1970-01-01T00:37:11.100000Z</time>
        <extensions>
          <gpxtpx:TrackPointExtension>
            <gpxtpx:hr>180</gpxtpx:hr>
          </gpxtpx:TrackPointExtension>
        </extensions>
      </trkpt>
      <trkpt lat="31.244436063729825" lon="121.61496896765567">
        <ele>6.785851306281984</ele>
        <time>1970-01-01T00:37:12.100000Z</time>
        <extensions>
          <gpxtpx:TrackPointExtension>
            <gpxtpx:hr>180</gpxtpx:hr>
          </gpxtpx:TrackPointExtension>
        </extensions>
      </trkpt>
      <trkpt lat="31.244438273511953" lon="121.6149977589584">
        <ele>6.766770733520389</ele>
        <time>1970-01-01T00:37:13.100000Z</time>
        <extensions>
          <gpxtpx:TrackPointExtension>
            <gpxtpx:hr>180</gpxtpx:hr>
          </gpxtpx:TrackPointExtension>
        </extensions>
      </trkpt>
      <trkpt lat="31.244440382267186" lon="121.61502627072514">
        <ele>6.753572668880224</ele>
        <time>1970-01-01T00:37:14.100000Z</time>
        <extensions>
          <gpxtpx:TrackPointExtension>
            <gpxtpx:hr>180</gpxtpx:hr>
          </gpxtpx:TrackPointExtension>
        </extensions>
      </trkpt>
      <trkpt lat="31.244443304981793" lon="121.61505443038833">
        <ele>6.746605017222464</ele>
        <time>1970-01-01T00:37:15.100000Z</time>
        <extensions>
          <gpxtpx:TrackPointExtension>
            <gpxtpx:hr>180</gpxtpx:hr>
          </gpxtpx:TrackPointExtension>
        </extensions>
      </trkpt>
      <trkpt lat="31.244446925456344" lon="121.61508227304294">
        <ele>6.744306268170476</ele>
        <time>1970-01-01T00:37:16.100000Z</time>
        <extensions>
          <gpxtpx:TrackPointExtension>
            <gpxtpx:hr>179</gpxtpx:hr>
          </gpxtpx:TrackPointExtension>
        </extensions>
      </trkpt>
      <trkpt lat="31.244450449297084" lon="121.61510994905228">
        <ele>6.745331676676869</ele>
        <time>1970-01-01T00:37:17.100000Z</time>
        <extensions>
          <gpxtpx:TrackPointExtension>
            <gpxtpx:hr>179</gpxtpx:hr>
          </gpxtpx:TrackPointExtension>
        </extensions>
      </trkpt>
      <trkpt lat="31.244453269800825" lon="121.61513747143877">
        <ele>6.749374681152403</ele>
        <time>1970-01-01T00:37:18.100000Z</time>
        <extensions>
          <gpxtpx:TrackPointExtension>
            <gpxtpx:hr>179</gpxtpx:hr>
          </gpxtpx:TrackPointExtension>
        </extensions>
      </trkpt>
      <trkpt lat="31.244455421168574" lon="121.61516487773501">
        <ele>6.755778415128589</ele>
        <time>1970-01-01T00:37:19.100000Z</time>
        <extensions>
          <gpxtpx:TrackPointExtension>
            <gpxtpx:hr>179</gpxtpx:hr>
          </gpxtpx:TrackPointExtension>
        </extensions>
      </trkpt>
      <trkpt lat="31.244456379979553" lon="121.61519231771307">
        <ele>6.762698022648692</ele>
        <time>1970-01-01T00:37:20.100000Z</time>
        <extensions>
          <gpxtpx:TrackPointExtension>
            <gpxtpx:hr>180</gpxtpx:hr>
          </gpxtpx:TrackPointExtension>
        </extensions>
      </trkpt>
      <trkpt lat="31.244456002525407" lon="121.61521964684579">
        <ele>6.766248978674412</ele>
        <time>1970-01-01T00:37:21.100000Z</time>
        <extensions>
          <gpxtpx:TrackPointExtension>
            <gpxtpx:hr>180</gpxtpx:hr>
          </gpxtpx:TrackPointExtension>
        </extensions>
      </trkpt>
      <trkpt lat="31.24445528512048" lon="121.61524653175415">
        <ele>6.761867880821228</ele>
        <time>1970-01-01T00:37:22.100000Z</time>
        <extensions>
          <gpxtpx:TrackPointExtension>
            <gpxtpx:hr>180</gpxtpx:hr>
          </gpxtpx:TrackPointExtension>
        </extensions>
      </trkpt>
      <trkpt lat="31.244453806899273" lon="121.61527282389476">
        <ele>6.747078003361821</ele>
        <time>1970-01-01T00:37:23.100000Z</time>
        <extensions>
          <gpxtpx:TrackPointExtension>
            <gpxtpx:hr>180</gpxtpx:hr>
          </gpxtpx:TrackPointExtension>
        </extensions>
      </trkpt>
      <trkpt lat="31.244451111518224" lon="121.615298551979">
        <ele>6.72146378364414</ele>
        <time>1970-01-01T00:37:24.100000Z</time>
        <extensions>
          <gpxtpx:TrackPointExtension>
            <gpxtpx:hr>178</gpxtpx:hr>
          </gpxtpx:TrackPointExtension>
        </extensions>
      </trkpt>
      <trkpt lat="31.244448040623354" lon="121.6153240229054">
        <ele>6.686085702851415</ele>
        <time>1970-01-01T00:37:25.200000Z</time>
        <extensions>
          <gpxtpx:TrackPointExtension>
            <gpxtpx:hr>178</gpxtpx:hr>
          </gpxtpx:TrackPointExtension>
        </extensions>
      </trkpt>
      <trkpt lat="31.244445181206316" lon="121.61534977797695">
        <ele>6.641938696615398</ele>
        <time>1970-01-01T00:37:26.200000Z</time>
        <extensions>
          <gpxtpx:TrackPointExtension>
            <gpxtpx:hr>178</gpxtpx:hr>
          </gpxtpx:TrackPointExtension>
        </extensions>
      </trkpt>
      <trkpt lat="31.2444435245926" lon="121.6153763713821">
        <ele>6.588168469257653</ele>
        <time>1970-01-01T00:37:27.200000Z</time>
        <extensions>
          <gpxtpx:TrackPointExtension>
            <gpxtpx:hr>178</gpxtpx:hr>
          </gpxtpx:TrackPointExtension>
        </extensions>
      </trkpt>
      <trkpt lat="31.24444364686591" lon="121.61540397949527">
        <ele>6.522944780997932</ele>
        <time>1970-01-01T00:37:28.200000Z</time>
        <extensions>
          <gpxtpx:TrackPointExtension>
            <gpxtpx:hr>178</gpxtpx:hr>
          </gpxtpx:TrackPointExtension>
        </extensions>
      </trkpt>
      <trkpt lat="31.24444506772359" lon="121.6154323333209">
        <ele>6.4452316872775555</ele>
        <time>1970-01-01T00:37:29.200000Z</time>
        <extensions>
          <gpxtpx:TrackPointExtension>
            <gpxtpx:hr>178</gpxtpx:hr>
          </gpxtpx:TrackPointExtension>
        </extensions>
      </trkpt>
      <trkpt lat="31.244447232582544" lon="121.61546103817972">
        <ele>6.3554559806361794</ele>
        <time>1970-01-01T00:37:30.200000Z</time>
        <extensions>
          <gpxtpx:TrackPointExtension>
            <gpxtpx:hr>178</gpxtpx:hr>
          </gpxtpx:TrackPointExtension>
        </extensions>
      </trkpt>
      <trkpt lat="31.244449885747027" lon="121.61548976862599">
        <ele>6.25574588496238</ele>
        <time>1970-01-01T00:37:31.200000Z</time>
        <extensions>
          <gpxtpx:TrackPointExtension>
            <gpxtpx:hr>178</gpxtpx:hr>
          </gpxtpx:TrackPointExtension>
        </extensions>
      </trkpt>
      <trkpt lat="31.24445249220999" lon="121.61551840672921">
        <ele>6.15036709792912</ele>
        <time>1970-01-01T00:37:32.200000Z</time>
        <extensions>
          <gpxtpx:TrackPointExtension>
            <gpxtpx:hr>178</gpxtpx:hr>
          </gpxtpx:TrackPointExtension>
        </extensions>
      </trkpt>
      <trkpt lat="31.244454608641853" lon="121.61554685081929">
        <ele>6.045023343525827</ele>
        <time>1970-01-01T00:37:33.200000Z</time>
        <extensions>
          <gpxtpx:TrackPointExtension>
            <gpxtpx:hr>178</gpxtpx:hr>
          </gpxtpx:TrackPointExtension>
        </extensions>
      </trkpt>
      <trkpt lat="31.244456186343196" lon="121.61557505613285">
        <ele>5.9469292080029845</ele>
        <time>1970-01-01T00:37:34.200000Z</time>
        <extensions>
          <gpxtpx:TrackPointExtension>
            <gpxtpx:hr>178</gpxtpx:hr>
          </gpxtpx:TrackPointExtension>
        </extensions>
      </trkpt>
      <trkpt lat="31.244457233913014" lon="121.61560331845085">
        <ele>5.863899101503193</ele>
        <time>1970-01-01T00:37:35.200000Z</time>
        <extensions>
          <gpxtpx:TrackPointExtension>
            <gpxtpx:hr>178</gpxtpx:hr>
          </gpxtpx:TrackPointExtension>
        </extensions>
      </trkpt>
      <trkpt lat="31.24445770004012" lon="121.61563200887156">
        <ele>5.80010677035898</ele>
        <time>1970-01-01T00:37:36.200000Z</time>
        <extensions>
          <gpxtpx:TrackPointExtension>
            <gpxtpx:hr>178</gpxtpx:hr>
          </gpxtpx:TrackPointExtension>
        </extensions>
      </trkpt>
      <trkpt lat="31.24445762983205" lon="121.61566098759106">
        <ele>5.755699314177036</ele>
        <time>1970-01-01T00:37:37.200000Z</time>
        <extensions>
          <gpxtpx:TrackPointExtension>
            <gpxtpx:hr>178</gpxtpx:hr>
          </gpxtpx:TrackPointExtension>
        </extensions>
      </trkpt>
      <trkpt lat="31.24445702860073" lon="121.6156898548706">
        <ele>5.728605812415481</ele>
        <time>1970-01-01T00:37:38.200000Z</time>
        <extensions>
          <gpxtpx:TrackPointExtension>
            <gpxtpx:hr>178</gpxtpx:hr>
          </gpxtpx:TrackPointExtension>
        </extensions>
      </trkpt>
      <trkpt lat="31.244456129650956" lon="121.6157184672822">
        <ele>5.715684956870973</ele>
        <time>1970-01-01T00:37:39.200000Z</time>
        <extensions>
          <gpxtpx:TrackPointExtension>
            <gpxtpx:hr>179</gpxtpx:hr>
          </gpxtpx:TrackPointExtension>
        </extensions>
      </trkpt>
      <trkpt lat="31.244455578482437" lon="121.61574712652444">
        <ele>5.713516071438789</ele>
        <time>1970-01-01T00:37:40.200000Z</time>
        <extensions>
          <gpxtpx:TrackPointExtension>
            <gpxtpx:hr>179</gpxtpx:hr>
          </gpxtpx:TrackPointExtension>
        </extensions>
      </trkpt>
      <trkpt lat="31.244455238707864" lon="121.61577612925954">
        <ele>5.718873361125588</ele>
        <time>1970-01-01T00:37:41.200000Z</time>
        <extensions>
          <gpxtpx:TrackPointExtension>
            <gpxtpx:hr>179</gpxtpx:hr>
          </gpxtpx:TrackPointExtension>
        </extensions>
      </trkpt>
      <trkpt lat="31.244454906748246" lon="121.61580554399168">
        <ele>5.728987670503557</ele>
        <time>1970-01-01T00:37:42.200000Z</time>
        <extensions>
          <gpxtpx:TrackPointExtension>
            <gpxtpx:hr>179</gpxtpx:hr>
          </gpxtpx:TrackPointExtension>
        </extensions>
      </trkpt>
      <trkpt lat="31.244454535359143" lon="121.61583536318314">
        <ele>5.741658801212907</ele>
        <time>1970-01-01T00:37:43.200000Z</time>
        <extensions>
          <gpxtpx:TrackPointExtension>
            <gpxtpx:hr>179</gpxtpx:hr>
          </gpxtpx:TrackPointExtension>
        </extensions>
      </trkpt>
      <trkpt lat="31.244453745515276" lon="121.61586556360722">
        <ele>5.755270264111459</ele>
        <time>1970-01-01T00:37:44.200000Z</time>
        <extensions>
          <gpxtpx:TrackPointExtension>
            <gpxtpx:hr>179</gpxtpx:hr>
          </gpxtpx:TrackPointExtension>
        </extensions>
      </trkpt>
      <trkpt lat="31.24445240405949" lon="121.6158960353474">
        <ele>5.768751636147499</ele>
        <time>1970-01-01T00:37:45.200000Z</time>
        <extensions>
          <gpxtpx:TrackPointExtension>
            <gpxtpx:hr>179</gpxtpx:hr>
          </gpxtpx:TrackPointExtension>
        </extensions>
      </trkpt>
      <trkpt lat="31.24445104474358" lon="121.61592679394144">
        <ele>5.78149538859725</ele>
        <time>1970-01-01T00:37:46.200000Z</time>
        <extensions>
          <gpxtpx:TrackPointExtension>
            <gpxtpx:hr>179</gpxtpx:hr>
          </gpxtpx:TrackPointExtension>
        </extensions>
      </trkpt>
      <trkpt lat="31.24445019627337" lon="121.61595814449473">
        <ele>5.793243693187833</ele>
        <time>1970-01-01T00:37:47.200000Z</time>
        <extensions>
          <gpxtpx:TrackPointExtension>
            <gpxtpx:hr>179</gpxtpx:hr>
          </gpxtpx:TrackPointExtension>
        </extensions>
      </trkpt>
      <trkpt lat="31.244449625223613" lon="121.61599036194318">
        <ele>5.803981028497219</ele>
        <time>1970-01-01T00:37:48.200000Z</time>
        <extensions>
          <gpxtpx:TrackPointExtension>
            <gpxtpx:hr>179</gpxtpx:hr>
          </gpxtpx:TrackPointExtension>
        </extensions>
      </trkpt>
      <trkpt lat="31.244449054114046" lon="121.61602346536937">
        <ele>5.813818719238043</ele>
        <time>1970-01-01T00:37:49.200000Z</time>
        <extensions>
          <gpxtpx:TrackPointExtension>
            <gpxtpx:hr>179</gpxtpx:hr>
          </gpxtpx:TrackPointExtension>
        </extensions>
      </trkpt>
      <trkpt lat="31.24444842943325" lon="121.61605717674959">
        <ele>5.822901430539787</ele>
        <time>1970-01-01T00:37:50.200000Z</time>
        <extensions>
          <gpxtpx:TrackPointExtension>
            <gpxtpx:hr>179</gpxtpx:hr>
          </gpxtpx:TrackPointExtension>
        </extensions>
      </trkpt>
      <trkpt lat="31.244447538039022" lon="121.61609119685127">
        <ele>5.831334703601897</ele>
        <time>1970-01-01T00:37:51.200000Z</time>
        <extensions>
          <gpxtpx:TrackPointExtension>
            <gpxtpx:hr>179</gpxtpx:hr>
          </gpxtpx:TrackPointExtension>
        </extensions>
      </trkpt>
      <trkpt lat="31.244446787725696" lon="121.61612509470685">
        <ele>5.839137751609087</ele>
        <time>1970-01-01T00:37:52.200000Z</time>
        <extensions>
          <gpxtpx:TrackPointExtension>
            <gpxtpx:hr>179</gpxtpx:hr>
          </gpxtpx:TrackPointExtension>
        </extensions>
      </trkpt>
      <trkpt lat="31.24444660672184" lon="121.61615814687978">
        <ele>5.846221243031323</ele>
        <time>1970-01-01T00:37:53.200000Z</time>
        <extensions>
          <gpxtpx:TrackPointExtension>
            <gpxtpx:hr>179</gpxtpx:hr>
          </gpxtpx:TrackPointExtension>
        </extensions>
      </trkpt>
      <trkpt lat="31.244447001098855" lon="121.61618997013983">
        <ele>5.852404126897454</ele>
        <time>1970-01-01T00:37:54.200000Z</time>
        <extensions>
          <gpxtpx:TrackPointExtension>
            <gpxtpx:hr>179</gpxtpx:hr>
          </gpxtpx:TrackPointExtension>
        </extensions>
      </trkpt>
      <trkpt lat="31.244447837111863" lon="121.61622086085193">
        <ele>5.857454154640436</ele>
        <time>1970-01-01T00:37:55.200000Z</time>
        <extensions>
          <gpxtpx:TrackPointExtension>
            <gpxtpx:hr>179</gpxtpx:hr>
          </gpxtpx:TrackPointExtension>
        </extensions>
      </trkpt>
      <trkpt lat="31.244448595446677" lon="121.61625123457307">
        <ele>5.861104021780193</ele>
        <time>1970-01-01T00:37:56.200000Z</time>
        <extensions>
          <gpxtpx:TrackPointExtension>
            <gpxtpx:hr>179</gpxtpx:hr>
          </gpxtpx:TrackPointExtension>
        </extensions>
      </trkpt>
      <trkpt lat="31.24444967864033" lon="121.61628115633204">
        <ele>5.863024523481727</ele>
        <time>1970-01-01T00:37:57.200000Z</time>
        <extensions>
          <gpxtpx:TrackPointExtension>
            <gpxtpx:hr>178</gpxtpx:hr>
          </gpxtpx:TrackPointExtension>
        </extensions>
      </trkpt>
      <trkpt lat="31.244451279815635" lon="121.61631078639127">
        <ele>5.862812226638198</ele>
        <time>1970-01-01T00:37:58.200000Z</time>
        <extensions>
          <gpxtpx:TrackPointExtension>
            <gpxtpx:hr>178</gpxtpx:hr>
          </gpxtpx:TrackPointExtension>
        </extensions>
      </trkpt>
      <trkpt lat="31.24445265444052" lon="121.61634030175574">
        <ele>5.860053048469126</ele>
        <time>1970-01-01T00:37:59.200000Z</time>
        <extensions>
          <gpxtpx:TrackPointExtension>
            <gpxtpx:hr>178</gpxtpx:hr>
          </gpxtpx:TrackPointExtension>
        </extensions>
      </trkpt>
      <trkpt lat="31.244453834949923" lon="121.61636955242646">
        <ele>5.854460229165852</ele>
        <time>1970-01-01T00:38:00.200000Z</time>
        <extensions>
          <gpxtpx:TrackPointExtension>
            <gpxtpx:hr>178</gpxtpx:hr>
          </gpxtpx:TrackPointExtension>
        </extensions>
      </trkpt>
      <trkpt lat="31.244454966808263" lon="121.616398591868">
        <ele>5.845997480675578</ele>
        <time>1970-01-01T00:38:01.200000Z</time>
        <extensions>
          <gpxtpx:TrackPointExtension>
            <gpxtpx:hr>178</gpxtpx:hr>
          </gpxtpx:TrackPointExtension>
        </extensions>
      </trkpt>
      <trkpt lat="31.244455644763878" lon="121.61642773036965">
        <ele>5.8349240263924</ele>
        <time>1970-01-01T00:38:02.200000Z</time>
        <extensions>
          <gpxtpx:TrackPointExtension>
            <gpxtpx:hr>178</gpxtpx:hr>
          </gpxtpx:TrackPointExtension>
        </extensions>
      </trkpt>
      <trkpt lat="31.244456041052207" lon="121.61645706083631">
        <ele>5.821788516826928</ele>
        <time>1970-01-01T00:38:03.200000Z</time>
        <extensions>
          <gpxtpx:TrackPointExtension>
            <gpxtpx:hr>178</gpxtpx:hr>
          </gpxtpx:TrackPointExtension>
        </extensions>
      </trkpt>
      <trkpt lat="31.2444565832034" lon="121.61648665849789">
        <ele>5.807326931506395</ele>
        <time>1970-01-01T00:38:04.200000Z</time>
        <extensions>
          <gpxtpx:TrackPointExtension>
            <gpxtpx:hr>178</gpxtpx:hr>
          </gpxtpx:TrackPointExtension>
        </extensions>
      </trkpt>
      <trkpt lat="31.244457744109923" lon="121.61651670311466">
        <ele>5.792248916812241</ele>
        <time>1970-01-01T00:38:05.200000Z</time>
        <extensions>
          <gpxtpx:TrackPointExtension>
            <gpxtpx:hr>178</gpxtpx:hr>
          </gpxtpx:TrackPointExtension>
        </extensions>
      </trkpt>
      <trkpt lat="31.244459692801204" lon="121.61654730059732">
        <ele>5.777054565027356</ele>
        <time>1970-01-01T00:38:06.200000Z</time>
        <extensions>
          <gpxtpx:TrackPointExtension>
            <gpxtpx:hr>178</gpxtpx:hr>
          </gpxtpx:TrackPointExtension>
        </extensions>
      </trkpt>
      <trkpt lat="31.24446187157203" lon="121.61657844914419">
        <ele>5.761971291154623</ele>
        <time>1970-01-01T00:38:07.200000Z</time>
        <extensions>
          <gpxtpx:TrackPointExtension>
            <gpxtpx:hr>178</gpxtpx:hr>
          </gpxtpx:TrackPointExtension>
        </extensions>
      </trkpt>
      <trkpt lat="31.244463893136427" lon="121.61660986939008">
        <ele>5.746965077705681</ele>
        <time>1970-01-01T00:38:08.200000Z</time>
        <extensions>
          <gpxtpx:TrackPointExtension>
            <gpxtpx:hr>178</gpxtpx:hr>
          </gpxtpx:TrackPointExtension>
        </extensions>
      </trkpt>
      <trkpt lat="31.24446642413013" lon="121.6166411752483">
        <ele>5.731818755157292</ele>
        <time>1970-01-01T00:38:09.200000Z</time>
        <extensions>
          <gpxtpx:TrackPointExtension>
            <gpxtpx:hr>178</gpxtpx:hr>
          </gpxtpx:TrackPointExtension>
        </extensions>
      </trkpt>
      <trkpt lat="31.244469929090005" lon="121.61667219434662">
        <ele>5.716292451135814</ele>
        <time>1970-01-01T00:38:10.200000Z</time>
        <extensions>
          <gpxtpx:TrackPointExtension>
            <gpxtpx:hr>179</gpxtpx:hr>
          </gpxtpx:TrackPointExtension>
        </extensions>
      </trkpt>
      <trkpt lat="31.244473539963735" lon="121.61670297592168">
        <ele>5.7002688543871045</ele>
        <time>1970-01-01T00:38:11.200000Z</time>
        <extensions>
          <gpxtpx:TrackPointExtension>
            <gpxtpx:hr>179</gpxtpx:hr>
          </gpxtpx:TrackPointExtension>
        </extensions>
      </trkpt>
      <trkpt lat="31.24447641574889" lon="121.61673363836539">
        <ele>5.683795674704015</ele>
        <time>1970-01-01T00:38:12.200000Z</time>
        <extensions>
          <gpxtpx:TrackPointExtension>
            <gpxtpx:hr>179</gpxtpx:hr>
          </gpxtpx:TrackPointExtension>
        </extensions>
      </trkpt>
      <trkpt lat="31.244478288025395" lon="121.61676409136018">
        <ele>5.667058440856636</ele>
        <time>1970-01-01T00:38:13.200000Z</time>
        <extensions>
          <gpxtpx:TrackPointExtension>
            <gpxtpx:hr>179</gpxtpx:hr>
          </gpxtpx:TrackPointExtension>
        </extensions>
      </trkpt>
      <trkpt lat="31.24447993506146" lon="121.61679431237529">
        <ele>5.650292697362602</ele>
        <time>1970-01-01T00:38:14.200000Z</time>
        <extensions>
          <gpxtpx:TrackPointExtension>
            <gpxtpx:hr>179</gpxtpx:hr>
          </gpxtpx:TrackPointExtension>
        </extensions>
      </trkpt>
      <trkpt lat="31.244482410911324" lon="121.61682445857132">
        <ele>5.633609998971224</ele>
        <time>1970-01-01T00:38:15.200000Z</time>
        <extensions>
          <gpxtpx:TrackPointExtension>
            <gpxtpx:hr>178</gpxtpx:hr>
          </gpxtpx:TrackPointExtension>
        </extensions>
      </trkpt>
      <trkpt lat="31.244485318587845" lon="121.61685464631128">
        <ele>5.6168660167604685</ele>
        <time>1970-01-01T00:38:16.200000Z</time>
        <extensions>
          <gpxtpx:TrackPointExtension>
            <gpxtpx:hr>178</gpxtpx:hr>
          </gpxtpx:TrackPointExtension>
        </extensions>
      </trkpt>
      <trkpt lat="31.244488081302862" lon="121.61688514661975">
        <ele>5.599734156392515</ele>
        <time>1970-01-01T00:38:17.200000Z</time>
        <extensions>
          <gpxtpx:TrackPointExtension>
            <gpxtpx:hr>178</gpxtpx:hr>
          </gpxtpx:TrackPointExtension>
        </extensions>
      </trkpt>
      <trkpt lat="31.244490421642208" lon="121.61691660759168">
        <ele>5.581937877461314</ele>
        <time>1970-01-01T00:38:18.200000Z</time>
        <extensions>
          <gpxtpx:TrackPointExtension>
            <gpxtpx:hr>178</gpxtpx:hr>
          </gpxtpx:TrackPointExtension>
        </extensions>
      </trkpt>
      <trkpt lat="31.24449171291353" lon="121.61694966923744">
        <ele>5.563467141240835</ele>
        <time>1970-01-01T00:38:19.200000Z</time>
        <extensions>
          <gpxtpx:TrackPointExtension>
            <gpxtpx:hr>178</gpxtpx:hr>
          </gpxtpx:TrackPointExtension>
        </extensions>
      </trkpt>
      <trkpt lat="31.24449139635765" lon="121.61698431133408">
        <ele>5.544707102701068</ele>
        <time>1970-01-01T00:38:20.200000Z</time>
        <extensions>
          <gpxtpx:TrackPointExtension>
            <gpxtpx:hr>178</gpxtpx:hr>
          </gpxtpx:TrackPointExtension>
        </extensions>
      </trkpt>
      <trkpt lat="31.244489379945882" lon="121.61701971179089">
        <ele>5.526474250480533</ele>
        <time>1970-01-01T00:38:21.200000Z</time>
        <extensions>
          <gpxtpx:TrackPointExtension>
            <gpxtpx:hr>179</gpxtpx:hr>
          </gpxtpx:TrackPointExtension>
        </extensions>
      </trkpt>
      <trkpt lat="31.244486391318226" lon="121.6170549557787">
        <ele>5.509868847206235</ele>
        <time>1970-01-01T00:38:22.200000Z</time>
        <extensions>
          <gpxtpx:TrackPointExtension>
            <gpxtpx:hr>179</gpxtpx:hr>
          </gpxtpx:TrackPointExtension>
        </extensions>
      </trkpt>
      <trkpt lat="31.24448358617453" lon="121.61708945489208">
        <ele>5.495928460732102</ele>
        <time>1970-01-01T00:38:23.200000Z</time>
        <extensions>
          <gpxtpx:TrackPointExtension>
            <gpxtpx:hr>179</gpxtpx:hr>
          </gpxtpx:TrackPointExtension>
        </extensions>
      </trkpt>
      <trkpt lat="31.24448176357277" lon="121.61712281424238">
        <ele>5.485332241281867</ele>
        <time>1970-01-01T00:38:24.200000Z</time>
        <extensions>
          <gpxtpx:TrackPointExtension>
            <gpxtpx:hr>179</gpxtpx:hr>
          </gpxtpx:TrackPointExtension>
        </extensions>
      </trkpt>
      <trkpt lat="31.244479909444962" lon="121.61715489298487">
        <ele>5.4783367635682225</ele>
        <time>1970-01-01T00:38:25.200000Z</time>
        <extensions>
          <gpxtpx:TrackPointExtension>
            <gpxtpx:hr>178</gpxtpx:hr>
          </gpxtpx:TrackPointExtension>
        </extensions>
      </trkpt>
      <trkpt lat="31.24447717416552" lon="121.61718579486516">
        <ele>5.474814963527024</ele>
        <time>1970-01-01T00:38:26.200000Z</time>
        <extensions>
          <gpxtpx:TrackPointExtension>
            <gpxtpx:hr>178</gpxtpx:hr>
          </gpxtpx:TrackPointExtension>
        </extensions>
      </trkpt>
      <trkpt lat="31.24447389045016" lon="121.61721566175778">
        <ele>5.474339633248746</ele>
        <time>1970-01-01T00:38:27.200000Z</time>
        <extensions>
          <gpxtpx:TrackPointExtension>
            <gpxtpx:hr>178</gpxtpx:hr>
          </gpxtpx:TrackPointExtension>
        </extensions>
      </trkpt>
      <trkpt lat="31.244469771252767" lon="121.61724482868058">
        <ele>5.476334796287119</ele>
        <time>1970-01-01T00:38:28.200000Z</time>
        <extensions>
          <gpxtpx:TrackPointExtension>
            <gpxtpx:hr>178</gpxtpx:hr>
          </gpxtpx:TrackPointExtension>
        </extensions>
      </trkpt>
      <trkpt lat="31.244464038368598" lon="121.61727382575917">
        <ele>5.480187214910984</ele>
        <time>1970-01-01T00:38:29.200000Z</time>
        <extensions>
          <gpxtpx:TrackPointExtension>
            <gpxtpx:hr>178</gpxtpx:hr>
          </gpxtpx:TrackPointExtension>
        </extensions>
      </trkpt>
      <trkpt lat="31.244457263914466" lon="121.61730318707907">
        <ele>5.48524877242744</ele>
        <time>1970-01-01T00:38:30.200000Z</time>
        <extensions>
          <gpxtpx:TrackPointExtension>
            <gpxtpx:hr>178</gpxtpx:hr>
          </gpxtpx:TrackPointExtension>
        </extensions>
      </trkpt>
      <trkpt lat="31.244451298987826" lon="121.61733313011516">
        <ele>5.490781982429326</ele>
        <time>1970-01-01T00:38:31.200000Z</time>
        <extensions>
          <gpxtpx:TrackPointExtension>
            <gpxtpx:hr>178</gpxtpx:hr>
          </gpxtpx:TrackPointExtension>
        </extensions>
      </trkpt>
      <trkpt lat="31.24444699074688" lon="121.61736287078362">
        <ele>5.495959293097258</ele>
        <time>1970-01-01T00:38:32.200000Z</time>
        <extensions>
          <gpxtpx:TrackPointExtension>
            <gpxtpx:hr>178</gpxtpx:hr>
          </gpxtpx:TrackPointExtension>
        </extensions>
      </trkpt>
      <trkpt lat="31.244444770620888" lon="121.6173917664953">
        <ele>5.499969228170812</ele>
        <time>1970-01-01T00:38:33.200000Z</time>
        <extensions>
          <gpxtpx:TrackPointExtension>
            <gpxtpx:hr>178</gpxtpx:hr>
          </gpxtpx:TrackPointExtension>
        </extensions>
      </trkpt>
      <trkpt lat="31.244444963525044" lon="121.61741999410083">
        <ele>5.502170328050852</ele>
        <time>1970-01-01T00:38:34.200000Z</time>
        <extensions>
          <gpxtpx:TrackPointExtension>
            <gpxtpx:hr>178</gpxtpx:hr>
          </gpxtpx:TrackPointExtension>
        </extensions>
      </trkpt>
      <trkpt lat="31.2444473028702" lon="121.61744789311503">
        <ele>5.502250320278108</ele>
        <time>1970-01-01T00:38:35.200000Z</time>
        <extensions>
          <gpxtpx:TrackPointExtension>
            <gpxtpx:hr>178</gpxtpx:hr>
          </gpxtpx:TrackPointExtension>
        </extensions>
      </trkpt>
      <trkpt lat="31.24445178986181" lon="121.61747561609846">
        <ele>5.500400026328862</ele>
        <time>1970-01-01T00:38:36.200000Z</time>
        <extensions>
          <gpxtpx:TrackPointExtension>
            <gpxtpx:hr>178</gpxtpx:hr>
          </gpxtpx:TrackPointExtension>
        </extensions>
      </trkpt>
      <trkpt lat="31.24445797031489" lon="121.61750314849209">
        <ele>5.4973745457828045</ele>
        <time>1970-01-01T00:38:37.200000Z</time>
        <extensions>
          <gpxtpx:TrackPointExtension>
            <gpxtpx:hr>178</gpxtpx:hr>
          </gpxtpx:TrackPointExtension>
        </extensions>
      </trkpt>
      <trkpt lat="31.244464934607088" lon="121.61753049976812">
        <ele>5.494328420609236</ele>
        <time>1970-01-01T00:38:38.200000Z</time>
        <extensions>
          <gpxtpx:TrackPointExtension>
            <gpxtpx:hr>178</gpxtpx:hr>
          </gpxtpx:TrackPointExtension>
        </extensions>
      </trkpt>
      <trkpt lat="31.244471868357717" lon="121.61755778725792">
        <ele>5.492572451941669</ele>
        <time>1970-01-01T00:38:39.200000Z</time>
        <extensions>
          <gpxtpx:TrackPointExtension>
            <gpxtpx:hr>178</gpxtpx:hr>
          </gpxtpx:TrackPointExtension>
        </extensions>
      </trkpt>
      <trkpt lat="31.24447851217581" lon="121.61758518621072">
        <ele>5.493369980715215</ele>
        <time>1970-01-01T00:38:40.200000Z</time>
        <extensions>
          <gpxtpx:TrackPointExtension>
            <gpxtpx:hr>178</gpxtpx:hr>
          </gpxtpx:TrackPointExtension>
        </extensions>
      </trkpt>
      <trkpt lat="31.24448494698989" lon="121.61761261006791">
        <ele>5.497727930545807</ele>
        <time>1970-01-01T00:38:41.200000Z</time>
        <extensions>
          <gpxtpx:TrackPointExtension>
            <gpxtpx:hr>178</gpxtpx:hr>
          </gpxtpx:TrackPointExtension>
        </extensions>
      </trkpt>
      <trkpt lat="31.244490568155058" lon="121.61763978608026">
        <ele>5.506261552684009</ele>
        <time>1970-01-01T00:38:42.200000Z</time>
        <extensions>
          <gpxtpx:TrackPointExtension>
            <gpxtpx:hr>178</gpxtpx:hr>
          </gpxtpx:TrackPointExtension>
        </extensions>
      </trkpt>
      <trkpt lat="31.244494912489547" lon="121.61766693344403">
        <ele>5.51923035364598</ele>
        <time>1970-01-01T00:38:43.200000Z</time>
        <extensions>
          <gpxtpx:TrackPointExtension>
            <gpxtpx:hr>178</gpxtpx:hr>
          </gpxtpx:TrackPointExtension>
        </extensions>
      </trkpt>
      <trkpt lat="31.244498449961192" lon="121.6176945572405">
        <ele>5.536609929986298</ele>
        <time>1970-01-01T00:38:44.200000Z</time>
        <extensions>
          <gpxtpx:TrackPointExtension>
            <gpxtpx:hr>178</gpxtpx:hr>
          </gpxtpx:TrackPointExtension>
        </extensions>
      </trkpt>
      <trkpt lat="31.244502129395407" lon="121.61772247704273">
        <ele>5.558094955980778</ele>
        <time>1970-01-01T00:38:45.200000Z</time>
        <extensions>
          <gpxtpx:TrackPointExtension>
            <gpxtpx:hr>178</gpxtpx:hr>
          </gpxtpx:TrackPointExtension>
        </extensions>
      </trkpt>
      <trkpt lat="31.244506594968495" lon="121.61775021620305">
        <ele>5.583038317039609</ele>
        <time>1970-01-01T00:38:46.200000Z</time>
        <extensions>
          <gpxtpx:TrackPointExtension>
            <gpxtpx:hr>178</gpxtpx:hr>
          </gpxtpx:TrackPointExtension>
        </extensions>
      </trkpt>
      <trkpt lat="31.244511407635002" lon="121.61777789467035">
        <ele>5.610342100262642</ele>
        <time>1970-01-01T00:38:47.200000Z</time>
        <extensions>
          <gpxtpx:TrackPointExtension>
            <gpxtpx:hr>178</gpxtpx:hr>
          </gpxtpx:TrackPointExtension>
        </extensions>
      </trkpt>
      <trkpt lat="31.24451584157426" lon="121.6178057927585">
        <ele>5.638343762606382</ele>
        <time>1970-01-01T00:38:48.200000Z</time>
        <extensions>
          <gpxtpx:TrackPointExtension>
            <gpxtpx:hr>178</gpxtpx:hr>
          </gpxtpx:TrackPointExtension>
        </extensions>
      </trkpt>
      <trkpt lat="31.244520020376925" lon="121.61783377099609">
        <ele>5.664744642563164</ele>
        <time>1970-01-01T00:38:49.200000Z</time>
        <extensions>
          <gpxtpx:TrackPointExtension>
            <gpxtpx:hr>179</gpxtpx:hr>
          </gpxtpx:TrackPointExtension>
        </extensions>
      </trkpt>
      <trkpt lat="31.24452393312038" lon="121.61786172452697">
        <ele>5.6867871806025505</ele>
        <time>1970-01-01T00:38:50.200000Z</time>
        <extensions>
          <gpxtpx:TrackPointExtension>
            <gpxtpx:hr>179</gpxtpx:hr>
          </gpxtpx:TrackPointExtension>
        </extensions>
      </trkpt>
      <trkpt lat="31.244527888071783" lon="121.61788959992168">
        <ele>5.70183068793267</ele>
        <time>1970-01-01T00:38:51.200000Z</time>
        <extensions>
          <gpxtpx:TrackPointExtension>
            <gpxtpx:hr>179</gpxtpx:hr>
          </gpxtpx:TrackPointExtension>
        </extensions>
      </trkpt>
      <trkpt lat="31.244532073226566" lon="121.61791746315787">
        <ele>5.708014256320894</ele>
        <time>1970-01-01T00:38:52.200000Z</time>
        <extensions>
          <gpxtpx:TrackPointExtension>
            <gpxtpx:hr>179</gpxtpx:hr>
          </gpxtpx:TrackPointExtension>
        </extensions>
      </trkpt>
      <trkpt lat="31.24453579184093" lon="121.61794553874229">
        <ele>5.704701502807438</ele>
        <time>1970-01-01T00:38:53.200000Z</time>
        <extensions>
          <gpxtpx:TrackPointExtension>
            <gpxtpx:hr>179</gpxtpx:hr>
          </gpxtpx:TrackPointExtension>
        </extensions>
      </trkpt>
      <trkpt lat="31.24453816740844" lon="121.61797390971203">
        <ele>5.692809578962624</ele>
        <time>1970-01-01T00:38:54.200000Z</time>
        <extensions>
          <gpxtpx:TrackPointExtension>
            <gpxtpx:hr>179</gpxtpx:hr>
          </gpxtpx:TrackPointExtension>
        </extensions>
      </trkpt>
      <trkpt lat="31.24453829495062" lon="121.61800248185595">
        <ele>5.674807300791144</ele>
        <time>1970-01-01T00:38:55.200000Z</time>
        <extensions>
          <gpxtpx:TrackPointExtension>
            <gpxtpx:hr>179</gpxtpx:hr>
          </gpxtpx:TrackPointExtension>
        </extensions>
      </trkpt>
      <trkpt lat="31.24453621239034" lon="121.61803122904914">
        <ele>5.65409201476723</ele>
        <time>1970-01-01T00:38:56.200000Z</time>
        <extensions>
          <gpxtpx:TrackPointExtension>
            <gpxtpx:hr>179</gpxtpx:hr>
          </gpxtpx:TrackPointExtension>
        </extensions>
      </trkpt>
      <trkpt lat="31.24453290954479" lon="121.61806018104353">
        <ele>5.634194080717862</ele>
        <time>1970-01-01T00:38:57.200000Z</time>
        <extensions>
          <gpxtpx:TrackPointExtension>
            <gpxtpx:hr>179</gpxtpx:hr>
          </gpxtpx:TrackPointExtension>
        </extensions>
      </trkpt>
      <trkpt lat="31.244528670942483" lon="121.61808945516633">
        <ele>5.618173941038549</ele>
        <time>1970-01-01T00:38:58.200000Z</time>
        <extensions>
          <gpxtpx:TrackPointExtension>
            <gpxtpx:hr>179</gpxtpx:hr>
          </gpxtpx:TrackPointExtension>
        </extensions>
      </trkpt>
      <trkpt lat="31.244523747253567" lon="121.61811923188115">
        <ele>5.608086435124278</ele>
        <time>1970-01-01T00:38:59.200000Z</time>
        <extensions>
          <gpxtpx:TrackPointExtension>
            <gpxtpx:hr>179</gpxtpx:hr>
          </gpxtpx:TrackPointExtension>
        </extensions>
      </trkpt>
      <trkpt lat="31.244518944316592" lon="121.61814910989513">
        <ele>5.604692882858217</ele>
        <time>1970-01-01T00:39:00.200000Z</time>
        <extensions>
          <gpxtpx:TrackPointExtension>
            <gpxtpx:hr>179</gpxtpx:hr>
          </gpxtpx:TrackPointExtension>
        </extensions>
      </trkpt>
      <trkpt lat="31.244515539526503" lon="121.61817876826346">
        <ele>5.6076670140028</ele>
        <time>1970-01-01T00:39:01.200000Z</time>
        <extensions>
          <gpxtpx:TrackPointExtension>
            <gpxtpx:hr>179</gpxtpx:hr>
          </gpxtpx:TrackPointExtension>
        </extensions>
      </trkpt>
      <trkpt lat="31.244513771279202" lon="121.618208296999">
        <ele>5.615961881354451</ele>
        <time>1970-01-01T00:39:02.200000Z</time>
        <extensions>
          <gpxtpx:TrackPointExtension>
            <gpxtpx:hr>179</gpxtpx:hr>
          </gpxtpx:TrackPointExtension>
        </extensions>
      </trkpt>
      <trkpt lat="31.244513326073765" lon="121.61823772104076">
        <ele>5.628085562027991</ele>
        <time>1970-01-01T00:39:03.200000Z</time>
        <extensions>
          <gpxtpx:TrackPointExtension>
            <gpxtpx:hr>179</gpxtpx:hr>
          </gpxtpx:TrackPointExtension>
        </extensions>
      </trkpt>
      <trkpt lat="31.244514652434695" lon="121.61826739250611">
        <ele>5.642331233248115</ele>
        <time>1970-01-01T00:39:04.200000Z</time>
        <extensions>
          <gpxtpx:TrackPointExtension>
            <gpxtpx:hr>179</gpxtpx:hr>
          </gpxtpx:TrackPointExtension>
        </extensions>
      </trkpt>
      <trkpt lat="31.244517278403784" lon="121.61829788606227">
        <ele>5.656980076804757</ele>
        <time>1970-01-01T00:39:05.200000Z</time>
        <extensions>
          <gpxtpx:TrackPointExtension>
            <gpxtpx:hr>179</gpxtpx:hr>
          </gpxtpx:TrackPointExtension>
        </extensions>
      </trkpt>
      <trkpt lat="31.244520262914797" lon="121.61832944778246">
        <ele>5.670535411685705</ele>
        <time>1970-01-01T00:39:06.200000Z</time>
        <extensions>
          <gpxtpx:TrackPointExtension>
            <gpxtpx:hr>179</gpxtpx:hr>
          </gpxtpx:TrackPointExtension>
        </extensions>
      </trkpt>
      <trkpt lat="31.24452328557634" lon="121.6183618648602">
        <ele>5.68195846863091</ele>
        <time>1970-01-01T00:39:07.200000Z</time>
        <extensions>
          <gpxtpx:TrackPointExtension>
            <gpxtpx:hr>179</gpxtpx:hr>
          </gpxtpx:TrackPointExtension>
        </extensions>
      </trkpt>
      <trkpt lat="31.24452612621092" lon="121.61839470563456">
        <ele>5.69075670838356</ele>
        <time>1970-01-01T00:39:08.200000Z</time>
        <extensions>
          <gpxtpx:TrackPointExtension>
            <gpxtpx:hr>179</gpxtpx:hr>
          </gpxtpx:TrackPointExtension>
        </extensions>
      </trkpt>
      <trkpt lat="31.244528438517815" lon="121.61842749355137">
        <ele>5.69689760170877</ele>
        <time>1970-01-01T00:39:09.200000Z</time>
        <extensions>
          <gpxtpx:TrackPointExtension>
            <gpxtpx:hr>179</gpxtpx:hr>
          </gpxtpx:TrackPointExtension>
        </extensions>
      </trkpt>
      <trkpt lat="31.244530489605022" lon="121.61845988628636">
        <ele>5.7006635665893555</ele>
        <time>1970-01-01T00:39:10.200000Z</time>
        <extensions>
          <gpxtpx:TrackPointExtension>
            <gpxtpx:hr>179</gpxtpx:hr>
          </gpxtpx:TrackPointExtension>
        </extensions>
      </trkpt>
      <trkpt lat="31.244532471159527" lon="121.61849162032466">
        <ele>5.702483842149377</ele>
        <time>1970-01-01T00:39:11.200000Z</time>
        <extensions>
          <gpxtpx:TrackPointExtension>
            <gpxtpx:hr>179</gpxtpx:hr>
          </gpxtpx:TrackPointExtension>
        </extensions>
      </trkpt>
      <trkpt lat="31.2445342713933" lon="121.61852265767068">
        <ele>5.702762408182025</ele>
        <time>1970-01-01T00:39:12.200000Z</time>
        <extensions>
          <gpxtpx:TrackPointExtension>
            <gpxtpx:hr>179</gpxtpx:hr>
          </gpxtpx:TrackPointExtension>
        </extensions>
      </trkpt>
      <trkpt lat="31.244536184728425" lon="121.6185532533898">
        <ele>5.701771787367761</ele>
        <time>1970-01-01T00:39:13.200000Z</time>
        <extensions>
          <gpxtpx:TrackPointExtension>
            <gpxtpx:hr>179</gpxtpx:hr>
          </gpxtpx:TrackPointExtension>
        </extensions>
      </trkpt>
      <trkpt lat="31.244538306836148" lon="121.61858382262986">
        <ele>5.699630127288401</ele>
        <time>1970-01-01T00:39:14.200000Z</time>
        <extensions>
          <gpxtpx:TrackPointExtension>
            <gpxtpx:hr>179</gpxtpx:hr>
          </gpxtpx:TrackPointExtension>
        </extensions>
      </trkpt>
      <trkpt lat="31.244540351729515" lon="121.61861465403162">
        <ele>5.69633125513792</ele>
        <time>1970-01-01T00:39:15.200000Z</time>
        <extensions>
          <gpxtpx:TrackPointExtension>
            <gpxtpx:hr>179</gpxtpx:hr>
          </gpxtpx:TrackPointExtension>
        </extensions>
      </trkpt>
      <trkpt lat="31.244542404942987" lon="121.61864552004579">
        <ele>5.691818226128817</ele>
        <time>1970-01-01T00:39:16.200000Z</time>
        <extensions>
          <gpxtpx:TrackPointExtension>
            <gpxtpx:hr>179</gpxtpx:hr>
          </gpxtpx:TrackPointExtension>
        </extensions>
      </trkpt>
      <trkpt lat="31.244544445452313" lon="121.61867620531153">
        <ele>5.686097325757146</ele>
        <time>1970-01-01T00:39:17.200000Z</time>
        <extensions>
          <gpxtpx:TrackPointExtension>
            <gpxtpx:hr>179</gpxtpx:hr>
          </gpxtpx:TrackPointExtension>
        </extensions>
      </trkpt>
      <trkpt lat="31.244546162698125" lon="121.61870641169297">
        <ele>5.679322620853782</ele>
        <time>1970-01-01T00:39:18.200000Z</time>
        <extensions>
          <gpxtpx:TrackPointExtension>
            <gpxtpx:hr>179</gpxtpx:hr>
          </gpxtpx:TrackPointExtension>
        </extensions>
      </trkpt>
      <trkpt lat="31.24454767091274" lon="121.61873579160867">
        <ele>5.671798450872302</ele>
        <time>1970-01-01T00:39:19.200000Z</time>
        <extensions>
          <gpxtpx:TrackPointExtension>
            <gpxtpx:hr>179</gpxtpx:hr>
          </gpxtpx:TrackPointExtension>
        </extensions>
      </trkpt>
      <trkpt lat="31.24454890667419" lon="121.61876442751026">
        <ele>5.66393684502691</ele>
        <time>1970-01-01T00:39:20.200000Z</time>
        <extensions>
          <gpxtpx:TrackPointExtension>
            <gpxtpx:hr>179</gpxtpx:hr>
          </gpxtpx:TrackPointExtension>
        </extensions>
      </trkpt>
      <trkpt lat="31.244549815191153" lon="121.61879265342652">
        <ele>5.656175189651549</ele>
        <time>1970-01-01T00:39:21.200000Z</time>
        <extensions>
          <gpxtpx:TrackPointExtension>
            <gpxtpx:hr>179</gpxtpx:hr>
          </gpxtpx:TrackPointExtension>
        </extensions>
      </trkpt>
      <trkpt lat="31.244550791637508" lon="121.61882106604047">
        <ele>5.648840582929552</ele>
        <time>1970-01-01T00:39:22.200000Z</time>
        <extensions>
          <gpxtpx:TrackPointExtension>
            <gpxtpx:hr>179</gpxtpx:hr>
          </gpxtpx:TrackPointExtension>
        </extensions>
      </trkpt>
      <trkpt lat="31.244551914953323" lon="121.61885007208777">
        <ele>5.642037082463503</ele>
        <time>1970-01-01T00:39:23.200000Z</time>
        <extensions>
          <gpxtpx:TrackPointExtension>
            <gpxtpx:hr>179</gpxtpx:hr>
          </gpxtpx:TrackPointExtension>
        </extensions>
      </trkpt>
      <trkpt lat="31.24455301678948" lon="121.61887938125201">
        <ele>5.6356248296797276</ele>
        <time>1970-01-01T00:39:24.200000Z</time>
        <extensions>
          <gpxtpx:TrackPointExtension>
            <gpxtpx:hr>179</gpxtpx:hr>
          </gpxtpx:TrackPointExtension>
        </extensions>
      </trkpt>
      <trkpt lat="31.244554122047212" lon="121.6189084969201">
        <ele>5.629250829108059</ele>
        <time>1970-01-01T00:39:25.200000Z</time>
        <extensions>
          <gpxtpx:TrackPointExtension>
            <gpxtpx:hr>180</gpxtpx:hr>
          </gpxtpx:TrackPointExtension>
        </extensions>
      </trkpt>
      <trkpt lat="31.24455506427906" lon="121.61893720422012">
        <ele>5.622421134263277</ele>
        <time>1970-01-01T00:39:26.200000Z</time>
        <extensions>
          <gpxtpx:TrackPointExtension>
            <gpxtpx:hr>180</gpxtpx:hr>
          </gpxtpx:TrackPointExtension>
        </extensions>
      </trkpt>
      <trkpt lat="31.244555537941736" lon="121.6189654167535">
        <ele>5.614635470323265</ele>
        <time>1970-01-01T00:39:27.200000Z</time>
        <extensions>
          <gpxtpx:TrackPointExtension>
            <gpxtpx:hr>180</gpxtpx:hr>
          </gpxtpx:TrackPointExtension>
        </extensions>
      </trkpt>
      <trkpt lat="31.244555629141296" lon="121.61899330889585">
        <ele>5.60552491247654</ele>
        <time>1970-01-01T00:39:28.200000Z</time>
        <extensions>
          <gpxtpx:TrackPointExtension>
            <gpxtpx:hr>180</gpxtpx:hr>
          </gpxtpx:TrackPointExtension>
        </extensions>
      </trkpt>
      <trkpt lat="31.244555341475085" lon="121.61902132520635">
        <ele>5.594948119483888</ele>
        <time>1970-01-01T00:39:29.200000Z</time>
        <extensions>
          <gpxtpx:TrackPointExtension>
            <gpxtpx:hr>180</gpxtpx:hr>
          </gpxtpx:TrackPointExtension>
        </extensions>
      </trkpt>
      <trkpt lat="31.244554829385446" lon="121.61904980943797">
        <ele>5.583058689720929</ele>
        <time>1970-01-01T00:39:30.200000Z</time>
        <extensions>
          <gpxtpx:TrackPointExtension>
            <gpxtpx:hr>180</gpxtpx:hr>
          </gpxtpx:TrackPointExtension>
        </extensions>
      </trkpt>
      <trkpt lat="31.24455430069907" lon="121.6190787417131">
        <ele>5.5702960984781384</ele>
        <time>1970-01-01T00:39:31.200000Z</time>
        <extensions>
          <gpxtpx:TrackPointExtension>
            <gpxtpx:hr>180</gpxtpx:hr>
          </gpxtpx:TrackPointExtension>
        </extensions>
      </trkpt>
      <trkpt lat="31.244553578761757" lon="121.6191078238494">
        <ele>5.557250687852502</ele>
        <time>1970-01-01T00:39:32.200000Z</time>
        <extensions>
          <gpxtpx:TrackPointExtension>
            <gpxtpx:hr>180</gpxtpx:hr>
          </gpxtpx:TrackPointExtension>
        </extensions>
      </trkpt>
      <trkpt lat="31.244552596914286" lon="121.61913691830642">
        <ele>5.544491145759821</ele>
        <time>1970-01-01T00:39:33.200000Z</time>
        <extensions>
          <gpxtpx:TrackPointExtension>
            <gpxtpx:hr>180</gpxtpx:hr>
          </gpxtpx:TrackPointExtension>
        </extensions>
      </trkpt>
      <trkpt lat="31.244551473479213" lon="121.61916635588744">
        <ele>5.532422182150185</ele>
        <time>1970-01-01T00:39:34.200000Z</time>
        <extensions>
          <gpxtpx:TrackPointExtension>
            <gpxtpx:hr>180</gpxtpx:hr>
          </gpxtpx:TrackPointExtension>
        </extensions>
      </trkpt>
      <trkpt lat="31.244550125547224" lon="121.61919633596592">
        <ele>5.521156554110348</ele>
        <time>1970-01-01T00:39:35.200000Z</time>
        <extensions>
          <gpxtpx:TrackPointExtension>
            <gpxtpx:hr>180</gpxtpx:hr>
          </gpxtpx:TrackPointExtension>
        </extensions>
      </trkpt>
      <trkpt lat="31.244548524455123" lon="121.61922673160132">
        <ele>5.510493720881641</ele>
        <time>1970-01-01T00:39:36.200000Z</time>
        <extensions>
          <gpxtpx:TrackPointExtension>
            <gpxtpx:hr>180</gpxtpx:hr>
          </gpxtpx:TrackPointExtension>
        </extensions>
      </trkpt>
      <trkpt lat="31.24454680069845" lon="121.6192576506577">
        <ele>5.500094291754067</ele>
        <time>1970-01-01T00:39:37.200000Z</time>
        <extensions>
          <gpxtpx:TrackPointExtension>
            <gpxtpx:hr>180</gpxtpx:hr>
          </gpxtpx:TrackPointExtension>
        </extensions>
      </trkpt>
      <trkpt lat="31.244544845029026" lon="121.6192890283551">
        <ele>5.4897014535963535</ele>
        <time>1970-01-01T00:39:38.200000Z</time>
        <extensions>
          <gpxtpx:TrackPointExtension>
            <gpxtpx:hr>180</gpxtpx:hr>
          </gpxtpx:TrackPointExtension>
        </extensions>
      </trkpt>
      <trkpt lat="31.244542719301194" lon="121.61932046513729">
        <ele>5.47923334967345</ele>
        <time>1970-01-01T00:39:39.200000Z</time>
        <extensions>
          <gpxtpx:TrackPointExtension>
            <gpxtpx:hr>180</gpxtpx:hr>
          </gpxtpx:TrackPointExtension>
        </extensions>
      </trkpt>
      <trkpt lat="31.244540432355752" lon="121.61935144832945">
        <ele>5.468763859011233</ele>
        <time>1970-01-01T00:39:40.200000Z</time>
        <extensions>
          <gpxtpx:TrackPointExtension>
            <gpxtpx:hr>180</gpxtpx:hr>
          </gpxtpx:TrackPointExtension>
        </extensions>
      </trkpt>
      <trkpt lat="31.24453797109044" lon="121.61938174811608">
        <ele>5.458428113721311</ele>
        <time>1970-01-01T00:39:41.200000Z</time>
        <extensions>
          <gpxtpx:TrackPointExtension>
            <gpxtpx:hr>180</gpxtpx:hr>
          </gpxtpx:TrackPointExtension>
        </extensions>
      </trkpt>
      <trkpt lat="31.244535746141906" lon="121.61941177450522">
        <ele>5.4482236709445715</ele>
        <time>1970-01-01T00:39:42.200000Z</time>
        <extensions>
          <gpxtpx:TrackPointExtension>
            <gpxtpx:hr>180</gpxtpx:hr>
          </gpxtpx:TrackPointExtension>
        </extensions>
      </trkpt>
      <trkpt lat="31.24453399645941" lon="121.61944209673841">
        <ele>5.437780800275505</ele>
        <time>1970-01-01T00:39:43.200000Z</time>
        <extensions>
          <gpxtpx:TrackPointExtension>
            <gpxtpx:hr>180</gpxtpx:hr>
          </gpxtpx:TrackPointExtension>
        </extensions>
      </trkpt>
      <trkpt lat="31.244532558531777" lon="121.619473013189">
        <ele>5.426228682510555</ele>
        <time>1970-01-01T00:39:44.200000Z</time>
        <extensions>
          <gpxtpx:TrackPointExtension>
            <gpxtpx:hr>180</gpxtpx:hr>
          </gpxtpx:TrackPointExtension>
        </extensions>
      </trkpt>
      <trkpt lat="31.24453146728612" lon="121.61950452108545">
        <ele>5.412186908535659</ele>
        <time>1970-01-01T00:39:45.200000Z</time>
        <extensions>
          <gpxtpx:TrackPointExtension>
            <gpxtpx:hr>180</gpxtpx:hr>
          </gpxtpx:TrackPointExtension>
        </extensions>
      </trkpt>
      <trkpt lat="31.244530810889156" lon="121.6195364905696">
        <ele>5.393839797005057</ele>
        <time>1970-01-01T00:39:46.200000Z</time>
        <extensions>
          <gpxtpx:TrackPointExtension>
            <gpxtpx:hr>180</gpxtpx:hr>
          </gpxtpx:TrackPointExtension>
        </extensions>
      </trkpt>
      <trkpt lat="31.244530415022382" lon="121.6195687081278">
        <ele>5.369131534360349</ele>
        <time>1970-01-01T00:39:47.200000Z</time>
        <extensions>
          <gpxtpx:TrackPointExtension>
            <gpxtpx:hr>180</gpxtpx:hr>
          </gpxtpx:TrackPointExtension>
        </extensions>
      </trkpt>
      <trkpt lat="31.244530375709473" lon="121.61960084942484">
        <ele>5.336093525402248</ele>
        <time>1970-01-01T00:39:48.200000Z</time>
        <extensions>
          <gpxtpx:TrackPointExtension>
            <gpxtpx:hr>180</gpxtpx:hr>
          </gpxtpx:TrackPointExtension>
        </extensions>
      </trkpt>
      <trkpt lat="31.244530697328628" lon="121.61963278232574">
        <ele>5.293307112529874</ele>
        <time>1970-01-01T00:39:49.200000Z</time>
        <extensions>
          <gpxtpx:TrackPointExtension>
            <gpxtpx:hr>180</gpxtpx:hr>
          </gpxtpx:TrackPointExtension>
        </extensions>
      </trkpt>
      <trkpt lat="31.244531173971655" lon="121.61966448039074">
        <ele>5.240559819154441</ele>
        <time>1970-01-01T00:39:50.200000Z</time>
        <extensions>
          <gpxtpx:TrackPointExtension>
            <gpxtpx:hr>180</gpxtpx:hr>
          </gpxtpx:TrackPointExtension>
        </extensions>
      </trkpt>
      <trkpt lat="31.24453237415559" lon="121.61970757700182">
        <ele>5.1546943206340075</ele>
        <time>1970-01-01T00:39:51.600000Z</time>
        <extensions>
          <gpxtpx:TrackPointExtension>
            <gpxtpx:hr>180</gpxtpx:hr>
          </gpxtpx:TrackPointExtension>
        </extensions>
      </trkpt>
      <trkpt lat="31.244533594679826" lon="121.61973842131697">
        <ele>5.088911086320877</ele>
        <time>1970-01-01T00:39:52.600000Z</time>
        <extensions>
          <gpxtpx:TrackPointExtension>
            <gpxtpx:hr>180</gpxtpx:hr>
          </gpxtpx:TrackPointExtension>
        </extensions>
      </trkpt>
      <trkpt lat="31.244534798653397" lon="121.61976936061016">
        <ele>5.027581391856074</ele>
        <time>1970-01-01T00:39:53.600000Z</time>
        <extensions>
          <gpxtpx:TrackPointExtension>
            <gpxtpx:hr>179</gpxtpx:hr>
          </gpxtpx:TrackPointExtension>
        </extensions>
      </trkpt>
      <trkpt lat="31.24453625153845" lon="121.61980068079475">
        <ele>4.974884863011539</ele>
        <time>1970-01-01T00:39:54.600000Z</time>
        <extensions>
          <gpxtpx:TrackPointExtension>
            <gpxtpx:hr>179</gpxtpx:hr>
          </gpxtpx:TrackPointExtension>
        </extensions>
      </trkpt>
      <trkpt lat="31.244538041702604" lon="121.61983270839983">
        <ele>4.933532081544399</ele>
        <time>1970-01-01T00:39:55.600000Z</time>
        <extensions>
          <gpxtpx:TrackPointExtension>
            <gpxtpx:hr>179</gpxtpx:hr>
          </gpxtpx:TrackPointExtension>
        </extensions>
      </trkpt>
      <trkpt lat="31.24453981011893" lon="121.61986548073317">
        <ele>4.904308021068573</ele>
        <time>1970-01-01T00:39:56.600000Z</time>
        <extensions>
          <gpxtpx:TrackPointExtension>
            <gpxtpx:hr>179</gpxtpx:hr>
          </gpxtpx:TrackPointExtension>
        </extensions>
      </trkpt>
      <trkpt lat="31.244541741809233" lon="121.61989852618234">
        <ele>4.88653224427253</ele>
        <time>1970-01-01T00:39:57.600000Z</time>
        <extensions>
          <gpxtpx:TrackPointExtension>
            <gpxtpx:hr>180</gpxtpx:hr>
          </gpxtpx:TrackPointExtension>
        </extensions>
      </trkpt>
      <trkpt lat="31.244544038705186" lon="121.61993128210312">
        <ele>4.878482057712972</ele>
        <time>1970-01-01T00:39:58.600000Z</time>
        <extensions>
          <gpxtpx:TrackPointExtension>
            <gpxtpx:hr>180</gpxtpx:hr>
          </gpxtpx:TrackPointExtension>
        </extensions>
      </trkpt>
      <trkpt lat="31.24454653969791" lon="121.61996346698201">
        <ele>4.877817435190082</ele>
        <time>1970-01-01T00:39:59.600000Z</time>
        <extensions>
          <gpxtpx:TrackPointExtension>
            <gpxtpx:hr>180</gpxtpx:hr>
          </gpxtpx:TrackPointExtension>
        </extensions>
      </trkpt>
      <trkpt lat="31.244549267560725" lon="121.61999531259457">
        <ele>4.882745622657239</ele>
        <time>1970-01-01T00:40:00.600000Z</time>
        <extensions>
          <gpxtpx:TrackPointExtension>
            <gpxtpx:hr>180</gpxtpx:hr>
          </gpxtpx:TrackPointExtension>
        </extensions>
      </trkpt>
      <trkpt lat="31.244551981842047" lon="121.62002703174439">
        <ele>4.892364481464028</ele>
        <time>1970-01-01T00:40:01.600000Z</time>
        <extensions>
          <gpxtpx:TrackPointExtension>
            <gpxtpx:hr>180</gpxtpx:hr>
          </gpxtpx:TrackPointExtension>
        </extensions>
      </trkpt>
      <trkpt lat="31.24455450854147" lon="121.62005849436395">
        <ele>4.906837792135775</ele>
        <time>1970-01-01T00:40:02.600000Z</time>
        <extensions>
          <gpxtpx:TrackPointExtension>
            <gpxtpx:hr>180</gpxtpx:hr>
          </gpxtpx:TrackPointExtension>
        </extensions>
      </trkpt>
      <trkpt lat="31.244556929156616" lon="121.62008947380814">
        <ele>4.927010538056493</ele>
        <time>1970-01-01T00:40:03.600000Z</time>
        <extensions>
          <gpxtpx:TrackPointExtension>
            <gpxtpx:hr>180</gpxtpx:hr>
          </gpxtpx:TrackPointExtension>
        </extensions>
      </trkpt>
      <trkpt lat="31.24455930488606" lon="121.62011986182034">
        <ele>4.953330942429602</ele>
        <time>1970-01-01T00:40:04.600000Z</time>
        <extensions>
          <gpxtpx:TrackPointExtension>
            <gpxtpx:hr>179</gpxtpx:hr>
          </gpxtpx:TrackPointExtension>
        </extensions>
      </trkpt>
      <trkpt lat="31.244561610069933" lon="121.62014967106956">
        <ele>4.98546106275171</ele>
        <time>1970-01-01T00:40:05.600000Z</time>
        <extensions>
          <gpxtpx:TrackPointExtension>
            <gpxtpx:hr>179</gpxtpx:hr>
          </gpxtpx:TrackPointExtension>
        </extensions>
      </trkpt>
      <trkpt lat="31.244564086667506" lon="121.62017930744331">
        <ele>5.021359965205193</ele>
        <time>1970-01-01T00:40:06.600000Z</time>
        <extensions>
          <gpxtpx:TrackPointExtension>
            <gpxtpx:hr>179</gpxtpx:hr>
          </gpxtpx:TrackPointExtension>
        </extensions>
      </trkpt>
      <trkpt lat="31.244566661795176" lon="121.62020914381844">
        <ele>5.057595958933234</ele>
        <time>1970-01-01T00:40:07.600000Z</time>
        <extensions>
          <gpxtpx:TrackPointExtension>
            <gpxtpx:hr>179</gpxtpx:hr>
          </gpxtpx:TrackPointExtension>
        </extensions>
      </trkpt>
      <trkpt lat="31.24456908402353" lon="121.6202391995141">
        <ele>5.091431872919202</ele>
        <time>1970-01-01T00:40:08.600000Z</time>
        <extensions>
          <gpxtpx:TrackPointExtension>
            <gpxtpx:hr>179</gpxtpx:hr>
          </gpxtpx:TrackPointExtension>
        </extensions>
      </trkpt>
      <trkpt lat="31.244571469072206" lon="121.6202694540281">
        <ele>5.121206354349852</ele>
        <time>1970-01-01T00:40:09.600000Z</time>
        <extensions>
          <gpxtpx:TrackPointExtension>
            <gpxtpx:hr>179</gpxtpx:hr>
          </gpxtpx:TrackPointExtension>
        </extensions>
      </trkpt>
      <trkpt lat="31.244573549304228" lon="121.6203000378301">
        <ele>5.14661968126893</ele>
        <time>1970-01-01T00:40:10.600000Z</time>
        <extensions>
          <gpxtpx:TrackPointExtension>
            <gpxtpx:hr>179</gpxtpx:hr>
          </gpxtpx:TrackPointExtension>
        </extensions>
      </trkpt>
      <trkpt lat="31.24457506945555" lon="121.62033127135655">
        <ele>5.168679034337401</ele>
        <time>1970-01-01T00:40:11.600000Z</time>
        <extensions>
          <gpxtpx:TrackPointExtension>
            <gpxtpx:hr>180</gpxtpx:hr>
          </gpxtpx:TrackPointExtension>
        </extensions>
      </trkpt>
      <trkpt lat="31.244576072654503" lon="121.62036324703419">
        <ele>5.18832799885422</ele>
        <time>1970-01-01T00:40:12.600000Z</time>
        <extensions>
          <gpxtpx:TrackPointExtension>
            <gpxtpx:hr>180</gpxtpx:hr>
          </gpxtpx:TrackPointExtension>
        </extensions>
      </trkpt>
      <trkpt lat="31.24457625388048" lon="121.62039561309344">
        <ele>5.206151272170246</ele>
        <time>1970-01-01T00:40:13.600000Z</time>
        <extensions>
          <gpxtpx:TrackPointExtension>
            <gpxtpx:hr>180</gpxtpx:hr>
          </gpxtpx:TrackPointExtension>
        </extensions>
      </trkpt>
      <trkpt lat="31.244575174318687" lon="121.62042768023588">
        <ele>5.223128634504974</ele>
        <time>1970-01-01T00:40:14.600000Z</time>
        <extensions>
          <gpxtpx:TrackPointExtension>
            <gpxtpx:hr>180</gpxtpx:hr>
          </gpxtpx:TrackPointExtension>
        </extensions>
      </trkpt>
      <trkpt lat="31.244572720240562" lon="121.62045886164114">
        <ele>5.241583973169327</ele>
        <time>1970-01-01T00:40:15.600000Z</time>
        <extensions>
          <gpxtpx:TrackPointExtension>
            <gpxtpx:hr>180</gpxtpx:hr>
          </gpxtpx:TrackPointExtension>
        </extensions>
      </trkpt>
      <trkpt lat="31.244568299826014" lon="121.62048882241577">
        <ele>5.264338522218168</ele>
        <time>1970-01-01T00:40:16.600000Z</time>
        <extensions>
          <gpxtpx:TrackPointExtension>
            <gpxtpx:hr>180</gpxtpx:hr>
          </gpxtpx:TrackPointExtension>
        </extensions>
      </trkpt>
      <trkpt lat="31.244561112816182" lon="121.62051697208452">
        <ele>5.293299259617925</ele>
        <time>1970-01-01T00:40:17.600000Z</time>
        <extensions>
          <gpxtpx:TrackPointExtension>
            <gpxtpx:hr>180</gpxtpx:hr>
          </gpxtpx:TrackPointExtension>
        </extensions>
      </trkpt>
      <trkpt lat="31.24455155653682" lon="121.62054294610792">
        <ele>5.329497045837343</ele>
        <time>1970-01-01T00:40:18.600000Z</time>
        <extensions>
          <gpxtpx:TrackPointExtension>
            <gpxtpx:hr>179</gpxtpx:hr>
          </gpxtpx:TrackPointExtension>
        </extensions>
      </trkpt>
      <trkpt lat="31.24454206659136" lon="121.62056778500116">
        <ele>5.373094625771046</ele>
        <time>1970-01-01T00:40:19.600000Z</time>
        <extensions>
          <gpxtpx:TrackPointExtension>
            <gpxtpx:hr>179</gpxtpx:hr>
          </gpxtpx:TrackPointExtension>
        </extensions>
      </trkpt>
      <trkpt lat="31.24453455989971" lon="121.6205927473957">
        <ele>5.423392383381724</ele>
        <time>1970-01-01T00:40:20.600000Z</time>
        <extensions>
          <gpxtpx:TrackPointExtension>
            <gpxtpx:hr>179</gpxtpx:hr>
          </gpxtpx:TrackPointExtension>
        </extensions>
      </trkpt>
      <trkpt lat="31.244528766805562" lon="121.62061792126214">
        <ele>5.478404332883656</ele>
        <time>1970-01-01T00:40:21.600000Z</time>
        <extensions>
          <gpxtpx:TrackPointExtension>
            <gpxtpx:hr>179</gpxtpx:hr>
          </gpxtpx:TrackPointExtension>
        </extensions>
      </trkpt>
      <trkpt lat="31.24452394208017" lon="121.62064344073326">
        <ele>5.534844432026148</ele>
        <time>1970-01-01T00:40:22.600000Z</time>
        <extensions>
          <gpxtpx:TrackPointExtension>
            <gpxtpx:hr>179</gpxtpx:hr>
          </gpxtpx:TrackPointExtension>
        </extensions>
      </trkpt>
      <trkpt lat="31.24451937281811" lon="121.62066954536992">
        <ele>5.589932046830654</ele>
        <time>1970-01-01T00:40:23.600000Z</time>
        <extensions>
          <gpxtpx:TrackPointExtension>
            <gpxtpx:hr>179</gpxtpx:hr>
          </gpxtpx:TrackPointExtension>
        </extensions>
      </trkpt>
      <trkpt lat="31.244514549416753" lon="121.62069594686668">
        <ele>5.642110539600253</ele>
        <time>1970-01-01T00:40:24.700000Z</time>
        <extensions>
          <gpxtpx:TrackPointExtension>
            <gpxtpx:hr>179</gpxtpx:hr>
          </gpxtpx:TrackPointExtension>
        </extensions>
      </trkpt>
      <trkpt lat="31.24450860941874" lon="121.62072147689528">
        <ele>5.690133700147271</ele>
        <time>1970-01-01T00:40:25.700000Z</time>
        <extensions>
          <gpxtpx:TrackPointExtension>
            <gpxtpx:hr>179</gpxtpx:hr>
          </gpxtpx:TrackPointExtension>
        </extensions>
      </trkpt>
      <trkpt lat="31.244500368150202" lon="121.62074478740392">
        <ele>5.732939348556101</ele>
        <time>1970-01-01T00:40:26.700000Z</time>
        <extensions>
          <gpxtpx:TrackPointExtension>
            <gpxtpx:hr>179</gpxtpx:hr>
          </gpxtpx:TrackPointExtension>
        </extensions>
      </trkpt>
      <trkpt lat="31.24448900299284" lon="121.620765072743">
        <ele>5.769815167412162</ele>
        <time>1970-01-01T00:40:27.700000Z</time>
        <extensions>
          <gpxtpx:TrackPointExtension>
            <gpxtpx:hr>179</gpxtpx:hr>
          </gpxtpx:TrackPointExtension>
        </extensions>
      </trkpt>
      <trkpt lat="31.24447426867598" lon="121.62078171595032">
        <ele>5.800279218703508</ele>
        <time>1970-01-01T00:40:28.700000Z</time>
        <extensions>
          <gpxtpx:TrackPointExtension>
            <gpxtpx:hr>180</gpxtpx:hr>
          </gpxtpx:TrackPointExtension>
        </extensions>
      </trkpt>
      <trkpt lat="31.244456305320067" lon="121.62079459753978">
        <ele>5.823635261505842</ele>
        <time>1970-01-01T00:40:29.700000Z</time>
        <extensions>
          <gpxtpx:TrackPointExtension>
            <gpxtpx:hr>180</gpxtpx:hr>
          </gpxtpx:TrackPointExtension>
        </extensions>
      </trkpt>
      <trkpt lat="31.244435238563426" lon="121.62080386118276">
        <ele>5.838889889419079</ele>
        <time>1970-01-01T00:40:30.700000Z</time>
        <extensions>
          <gpxtpx:TrackPointExtension>
            <gpxtpx:hr>180</gpxtpx:hr>
          </gpxtpx:TrackPointExtension>
        </extensions>
      </trkpt>
      <trkpt lat="31.244411514781532" lon="121.620809253833">
        <ele>5.84510332532227</ele>
        <time>1970-01-01T00:40:31.700000Z</time>
        <extensions>
          <gpxtpx:TrackPointExtension>
            <gpxtpx:hr>180</gpxtpx:hr>
          </gpxtpx:TrackPointExtension>
        </extensions>
      </trkpt>
      <trkpt lat="31.244386292177307" lon="121.620811126496">
        <ele>5.841373121365905</ele>
        <time>1970-01-01T00:40:32.700000Z</time>
        <extensions>
          <gpxtpx:TrackPointExtension>
            <gpxtpx:hr>180</gpxtpx:hr>
          </gpxtpx:TrackPointExtension>
        </extensions>
      </trkpt>
      <trkpt lat="31.244360894762078" lon="121.62081089916106">
        <ele>5.826898117549717</ele>
        <time>1970-01-01T00:40:33.700000Z</time>
        <extensions>
          <gpxtpx:TrackPointExtension>
            <gpxtpx:hr>180</gpxtpx:hr>
          </gpxtpx:TrackPointExtension>
        </extensions>
      </trkpt>
      <trkpt lat="31.244336049387044" lon="121.62080938114751">
        <ele>5.801558922976255</ele>
        <time>1970-01-01T00:40:34.700000Z</time>
        <extensions>
          <gpxtpx:TrackPointExtension>
            <gpxtpx:hr>180</gpxtpx:hr>
          </gpxtpx:TrackPointExtension>
        </extensions>
      </trkpt>
      <trkpt lat="31.244312113865846" lon="121.62080705532449">
        <ele>5.7660308219492435</ele>
        <time>1970-01-01T00:40:35.700000Z</time>
        <extensions>
          <gpxtpx:TrackPointExtension>
            <gpxtpx:hr>180</gpxtpx:hr>
          </gpxtpx:TrackPointExtension>
        </extensions>
      </trkpt>
      <trkpt lat="31.244288740940735" lon="121.62080394124449">
        <ele>5.721375888213515</ele>
        <time>1970-01-01T00:40:36.700000Z</time>
        <extensions>
          <gpxtpx:TrackPointExtension>
            <gpxtpx:hr>180</gpxtpx:hr>
          </gpxtpx:TrackPointExtension>
        </extensions>
      </trkpt>
      <trkpt lat="31.24426616256029" lon="121.62079955867414">
        <ele>5.668959764763713</ele>
        <time>1970-01-01T00:40:37.700000Z</time>
        <extensions>
          <gpxtpx:TrackPointExtension>
            <gpxtpx:hr>180</gpxtpx:hr>
          </gpxtpx:TrackPointExtension>
        </extensions>
      </trkpt>
      <trkpt lat="31.24424500284146" lon="121.62079357151872">
        <ele>5.610395833849907</ele>
        <time>1970-01-01T00:40:38.700000Z</time>
        <extensions>
          <gpxtpx:TrackPointExtension>
            <gpxtpx:hr>180</gpxtpx:hr>
          </gpxtpx:TrackPointExtension>
        </extensions>
      </trkpt>
      <trkpt lat="31.244226032945644" lon="121.62078632171847">
        <ele>5.547399254515767</ele>
        <time>1970-01-01T00:40:39.700000Z</time>
        <extensions>
          <gpxtpx:TrackPointExtension>
            <gpxtpx:hr>180</gpxtpx:hr>
          </gpxtpx:TrackPointExtension>
        </extensions>
      </trkpt>
      <trkpt lat="31.24421027336338" lon="121.62077933347891">
        <ele>5.4814881114289165</ele>
        <time>1970-01-01T00:40:40.700000Z</time>
        <extensions>
          <gpxtpx:TrackPointExtension>
            <gpxtpx:hr>180</gpxtpx:hr>
          </gpxtpx:TrackPointExtension>
        </extensions>
      </trkpt>
      <trkpt lat="31.244198232668627" lon="121.6207732171094">
        <ele>5.413655856624246</ele>
        <time>1970-01-01T00:40:41.700000Z</time>
        <extensions>
          <gpxtpx:TrackPointExtension>
            <gpxtpx:hr>180</gpxtpx:hr>
          </gpxtpx:TrackPointExtension>
        </extensions>
      </trkpt>
      <trkpt lat="31.24418921816186" lon="121.62076756896086">
        <ele>5.344410944730043</ele>
        <time>1970-01-01T00:40:42.700000Z</time>
        <extensions>
          <gpxtpx:TrackPointExtension>
            <gpxtpx:hr>180</gpxtpx:hr>
          </gpxtpx:TrackPointExtension>
        </extensions>
      </trkpt>
      <trkpt lat="31.244181905599934" lon="121.6207630958309">
        <ele>5.274070812389255</ele>
        <time>1970-01-01T00:40:43.700000Z</time>
        <extensions>
          <gpxtpx:TrackPointExtension>
            <gpxtpx:hr>180</gpxtpx:hr>
          </gpxtpx:TrackPointExtension>
        </extensions>
      </trkpt>
      <trkpt lat="31.244175939879916" lon="121.62076056347415">
        <ele>5.203182156197727</ele>
        <time>1970-01-01T00:40:44.700000Z</time>
        <extensions>
          <gpxtpx:TrackPointExtension>
            <gpxtpx:hr>180</gpxtpx:hr>
          </gpxtpx:TrackPointExtension>
        </extensions>
      </trkpt>
      <trkpt lat="31.244172168114524" lon="121.62076020947613">
        <ele>5.132705619558692</ele>
        <time>1970-01-01T00:40:45.700000Z</time>
        <extensions>
          <gpxtpx:TrackPointExtension>
            <gpxtpx:hr>180</gpxtpx:hr>
          </gpxtpx:TrackPointExtension>
        </extensions>
      </trkpt>
      <trkpt lat="31.244170313522414" lon="121.620761082991">
        <ele>5.06346114911139</ele>
        <time>1970-01-01T00:40:46.700000Z</time>
        <extensions>
          <gpxtpx:TrackPointExtension>
            <gpxtpx:hr>178</gpxtpx:hr>
          </gpxtpx:TrackPointExtension>
        </extensions>
      </trkpt>
      <trkpt lat="31.24416921842196" lon="121.62076202244697">
        <ele>4.995828367769718</ele>
        <time>1970-01-01T00:40:47.700000Z</time>
        <extensions>
          <gpxtpx:TrackPointExtension>
            <gpxtpx:hr>178</gpxtpx:hr>
          </gpxtpx:TrackPointExtension>
        </extensions>
      </trkpt>
      <trkpt lat="31.24416817123673" lon="121.62076240209777">
        <ele>4.9300265703350306</ele>
        <time>1970-01-01T00:40:48.700000Z</time>
        <extensions>
          <gpxtpx:TrackPointExtension>
            <gpxtpx:hr>178</gpxtpx:hr>
          </gpxtpx:TrackPointExtension>
        </extensions>
      </trkpt>
      <trkpt lat="31.24416679052516" lon="121.62076234815036">
        <ele>4.866176052019</ele>
        <time>1970-01-01T00:40:49.700000Z</time>
        <extensions>
          <gpxtpx:TrackPointExtension>
            <gpxtpx:hr>176</gpxtpx:hr>
          </gpxtpx:TrackPointExtension>
        </extensions>
      </trkpt>
      <trkpt lat="31.244164922659564" lon="121.62076288175203">
        <ele>4.804563380777836</ele>
        <time>1970-01-01T00:40:50.700000Z</time>
        <extensions>
          <gpxtpx:TrackPointExtension>
            <gpxtpx:hr>176</gpxtpx:hr>
          </gpxtpx:TrackPointExtension>
        </extensions>
      </trkpt>
      <trkpt lat="31.2441635422903" lon="121.62076483054072">
        <ele>4.745702678337693</ele>
        <time>1970-01-01T00:40:51.700000Z</time>
        <extensions>
          <gpxtpx:TrackPointExtension>
            <gpxtpx:hr>176</gpxtpx:hr>
          </gpxtpx:TrackPointExtension>
        </extensions>
      </trkpt>
      <trkpt lat="31.244163061299282" lon="121.62076774011035">
        <ele>4.690039651468396</ele>
        <time>1970-01-01T00:40:52.700000Z</time>
        <extensions>
          <gpxtpx:TrackPointExtension>
            <gpxtpx:hr>173</gpxtpx:hr>
          </gpxtpx:TrackPointExtension>
        </extensions>
      </trkpt>
      <trkpt lat="31.244162344110492" lon="121.62076991651288">
        <ele>4.638171694241464</ele>
        <time>1970-01-01T00:40:53.700000Z</time>
        <extensions>
          <gpxtpx:TrackPointExtension>
            <gpxtpx:hr>173</gpxtpx:hr>
          </gpxtpx:TrackPointExtension>
        </extensions>
      </trkpt>
      <trkpt lat="31.244160544253088" lon="121.62077029433085">
        <ele>4.590717796236277</ele>
        <time>1970-01-01T00:40:54.700000Z</time>
        <extensions>
          <gpxtpx:TrackPointExtension>
            <gpxtpx:hr>173</gpxtpx:hr>
          </gpxtpx:TrackPointExtension>
        </extensions>
      </trkpt>
      <trkpt lat="31.24415754009891" lon="121.62076887878287">
        <ele>4.548568450845778</ele>
        <time>1970-01-01T00:40:55.700000Z</time>
        <extensions>
          <gpxtpx:TrackPointExtension>
            <gpxtpx:hr>173</gpxtpx:hr>
          </gpxtpx:TrackPointExtension>
        </extensions>
      </trkpt>
      <trkpt lat="31.24415332602956" lon="121.62076612351967">
        <ele>4.512874282896519</ele>
        <time>1970-01-01T00:40:56.700000Z</time>
        <extensions>
          <gpxtpx:TrackPointExtension>
            <gpxtpx:hr>173</gpxtpx:hr>
          </gpxtpx:TrackPointExtension>
        </extensions>
      </trkpt>
      <trkpt lat="31.24414843762372" lon="121.62076339192426">
        <ele>4.484803174622357</ele>
        <time>1970-01-01T00:40:57.700000Z</time>
        <extensions>
          <gpxtpx:TrackPointExtension>
            <gpxtpx:hr>173</gpxtpx:hr>
          </gpxtpx:TrackPointExtension>
        </extensions>
      </trkpt>
      <trkpt lat="31.244144989832716" lon="121.62076257972058">
        <ele>4.465046264231205</ele>
        <time>1970-01-01T00:40:58.700000Z</time>
        <extensions>
          <gpxtpx:TrackPointExtension>
            <gpxtpx:hr>168</gpxtpx:hr>
          </gpxtpx:TrackPointExtension>
        </extensions>
      </trkpt>
      <trkpt lat="31.244143568702906" lon="121.62076301871005">
        <ele>4.4533712565898895</ele>
        <time>1970-01-01T00:40:59.800000Z</time>
        <extensions>
          <gpxtpx:TrackPointExtension>
            <gpxtpx:hr>168</gpxtpx:hr>
          </gpxtpx:TrackPointExtension>
        </extensions>
      </trkpt>
      <trkpt lat="31.24414306994593" lon="121.62076345145067">
        <ele>4.448776965029538</ele>
        <time>1970-01-01T00:41:00.800000Z</time>
        <extensions>
          <gpxtpx:TrackPointExtension>
            <gpxtpx:hr>168</gpxtpx:hr>
          </gpxtpx:TrackPointExtension>
        </extensions>
      </trkpt>
      <trkpt lat="31.24414311332963" lon="121.62076381103357">
        <ele>4.4499574629589915</ele>
        <time>1970-01-01T00:41:01.800000Z</time>
        <extensions>
          <gpxtpx:TrackPointExtension>
            <gpxtpx:hr>168</gpxtpx:hr>
          </gpxtpx:TrackPointExtension>
        </extensions>
      </trkpt>
      <trkpt lat="31.244143481006173" lon="121.62076397540675">
        <ele>4.455490638501942</ele>
        <time>1970-01-01T00:41:02.800000Z</time>
        <extensions>
          <gpxtpx:TrackPointExtension>
            <gpxtpx:hr>168</gpxtpx:hr>
          </gpxtpx:TrackPointExtension>
        </extensions>
      </trkpt>
      <trkpt lat="31.244144077096568" lon="121.62076417022193">
        <ele>4.464005361311138</ele>
        <time>1970-01-01T00:41:03.800000Z</time>
        <extensions>
          <gpxtpx:TrackPointExtension>
            <gpxtpx:hr>168</gpxtpx:hr>
          </gpxtpx:TrackPointExtension>
        </extensions>
      </trkpt>
      <trkpt lat="31.24414486347933" lon="121.62076457963639">
        <ele>4.474206445738673</ele>
        <time>1970-01-01T00:41:04.800000Z</time>
        <extensions>
          <gpxtpx:TrackPointExtension>
            <gpxtpx:hr>168</gpxtpx:hr>
          </gpxtpx:TrackPointExtension>
        </extensions>
      </trkpt>
      <trkpt lat="31.24414586704422" lon="121.62076552754304">
        <ele>4.484871044754982</ele>
        <time>1970-01-01T00:41:05.800000Z</time>
        <extensions>
          <gpxtpx:TrackPointExtension>
            <gpxtpx:hr>164</gpxtpx:hr>
          </gpxtpx:TrackPointExtension>
        </extensions>
      </trkpt>
      <trkpt lat="31.244147113316508" lon="121.62076753029491">
        <ele>4.494937698356807</ele>
        <time>1970-01-01T00:41:06.800000Z</time>
        <extensions>
          <gpxtpx:TrackPointExtension>
            <gpxtpx:hr>164</gpxtpx:hr>
          </gpxtpx:TrackPointExtension>
        </extensions>
      </trkpt>
      <trkpt lat="31.24414873439758" lon="121.62077121608398">
        <ele>4.503506333567202</ele>
        <time>1970-01-01T00:41:07.800000Z</time>
        <extensions>
          <gpxtpx:TrackPointExtension>
            <gpxtpx:hr>164</gpxtpx:hr>
          </gpxtpx:TrackPointExtension>
        </extensions>
      </trkpt>
      <trkpt lat="31.244150750543547" lon="121.62077647934304">
        <ele>4.50985665153712</ele>
        <time>1970-01-01T00:41:08.800000Z</time>
        <extensions>
          <gpxtpx:TrackPointExtension>
            <gpxtpx:hr>164</gpxtpx:hr>
          </gpxtpx:TrackPointExtension>
        </extensions>
      </trkpt>
      <trkpt lat="31.244152914181793" lon="121.62078243258307">
        <ele>4.513551750220358</ele>
        <time>1970-01-01T00:41:09.800000Z</time>
        <extensions>
          <gpxtpx:TrackPointExtension>
            <gpxtpx:hr>164</gpxtpx:hr>
          </gpxtpx:TrackPointExtension>
        </extensions>
      </trkpt>
      <trkpt lat="31.244154904192527" lon="121.62078767711795">
        <ele>4.514575434848666</ele>
        <time>1970-01-01T00:41:10.800000Z</time>
        <extensions>
          <gpxtpx:TrackPointExtension>
            <gpxtpx:hr>156</gpxtpx:hr>
          </gpxtpx:TrackPointExtension>
        </extensions>
      </trkpt>
      <trkpt lat="31.24415649545797" lon="121.62079119481038">
        <ele>4.513375721871853</ele>
        <time>1970-01-01T00:41:11.800000Z</time>
        <extensions>
          <gpxtpx:TrackPointExtension>
            <gpxtpx:hr>156</gpxtpx:hr>
          </gpxtpx:TrackPointExtension>
        </extensions>
      </trkpt>
      <trkpt lat="31.24415772856233" lon="121.62079326856338">
        <ele>4.51063088234514</ele>
        <time>1970-01-01T00:41:12.800000Z</time>
        <extensions>
          <gpxtpx:TrackPointExtension>
            <gpxtpx:hr>156</gpxtpx:hr>
          </gpxtpx:TrackPointExtension>
        </extensions>
      </trkpt>
      <trkpt lat="31.244158727443708" lon="121.62079440280081">
        <ele>4.507105671800673</ele>
        <time>1970-01-01T00:41:13.800000Z</time>
        <extensions>
          <gpxtpx:TrackPointExtension>
            <gpxtpx:hr>156</gpxtpx:hr>
          </gpxtpx:TrackPointExtension>
        </extensions>
      </trkpt>
      <trkpt lat="31.244159614897193" lon="121.6207950754195">
        <ele>4.5037019131705165</ele>
        <time>1970-01-01T00:41:14.800000Z</time>
        <extensions>
          <gpxtpx:TrackPointExtension>
            <gpxtpx:hr>156</gpxtpx:hr>
          </gpxtpx:TrackPointExtension>
        </extensions>
      </trkpt>
      <trkpt lat="31.24416038689801" lon="121.62079550567546">
        <ele>4.501358105801046</ele>
        <time>1970-01-01T00:41:15.800000Z</time>
        <extensions>
          <gpxtpx:TrackPointExtension>
            <gpxtpx:hr>156</gpxtpx:hr>
          </gpxtpx:TrackPointExtension>
        </extensions>
      </trkpt>
      <trkpt lat="31.244161081959213" lon="121.62079582649487">
        <ele>4.500954027287662</ele>
        <time>1970-01-01T00:41:16.800000Z</time>
        <extensions>
          <gpxtpx:TrackPointExtension>
            <gpxtpx:hr>152</gpxtpx:hr>
          </gpxtpx:TrackPointExtension>
        </extensions>
      </trkpt>
      <trkpt lat="31.244161823861717" lon="121.62079641728711">
        <ele>4.503294488415122</ele>
        <time>1970-01-01T00:41:17.800000Z</time>
        <extensions>
          <gpxtpx:TrackPointExtension>
            <gpxtpx:hr>152</gpxtpx:hr>
          </gpxtpx:TrackPointExtension>
        </extensions>
      </trkpt>
      <trkpt lat="31.244162668654166" lon="121.62079716123897">
        <ele>4.5091143464669585</ele>
        <time>1970-01-01T00:41:18.800000Z</time>
        <extensions>
          <gpxtpx:TrackPointExtension>
            <gpxtpx:hr>152</gpxtpx:hr>
          </gpxtpx:TrackPointExtension>
        </extensions>
      </trkpt>
      <trkpt lat="31.24416351055949" lon="121.62079837568398">
        <ele>4.518920776434243</ele>
        <time>1970-01-01T00:41:19.800000Z</time>
        <extensions>
          <gpxtpx:TrackPointExtension>
            <gpxtpx:hr>152</gpxtpx:hr>
          </gpxtpx:TrackPointExtension>
        </extensions>
      </trkpt>
      <trkpt lat="31.244164479966337" lon="121.62080052444149">
        <ele>4.532792337238789</ele>
        <time>1970-01-01T00:41:20.800000Z</time>
        <extensions>
          <gpxtpx:TrackPointExtension>
            <gpxtpx:hr>152</gpxtpx:hr>
          </gpxtpx:TrackPointExtension>
        </extensions>
      </trkpt>
      <trkpt lat="31.244165237749517" lon="121.6208034886053">
        <ele>4.550454539246857</ele>
        <time>1970-01-01T00:41:21.800000Z</time>
        <extensions>
          <gpxtpx:TrackPointExtension>
            <gpxtpx:hr>152</gpxtpx:hr>
          </gpxtpx:TrackPointExtension>
        </extensions>
      </trkpt>
      <trkpt lat="31.244165679062856" lon="121.62080777742061">
        <ele>4.571202859282494</ele>
        <time>1970-01-01T00:41:22.800000Z</time>
        <extensions>
          <gpxtpx:TrackPointExtension>
            <gpxtpx:hr>152</gpxtpx:hr>
          </gpxtpx:TrackPointExtension>
        </extensions>
      </trkpt>
      <trkpt lat="31.24416562732731" lon="121.62081360246084">
        <ele>4.593971646390855</ele>
        <time>1970-01-01T00:41:23.800000Z</time>
        <extensions>
          <gpxtpx:TrackPointExtension>
            <gpxtpx:hr>152</gpxtpx:hr>
          </gpxtpx:TrackPointExtension>
        </extensions>
      </trkpt>
      <trkpt lat="31.244164817113642" lon="121.62082100454883">
        <ele>4.617657105438411</ele>
        <time>1970-01-01T00:41:24.800000Z</time>
        <extensions>
          <gpxtpx:TrackPointExtension>
            <gpxtpx:hr>146</gpxtpx:hr>
          </gpxtpx:TrackPointExtension>
        </extensions>
      </trkpt>
      <trkpt lat="31.244162601478696" lon="121.62083030500513">
        <ele>4.641417857259512</ele>
        <time>1970-01-01T00:41:25.800000Z</time>
        <extensions>
          <gpxtpx:TrackPointExtension>
            <gpxtpx:hr>146</gpxtpx:hr>
          </gpxtpx:TrackPointExtension>
        </extensions>
      </trkpt>
      <trkpt lat="31.24415953665637" lon="121.62084153807668">
        <ele>4.664758278056979</ele>
        <time>1970-01-01T00:41:26.800000Z</time>
        <extensions>
          <gpxtpx:TrackPointExtension>
            <gpxtpx:hr>146</gpxtpx:hr>
          </gpxtpx:TrackPointExtension>
        </extensions>
      </trkpt>
      <trkpt lat="31.244157235592475" lon="121.62085371670797">
        <ele>4.687462668865919</ele>
        <time>1970-01-01T00:41:27.800000Z</time>
        <extensions>
          <gpxtpx:TrackPointExtension>
            <gpxtpx:hr>146</gpxtpx:hr>
          </gpxtpx:TrackPointExtension>
        </extensions>
      </trkpt>
      <trkpt lat="31.24415569092401" lon="121.62086574987529">
        <ele>4.709517174400389</ele>
        <time>1970-01-01T00:41:28.800000Z</time>
        <extensions>
          <gpxtpx:TrackPointExtension>
            <gpxtpx:hr>146</gpxtpx:hr>
          </gpxtpx:TrackPointExtension>
        </extensions>
      </trkpt>
      <trkpt lat="31.244153771160793" lon="121.62087686016719">
        <ele>4.731053844094276</ele>
        <time>1970-01-01T00:41:29.800000Z</time>
        <extensions>
          <gpxtpx:TrackPointExtension>
            <gpxtpx:hr>146</gpxtpx:hr>
          </gpxtpx:TrackPointExtension>
        </extensions>
      </trkpt>
      <trkpt lat="31.244150141858636" lon="121.62088590331028">
        <ele>4.752102402038872</ele>
        <time>1970-01-01T00:41:30.800000Z</time>
        <extensions>
          <gpxtpx:TrackPointExtension>
            <gpxtpx:hr>146</gpxtpx:hr>
          </gpxtpx:TrackPointExtension>
        </extensions>
      </trkpt>
      <trkpt lat="31.244144309058466" lon="121.62089256930942">
        <ele>4.772536266595125</ele>
        <time>1970-01-01T00:41:31.800000Z</time>
        <extensions>
          <gpxtpx:TrackPointExtension>
            <gpxtpx:hr>146</gpxtpx:hr>
          </gpxtpx:TrackPointExtension>
        </extensions>
      </trkpt>
      <trkpt lat="31.244136480189237" lon="121.62089741037016">
        <ele>4.792433233931661</ele>
        <time>1970-01-01T00:41:32.800000Z</time>
        <extensions>
          <gpxtpx:TrackPointExtension>
            <gpxtpx:hr>146</gpxtpx:hr>
          </gpxtpx:TrackPointExtension>
        </extensions>
      </trkpt>
      <trkpt lat="31.244126913809993" lon="121.62090117463246">
        <ele>4.812160796485841</ele>
        <time>1970-01-01T00:41:33.800000Z</time>
        <extensions>
          <gpxtpx:TrackPointExtension>
            <gpxtpx:hr>146</gpxtpx:hr>
          </gpxtpx:TrackPointExtension>
        </extensions>
      </trkpt>
      <trkpt lat="31.24411664022744" lon="121.62090492505666">
        <ele>4.832174001261592</ele>
        <time>1970-01-01T00:41:34.800000Z</time>
        <extensions>
          <gpxtpx:TrackPointExtension>
            <gpxtpx:hr>145</gpxtpx:hr>
          </gpxtpx:TrackPointExtension>
        </extensions>
      </trkpt>
      <trkpt lat="31.24410660903399" lon="121.62091028026686">
        <ele>4.85279927123338</ele>
        <time>1970-01-01T00:41:35.900000Z</time>
        <extensions>
          <gpxtpx:TrackPointExtension>
            <gpxtpx:hr>145</gpxtpx:hr>
          </gpxtpx:TrackPointExtension>
        </extensions>
      </trkpt>
      <trkpt lat="31.2440982579182" lon="121.62091904903293">
        <ele>4.874109170399606</ele>
        <time>1970-01-01T00:41:36.900000Z</time>
        <extensions>
          <gpxtpx:TrackPointExtension>
            <gpxtpx:hr>145</gpxtpx:hr>
          </gpxtpx:TrackPointExtension>
        </extensions>
      </trkpt>
      <trkpt lat="31.244092951191384" lon="121.620931529512">
        <ele>4.896193691529334</ele>
        <time>1970-01-01T00:41:37.900000Z</time>
        <extensions>
          <gpxtpx:TrackPointExtension>
            <gpxtpx:hr>145</gpxtpx:hr>
          </gpxtpx:TrackPointExtension>
        </extensions>
      </trkpt>
      <trkpt lat="31.244090354076157" lon="121.62094630555421">
        <ele>4.919141075573862</ele>
        <time>1970-01-01T00:41:38.900000Z</time>
        <extensions>
          <gpxtpx:TrackPointExtension>
            <gpxtpx:hr>145</gpxtpx:hr>
          </gpxtpx:TrackPointExtension>
        </extensions>
      </trkpt>
      <trkpt lat="31.244089459452987" lon="121.62096224569126">
        <ele>4.942799549549818</ele>
        <time>1970-01-01T00:41:39.900000Z</time>
        <extensions>
          <gpxtpx:TrackPointExtension>
            <gpxtpx:hr>143</gpxtpx:hr>
          </gpxtpx:TrackPointExtension>
        </extensions>
      </trkpt>
      <trkpt lat="31.24408937549378" lon="121.62097892081789">
        <ele>4.966629975475371</ele>
        <time>1970-01-01T00:41:40.900000Z</time>
        <extensions>
          <gpxtpx:TrackPointExtension>
            <gpxtpx:hr>143</gpxtpx:hr>
          </gpxtpx:TrackPointExtension>
        </extensions>
      </trkpt>
      <trkpt lat="31.244088890403283" lon="121.62099661560357">
        <ele>4.989924311637878</ele>
        <time>1970-01-01T00:41:41.900000Z</time>
        <extensions>
          <gpxtpx:TrackPointExtension>
            <gpxtpx:hr>143</gpxtpx:hr>
          </gpxtpx:TrackPointExtension>
        </extensions>
      </trkpt>
      <trkpt lat="31.244086555998443" lon="121.62101500437988">
        <ele>5.011961167678237</ele>
        <time>1970-01-01T00:41:42.900000Z</time>
        <extensions>
          <gpxtpx:TrackPointExtension>
            <gpxtpx:hr>143</gpxtpx:hr>
          </gpxtpx:TrackPointExtension>
        </extensions>
      </trkpt>
      <trkpt lat="31.24408090859931" lon="121.62103367682944">
        <ele>5.032169776037335</ele>
        <time>1970-01-01T00:41:43.900000Z</time>
        <extensions>
          <gpxtpx:TrackPointExtension>
            <gpxtpx:hr>144</gpxtpx:hr>
          </gpxtpx:TrackPointExtension>
        </extensions>
      </trkpt>
      <trkpt lat="31.24407059923265" lon="121.62105241162811">
        <ele>5.050014505162835</ele>
        <time>1970-01-01T00:41:44.900000Z</time>
        <extensions>
          <gpxtpx:TrackPointExtension>
            <gpxtpx:hr>144</gpxtpx:hr>
          </gpxtpx:TrackPointExtension>
        </extensions>
      </trkpt>
      <trkpt lat="31.24405525417451" lon="121.62106947359278">
        <ele>5.064869539812207</ele>
        <time>1970-01-01T00:41:45.900000Z</time>
        <extensions>
          <gpxtpx:TrackPointExtension>
            <gpxtpx:hr>144</gpxtpx:hr>
          </gpxtpx:TrackPointExtension>
        </extensions>
      </trkpt>
      <trkpt lat="31.244035701713624" lon="121.6210835890542">
        <ele>5.0759903797879815</ele>
        <time>1970-01-01T00:41:46.900000Z</time>
        <extensions>
          <gpxtpx:TrackPointExtension>
            <gpxtpx:hr>144</gpxtpx:hr>
          </gpxtpx:TrackPointExtension>
        </extensions>
      </trkpt>
      <trkpt lat="31.244013415786707" lon="121.62109472805581">
        <ele>5.0826664520427585</ele>
        <time>1970-01-01T00:41:47.900000Z</time>
        <extensions>
          <gpxtpx:TrackPointExtension>
            <gpxtpx:hr>144</gpxtpx:hr>
          </gpxtpx:TrackPointExtension>
        </extensions>
      </trkpt>
      <trkpt lat="31.243989814609225" lon="121.62110351916381">
        <ele>5.084520906209946</ele>
        <time>1970-01-01T00:41:48.900000Z</time>
        <extensions>
          <gpxtpx:TrackPointExtension>
            <gpxtpx:hr>144</gpxtpx:hr>
          </gpxtpx:TrackPointExtension>
        </extensions>
      </trkpt>
      <trkpt lat="31.243965994715897" lon="121.62111107951569">
        <ele>5.081462011672556</ele>
        <time>1970-01-01T00:41:49.900000Z</time>
        <extensions>
          <gpxtpx:TrackPointExtension>
            <gpxtpx:hr>151</gpxtpx:hr>
          </gpxtpx:TrackPointExtension>
        </extensions>
      </trkpt>
      <trkpt lat="31.24394249152428" lon="121.62111804201146">
        <ele>5.073639397509396</ele>
        <time>1970-01-01T00:41:50.900000Z</time>
        <extensions>
          <gpxtpx:TrackPointExtension>
            <gpxtpx:hr>151</gpxtpx:hr>
          </gpxtpx:TrackPointExtension>
        </extensions>
      </trkpt>
      <trkpt lat="31.243919379691174" lon="121.62112410283429">
        <ele>5.061646822839975</ele>
        <time>1970-01-01T00:41:51.900000Z</time>
        <extensions>
          <gpxtpx:TrackPointExtension>
            <gpxtpx:hr>151</gpxtpx:hr>
          </gpxtpx:TrackPointExtension>
        </extensions>
      </trkpt>
      <trkpt lat="31.24389611875698" lon="121.62112910803732">
        <ele>5.046587646007538</ele>
        <time>1970-01-01T00:41:52.900000Z</time>
        <extensions>
          <gpxtpx:TrackPointExtension>
            <gpxtpx:hr>151</gpxtpx:hr>
          </gpxtpx:TrackPointExtension>
        </extensions>
      </trkpt>
      <trkpt lat="31.243872260916508" lon="121.62113327066538">
        <ele>5.0299628814682364</ele>
        <time>1970-01-01T00:41:53.900000Z</time>
        <extensions>
          <gpxtpx:TrackPointExtension>
            <gpxtpx:hr>151</gpxtpx:hr>
          </gpxtpx:TrackPointExtension>
        </extensions>
      </trkpt>
      <trkpt lat="31.24384797594516" lon="121.62113696175594">
        <ele>5.013455082662404</ele>
        <time>1970-01-01T00:41:54.900000Z</time>
        <extensions>
          <gpxtpx:TrackPointExtension>
            <gpxtpx:hr>151</gpxtpx:hr>
          </gpxtpx:TrackPointExtension>
        </extensions>
      </trkpt>
      <trkpt lat="31.243823630007427" lon="121.62114083190421">
        <ele>4.998661156743765</ele>
        <time>1970-01-01T00:41:55.900000Z</time>
        <extensions>
          <gpxtpx:TrackPointExtension>
            <gpxtpx:hr>154</gpxtpx:hr>
          </gpxtpx:TrackPointExtension>
        </extensions>
      </trkpt>
      <trkpt lat="31.243799667897523" lon="121.62114488792115">
        <ele>4.986910505220294</ele>
        <time>1970-01-01T00:41:56.900000Z</time>
        <extensions>
          <gpxtpx:TrackPointExtension>
            <gpxtpx:hr>154</gpxtpx:hr>
          </gpxtpx:TrackPointExtension>
        </extensions>
      </trkpt>
      <trkpt lat="31.243775947550656" lon="121.62114864639585">
        <ele>4.9790802812203765</ele>
        <time>1970-01-01T00:41:57.900000Z</time>
        <extensions>
          <gpxtpx:TrackPointExtension>
            <gpxtpx:hr>154</gpxtpx:hr>
          </gpxtpx:TrackPointExtension>
        </extensions>
      </trkpt>
      <trkpt lat="31.243751578204343" lon="121.6211520908098">
        <ele>4.975763510912657</ele>
        <time>1970-01-01T00:41:58.900000Z</time>
        <extensions>
          <gpxtpx:TrackPointExtension>
            <gpxtpx:hr>154</gpxtpx:hr>
          </gpxtpx:TrackPointExtension>
        </extensions>
      </trkpt>
      <trkpt lat="31.24372618777384" lon="121.62115527687266">
        <ele>4.977545856498182</ele>
        <time>1970-01-01T00:41:59.900000Z</time>
        <extensions>
          <gpxtpx:TrackPointExtension>
            <gpxtpx:hr>154</gpxtpx:hr>
          </gpxtpx:TrackPointExtension>
        </extensions>
      </trkpt>
      <trkpt lat="31.243700083662176" lon="121.62115794658222">
        <ele>4.984933697618544</ele>
        <time>1970-01-01T00:42:00.900000Z</time>
        <extensions>
          <gpxtpx:TrackPointExtension>
            <gpxtpx:hr>156</gpxtpx:hr>
          </gpxtpx:TrackPointExtension>
        </extensions>
      </trkpt>
      <trkpt lat="31.24367357469643" lon="121.62116009063293">
        <ele>4.997924559749663</ele>
        <time>1970-01-01T00:42:01.900000Z</time>
        <extensions>
          <gpxtpx:TrackPointExtension>
            <gpxtpx:hr>156</gpxtpx:hr>
          </gpxtpx:TrackPointExtension>
        </extensions>
      </trkpt>
      <trkpt lat="31.24364708989966" lon="121.6211618284338">
        <ele>5.015856834128499</ele>
        <time>1970-01-01T00:42:02.900000Z</time>
        <extensions>
          <gpxtpx:TrackPointExtension>
            <gpxtpx:hr>156</gpxtpx:hr>
          </gpxtpx:TrackPointExtension>
        </extensions>
      </trkpt>
      <trkpt lat="31.243621080427545" lon="121.62116337132885">
        <ele>5.037873231805861</ele>
        <time>1970-01-01T00:42:03.900000Z</time>
        <extensions>
          <gpxtpx:TrackPointExtension>
            <gpxtpx:hr>156</gpxtpx:hr>
          </gpxtpx:TrackPointExtension>
        </extensions>
      </trkpt>
      <trkpt lat="31.243595754251796" lon="121.62116518835377">
        <ele>5.063205333426595</ele>
        <time>1970-01-01T00:42:04.900000Z</time>
        <extensions>
          <gpxtpx:TrackPointExtension>
            <gpxtpx:hr>156</gpxtpx:hr>
          </gpxtpx:TrackPointExtension>
        </extensions>
      </trkpt>
      <trkpt lat="31.24357125769146" lon="121.62116758475103">
        <ele>5.090965493582189</ele>
        <time>1970-01-01T00:42:05.900000Z</time>
        <extensions>
          <gpxtpx:TrackPointExtension>
            <gpxtpx:hr>156</gpxtpx:hr>
          </gpxtpx:TrackPointExtension>
        </extensions>
      </trkpt>
      <trkpt lat="31.24354749275862" lon="121.62117081588256">
        <ele>5.120271147228777</ele>
        <time>1970-01-01T00:42:06.900000Z</time>
        <extensions>
          <gpxtpx:TrackPointExtension>
            <gpxtpx:hr>160</gpxtpx:hr>
          </gpxtpx:TrackPointExtension>
        </extensions>
      </trkpt>
      <trkpt lat="31.24352422455466" lon="121.62117533768361">
        <ele>5.150555890053511</ele>
        <time>1970-01-01T00:42:07.900000Z</time>
        <extensions>
          <gpxtpx:TrackPointExtension>
            <gpxtpx:hr>160</gpxtpx:hr>
          </gpxtpx:TrackPointExtension>
        </extensions>
      </trkpt>
      <trkpt lat="31.243501943812586" lon="121.62118248728727">
        <ele>5.181494455784559</ele>
        <time>1970-01-01T00:42:08.900000Z</time>
        <extensions>
          <gpxtpx:TrackPointExtension>
            <gpxtpx:hr>160</gpxtpx:hr>
          </gpxtpx:TrackPointExtension>
        </extensions>
      </trkpt>
      <trkpt lat="31.24348109591991" lon="121.62119223161827">
        <ele>5.21262645535171</ele>
        <time>1970-01-01T00:42:09.900000Z</time>
        <extensions>
          <gpxtpx:TrackPointExtension>
            <gpxtpx:hr>160</gpxtpx:hr>
          </gpxtpx:TrackPointExtension>
        </extensions>
      </trkpt>
      <trkpt lat="31.243460314233392" lon="121.6212007601882">
        <ele>5.243531326763332</ele>
        <time>1970-01-01T00:42:11Z</time>
        <extensions>
          <gpxtpx:TrackPointExtension>
            <gpxtpx:hr>160</gpxtpx:hr>
          </gpxtpx:TrackPointExtension>
        </extensions>
      </trkpt>
      <trkpt lat="31.24343857826296" lon="121.62120597897511">
        <ele>5.274177449755371</ele>
        <time>1970-01-01T00:42:12Z</time>
        <extensions>
          <gpxtpx:TrackPointExtension>
            <gpxtpx:hr>162</gpxtpx:hr>
          </gpxtpx:TrackPointExtension>
        </extensions>
      </trkpt>
      <trkpt lat="31.243416041436006" lon="121.62120908906284">
        <ele>5.3045591954141855</ele>
        <time>1970-01-01T00:42:13Z</time>
        <extensions>
          <gpxtpx:TrackPointExtension>
            <gpxtpx:hr>162</gpxtpx:hr>
          </gpxtpx:TrackPointExtension>
        </extensions>
      </trkpt>
      <trkpt lat="31.243392524963998" lon="121.62121089538243">
        <ele>5.334334463812411</ele>
        <time>1970-01-01T00:42:14Z</time>
        <extensions>
          <gpxtpx:TrackPointExtension>
            <gpxtpx:hr>162</gpxtpx:hr>
          </gpxtpx:TrackPointExtension>
        </extensions>
      </trkpt>
      <trkpt lat="31.243367964108327" lon="121.621211916181">
        <ele>5.362856347113848</ele>
        <time>1970-01-01T00:42:15Z</time>
        <extensions>
          <gpxtpx:TrackPointExtension>
            <gpxtpx:hr>162</gpxtpx:hr>
          </gpxtpx:TrackPointExtension>
        </extensions>
      </trkpt>
      <trkpt lat="31.243342434551227" lon="121.62121264846309">
        <ele>5.3892968045547605</ele>
        <time>1970-01-01T00:42:16Z</time>
        <extensions>
          <gpxtpx:TrackPointExtension>
            <gpxtpx:hr>162</gpxtpx:hr>
          </gpxtpx:TrackPointExtension>
        </extensions>
      </trkpt>
      <trkpt lat="31.243316401343726" lon="121.62121299256323">
        <ele>5.413048071786761</ele>
        <time>1970-01-01T00:42:17Z</time>
        <extensions>
          <gpxtpx:TrackPointExtension>
            <gpxtpx:hr>162</gpxtpx:hr>
          </gpxtpx:TrackPointExtension>
        </extensions>
      </trkpt>
      <trkpt lat="31.243290513548153" lon="121.62121259759878">
        <ele>5.433912856504321</ele>
        <time>1970-01-01T00:42:18Z</time>
        <extensions>
          <gpxtpx:TrackPointExtension>
            <gpxtpx:hr>162</gpxtpx:hr>
          </gpxtpx:TrackPointExtension>
        </extensions>
      </trkpt>
      <trkpt lat="31.24326494029545" lon="121.62121169862222">
        <ele>5.451404914259911</ele>
        <time>1970-01-01T00:42:19Z</time>
        <extensions>
          <gpxtpx:TrackPointExtension>
            <gpxtpx:hr>163</gpxtpx:hr>
          </gpxtpx:TrackPointExtension>
        </extensions>
      </trkpt>
      <trkpt lat="31.243239636586072" lon="121.62121047764263">
        <ele>5.464355372823775</ele>
        <time>1970-01-01T00:42:20Z</time>
        <extensions>
          <gpxtpx:TrackPointExtension>
            <gpxtpx:hr>163</gpxtpx:hr>
          </gpxtpx:TrackPointExtension>
        </extensions>
      </trkpt>
      <trkpt lat="31.243214496400903" lon="121.62120909958291">
        <ele>5.471634620800614</ele>
        <time>1970-01-01T00:42:21Z</time>
        <extensions>
          <gpxtpx:TrackPointExtension>
            <gpxtpx:hr>163</gpxtpx:hr>
          </gpxtpx:TrackPointExtension>
        </extensions>
      </trkpt>
      <trkpt lat="31.243189356749657" lon="121.62120787976289">
        <ele>5.472632225602865</ele>
        <time>1970-01-01T00:42:22Z</time>
        <extensions>
          <gpxtpx:TrackPointExtension>
            <gpxtpx:hr>163</gpxtpx:hr>
          </gpxtpx:TrackPointExtension>
        </extensions>
      </trkpt>
      <trkpt lat="31.243164529123543" lon="121.62120720402407">
        <ele>5.4672105787321925</ele>
        <time>1970-01-01T00:42:23Z</time>
        <extensions>
          <gpxtpx:TrackPointExtension>
            <gpxtpx:hr>163</gpxtpx:hr>
          </gpxtpx:TrackPointExtension>
        </extensions>
      </trkpt>
      <trkpt lat="31.24314041544873" lon="121.62120840246492">
        <ele>5.455838252790272</ele>
        <time>1970-01-01T00:42:24Z</time>
        <extensions>
          <gpxtpx:TrackPointExtension>
            <gpxtpx:hr>163</gpxtpx:hr>
          </gpxtpx:TrackPointExtension>
        </extensions>
      </trkpt>
      <trkpt lat="31.2431171900018" lon="121.6212125770702">
        <ele>5.439659001305699</ele>
        <time>1970-01-01T00:42:25Z</time>
        <extensions>
          <gpxtpx:TrackPointExtension>
            <gpxtpx:hr>164</gpxtpx:hr>
          </gpxtpx:TrackPointExtension>
        </extensions>
      </trkpt>
      <trkpt lat="31.2430951298101" lon="121.62121946375413">
        <ele>5.420354981906712</ele>
        <time>1970-01-01T00:42:26Z</time>
        <extensions>
          <gpxtpx:TrackPointExtension>
            <gpxtpx:hr>164</gpxtpx:hr>
          </gpxtpx:TrackPointExtension>
        </extensions>
      </trkpt>
      <trkpt lat="31.243073747973483" lon="121.62122766465379">
        <ele>5.399465368129313</ele>
        <time>1970-01-01T00:42:27Z</time>
        <extensions>
          <gpxtpx:TrackPointExtension>
            <gpxtpx:hr>164</gpxtpx:hr>
          </gpxtpx:TrackPointExtension>
        </extensions>
      </trkpt>
      <trkpt lat="31.24305166182287" lon="121.62123408119727">
        <ele>5.378102736547589</ele>
        <time>1970-01-01T00:42:28Z</time>
        <extensions>
          <gpxtpx:TrackPointExtension>
            <gpxtpx:hr>164</gpxtpx:hr>
          </gpxtpx:TrackPointExtension>
        </extensions>
      </trkpt>
      <trkpt lat="31.243028469201327" lon="121.6212374499496">
        <ele>5.357426445931196</ele>
        <time>1970-01-01T00:42:29Z</time>
        <extensions>
          <gpxtpx:TrackPointExtension>
            <gpxtpx:hr>164</gpxtpx:hr>
          </gpxtpx:TrackPointExtension>
        </extensions>
      </trkpt>
      <trkpt lat="31.24300452279251" lon="121.62123913716727">
        <ele>5.3382477117702365</ele>
        <time>1970-01-01T00:42:30Z</time>
        <extensions>
          <gpxtpx:TrackPointExtension>
            <gpxtpx:hr>164</gpxtpx:hr>
          </gpxtpx:TrackPointExtension>
        </extensions>
      </trkpt>
      <trkpt lat="31.242980013819466" lon="121.62123933412333">
        <ele>5.320516942068934</ele>
        <time>1970-01-01T00:42:31Z</time>
        <extensions>
          <gpxtpx:TrackPointExtension>
            <gpxtpx:hr>164</gpxtpx:hr>
          </gpxtpx:TrackPointExtension>
        </extensions>
      </trkpt>
      <trkpt lat="31.24295519168487" lon="121.62123766500636">
        <ele>5.303612188436091</ele>
        <time>1970-01-01T00:42:32Z</time>
        <extensions>
          <gpxtpx:TrackPointExtension>
            <gpxtpx:hr>164</gpxtpx:hr>
          </gpxtpx:TrackPointExtension>
        </extensions>
      </trkpt>
      <trkpt lat="31.242930046258497" lon="121.62123414021448">
        <ele>5.286547245457768</ele>
        <time>1970-01-01T00:42:33Z</time>
        <extensions>
          <gpxtpx:TrackPointExtension>
            <gpxtpx:hr>164</gpxtpx:hr>
          </gpxtpx:TrackPointExtension>
        </extensions>
      </trkpt>
      <trkpt lat="31.242904534030437" lon="121.62122918849309">
        <ele>5.268319993279874</ele>
        <time>1970-01-01T00:42:34Z</time>
        <extensions>
          <gpxtpx:TrackPointExtension>
            <gpxtpx:hr>165</gpxtpx:hr>
          </gpxtpx:TrackPointExtension>
        </extensions>
      </trkpt>
      <trkpt lat="31.242878887968175" lon="121.62122410513365">
        <ele>5.248889546841383</ele>
        <time>1970-01-01T00:42:35Z</time>
        <extensions>
          <gpxtpx:TrackPointExtension>
            <gpxtpx:hr>165</gpxtpx:hr>
          </gpxtpx:TrackPointExtension>
        </extensions>
      </trkpt>
      <trkpt lat="31.242853077854097" lon="121.62122012829043">
        <ele>5.228848767466843</ele>
        <time>1970-01-01T00:42:36Z</time>
        <extensions>
          <gpxtpx:TrackPointExtension>
            <gpxtpx:hr>165</gpxtpx:hr>
          </gpxtpx:TrackPointExtension>
        </extensions>
      </trkpt>
      <trkpt lat="31.242827084045633" lon="121.62121747820177">
        <ele>5.208041696809232</ele>
        <time>1970-01-01T00:42:37Z</time>
        <extensions>
          <gpxtpx:TrackPointExtension>
            <gpxtpx:hr>165</gpxtpx:hr>
          </gpxtpx:TrackPointExtension>
        </extensions>
      </trkpt>
      <trkpt lat="31.242801228829695" lon="121.62121599838862">
        <ele>5.1856433199718595</ele>
        <time>1970-01-01T00:42:38Z</time>
        <extensions>
          <gpxtpx:TrackPointExtension>
            <gpxtpx:hr>165</gpxtpx:hr>
          </gpxtpx:TrackPointExtension>
        </extensions>
      </trkpt>
      <trkpt lat="31.242775455982322" lon="121.62121529626722">
        <ele>5.160658367909491</ele>
        <time>1970-01-01T00:42:39Z</time>
        <extensions>
          <gpxtpx:TrackPointExtension>
            <gpxtpx:hr>164</gpxtpx:hr>
          </gpxtpx:TrackPointExtension>
        </extensions>
      </trkpt>
      <trkpt lat="31.242749634549032" lon="121.62121484396766">
        <ele>5.131788205355406</ele>
        <time>1970-01-01T00:42:40Z</time>
        <extensions>
          <gpxtpx:TrackPointExtension>
            <gpxtpx:hr>164</gpxtpx:hr>
          </gpxtpx:TrackPointExtension>
        </extensions>
      </trkpt>
      <trkpt lat="31.242723558141005" lon="121.62121468251632">
        <ele>5.097506251186132</ele>
        <time>1970-01-01T00:42:41Z</time>
        <extensions>
          <gpxtpx:TrackPointExtension>
            <gpxtpx:hr>164</gpxtpx:hr>
          </gpxtpx:TrackPointExtension>
        </extensions>
      </trkpt>
      <trkpt lat="31.242697057594544" lon="121.62121480285874">
        <ele>5.056965584866703</ele>
        <time>1970-01-01T00:42:42Z</time>
        <extensions>
          <gpxtpx:TrackPointExtension>
            <gpxtpx:hr>164</gpxtpx:hr>
          </gpxtpx:TrackPointExtension>
        </extensions>
      </trkpt>
      <trkpt lat="31.24267057470866" lon="121.6212149789805">
        <ele>5.0111458748579025</ele>
        <time>1970-01-01T00:42:43Z</time>
        <extensions>
          <gpxtpx:TrackPointExtension>
            <gpxtpx:hr>164</gpxtpx:hr>
          </gpxtpx:TrackPointExtension>
        </extensions>
      </trkpt>
      <trkpt lat="31.24264456964239" lon="121.62121518477245">
        <ele>4.962254949845374</ele>
        <time>1970-01-01T00:42:44Z</time>
        <extensions>
          <gpxtpx:TrackPointExtension>
            <gpxtpx:hr>164</gpxtpx:hr>
          </gpxtpx:TrackPointExtension>
        </extensions>
      </trkpt>
      <trkpt lat="31.24261902040326" lon="121.62121510266854">
        <ele>4.912150055170059</ele>
        <time>1970-01-01T00:42:45Z</time>
        <extensions>
          <gpxtpx:TrackPointExtension>
            <gpxtpx:hr>166</gpxtpx:hr>
          </gpxtpx:TrackPointExtension>
        </extensions>
      </trkpt>
      <trkpt lat="31.24259379463489" lon="121.62121472441663">
        <ele>4.861767984926701</ele>
        <time>1970-01-01T00:42:46Z</time>
        <extensions>
          <gpxtpx:TrackPointExtension>
            <gpxtpx:hr>166</gpxtpx:hr>
          </gpxtpx:TrackPointExtension>
        </extensions>
      </trkpt>
      <trkpt lat="31.242568746467708" lon="121.62121446384897">
        <ele>4.811323682777584</ele>
        <time>1970-01-01T00:42:47.100000Z</time>
        <extensions>
          <gpxtpx:TrackPointExtension>
            <gpxtpx:hr>166</gpxtpx:hr>
          </gpxtpx:TrackPointExtension>
        </extensions>
      </trkpt>
      <trkpt lat="31.242543711046267" lon="121.62121423916386">
        <ele>4.760712603107095</ele>
        <time>1970-01-01T00:42:48.100000Z</time>
        <extensions>
          <gpxtpx:TrackPointExtension>
            <gpxtpx:hr>166</gpxtpx:hr>
          </gpxtpx:TrackPointExtension>
        </extensions>
      </trkpt>
      <trkpt lat="31.242518785700476" lon="121.62121398810821">
        <ele>4.709971058182418</ele>
        <time>1970-01-01T00:42:49.100000Z</time>
        <extensions>
          <gpxtpx:TrackPointExtension>
            <gpxtpx:hr>166</gpxtpx:hr>
          </gpxtpx:TrackPointExtension>
        </extensions>
      </trkpt>
      <trkpt lat="31.24249387625595" lon="121.6212137939826">
        <ele>4.6597486063838005</ele>
        <time>1970-01-01T00:42:50.100000Z</time>
        <extensions>
          <gpxtpx:TrackPointExtension>
            <gpxtpx:hr>166</gpxtpx:hr>
          </gpxtpx:TrackPointExtension>
        </extensions>
      </trkpt>
      <trkpt lat="31.24246873719994" lon="121.62121337870663">
        <ele>4.611185364425182</ele>
        <time>1970-01-01T00:42:51.100000Z</time>
        <extensions>
          <gpxtpx:TrackPointExtension>
            <gpxtpx:hr>166</gpxtpx:hr>
          </gpxtpx:TrackPointExtension>
        </extensions>
      </trkpt>
      <trkpt lat="31.24244333804132" lon="121.62121283198188">
        <ele>4.565762562677264</ele>
        <time>1970-01-01T00:42:52.100000Z</time>
        <extensions>
          <gpxtpx:TrackPointExtension>
            <gpxtpx:hr>166</gpxtpx:hr>
          </gpxtpx:TrackPointExtension>
        </extensions>
      </trkpt>
      <trkpt lat="31.242417632420796" lon="121.62121250350285">
        <ele>4.525072659365833</ele>
        <time>1970-01-01T00:42:53.100000Z</time>
        <extensions>
          <gpxtpx:TrackPointExtension>
            <gpxtpx:hr>166</gpxtpx:hr>
          </gpxtpx:TrackPointExtension>
        </extensions>
      </trkpt>
      <trkpt lat="31.242391798391164" lon="121.62121248146816">
        <ele>4.489440617151558</ele>
        <time>1970-01-01T00:42:54.100000Z</time>
        <extensions>
          <gpxtpx:TrackPointExtension>
            <gpxtpx:hr>166</gpxtpx:hr>
          </gpxtpx:TrackPointExtension>
        </extensions>
      </trkpt>
      <trkpt lat="31.242366289405012" lon="121.62121299649328">
        <ele>4.457727848552167</ele>
        <time>1970-01-01T00:42:55.100000Z</time>
        <extensions>
          <gpxtpx:TrackPointExtension>
            <gpxtpx:hr>170</gpxtpx:hr>
          </gpxtpx:TrackPointExtension>
        </extensions>
      </trkpt>
      <trkpt lat="31.242341232968137" lon="121.62121405433582">
        <ele>4.4285617200657725</ele>
        <time>1970-01-01T00:42:56.100000Z</time>
        <extensions>
          <gpxtpx:TrackPointExtension>
            <gpxtpx:hr>170</gpxtpx:hr>
          </gpxtpx:TrackPointExtension>
        </extensions>
      </trkpt>
      <trkpt lat="31.24231648375834" lon="121.62121526219333">
        <ele>4.401017335243523</ele>
        <time>1970-01-01T00:42:57.100000Z</time>
        <extensions>
          <gpxtpx:TrackPointExtension>
            <gpxtpx:hr>170</gpxtpx:hr>
          </gpxtpx:TrackPointExtension>
        </extensions>
      </trkpt>
      <trkpt lat="31.242291857081646" lon="121.6212165090765">
        <ele>4.374762498773634</ele>
        <time>1970-01-01T00:42:58.100000Z</time>
        <extensions>
          <gpxtpx:TrackPointExtension>
            <gpxtpx:hr>170</gpxtpx:hr>
          </gpxtpx:TrackPointExtension>
        </extensions>
      </trkpt>
      <trkpt lat="31.242267013297482" lon="121.62121763231082">
        <ele>4.349728412926197</ele>
        <time>1970-01-01T00:42:59.100000Z</time>
        <extensions>
          <gpxtpx:TrackPointExtension>
            <gpxtpx:hr>170</gpxtpx:hr>
          </gpxtpx:TrackPointExtension>
        </extensions>
      </trkpt>
      <trkpt lat="31.24224187757602" lon="121.62121844876499">
        <ele>4.326311320066452</ele>
        <time>1970-01-01T00:43:00.100000Z</time>
        <extensions>
          <gpxtpx:TrackPointExtension>
            <gpxtpx:hr>170</gpxtpx:hr>
          </gpxtpx:TrackPointExtension>
        </extensions>
      </trkpt>
      <trkpt lat="31.242216450644133" lon="121.62121932977705">
        <ele>4.305160962976515</ele>
        <time>1970-01-01T00:43:01.100000Z</time>
        <extensions>
          <gpxtpx:TrackPointExtension>
            <gpxtpx:hr>170</gpxtpx:hr>
          </gpxtpx:TrackPointExtension>
        </extensions>
      </trkpt>
      <trkpt lat="31.24219059238705" lon="121.62122012359028">
        <ele>4.2866893308237195</ele>
        <time>1970-01-01T00:43:02.100000Z</time>
        <extensions>
          <gpxtpx:TrackPointExtension>
            <gpxtpx:hr>172</gpxtpx:hr>
          </gpxtpx:TrackPointExtension>
        </extensions>
      </trkpt>
      <trkpt lat="31.242164511726127" lon="121.62122064353466">
        <ele>4.271270628087223</ele>
        <time>1970-01-01T00:43:03.100000Z</time>
        <extensions>
          <gpxtpx:TrackPointExtension>
            <gpxtpx:hr>172</gpxtpx:hr>
          </gpxtpx:TrackPointExtension>
        </extensions>
      </trkpt>
      <trkpt lat="31.24213848119296" lon="121.62122113622748">
        <ele>4.259086723439395</ele>
        <time>1970-01-01T00:43:04.100000Z</time>
        <extensions>
          <gpxtpx:TrackPointExtension>
            <gpxtpx:hr>172</gpxtpx:hr>
          </gpxtpx:TrackPointExtension>
        </extensions>
      </trkpt>
      <trkpt lat="31.24211258086439" lon="121.62122138132989">
        <ele>4.250071029178798</ele>
        <time>1970-01-01T00:43:05.100000Z</time>
        <extensions>
          <gpxtpx:TrackPointExtension>
            <gpxtpx:hr>173</gpxtpx:hr>
          </gpxtpx:TrackPointExtension>
        </extensions>
      </trkpt>
      <trkpt lat="31.24208679691448" lon="121.621221216758">
        <ele>4.243939415551722</ele>
        <time>1970-01-01T00:43:06.100000Z</time>
        <extensions>
          <gpxtpx:TrackPointExtension>
            <gpxtpx:hr>173</gpxtpx:hr>
          </gpxtpx:TrackPointExtension>
        </extensions>
      </trkpt>
      <trkpt lat="31.242060741711313" lon="121.62122072052502">
        <ele>4.240422065369785</ele>
        <time>1970-01-01T00:43:07.100000Z</time>
        <extensions>
          <gpxtpx:TrackPointExtension>
            <gpxtpx:hr>173</gpxtpx:hr>
          </gpxtpx:TrackPointExtension>
        </extensions>
      </trkpt>
      <trkpt lat="31.242033858571677" lon="121.62121968093051">
        <ele>4.239113955758512</ele>
        <time>1970-01-01T00:43:08.100000Z</time>
        <extensions>
          <gpxtpx:TrackPointExtension>
            <gpxtpx:hr>173</gpxtpx:hr>
          </gpxtpx:TrackPointExtension>
        </extensions>
      </trkpt>
      <trkpt lat="31.242006317702668" lon="121.6212182272037">
        <ele>4.239322040230036</ele>
        <time>1970-01-01T00:43:09.100000Z</time>
        <extensions>
          <gpxtpx:TrackPointExtension>
            <gpxtpx:hr>173</gpxtpx:hr>
          </gpxtpx:TrackPointExtension>
        </extensions>
      </trkpt>
      <trkpt lat="31.24197861379225" lon="121.62121709805234">
        <ele>4.240786263719201</ele>
        <time>1970-01-01T00:43:10.100000Z</time>
        <extensions>
          <gpxtpx:TrackPointExtension>
            <gpxtpx:hr>173</gpxtpx:hr>
          </gpxtpx:TrackPointExtension>
        </extensions>
      </trkpt>
      <trkpt lat="31.24195091048888" lon="121.62121650708131">
        <ele>4.243459351360798</ele>
        <time>1970-01-01T00:43:11.100000Z</time>
        <extensions>
          <gpxtpx:TrackPointExtension>
            <gpxtpx:hr>173</gpxtpx:hr>
          </gpxtpx:TrackPointExtension>
        </extensions>
      </trkpt>
      <trkpt lat="31.241923352222678" lon="121.62121653440325">
        <ele>4.247320709750056</ele>
        <time>1970-01-01T00:43:12.100000Z</time>
        <extensions>
          <gpxtpx:TrackPointExtension>
            <gpxtpx:hr>173</gpxtpx:hr>
          </gpxtpx:TrackPointExtension>
        </extensions>
      </trkpt>
      <trkpt lat="31.24189585064781" lon="121.621217037415">
        <ele>4.252741581760347</ele>
        <time>1970-01-01T00:43:13.100000Z</time>
        <extensions>
          <gpxtpx:TrackPointExtension>
            <gpxtpx:hr>173</gpxtpx:hr>
          </gpxtpx:TrackPointExtension>
        </extensions>
      </trkpt>
      <trkpt lat="31.24186815425087" lon="121.62121750935974">
        <ele>4.26000359095633</ele>
        <time>1970-01-01T00:43:14.100000Z</time>
        <extensions>
          <gpxtpx:TrackPointExtension>
            <gpxtpx:hr>173</gpxtpx:hr>
          </gpxtpx:TrackPointExtension>
        </extensions>
      </trkpt>
      <trkpt lat="31.241840314166417" lon="121.62121826961543">
        <ele>4.268843746744096</ele>
        <time>1970-01-01T00:43:15.100000Z</time>
        <extensions>
          <gpxtpx:TrackPointExtension>
            <gpxtpx:hr>173</gpxtpx:hr>
          </gpxtpx:TrackPointExtension>
        </extensions>
      </trkpt>
      <trkpt lat="31.24181244471169" lon="121.62121974332481">
        <ele>4.278117191977799</ele>
        <time>1970-01-01T00:43:16.100000Z</time>
        <extensions>
          <gpxtpx:TrackPointExtension>
            <gpxtpx:hr>173</gpxtpx:hr>
          </gpxtpx:TrackPointExtension>
        </extensions>
      </trkpt>
      <trkpt lat="31.24178491792071" lon="121.62122165964682">
        <ele>4.286164137534797</ele>
        <time>1970-01-01T00:43:17.100000Z</time>
        <extensions>
          <gpxtpx:TrackPointExtension>
            <gpxtpx:hr>173</gpxtpx:hr>
          </gpxtpx:TrackPointExtension>
        </extensions>
      </trkpt>
      <trkpt lat="31.241758362886728" lon="121.62122407746833">
        <ele>4.291728417389095</ele>
        <time>1970-01-01T00:43:18.100000Z</time>
        <extensions>
          <gpxtpx:TrackPointExtension>
            <gpxtpx:hr>173</gpxtpx:hr>
          </gpxtpx:TrackPointExtension>
        </extensions>
      </trkpt>
      <trkpt lat="31.241732975285334" lon="121.62122746208551">
        <ele>4.294053393416107</ele>
        <time>1970-01-01T00:43:19.100000Z</time>
        <extensions>
          <gpxtpx:TrackPointExtension>
            <gpxtpx:hr>173</gpxtpx:hr>
          </gpxtpx:TrackPointExtension>
        </extensions>
      </trkpt>
      <trkpt lat="31.241708687542996" lon="121.62123169270258">
        <ele>4.29281207639724</ele>
        <time>1970-01-01T00:43:20.100000Z</time>
        <extensions>
          <gpxtpx:TrackPointExtension>
            <gpxtpx:hr>174</gpxtpx:hr>
          </gpxtpx:TrackPointExtension>
        </extensions>
      </trkpt>
      <trkpt lat="31.24168545010467" lon="121.62123646759042">
        <ele>4.288135116919875</ele>
        <time>1970-01-01T00:43:21.100000Z</time>
        <extensions>
          <gpxtpx:TrackPointExtension>
            <gpxtpx:hr>174</gpxtpx:hr>
          </gpxtpx:TrackPointExtension>
        </extensions>
      </trkpt>
      <trkpt lat="31.241662830488732" lon="121.62124177736248">
        <ele>4.280774259008467</ele>
        <time>1970-01-01T00:43:22.200000Z</time>
        <extensions>
          <gpxtpx:TrackPointExtension>
            <gpxtpx:hr>174</gpxtpx:hr>
          </gpxtpx:TrackPointExtension>
        </extensions>
      </trkpt>
      <trkpt lat="31.241640369498302" lon="121.62124728469365">
        <ele>4.272119517438114</ele>
        <time>1970-01-01T00:43:23.200000Z</time>
        <extensions>
          <gpxtpx:TrackPointExtension>
            <gpxtpx:hr>174</gpxtpx:hr>
          </gpxtpx:TrackPointExtension>
        </extensions>
      </trkpt>
      <trkpt lat="31.241618374297303" lon="121.62125289076525">
        <ele>4.263643026351929</ele>
        <time>1970-01-01T00:43:24.200000Z</time>
        <extensions>
          <gpxtpx:TrackPointExtension>
            <gpxtpx:hr>174</gpxtpx:hr>
          </gpxtpx:TrackPointExtension>
        </extensions>
      </trkpt>
      <trkpt lat="31.24159730304219" lon="121.62125921872286">
        <ele>4.2561586778610945</ele>
        <time>1970-01-01T00:43:25.200000Z</time>
        <extensions>
          <gpxtpx:TrackPointExtension>
            <gpxtpx:hr>174</gpxtpx:hr>
          </gpxtpx:TrackPointExtension>
        </extensions>
      </trkpt>
      <trkpt lat="31.241578000120708" lon="121.62126568955571">
        <ele>4.249886616133153</ele>
        <time>1970-01-01T00:43:26.200000Z</time>
        <extensions>
          <gpxtpx:TrackPointExtension>
            <gpxtpx:hr>174</gpxtpx:hr>
          </gpxtpx:TrackPointExtension>
        </extensions>
      </trkpt>
    </trkseg>
  </trk>
</gpx>